RD_NO,CRASH_DATE_EST_I,CRASH_DATE,POSTED_SPEED_LIMIT,TRAFFIC_CONTROL_DEVICE,DEVICE_CONDITION,WEATHER_CONDITION,LIGHTING_CONDITION,FIRST_CRASH_TYPE,TRAFFICWAY_TYPE,LANE_CNT,ALIGNMENT,ROADWAY_SURFACE_COND,ROAD_DEFECT,REPORT_TYPE,CRASH_TYPE,INTERSECTION_RELATED_I,NOT_RIGHT_OF_WAY_I,HIT_AND_RUN_I,DAMAGE,DATE_POLICE_NOTIFIED,PRIM_CONTRIBUTORY_CAUSE,SEC_CONTRIBUTORY_CAUSE,STREET_NO,STREET_DIRECTION,STREET_NAME,BEAT_OF_OCCURRENCE,PHOTOS_TAKEN_I,STATEMENTS_TAKEN_I,DOORING_I,WORK_ZONE_I,WORK_ZONE_TYPE,WORKERS_PRESENT_I,NUM_UNITS,MOST_SEVERE_INJURY,INJURIES_TOTAL,INJURIES_FATAL,INJURIES_INCAPACITATING,INJURIES_NON_INCAPACITATING,INJURIES_REPORTED_NOT_EVIDENT,INJURIES_NO_INDICATION,INJURIES_UNKNOWN,CRASH_HOUR,CRASH_DAY_OF_WEEK,CRASH_MONTH,LATITUDE,LONGITUDE,LOCATION
JB514683,,11/13/2018 03:35:00 PM,25,NO CONTROLS,NO CONTROLS,CLEAR,"DARKNESS, LIGHTED ROAD",ANGLE,NOT DIVIDED,2,STRAIGHT AND LEVEL,DRY,NO DEFECTS,ON SCENE,INJURY AND / OR TOW DUE TO CRASH,,,,"OVER $1,500",11/13/2018 03:46:00 PM,IMPROPER BACKING,NOT APPLICABLE,3911,N,RAVENSWOOD AVE,1922,,,,,,,2,NO INDICATION OF INJURY,0,0,0,0,0,4,0,15,3,11,41.952776412,-87.673610396,POINT (-87.673610395753 41.952776412031)
JB514564,,11/13/2018 03:35:00 PM,30,TRAFFIC SIGNAL,FUNCTIONING PROPERLY,CLEAR,DAYLIGHT,PEDESTRIAN,OTHER,0,STRAIGHT AND LEVEL,DRY,NO DEFECTS,ON SCENE,INJURY AND / OR TOW DUE TO CRASH,Y,,,$500 OR LESS,11/13/2018 03:36:00 PM,FAILING TO YIELD RIGHT-OF-WAY,UNABLE TO DETERMINE,6900,S,WESTERN AVE,832,,,,,,,2,NONINCAPACITATING INJURY,1,0,0,1,0,1,0,15,3,11,41.768238477,-87.683486957,POINT (-87.68348695709 41.76823847692)
JB514636,,11/13/2018 03:30:00 PM,30,NO CONTROLS,NO CONTROLS,CLEAR,DAYLIGHT,SIDESWIPE SAME DIRECTION,NOT DIVIDED,,STRAIGHT AND LEVEL,DRY,NO DEFECTS,NOT ON SCENE (DESK REPORT),NO INJURY / DRIVE AWAY,,,,"OVER $1,500",11/13/2018 04:50:00 PM,DRIVING SKILLS/KNOWLEDGE/EXPERIENCE,UNABLE TO DETERMINE,3145,N,PAULINA ST,1931,,,,,,,2,NO INDICATION OF INJURY,0,0,0,0,0,2,0,15,3,11,41.939178384,-87.67093162,POINT (-87.670931620478 41.939178384339)
JB514620,,11/13/2018 03:30:00 PM,30,UNKNOWN,UNKNOWN,UNKNOWN,UNKNOWN,TURNING,UNKNOWN,,STRAIGHT AND LEVEL,UNKNOWN,UNKNOWN,NOT ON SCENE (DESK REPORT),NO INJURY / DRIVE AWAY,,,,"OVER $1,500",11/13/2018 04:30:00 PM,UNABLE TO DETERMINE,NOT APPLICABLE,5134,W,LAWRENCE AVE,1623,,,,,,,2,NO INDICATION OF INJURY,0,0,0,0,0,2,0,15,3,11,41.968032138,-87.75621192,POINT (-87.756211919548 41.968032138452)
JB514600,,11/13/2018 03:30:00 PM,30,NO CONTROLS,NO CONTROLS,CLEAR,DAYLIGHT,TURNING,NOT DIVIDED,,STRAIGHT AND LEVEL,DRY,NO DEFECTS,NOT ON SCENE (DESK REPORT),NO INJURY / DRIVE AWAY,,,Y,"$501 - $1,500",11/13/2018 04:13:00 PM,NOT APPLICABLE,NOT APPLICABLE,2232,W,MARQUETTE RD,832,,,,,,,2,NO INDICATION OF INJURY,0,0,0,0,0,2,0,15,3,11,41.772106007,-87.680160968,POINT (-87.6801609676 41.772106007324)
JB514595,,11/13/2018 03:30:00 PM,15,STOP SIGN/FLASHER,NO CONTROLS,CLEAR,DAYLIGHT,ANGLE,NOT DIVIDED,2,STRAIGHT AND LEVEL,DRY,NO DEFECTS,NOT ON SCENE (DESK REPORT),NO INJURY / DRIVE AWAY,,,,"OVER $1,500",11/13/2018 04:00:00 PM,FAILING TO YIELD RIGHT-OF-WAY,NOT APPLICABLE,6200,S,WINCHESTER AVE,714,,,,,,,2,NO INDICATION OF INJURY,0,0,0,0,0,2,0,15,3,11,41.781083095,-87.67288412,POINT (-87.672884120019 41.781083094972)
JB514588,,11/13/2018 03:30:00 PM,25,NO CONTROLS,NO CONTROLS,CLEAR,DAYLIGHT,SIDESWIPE SAME DIRECTION,ONE-WAY,,STRAIGHT AND LEVEL,DRY,NO DEFECTS,NOT ON SCENE (DESK REPORT),NO INJURY / DRIVE AWAY,,,,"$501 - $1,500",11/13/2018 04:05:00 PM,IMPROPER LANE USAGE,NOT APPLICABLE,210,S,DESPLAINES ST,121,,,,,,,2,NO INDICATION OF INJURY,0,0,0,0,0,2,0,15,3,11,41.878906106,-87.644176878,POINT (-87.644176877684 41.878906106151)
JB514574,,11/13/2018 03:30:00 PM,20,NO CONTROLS,NO CONTROLS,CLEAR,DAYLIGHT,ANGLE,PARKING LOT,2,STRAIGHT AND LEVEL,DRY,UNKNOWN,NOT ON SCENE (DESK REPORT),NO INJURY / DRIVE AWAY,,Y,,"OVER $1,500",11/13/2018 03:54:00 PM,IMPROPER BACKING,NOT APPLICABLE,431,N,AUSTIN BLVD,1512,,,,,,,2,NO INDICATION OF INJURY,0,0,0,0,0,2,0,15,3,11,41.887993114,-87.774762832,POINT (-87.774762831621 41.887993114473)
JB514556,,11/13/2018 03:30:00 PM,30,UNKNOWN,UNKNOWN,CLEAR,DAYLIGHT,TURNING,NOT DIVIDED,,STRAIGHT AND LEVEL,UNKNOWN,UNKNOWN,NOT ON SCENE (DESK REPORT),NO INJURY / DRIVE AWAY,,,,"$501 - $1,500",11/13/2018 03:51:00 PM,UNABLE TO DETERMINE,NOT APPLICABLE,5700,W,FULLERTON AVE,2515,,,,,,,2,NO INDICATION OF INJURY,0,0,0,0,0,2,0,15,3,11,41.924051148,-87.76848554,POINT (-87.768485539921 41.924051148079)
JB514590,,11/13/2018 03:25:00 PM,25,STOP SIGN/FLASHER,NO CONTROLS,CLEAR,DAYLIGHT,ANGLE,DIVIDED - W/MEDIAN (NOT RAISED),,STRAIGHT AND LEVEL,DRY,NO DEFECTS,NOT ON SCENE (DESK REPORT),NO INJURY / DRIVE AWAY,Y,,,"$501 - $1,500",11/13/2018 04:13:00 PM,FAILING TO YIELD RIGHT-OF-WAY,NOT APPLICABLE,3624,W,MONTROSE AVE,1723,,,,,,,2,NO INDICATION OF INJURY,0,0,0,0,0,4,0,15,3,11,41.961166804,-87.719042474,POINT (-87.71904247434 41.961166803622)
JB514551,,11/13/2018 03:20:00 PM,30,NO CONTROLS,NO CONTROLS,CLEAR,DAYLIGHT,SIDESWIPE SAME DIRECTION,NOT DIVIDED,2,STRAIGHT AND LEVEL,DRY,NO DEFECTS,ON SCENE,NO INJURY / DRIVE AWAY,N,,,"$501 - $1,500",11/13/2018 03:26:00 PM,FAILING TO YIELD RIGHT-OF-WAY,NOT APPLICABLE,602,W,BELMONT AVE,1925,,,,,,,2,NO INDICATION OF INJURY,0,0,0,0,0,2,0,15,3,11,41.940150607,-87.644594209,POINT (-87.644594208518 41.940150606574)
JB514545,,11/13/2018 03:20:00 PM,30,TRAFFIC SIGNAL,UNKNOWN,UNKNOWN,UNKNOWN,SIDESWIPE SAME DIRECTION,NOT DIVIDED,5,STRAIGHT AND LEVEL,UNKNOWN,UNKNOWN,NOT ON SCENE (DESK REPORT),NO INJURY / DRIVE AWAY,Y,,,$500 OR LESS,11/13/2018 03:30:00 PM,IMPROPER OVERTAKING/PASSING,UNABLE TO DETERMINE,1755,S,CANAL ST,1235,,,,,,,2,NO INDICATION OF INJURY,0,0,0,0,0,2,0,15,3,11,41.857687014,-87.638789626,POINT (-87.638789626171 41.85768701433)
JB514982,,11/13/2018 03:15:00 PM,30,TRAFFIC SIGNAL,FUNCTIONING PROPERLY,CLEAR,DAYLIGHT,TURNING,ONE-WAY,3,STRAIGHT AND LEVEL,DRY,NO DEFECTS,NOT ON SCENE (DESK REPORT),NO INJURY / DRIVE AWAY,,,Y,"OVER $1,500",11/13/2018 09:20:00 PM,IMPROPER TURNING/NO SIGNAL,DRIVING SKILLS/KNOWLEDGE/EXPERIENCE,4800,W,LEXINGTON ST,1533,,,,,,,2,NO INDICATION OF INJURY,0,0,0,0,0,2,0,15,3,11,41.871289049,-87.745001472,POINT (-87.745001471603 41.871289049458)
JB514626,,11/13/2018 03:15:00 PM,30,NO CONTROLS,NO CONTROLS,CLEAR,DAYLIGHT,TURNING,NOT DIVIDED,,STRAIGHT AND LEVEL,UNKNOWN,UNKNOWN,NOT ON SCENE (DESK REPORT),NO INJURY / DRIVE AWAY,,,,$500 OR LESS,11/13/2018 04:30:00 PM,FAILING TO YIELD RIGHT-OF-WAY,FAILING TO YIELD RIGHT-OF-WAY,6428,N,HARLEM AVE,1611,,,,,,,2,NO INDICATION OF INJURY,0,0,0,0,0,2,0,15,3,11,41.99773178,-87.806939413,POINT (-87.806939413138 41.997731779771)
JB514533,,11/13/2018 03:10:00 PM,30,UNKNOWN,UNKNOWN,UNKNOWN,UNKNOWN,SIDESWIPE OPPOSITE DIRECTION,UNKNOWN,,STRAIGHT AND LEVEL,UNKNOWN,UNKNOWN,NOT ON SCENE (DESK REPORT),NO INJURY / DRIVE AWAY,,,,"OVER $1,500",11/13/2018 03:30:00 PM,UNABLE TO DETERMINE,NOT APPLICABLE,4500,N,MENARD AVE,1622,,,,,,,2,NO INDICATION OF INJURY,0,0,0,0,0,3,0,15,3,11,41.962331205,-87.772340998,POINT (-87.772340997821 41.962331204743)
JB514616,,11/13/2018 03:05:00 PM,30,TRAFFIC SIGNAL,FUNCTIONING PROPERLY,CLEAR,DUSK,REAR END,DIVIDED - W/MEDIAN (NOT RAISED),4,STRAIGHT AND LEVEL,DRY,NO DEFECTS,NOT ON SCENE (DESK REPORT),NO INJURY / DRIVE AWAY,,,,"OVER $1,500",11/13/2018 04:20:00 PM,IMPROPER BACKING,UNABLE TO DETERMINE,5614,W,DEVON AVE,1621,,,,,,,2,NO INDICATION OF INJURY,0,0,0,0,0,2,0,15,3,11,41.997305662,-87.768799057,POINT (-87.768799057287 41.99730566248)
JB514597,,11/13/2018 03:00:00 PM,30,STOP SIGN/FLASHER,FUNCTIONING PROPERLY,CLEAR,DAYLIGHT,ANGLE,NOT DIVIDED,2,STRAIGHT AND LEVEL,DRY,NO DEFECTS,ON SCENE,INJURY AND / OR TOW DUE TO CRASH,Y,,,"OVER $1,500",11/13/2018 03:09:00 PM,DISREGARDING STOP SIGN,NOT APPLICABLE,7400,S,GREENWOOD AVE,323,,,,,,,2,NONINCAPACITATING INJURY,2,0,0,1,1,4,0,15,3,11,41.760466005,-87.598286443,POINT (-87.598286442975 41.760466005087)
JB514547,,11/13/2018 03:00:00 PM,30,NO CONTROLS,NO CONTROLS,CLEAR,DAYLIGHT,TURNING,DIVIDED - W/MEDIAN (NOT RAISED),2,STRAIGHT AND LEVEL,DRY,NO DEFECTS,NOT ON SCENE (DESK REPORT),NO INJURY / DRIVE AWAY,,,,"$501 - $1,500",11/13/2018 03:30:00 PM,NOT APPLICABLE,NOT APPLICABLE,205,N,COLUMBUS DR,114,,,,,,,2,NO INDICATION OF INJURY,0,0,0,0,0,2,0,15,3,11,41.886070174,-87.620536589,POINT (-87.620536589034 41.88607017398)
JB514539,Y,11/13/2018 02:55:00 PM,20,NO CONTROLS,NO CONTROLS,CLEAR,DAYLIGHT,PARKED MOTOR VEHICLE,NOT DIVIDED,1,STRAIGHT AND LEVEL,DRY,NO DEFECTS,ON SCENE,NO INJURY / DRIVE AWAY,,,,$500 OR LESS,11/13/2018 03:22:00 PM,IMPROPER BACKING,NOT APPLICABLE,1221,W,HOOD AVE,2433,,,,,,,2,NO INDICATION OF INJURY,0,0,0,0,0,1,0,14,3,11,41.993508037,-87.661205638,POINT (-87.661205638166 41.993508036508)
JB514515,,11/13/2018 02:50:00 PM,20,STOP SIGN/FLASHER,OTHER,CLEAR,DAYLIGHT,ANGLE,NOT DIVIDED,4,STRAIGHT AND LEVEL,DRY,NO DEFECTS,NOT ON SCENE (DESK REPORT),INJURY AND / OR TOW DUE TO CRASH,,,,"OVER $1,500",11/13/2018 02:54:00 PM,UNABLE TO DETERMINE,UNABLE TO DETERMINE,726,S,HOMAN AVE,1133,,,,,,,2,NONINCAPACITATING INJURY,2,0,0,1,1,4,0,14,3,11,41.871859041,-87.710870406,POINT (-87.710870405619 41.871859040862)
JB514501,,11/13/2018 02:50:00 PM,30,NO CONTROLS,NO CONTROLS,RAIN,DAYLIGHT,REAR END,DIVIDED - W/MEDIAN (NOT RAISED),,STRAIGHT AND LEVEL,DRY,NO DEFECTS,NOT ON SCENE (DESK REPORT),NO INJURY / DRIVE AWAY,,,,$500 OR LESS,11/13/2018 02:50:00 PM,UNABLE TO DETERMINE,NOT APPLICABLE,9500,S,MERRION AVE,431,,,,,,,2,NO INDICATION OF INJURY,0,0,0,0,0,2,0,14,3,11,41.722472695,-87.570095507,POINT (-87.570095507081 41.722472694565)
JB514531,,11/13/2018 02:43:00 PM,35,NO CONTROLS,NO CONTROLS,CLEAR,DAYLIGHT,REAR END,NOT DIVIDED,,STRAIGHT AND LEVEL,DRY,NO DEFECTS,NOT ON SCENE (DESK REPORT),NO INJURY / DRIVE AWAY,,,,"$501 - $1,500",11/13/2018 03:00:00 PM,UNABLE TO DETERMINE,UNABLE TO DETERMINE,3756,W,IRVING PARK RD,1723,,,,,,,3,NO INDICATION OF INJURY,0,0,0,0,0,4,0,14,3,11,41.953836955,-87.722572745,POINT (-87.72257274528 41.953836955045)
JB514516,,11/13/2018 02:35:00 PM,30,NO CONTROLS,NO CONTROLS,CLEAR,DAYLIGHT,SIDESWIPE SAME DIRECTION,NOT DIVIDED,4,STRAIGHT AND LEVEL,DRY,NO DEFECTS,NOT ON SCENE (DESK REPORT),NO INJURY / DRIVE AWAY,,,,"OVER $1,500",11/13/2018 03:10:00 PM,UNABLE TO DETERMINE,NOT APPLICABLE,20,S,DAMEN AVE,1223,,,,,,,2,NO INDICATION OF INJURY,0,0,0,0,0,2,0,14,3,11,41.880692358,-87.676776025,POINT (-87.676776025456 41.880692357537)
JB514566,,11/13/2018 02:30:00 PM,30,NO CONTROLS,NO CONTROLS,UNKNOWN,DAYLIGHT,REAR END,NOT DIVIDED,,STRAIGHT AND LEVEL,UNKNOWN,UNKNOWN,NOT ON SCENE (DESK REPORT),NO INJURY / DRIVE AWAY,,,,"OVER $1,500",11/13/2018 03:40:00 PM,UNABLE TO DETERMINE,NOT APPLICABLE,1514,E,87TH ST,412,,,,,,,2,NO INDICATION OF INJURY,0,0,0,0,0,2,0,14,3,11,41.737000363,-87.58721721,POINT (-87.587217209727 41.737000363276)
JB514506,,11/13/2018 02:20:00 PM,5,NO CONTROLS,NO CONTROLS,CLEAR,DAYLIGHT,FIXED OBJECT,PARKING LOT,,STRAIGHT AND LEVEL,DRY,NO DEFECTS,ON SCENE,INJURY AND / OR TOW DUE TO CRASH,,Y,,"OVER $1,500",11/13/2018 02:39:00 PM,FAILING TO REDUCE SPEED TO AVOID CRASH,UNABLE TO DETERMINE,1316,W,CERMAK RD,1235,,,,,,,1,"REPORTED, NOT EVIDENT",1,0,0,0,1,0,0,14,3,11,41.852555249,-87.659411062,POINT (-87.659411061912 41.852555249098)
JB514487,,11/13/2018 02:20:00 PM,15,NO CONTROLS,NO CONTROLS,CLEAR,DAYLIGHT,REAR END,PARKING LOT,,STRAIGHT AND LEVEL,DRY,NO DEFECTS,NOT ON SCENE (DESK REPORT),NO INJURY / DRIVE AWAY,,,Y,$500 OR LESS,11/13/2018 02:55:00 PM,UNABLE TO DETERMINE,UNABLE TO DETERMINE,3520,W,LAWRENCE AVE,1712,,,,,,,2,NO INDICATION OF INJURY,0,0,0,0,0,2,0,14,3,11,41.968476103,-87.716789678,POINT (-87.716789678035 41.968476103317)
JB514731,,11/13/2018 02:15:00 PM,30,TRAFFIC SIGNAL,FUNCTIONING PROPERLY,CLEAR,DAYLIGHT,REAR END,DIVIDED - W/MEDIAN (NOT RAISED),2,STRAIGHT AND LEVEL,DRY,UNKNOWN,NOT ON SCENE (DESK REPORT),INJURY AND / OR TOW DUE TO CRASH,Y,,,"OVER $1,500",11/13/2018 04:50:00 PM,FOLLOWING TOO CLOSELY,UNABLE TO DETERMINE,1558,W,ADDISON ST,1922,,,,,,,2,"REPORTED, NOT EVIDENT",1,0,0,0,1,1,0,14,3,11,41.947099897,-87.668797878,POINT (-87.668797877592 41.947099896894)
JB514481,Y,11/13/2018 02:15:00 PM,30,NO CONTROLS,NO CONTROLS,CLEAR,DAYLIGHT,REAR END,NOT DIVIDED,,STRAIGHT AND LEVEL,DRY,NO DEFECTS,NOT ON SCENE (DESK REPORT),NO INJURY / DRIVE AWAY,,,,"$501 - $1,500",11/13/2018 02:52:00 PM,FAILING TO YIELD RIGHT-OF-WAY,NOT APPLICABLE,5100,N,LAKE SHORE DR NB,2024,,,,,,,2,NO INDICATION OF INJURY,0,0,0,0,0,4,0,14,3,11,41.97593543,-87.65008228,POINT (-87.650082280288 41.9759354298)
JB514468,,11/13/2018 02:15:00 PM,30,TRAFFIC SIGNAL,FUNCTIONING PROPERLY,CLEAR,DAYLIGHT,TURNING,DIVIDED - W/MEDIAN (NOT RAISED),4,STRAIGHT AND LEVEL,DRY,NO DEFECTS,NOT ON SCENE (DESK REPORT),NO INJURY / DRIVE AWAY,Y,,,"$501 - $1,500",11/13/2018 02:30:00 PM,UNABLE TO DETERMINE,NOT APPLICABLE,800,W,DIVISION ST,1822,,,,,,,2,NO INDICATION OF INJURY,0,0,0,0,0,3,0,14,3,11,41.903745557,-87.648167011,POINT (-87.648167010628 41.903745557347)
JB514461,,11/13/2018 02:01:00 PM,30,TRAFFIC SIGNAL,FUNCTIONING PROPERLY,CLEAR,DAYLIGHT,ANGLE,NOT DIVIDED,,STRAIGHT AND LEVEL,DRY,NO DEFECTS,NOT ON SCENE (DESK REPORT),NO INJURY / DRIVE AWAY,,,,"OVER $1,500",11/13/2018 02:42:00 PM,UNABLE TO DETERMINE,NOT APPLICABLE,2343,N,SACRAMENTO AVE,1414,,,,,,,2,NO INDICATION OF INJURY,0,0,0,0,0,2,0,14,3,11,41.924601376,-87.702166824,POINT (-87.702166824128 41.924601375592)
JB514441,,11/13/2018 02:01:00 PM,0,NO CONTROLS,NO CONTROLS,CLEAR,DAYLIGHT,PARKED MOTOR VEHICLE,PARKING LOT,,STRAIGHT AND LEVEL,DRY,NO DEFECTS,ON SCENE,NO INJURY / DRIVE AWAY,,,,"$501 - $1,500",11/13/2018 02:01:00 PM,NOT APPLICABLE,NOT APPLICABLE,2452,W,BELMONT AVE,1921,,,,,,,2,NO INDICATION OF INJURY,0,0,0,0,0,1,0,14,3,11,41.939552078,-87.689956586,POINT (-87.68995658557 41.939552078133)
JB514608,,11/13/2018 02:00:00 PM,30,TRAFFIC SIGNAL,UNKNOWN,CLEAR,DAYLIGHT,REAR END,RAMP,,"CURVE, LEVEL",DRY,NO DEFECTS,NOT ON SCENE (DESK REPORT),NO INJURY / DRIVE AWAY,,,,"OVER $1,500",11/13/2018 04:00:00 PM,FOLLOWING TOO CLOSELY,NOT APPLICABLE,852,W,FOSTER AVE,2023,,,,,,,2,NO INDICATION OF INJURY,0,0,0,0,0,2,0,14,3,11,41.97655045,-87.652119686,POINT (-87.65211968643 41.976550449629)
JB514519,,11/13/2018 01:45:00 PM,30,NO CONTROLS,NO CONTROLS,CLEAR,DAYLIGHT,PARKED MOTOR VEHICLE,DIVIDED - W/MEDIAN (NOT RAISED),2,STRAIGHT AND LEVEL,DRY,NO DEFECTS,NOT ON SCENE (DESK REPORT),NO INJURY / DRIVE AWAY,,,,"$501 - $1,500",11/13/2018 03:25:00 PM,UNABLE TO DETERMINE,NOT APPLICABLE,1350,W,MADISON ST,1224,,,,,,,2,NO INDICATION OF INJURY,0,0,0,0,0,3,0,13,3,11,41.88165389,-87.661604728,POINT (-87.661604728065 41.881653889537)
JB514437,,11/13/2018 01:40:00 PM,35,NO CONTROLS,NO CONTROLS,CLEAR,DAYLIGHT,SIDESWIPE SAME DIRECTION,NOT DIVIDED,4,STRAIGHT AND LEVEL,DRY,NO DEFECTS,ON SCENE,NO INJURY / DRIVE AWAY,,,,$500 OR LESS,11/13/2018 01:54:00 PM,IMPROPER LANE USAGE,FAILING TO YIELD RIGHT-OF-WAY,4505,S,WESTERN BLVD,924,,,,,,,2,NO INDICATION OF INJURY,0,0,0,0,0,3,0,13,3,11,41.811902435,-87.683812713,POINT (-87.683812712834 41.811902435358)
JB514456,,11/13/2018 01:35:00 PM,30,TRAFFIC SIGNAL,FUNCTIONING PROPERLY,CLEAR,DAYLIGHT,ANGLE,NOT DIVIDED,4,STRAIGHT ON GRADE,DRY,NO DEFECTS,ON SCENE,INJURY AND / OR TOW DUE TO CRASH,Y,,,"OVER $1,500",11/13/2018 01:37:00 PM,DISREGARDING TRAFFIC SIGNALS,FAILING TO REDUCE SPEED TO AVOID CRASH,1198,N,CENTRAL PARK AVE,1112,,,,,,,2,NONINCAPACITATING INJURY,1,0,0,1,0,1,0,13,3,11,41.902726746,-87.71670871,POINT (-87.716708709507 41.902726746088)
JB515072,,11/13/2018 01:30:00 PM,30,NO CONTROLS,NO CONTROLS,CLEAR,DAYLIGHT,SIDESWIPE SAME DIRECTION,DIVIDED - W/MEDIAN (NOT RAISED),,STRAIGHT AND LEVEL,DRY,NO DEFECTS,NOT ON SCENE (DESK REPORT),NO INJURY / DRIVE AWAY,Y,,,"$501 - $1,500",11/13/2018 11:00:00 PM,IMPROPER LANE USAGE,NOT APPLICABLE,8000,S,WESTERN AVE,835,,,,,,,2,NO INDICATION OF INJURY,0,0,0,0,0,2,0,13,3,11,41.748242645,-87.682950381,POINT (-87.682950380591 41.748242644771)
JB514375,,11/13/2018 01:15:00 PM,30,TRAFFIC SIGNAL,FUNCTIONING PROPERLY,CLEAR,DAYLIGHT,REAR END,NOT DIVIDED,2,STRAIGHT AND LEVEL,DRY,NO DEFECTS,NOT ON SCENE (DESK REPORT),NO INJURY / DRIVE AWAY,,,,"$501 - $1,500",11/13/2018 01:30:00 PM,FAILING TO REDUCE SPEED TO AVOID CRASH,NOT APPLICABLE,1701,N,LA SALLE DR,1814,,,,,,,2,NO INDICATION OF INJURY,0,0,0,0,0,2,0,13,3,11,41.912875665,-87.632974185,POINT (-87.632974185213 41.912875664741)
JB514405,,11/13/2018 01:10:00 PM,30,NO CONTROLS,NO CONTROLS,CLEAR,DAYLIGHT,SIDESWIPE SAME DIRECTION,ONE-WAY,1,STRAIGHT AND LEVEL,DRY,NO DEFECTS,ON SCENE,NO INJURY / DRIVE AWAY,,,,$500 OR LESS,11/13/2018 01:15:00 PM,UNABLE TO DETERMINE,IMPROPER OVERTAKING/PASSING,4732,N,HARDING AVE,1723,,,,,,,2,NO INDICATION OF INJURY,0,0,0,0,0,3,0,13,3,11,41.967424748,-87.726935075,POINT (-87.726935075309 41.967424747603)
JB514421,,11/13/2018 01:00:00 PM,30,TRAFFIC SIGNAL,FUNCTIONING PROPERLY,CLEAR,DAYLIGHT,SIDESWIPE SAME DIRECTION,DIVIDED - W/MEDIAN (NOT RAISED),,STRAIGHT AND LEVEL,DRY,NO DEFECTS,NOT ON SCENE (DESK REPORT),NO INJURY / DRIVE AWAY,Y,,,"OVER $1,500",11/13/2018 01:30:00 PM,FOLLOWING TOO CLOSELY,IMPROPER OVERTAKING/PASSING,3200,N,CICERO AVE,1634,,,,,,,2,NO INDICATION OF INJURY,0,0,0,0,0,2,0,13,3,11,41.938870555,-87.747020562,POINT (-87.747020561808 41.93887055512)
JB514414,,11/13/2018 01:00:00 PM,30,UNKNOWN,UNKNOWN,CLEAR,DAYLIGHT,SIDESWIPE SAME DIRECTION,NOT DIVIDED,,STRAIGHT AND LEVEL,UNKNOWN,UNKNOWN,NOT ON SCENE (DESK REPORT),NO INJURY / DRIVE AWAY,,,Y,"OVER $1,500",11/13/2018 01:49:00 PM,UNABLE TO DETERMINE,NOT APPLICABLE,4200,W,NORTH AVE,2534,,,,,,,2,NO INDICATION OF INJURY,0,0,0,0,0,2,0,13,3,11,41.909928421,-87.731317939,POINT (-87.731317939089 41.909928420721)
JB514357,,11/13/2018 12:59:00 PM,30,TRAFFIC SIGNAL,FUNCTIONING PROPERLY,CLEAR,DAYLIGHT,SIDESWIPE SAME DIRECTION,DIVIDED - W/MEDIAN (NOT RAISED),,STRAIGHT AND LEVEL,DRY,NO DEFECTS,ON SCENE,NO INJURY / DRIVE AWAY,,,,"$501 - $1,500",11/13/2018 01:00:00 PM,UNABLE TO DETERMINE,NOT APPLICABLE,4321,N,BROADWAY,1915,,,,,,,2,NO INDICATION OF INJURY,0,0,0,0,0,2,0,12,3,11,41.960733409,-87.654327238,POINT (-87.654327238423 41.960733408964)
JB514712,,11/13/2018 12:45:00 PM,30,NO CONTROLS,NO CONTROLS,CLEAR,DAYLIGHT,PARKED MOTOR VEHICLE,NOT DIVIDED,,STRAIGHT AND LEVEL,UNKNOWN,UNKNOWN,NOT ON SCENE (DESK REPORT),NO INJURY / DRIVE AWAY,,,,"OVER $1,500",11/13/2018 05:30:00 PM,UNABLE TO DETERMINE,NOT APPLICABLE,2257,W,47TH ST,931,,,,,,,2,NO INDICATION OF INJURY,0,0,0,0,0,1,0,12,3,11,41.808325052,-87.681876777,POINT (-87.681876777495 41.808325052185)
JB514418,,11/13/2018 12:45:00 PM,30,NO CONTROLS,NO CONTROLS,CLEAR,DAYLIGHT,SIDESWIPE SAME DIRECTION,NOT DIVIDED,,STRAIGHT AND LEVEL,UNKNOWN,UNKNOWN,NOT ON SCENE (DESK REPORT),INJURY AND / OR TOW DUE TO CRASH,,,,"OVER $1,500",11/13/2018 01:45:00 PM,FAILING TO YIELD RIGHT-OF-WAY,NOT APPLICABLE,2152,S,ARCHER AVE,914,,,,,,,2,NONINCAPACITATING INJURY,1,0,0,1,0,1,0,12,3,11,41.85344158,-87.633892586,POINT (-87.633892586242 41.853441579864)
JB514408,,11/13/2018 12:45:00 PM,35,TRAFFIC SIGNAL,FUNCTIONING PROPERLY,CLEAR,DAYLIGHT,PARKED MOTOR VEHICLE,NOT DIVIDED,,STRAIGHT AND LEVEL,DRY,NO DEFECTS,ON SCENE,NO INJURY / DRIVE AWAY,,,,$500 OR LESS,11/13/2018 01:30:00 PM,UNABLE TO DETERMINE,NOT APPLICABLE,4600,S,ASHLAND AVE,924,,,,,,,2,NO INDICATION OF INJURY,0,0,0,0,0,2,0,12,3,11,41.810346127,-87.665165586,POINT (-87.665165586176 41.810346127362)
JB514398,,11/13/2018 12:45:00 PM,30,TRAFFIC SIGNAL,FUNCTIONING PROPERLY,CLEAR,DAYLIGHT,SIDESWIPE SAME DIRECTION,DIVIDED - W/MEDIAN (NOT RAISED),2,STRAIGHT AND LEVEL,DRY,NO DEFECTS,NOT ON SCENE (DESK REPORT),NO INJURY / DRIVE AWAY,,,Y,"$501 - $1,500",11/13/2018 01:45:00 PM,"OPERATING VEHICLE IN ERRATIC, RECKLESS, CARELESS, NEGLIGENT OR AGGRESSIVE MANNER",UNABLE TO DETERMINE,2804,N,CALIFORNIA AVE,1411,,,,,,,2,NO INDICATION OF INJURY,0,0,0,0,0,3,0,12,3,11,41.932259803,-87.697768696,POINT (-87.697768695673 41.932259803494)