RD_NO,CRASH_DATE_EST_I,CRASH_DATE,POSTED_SPEED_LIMIT,TRAFFIC_CONTROL_DEVICE,DEVICE_CONDITION,WEATHER_CONDITION,LIGHTING_CONDITION,FIRST_CRASH_TYPE,TRAFFICWAY_TYPE,LANE_CNT,ALIGNMENT,ROADWAY_SURFACE_COND,ROAD_DEFECT,REPORT_TYPE,CRASH_TYPE,INTERSECTION_RELATED_I,NOT_RIGHT_OF_WAY_I,HIT_AND_RUN_I,DAMAGE,DATE_POLICE_NOTIFIED,PRIM_CONTRIBUTORY_CAUSE,SEC_CONTRIBUTORY_CAUSE,STREET_NO,STREET_DIRECTION,STREET_NAME,BEAT_OF_OCCURRENCE,PHOTOS_TAKEN_I,STATEMENTS_TAKEN_I,DOORING_I,WORK_ZONE_I,WORK_ZONE_TYPE,WORKERS_PRESENT_I,NUM_UNITS,MOST_SEVERE_INJURY,INJURIES_TOTAL,INJURIES_FATAL,INJURIES_INCAPACITATING,INJURIES_NON_INCAPACITATING,INJURIES_REPORTED_NOT_EVIDENT,INJURIES_NO_INDICATION,INJURIES_UNKNOWN,CRASH_HOUR,CRASH_DAY_OF_WEEK,CRASH_MONTH,LATITUDE,LONGITUDE,LOCATION
JB514348,,11/13/2018 12:45:00 PM,30,TRAFFIC SIGNAL,FUNCTIONING PROPERLY,CLEAR,DAYLIGHT,REAR END,NOT DIVIDED,2,STRAIGHT AND LEVEL,DRY,NO DEFECTS,ON SCENE,INJURY AND / OR TOW DUE TO CRASH,,,,"OVER $1,500",11/13/2018 12:47:00 PM,UNABLE TO DETERMINE,NOT APPLICABLE,8900,W,BELMONT AVE,1631,,,,,,,2,NONINCAPACITATING INJURY,1,0,0,1,0,1,0,12,3,11,41.937488575,-87.845145618,POINT (-87.845145618239 41.937488574588)
JB514373,,11/13/2018 12:40:00 PM,30,NO CONTROLS,NO CONTROLS,CLEAR,DAYLIGHT,ANGLE,OTHER,,STRAIGHT AND LEVEL,DRY,NO DEFECTS,NOT ON SCENE (DESK REPORT),NO INJURY / DRIVE AWAY,,,Y,"OVER $1,500",11/13/2018 01:17:00 PM,IMPROPER OVERTAKING/PASSING,IMPROPER OVERTAKING/PASSING,431,N,AUSTIN BLVD,1512,,,,,,,2,NO INDICATION OF INJURY,0,0,0,0,0,2,0,12,3,11,41.887993114,-87.774762832,POINT (-87.774762831621 41.887993114473)
JB514409,,11/13/2018 12:30:00 PM,30,NO CONTROLS,NO CONTROLS,CLEAR,DAYLIGHT,SIDESWIPE SAME DIRECTION,NOT DIVIDED,,STRAIGHT AND LEVEL,DRY,NO DEFECTS,NOT ON SCENE (DESK REPORT),NO INJURY / DRIVE AWAY,,,Y,"OVER $1,500",11/13/2018 01:45:00 PM,UNABLE TO DETERMINE,NOT APPLICABLE,4132,W,NORTH AVE,2534,,,,,,,2,NO INDICATION OF INJURY,0,0,0,0,0,4,0,12,3,11,41.90994655,-87.729950371,POINT (-87.729950371397 41.909946550262)
JB514344,,11/13/2018 12:30:00 PM,15,NO CONTROLS,NO CONTROLS,CLEAR,DAYLIGHT,PEDESTRIAN,NOT DIVIDED,,STRAIGHT AND LEVEL,DRY,NO DEFECTS,ON SCENE,INJURY AND / OR TOW DUE TO CRASH,,,Y,"OVER $1,500",11/13/2018 12:46:00 PM,UNABLE TO DETERMINE,NOT APPLICABLE,4012,S,FEDERAL ST,213,,,,,,,2,"REPORTED, NOT EVIDENT",1,0,0,0,1,1,0,12,3,11,41.821405948,-87.628703749,POINT (-87.628703749008 41.821405947792)
JB514340,,11/13/2018 12:30:00 PM,30,NO CONTROLS,NO CONTROLS,CLEAR,DAYLIGHT,TURNING,NOT DIVIDED,4,STRAIGHT AND LEVEL,DRY,NO DEFECTS,ON SCENE,INJURY AND / OR TOW DUE TO CRASH,,,Y,"OVER $1,500",11/13/2018 12:40:00 PM,FAILING TO YIELD RIGHT-OF-WAY,UNABLE TO DETERMINE,5159,S,PULASKI RD,822,,,,,,,2,NONINCAPACITATING INJURY,1,0,0,1,0,2,0,12,3,11,41.798806895,-87.723174753,POINT (-87.723174752986 41.798806894868)
JB514324,,11/13/2018 12:25:00 PM,30,NO CONTROLS,NO CONTROLS,CLEAR,DAYLIGHT,FIXED OBJECT,DIVIDED - W/MEDIAN BARRIER,4,STRAIGHT AND LEVEL,DRY,NO DEFECTS,ON SCENE,NO INJURY / DRIVE AWAY,,Y,,"OVER $1,500",11/13/2018 12:33:00 PM,DRIVING SKILLS/KNOWLEDGE/EXPERIENCE,DISTRACTION - FROM OUTSIDE VEHICLE,700,N,SACRAMENTO BLVD,1221,,,,,,,1,NO INDICATION OF INJURY,0,0,0,0,0,1,0,12,3,11,41.893793089,-87.702297983,POINT (-87.702297983034 41.89379308915)
JB514345,,11/13/2018 12:14:00 PM,20,NO CONTROLS,NO CONTROLS,CLEAR,DAYLIGHT,ANGLE,PARKING LOT,,STRAIGHT AND LEVEL,DRY,NO DEFECTS,NOT ON SCENE (DESK REPORT),NO INJURY / DRIVE AWAY,,Y,,"OVER $1,500",11/13/2018 01:20:00 PM,NOT APPLICABLE,NOT APPLICABLE,6329,S,CICERO AVE,813,,,,,,,2,NO INDICATION OF INJURY,0,0,0,0,0,2,0,12,3,11,41.777547754,-87.742118775,POINT (-87.742118774675 41.777547754198)
JB514366,,11/13/2018 12:10:00 PM,10,NO CONTROLS,NO CONTROLS,CLEAR,DAYLIGHT,PARKED MOTOR VEHICLE,PARKING LOT,1,STRAIGHT AND LEVEL,DRY,NO DEFECTS,NOT ON SCENE (DESK REPORT),NO INJURY / DRIVE AWAY,,,Y,"$501 - $1,500",11/13/2018 01:00:00 PM,UNABLE TO DETERMINE,UNABLE TO DETERMINE,831,W,119TH ST,524,,,,,,,2,NO INDICATION OF INJURY,0,0,0,0,0,1,0,12,3,11,41.677687889,-87.643100549,POINT (-87.643100548589 41.677687888899)
JB514277,,11/13/2018 12:05:00 PM,30,TRAFFIC SIGNAL,FUNCTIONING PROPERLY,CLEAR,DAYLIGHT,TURNING,CENTER TURN LANE,,STRAIGHT AND LEVEL,DRY,NO DEFECTS,NOT ON SCENE (DESK REPORT),NO INJURY / DRIVE AWAY,Y,,,"OVER $1,500",11/13/2018 12:15:00 PM,IMPROPER OVERTAKING/PASSING,FOLLOWING TOO CLOSELY,10000,S,COMMERCIAL AVE,431,,,,,,,2,NO INDICATION OF INJURY,0,0,0,0,0,2,0,12,3,11,41.713309279,-87.55109645,POINT (-87.5510964501 41.713309279442)
JB514458,,11/13/2018 12:00:00 PM,30,NO CONTROLS,NO CONTROLS,CLEAR,DAYLIGHT,PARKED MOTOR VEHICLE,PARKING LOT,,STRAIGHT AND LEVEL,DRY,NO DEFECTS,NOT ON SCENE (DESK REPORT),NO INJURY / DRIVE AWAY,,Y,,"OVER $1,500",11/13/2018 02:23:00 PM,NOT APPLICABLE,NOT APPLICABLE,2229,S,HALSTED ST,1235,,,,,,,2,NO INDICATION OF INJURY,0,0,0,0,0,1,0,12,3,11,41.851778015,-87.64632168,POINT (-87.646321680192 41.851778014604)
JB514295,Y,11/13/2018 12:00:00 PM,30,OTHER,FUNCTIONING PROPERLY,CLEAR,DAYLIGHT,TURNING,NOT DIVIDED,2,STRAIGHT AND LEVEL,DRY,NO DEFECTS,NOT ON SCENE (DESK REPORT),NO INJURY / DRIVE AWAY,Y,,,"$501 - $1,500",11/13/2018 12:27:00 PM,FAILING TO YIELD RIGHT-OF-WAY,UNABLE TO DETERMINE,4400,N,CUMBERLAND AVE,1614,,,,,,,2,NO INDICATION OF INJURY,0,0,0,0,0,2,0,12,3,11,41.959386457,-87.83684592,POINT (-87.836845920456 41.959386456978)
JB514266,,11/13/2018 11:45:00 AM,30,TRAFFIC SIGNAL,FUNCTIONING PROPERLY,CLEAR,DAYLIGHT,SIDESWIPE SAME DIRECTION,DIVIDED - W/MEDIAN (NOT RAISED),4,STRAIGHT AND LEVEL,DRY,NO DEFECTS,ON SCENE,NO INJURY / DRIVE AWAY,,,,"$501 - $1,500",11/13/2018 11:48:00 AM,IMPROPER LANE USAGE,NOT APPLICABLE,4451,W,ADDISON ST,1731,,,,,,,2,NO INDICATION OF INJURY,0,0,0,0,0,3,0,11,3,11,41.946109865,-87.739405773,POINT (-87.739405773334 41.946109865213)
JB514255,,11/13/2018 11:40:00 AM,30,UNKNOWN,UNKNOWN,CLEAR,DAYLIGHT,TURNING,DIVIDED - W/MEDIAN (NOT RAISED),1,STRAIGHT AND LEVEL,DRY,NO DEFECTS,ON SCENE,NO INJURY / DRIVE AWAY,,,,"OVER $1,500",11/13/2018 11:42:00 AM,FOLLOWING TOO CLOSELY,DRIVING SKILLS/KNOWLEDGE/EXPERIENCE,1800,E,87TH ST,412,,,,,,,2,NO INDICATION OF INJURY,0,0,0,0,0,2,0,11,3,11,41.737097622,-87.580514838,POINT (-87.580514838428 41.737097621659)
JB514251,,11/13/2018 11:35:00 AM,30,STOP SIGN/FLASHER,FUNCTIONING PROPERLY,CLEAR,DAYLIGHT,ANGLE,NOT DIVIDED,4,STRAIGHT AND LEVEL,DRY,NO DEFECTS,ON SCENE,INJURY AND / OR TOW DUE TO CRASH,Y,,,"OVER $1,500",11/13/2018 11:35:00 AM,UNABLE TO DETERMINE,UNABLE TO DETERMINE,6300,N,HARLEM AVE,1612,,,,,,,2,NO INDICATION OF INJURY,0,0,0,0,0,3,0,11,3,11,41.995412084,-87.806965027,POINT (-87.806965026884 41.995412084135)
JB514317,,11/13/2018 11:30:00 AM,30,NO CONTROLS,NO CONTROLS,CLEAR,DAYLIGHT,TURNING,DIVIDED - W/MEDIAN (NOT RAISED),,STRAIGHT AND LEVEL,DRY,NO DEFECTS,NOT ON SCENE (DESK REPORT),NO INJURY / DRIVE AWAY,Y,,,"OVER $1,500",11/13/2018 12:45:00 PM,FAILING TO YIELD RIGHT-OF-WAY,NOT APPLICABLE,1100,N,WESTERN AVE,1212,,,,,,,2,NO INDICATION OF INJURY,0,0,0,0,0,2,0,11,3,11,41.901243078,-87.68712746,POINT (-87.687127459813 41.901243078294)
JB514256,,11/13/2018 11:30:00 AM,25,NO CONTROLS,NO CONTROLS,CLEAR,DAYLIGHT,REAR END,NOT DIVIDED,2,STRAIGHT AND LEVEL,DRY,NO DEFECTS,ON SCENE,NO INJURY / DRIVE AWAY,,,,"OVER $1,500",11/13/2018 11:35:00 AM,FOLLOWING TOO CLOSELY,NOT APPLICABLE,10000,S,AVENUE N,432,,,,,,,2,NO INDICATION OF INJURY,0,0,0,0,0,2,0,11,3,11,41.713765128,-87.539028363,POINT (-87.539028363197 41.713765128469)
JB514239,,11/13/2018 11:26:00 AM,30,OTHER WARNING SIGN,FUNCTIONING PROPERLY,CLEAR,DAYLIGHT,PARKED MOTOR VEHICLE,DIVIDED - W/MEDIAN BARRIER,,STRAIGHT AND LEVEL,DRY,NO DEFECTS,ON SCENE,INJURY AND / OR TOW DUE TO CRASH,,,,"OVER $1,500",11/13/2018 11:32:00 AM,DISTRACTION - FROM OUTSIDE VEHICLE,NOT APPLICABLE,5050,S,CICERO AVE,814,,,,Y,MAINTENANCE,Y,2,NO INDICATION OF INJURY,0,0,0,0,0,1,0,11,3,11,41.800642554,-87.743113469,POINT (-87.743113469205 41.800642553587)
JB514245,Y,11/13/2018 11:25:00 AM,30,NO CONTROLS,NO CONTROLS,CLEAR,DAYLIGHT,REAR END,ONE-WAY,1,STRAIGHT AND LEVEL,DRY,NO DEFECTS,ON SCENE,INJURY AND / OR TOW DUE TO CRASH,,,,"$501 - $1,500",11/13/2018 11:33:00 AM,FOLLOWING TOO CLOSELY,NOT APPLICABLE,5199,W,LEXINGTON ST,1533,,,,,,,2,NONINCAPACITATING INJURY,1,0,0,1,0,2,0,11,3,11,41.870934949,-87.754649302,POINT (-87.754649301515 41.870934948681)
JB514230,,11/13/2018 11:21:00 AM,35,STOP SIGN/FLASHER,NO CONTROLS,CLEAR,DAYLIGHT,ANGLE,NOT DIVIDED,2,STRAIGHT AND LEVEL,DRY,NO DEFECTS,ON SCENE,NO INJURY / DRIVE AWAY,Y,,,"$501 - $1,500",11/13/2018 11:21:00 AM,FAILING TO YIELD RIGHT-OF-WAY,NOT APPLICABLE,9100,S,SOUTH CHICAGO AVE,423,,,,,,,2,NO INDICATION OF INJURY,0,0,0,0,0,2,0,11,3,11,41.729794803,-87.555633899,POINT (-87.555633898673 41.729794803274)
JB514221,,11/13/2018 11:20:00 AM,35,NO CONTROLS,NO CONTROLS,CLEAR,DAYLIGHT,OTHER OBJECT,DIVIDED - W/MEDIAN BARRIER,2,STRAIGHT AND LEVEL,DRY,UNKNOWN,ON SCENE,INJURY AND / OR TOW DUE TO CRASH,,,,"OVER $1,500",11/13/2018 11:21:00 AM,"EVASIVE ACTION DUE TO ANIMAL, OBJECT, NONMOTORIST",NOT APPLICABLE,1313,S,SACRAMENTO DR,1022,,,,,,,1,NONINCAPACITATING INJURY,1,0,0,1,0,0,0,11,3,11,41.864161688,-87.702007614,POINT (-87.702007614319 41.86416168788)
JB514336,,11/13/2018 11:15:00 AM,30,NO CONTROLS,NO CONTROLS,CLEAR,DAYLIGHT,SIDESWIPE SAME DIRECTION,DIVIDED - W/MEDIAN (NOT RAISED),,STRAIGHT AND LEVEL,DRY,NO DEFECTS,NOT ON SCENE (DESK REPORT),NO INJURY / DRIVE AWAY,,,Y,$500 OR LESS,11/13/2018 12:51:00 PM,IMPROPER OVERTAKING/PASSING,NOT APPLICABLE,1802,S,WESTERN AVE,1023,,,,,,,2,NO INDICATION OF INJURY,0,0,0,0,0,2,0,11,3,11,41.857393676,-87.6859589,POINT (-87.685958900178 41.857393676185)
JB514213,,11/13/2018 11:15:00 AM,30,NO CONTROLS,NO CONTROLS,CLEAR,DAYLIGHT,SIDESWIPE SAME DIRECTION,NOT DIVIDED,2,STRAIGHT AND LEVEL,DRY,NO DEFECTS,ON SCENE,NO INJURY / DRIVE AWAY,,,Y,"$501 - $1,500",11/13/2018 11:23:00 AM,IMPROPER OVERTAKING/PASSING,IMPROPER LANE USAGE,5300,S,HYDE PARK BLVD,234,,,,,,,2,NO INDICATION OF INJURY,0,0,0,0,0,3,0,11,3,11,41.79954208,-87.584201039,POINT (-87.584201038585 41.799542079576)
JB514211,,11/13/2018 11:15:00 AM,30,NO CONTROLS,NO CONTROLS,CLEAR,DAYLIGHT,PARKED MOTOR VEHICLE,NOT DIVIDED,2,STRAIGHT AND LEVEL,DRY,NO DEFECTS,ON SCENE,INJURY AND / OR TOW DUE TO CRASH,,,,"OVER $1,500",11/13/2018 11:17:00 AM,PHYSICAL CONDITION OF DRIVER,UNABLE TO DETERMINE,730,W,37TH ST,915,,,,,,,2,NO INDICATION OF INJURY,0,0,0,0,0,1,0,11,3,11,41.827227958,-87.644742158,POINT (-87.644742157764 41.827227957594)
JB514287,,11/13/2018 11:03:00 AM,30,TRAFFIC SIGNAL,FUNCTIONING PROPERLY,CLEAR,DAYLIGHT,TURNING,DIVIDED - W/MEDIAN BARRIER,8,STRAIGHT AND LEVEL,DRY,NO DEFECTS,ON SCENE,INJURY AND / OR TOW DUE TO CRASH,Y,,,"OVER $1,500",11/13/2018 11:17:00 AM,FAILING TO YIELD RIGHT-OF-WAY,FAILING TO REDUCE SPEED TO AVOID CRASH,4758,W,PETERSON AVE,1711,,,,,,,2,NO INDICATION OF INJURY,0,0,0,0,0,2,0,11,3,11,41.990008876,-87.748266674,POINT (-87.748266673904 41.990008875883)
JB514445,Y,11/13/2018 11:00:00 AM,35,NO CONTROLS,NO CONTROLS,CLEAR,DAYLIGHT,FIXED OBJECT,DIVIDED - W/MEDIAN BARRIER,1,STRAIGHT ON GRADE,DRY,UNKNOWN,ON SCENE,INJURY AND / OR TOW DUE TO CRASH,,,N,"OVER $1,500",11/13/2018 12:40:00 PM,UNABLE TO DETERMINE,UNABLE TO DETERMINE,2339,E,71ST ST,334,,,,,,,1,NO INDICATION OF INJURY,0,0,0,0,0,1,0,11,3,11,41.765982975,-87.567464407,POINT (-87.567464406606 41.765982974536)
JB514397,,11/13/2018 11:00:00 AM,30,NO CONTROLS,NO CONTROLS,CLEAR,DAYLIGHT,PARKED MOTOR VEHICLE,DIVIDED - W/MEDIAN (NOT RAISED),2,STRAIGHT AND LEVEL,DRY,NO DEFECTS,NOT ON SCENE (DESK REPORT),NO INJURY / DRIVE AWAY,,,,$500 OR LESS,11/13/2018 01:25:00 PM,UNABLE TO DETERMINE,NOT APPLICABLE,13507,S,BRAINARD AVE,433,,,,,,,2,NO INDICATION OF INJURY,0,0,0,0,0,1,0,11,3,11,41.649363992,-87.546853443,POINT (-87.5468534433 41.649363992063)
JB514234,,11/13/2018 11:00:00 AM,15,NO CONTROLS,NO CONTROLS,CLEAR,DAYLIGHT,TURNING,ALLEY,,STRAIGHT AND LEVEL,DRY,NO DEFECTS,NOT ON SCENE (DESK REPORT),NO INJURY / DRIVE AWAY,,,Y,"OVER $1,500",11/13/2018 11:40:00 AM,FAILING TO YIELD RIGHT-OF-WAY,NOT APPLICABLE,2700,N,MELVINA AVE,2512,,,,,,,2,NO INDICATION OF INJURY,0,0,0,0,0,2,0,11,3,11,41.929330181,-87.780917163,POINT (-87.780917162776 41.929330181054)
JB514172,,11/13/2018 10:45:00 AM,25,TRAFFIC SIGNAL,NOT FUNCTIONING,CLEAR,DAYLIGHT,ANGLE,NOT DIVIDED,4,STRAIGHT AND LEVEL,DRY,NO DEFECTS,ON SCENE,NO INJURY / DRIVE AWAY,Y,,,"OVER $1,500",11/13/2018 10:45:00 AM,FAILING TO REDUCE SPEED TO AVOID CRASH,ROAD CONSTRUCTION/MAINTENANCE,1800,S,UNION AVE,1235,,,,,,,2,NO INDICATION OF INJURY,0,0,0,0,0,2,0,10,3,11,41.857530859,-87.644928607,POINT (-87.644928607359 41.857530859236)
JB514177,,11/13/2018 10:40:00 AM,30,TRAFFIC SIGNAL,FUNCTIONING PROPERLY,CLEAR,DAYLIGHT,TURNING,DIVIDED - W/MEDIAN (NOT RAISED),4,STRAIGHT AND LEVEL,DRY,NO DEFECTS,ON SCENE,NO INJURY / DRIVE AWAY,,,,"OVER $1,500",11/13/2018 10:45:00 AM,IMPROPER OVERTAKING/PASSING,NOT APPLICABLE,1554,W,95TH ST,2221,,,,,,,2,NO INDICATION OF INJURY,0,0,0,0,0,21,0,10,3,11,41.721326987,-87.662533658,POINT (-87.66253365849 41.721326986728)
JB514152,,11/13/2018 10:15:00 AM,30,NO CONTROLS,NO CONTROLS,CLEAR,DAYLIGHT,TURNING,NOT DIVIDED,,STRAIGHT AND LEVEL,DRY,NO DEFECTS,ON SCENE,INJURY AND / OR TOW DUE TO CRASH,,,,"OVER $1,500",11/13/2018 10:20:00 AM,FAILING TO YIELD RIGHT-OF-WAY,UNABLE TO DETERMINE,6701,S,JEFFERY BLVD,331,,,,,,,2,NO INDICATION OF INJURY,0,0,0,0,0,2,0,10,3,11,41.77336022,-87.576345489,POINT (-87.576345488656 41.77336021958)
JB514116,,11/13/2018 10:15:00 AM,30,TRAFFIC SIGNAL,FUNCTIONING PROPERLY,CLEAR,DAYLIGHT,REAR END,DIVIDED - W/MEDIAN (NOT RAISED),,STRAIGHT AND LEVEL,DRY,UNKNOWN,ON SCENE,INJURY AND / OR TOW DUE TO CRASH,Y,,,"OVER $1,500",11/13/2018 10:20:00 AM,IMPROPER OVERTAKING/PASSING,NOT APPLICABLE,7900,S,WESTERN AVE,835,,,,,,,2,NONINCAPACITATING INJURY,1,0,0,1,0,1,0,10,3,11,41.750054934,-87.682992203,POINT (-87.682992202902 41.75005493365)
JB514120,,11/13/2018 10:04:00 AM,30,NO CONTROLS,NO CONTROLS,CLEAR,DAYLIGHT,PARKED MOTOR VEHICLE,NOT DIVIDED,4,STRAIGHT AND LEVEL,DRY,NO DEFECTS,ON SCENE,NO INJURY / DRIVE AWAY,,,,$500 OR LESS,11/13/2018 10:04:00 AM,IMPROPER LANE USAGE,NOT APPLICABLE,333,N,CENTRAL AVE,1523,,,,,,,2,NO INDICATION OF INJURY,0,0,0,0,0,1,0,10,3,11,41.886736409,-87.764946707,POINT (-87.764946707248 41.886736408933)
JB514115,,11/13/2018 10:01:00 AM,30,TRAFFIC SIGNAL,FUNCTIONING PROPERLY,CLEAR,DAYLIGHT,SIDESWIPE SAME DIRECTION,DIVIDED - W/MEDIAN (NOT RAISED),4,STRAIGHT AND LEVEL,DRY,NO DEFECTS,ON SCENE,NO INJURY / DRIVE AWAY,Y,,Y,"$501 - $1,500",11/13/2018 10:02:00 AM,IMPROPER TURNING/NO SIGNAL,IMPROPER LANE USAGE,4001,W,MADISON ST,1115,,,,,,,2,NO INDICATION OF INJURY,0,0,0,0,0,2,0,10,3,11,41.880614842,-87.725788831,POINT (-87.725788831205 41.880614842122)
JB514190,N,11/13/2018 10:00:00 AM,30,NO CONTROLS,NO CONTROLS,CLEAR,UNKNOWN,PARKED MOTOR VEHICLE,NOT DIVIDED,2,STRAIGHT AND LEVEL,DRY,UNKNOWN,ON SCENE,NO INJURY / DRIVE AWAY,,,Y,"OVER $1,500",11/13/2018 10:10:00 AM,UNABLE TO DETERMINE,IMPROPER TURNING/NO SIGNAL,1704,S,HOYNE AVE,1234,,,,,,,2,NO INDICATION OF INJURY,0,0,0,0,0,1,0,10,3,11,41.858322216,-87.678611227,POINT (-87.678611227086 41.858322216282)
JB514155,,11/13/2018 09:50:00 AM,20,NO CONTROLS,NO CONTROLS,CLEAR,DAYLIGHT,REAR END,ONE-WAY,,STRAIGHT AND LEVEL,DRY,NO DEFECTS,NOT ON SCENE (DESK REPORT),NO INJURY / DRIVE AWAY,,,,"OVER $1,500",11/13/2018 10:35:00 AM,IMPROPER BACKING,NOT APPLICABLE,2803,N,MOZART ST,1411,,,,,,,2,NO INDICATION OF INJURY,0,0,0,0,0,2,0,9,3,11,41.93220869,-87.698702279,POINT (-87.698702279459 41.932208690473)
JB514144,,11/13/2018 09:40:00 AM,30,TRAFFIC SIGNAL,FUNCTIONING PROPERLY,CLEAR,DAYLIGHT,REAR END,NOT DIVIDED,2,STRAIGHT AND LEVEL,DRY,NO DEFECTS,NOT ON SCENE (DESK REPORT),NO INJURY / DRIVE AWAY,,,,"OVER $1,500",11/13/2018 10:30:00 AM,UNABLE TO DETERMINE,UNABLE TO DETERMINE,400,E,63RD ST,313,,,,,,,2,NO INDICATION OF INJURY,0,0,0,0,0,2,0,9,3,11,41.780349967,-87.615565313,POINT (-87.615565312868 41.780349966941)
JB514158,,11/13/2018 09:37:00 AM,30,STOP SIGN/FLASHER,FUNCTIONING PROPERLY,CLEAR,DAYLIGHT,ANGLE,ONE-WAY,3,STRAIGHT AND LEVEL,DRY,NO DEFECTS,ON SCENE,INJURY AND / OR TOW DUE TO CRASH,,,,"OVER $1,500",11/13/2018 09:38:00 AM,FAILING TO YIELD RIGHT-OF-WAY,DRIVING SKILLS/KNOWLEDGE/EXPERIENCE,4399,S,MICHIGAN AVE,215,,,,,,,3,INCAPACITATING INJURY,2,0,1,1,0,1,0,9,3,11,41.814818422,-87.62283717,POINT (-87.622837169802 41.814818422318)
JB514100,,11/13/2018 09:35:00 AM,25,NO CONTROLS,NO CONTROLS,CLEAR,DAYLIGHT,PARKED MOTOR VEHICLE,NOT DIVIDED,2,STRAIGHT AND LEVEL,DRY,NO DEFECTS,NOT ON SCENE (DESK REPORT),NO INJURY / DRIVE AWAY,,,,$500 OR LESS,11/13/2018 09:50:00 AM,UNABLE TO DETERMINE,NOT APPLICABLE,315,W,23RD ST,914,,,,,,,2,NO INDICATION OF INJURY,0,0,0,0,0,1,0,9,3,11,41.8508177,-87.635371532,POINT (-87.63537153155 41.850817700062)
JB514113,,11/13/2018 09:30:00 AM,30,NO CONTROLS,NO CONTROLS,CLEAR,DAYLIGHT,ANGLE,NOT DIVIDED,2,STRAIGHT AND LEVEL,DRY,NO DEFECTS,ON SCENE,NO INJURY / DRIVE AWAY,,,,"$501 - $1,500",11/13/2018 09:45:00 AM,UNABLE TO DETERMINE,NOT APPLICABLE,3100,W,MONTROSE AVE,1724,,,,,,,2,NO INDICATION OF INJURY,0,0,0,0,0,2,0,9,3,11,41.961312903,-87.705862371,POINT (-87.705862370938 41.961312903299)
JB514110,,11/13/2018 09:30:00 AM,30,NO CONTROLS,NO CONTROLS,CLEAR,DAYLIGHT,SIDESWIPE SAME DIRECTION,NOT DIVIDED,2,STRAIGHT AND LEVEL,DRY,NO DEFECTS,NOT ON SCENE (DESK REPORT),NO INJURY / DRIVE AWAY,,,,"OVER $1,500",11/13/2018 09:50:00 AM,FAILING TO YIELD RIGHT-OF-WAY,UNABLE TO DETERMINE,2432,S,MARSHALL BLVD,1033,,,,,,,2,NO INDICATION OF INJURY,0,0,0,0,0,2,0,9,3,11,,,
JB514106,,11/13/2018 09:30:00 AM,15,NO CONTROLS,NO CONTROLS,CLEAR,DAYLIGHT,ANGLE,ALLEY,,STRAIGHT AND LEVEL,DRY,NO DEFECTS,ON SCENE,NO INJURY / DRIVE AWAY,Y,,,"OVER $1,500",11/13/2018 09:50:00 AM,UNABLE TO DETERMINE,UNABLE TO DETERMINE,6630,S,STATE ST,322,,,,,,,2,NO INDICATION OF INJURY,0,0,0,0,0,2,0,9,3,11,41.773999797,-87.625306143,POINT (-87.625306142862 41.773999796922)
JB514094,,11/13/2018 09:30:00 AM,14,STOP SIGN/FLASHER,FUNCTIONING PROPERLY,CLEAR,DAYLIGHT,TURNING,DIVIDED - W/MEDIAN BARRIER,3,STRAIGHT AND LEVEL,DRY,NO DEFECTS,ON SCENE,INJURY AND / OR TOW DUE TO CRASH,Y,,,"OVER $1,500",11/13/2018 09:35:00 AM,UNABLE TO DETERMINE,UNABLE TO DETERMINE,7447,W,TALCOTT AVE,1612,,,,,,,2,NO INDICATION OF INJURY,0,0,0,0,0,4,0,9,3,11,41.988741562,-87.813309051,POINT (-87.813309051094 41.98874156174)
JB514076,,11/13/2018 09:25:00 AM,30,TRAFFIC SIGNAL,FUNCTIONING PROPERLY,CLEAR,DAYLIGHT,TURNING,CENTER TURN LANE,4,STRAIGHT AND LEVEL,DRY,NO DEFECTS,ON SCENE,INJURY AND / OR TOW DUE TO CRASH,Y,,,"OVER $1,500",11/13/2018 09:29:00 AM,DISREGARDING TRAFFIC SIGNALS,UNABLE TO DETERMINE,2001,N,MILWAUKEE AVE,1431,,,,,,,2,NONINCAPACITATING INJURY,1,0,0,1,0,2,0,9,3,11,41.917666944,-87.688534183,POINT (-87.68853418258 41.917666944263)
JB514351,,11/13/2018 09:15:00 AM,30,NO CONTROLS,NO CONTROLS,CLEAR,DAYLIGHT,REAR END,ONE-WAY,2,STRAIGHT AND LEVEL,DRY,NO DEFECTS,NOT ON SCENE (DESK REPORT),NO INJURY / DRIVE AWAY,,,,$500 OR LESS,11/13/2018 01:00:00 PM,UNABLE TO DETERMINE,NOT APPLICABLE,431,S,FRANKLIN ST,122,,,,,,,2,NO INDICATION OF INJURY,0,0,0,0,0,2,0,9,3,11,41.876222706,-87.635012545,POINT (-87.635012545286 41.876222706478)
JB514028,,11/13/2018 09:10:00 AM,30,NO CONTROLS,NO CONTROLS,CLEAR,DAYLIGHT,SIDESWIPE SAME DIRECTION,NOT DIVIDED,2,STRAIGHT AND LEVEL,DRY,NO DEFECTS,NOT ON SCENE (DESK REPORT),NO INJURY / DRIVE AWAY,,,,$500 OR LESS,11/13/2018 09:30:00 AM,FAILING TO YIELD RIGHT-OF-WAY,NOT APPLICABLE,550,W,VAN BUREN ST,121,,,,,,,2,NO INDICATION OF INJURY,0,0,0,0,0,2,0,9,3,11,41.87685514,-87.641544074,POINT (-87.641544074082 41.876855139604)