RD_NO,CRASH_DATE_EST_I,CRASH_DATE,POSTED_SPEED_LIMIT,TRAFFIC_CONTROL_DEVICE,DEVICE_CONDITION,WEATHER_CONDITION,LIGHTING_CONDITION,FIRST_CRASH_TYPE,TRAFFICWAY_TYPE,LANE_CNT,ALIGNMENT,ROADWAY_SURFACE_COND,ROAD_DEFECT,REPORT_TYPE,CRASH_TYPE,INTERSECTION_RELATED_I,NOT_RIGHT_OF_WAY_I,HIT_AND_RUN_I,DAMAGE,DATE_POLICE_NOTIFIED,PRIM_CONTRIBUTORY_CAUSE,SEC_CONTRIBUTORY_CAUSE,STREET_NO,STREET_DIRECTION,STREET_NAME,BEAT_OF_OCCURRENCE,PHOTOS_TAKEN_I,STATEMENTS_TAKEN_I,DOORING_I,WORK_ZONE_I,WORK_ZONE_TYPE,WORKERS_PRESENT_I,NUM_UNITS,MOST_SEVERE_INJURY,INJURIES_TOTAL,INJURIES_FATAL,INJURIES_INCAPACITATING,INJURIES_NON_INCAPACITATING,INJURIES_REPORTED_NOT_EVIDENT,INJURIES_NO_INDICATION,INJURIES_UNKNOWN,CRASH_HOUR,CRASH_DAY_OF_WEEK,CRASH_MONTH,LATITUDE,LONGITUDE,LOCATION
JB514068,,11/13/2018 09:08:00 AM,30,NO CONTROLS,NO CONTROLS,CLEAR,DAYLIGHT,TURNING,NOT DIVIDED,2,STRAIGHT AND LEVEL,DRY,NO DEFECTS,ON SCENE,INJURY AND / OR TOW DUE TO CRASH,,,,"OVER $1,500",11/13/2018 09:08:00 AM,IMPROPER TURNING/NO SIGNAL,FAILING TO YIELD RIGHT-OF-WAY,1350,W,FULLERTON AVE,1932,,,,,,,2,NONINCAPACITATING INJURY,1,0,0,1,0,1,0,9,3,11,41.925339389,-87.662535815,POINT (-87.662535814686 41.92533938927)
JB514093,,11/13/2018 09:05:00 AM,30,NO CONTROLS,NO CONTROLS,CLEAR,DAYLIGHT,FIXED OBJECT,ALLEY,,STRAIGHT AND LEVEL,DRY,NO DEFECTS,ON SCENE,INJURY AND / OR TOW DUE TO CRASH,,,,"OVER $1,500",11/13/2018 09:07:00 AM,UNABLE TO DETERMINE,UNABLE TO DETERMINE,2406,S,BLUE ISLAND AVE,1034,,,,,,,1,NO INDICATION OF INJURY,0,0,0,0,0,1,0,9,3,11,41.848641365,-87.675794204,POINT (-87.675794203793 41.848641365373)
JB514070,,11/13/2018 09:05:00 AM,30,NO CONTROLS,NO CONTROLS,CLEAR,DAYLIGHT,TURNING,NOT DIVIDED,,STRAIGHT AND LEVEL,DRY,NO DEFECTS,ON SCENE,NO INJURY / DRIVE AWAY,,,,"OVER $1,500",11/13/2018 09:12:00 AM,FAILING TO YIELD RIGHT-OF-WAY,NOT APPLICABLE,936,W,IRVING PARK RD,1915,,,,,,,2,NO INDICATION OF INJURY,0,0,0,0,0,2,0,9,3,11,41.954612377,-87.653600098,POINT (-87.653600098076 41.95461237719)
JB514059,,11/13/2018 09:00:00 AM,30,OTHER,FUNCTIONING PROPERLY,CLEAR,DAYLIGHT,SIDESWIPE SAME DIRECTION,DIVIDED - W/MEDIAN (NOT RAISED),0,STRAIGHT AND LEVEL,DRY,NO DEFECTS,ON SCENE,NO INJURY / DRIVE AWAY,Y,,Y,$500 OR LESS,11/13/2018 09:11:00 AM,IMPROPER OVERTAKING/PASSING,"OPERATING VEHICLE IN ERRATIC, RECKLESS, CARELESS, NEGLIGENT OR AGGRESSIVE MANNER",1500,S,ASHLAND AVE,1233,,,,,,,2,NO INDICATION OF INJURY,0,0,0,0,0,21,0,9,3,11,41.861417857,-87.666388256,POINT (-87.666388256198 41.861417857387)
JB514037,,11/13/2018 09:00:00 AM,30,NO CONTROLS,NO CONTROLS,CLEAR,DAYLIGHT,REAR END,NOT DIVIDED,2,STRAIGHT AND LEVEL,DRY,UNKNOWN,ON SCENE,NO INJURY / DRIVE AWAY,,,,$500 OR LESS,11/13/2018 09:40:00 AM,IMPROPER BACKING,NOT APPLICABLE,312,N,MAY ST,1214,,,,,,,2,NO INDICATION OF INJURY,0,0,0,0,0,2,0,9,3,11,41.887132363,-87.655832331,POINT (-87.655832331361 41.887132363404)
JB514466,,11/13/2018 08:50:00 AM,30,TRAFFIC SIGNAL,FUNCTIONING PROPERLY,CLEAR,DAYLIGHT,TURNING,NOT DIVIDED,,STRAIGHT AND LEVEL,DRY,NO DEFECTS,NOT ON SCENE (DESK REPORT),NO INJURY / DRIVE AWAY,Y,,,"OVER $1,500",11/13/2018 02:25:00 PM,IMPROPER TURNING/NO SIGNAL,NOT APPLICABLE,213,W,GRAND AVE,1831,,,,,,,2,NO INDICATION OF INJURY,0,0,0,0,0,2,0,8,3,11,41.891470669,-87.634649875,POINT (-87.634649875397 41.89147066871)
JB514040,,11/13/2018 08:46:00 AM,25,NO CONTROLS,NO CONTROLS,CLEAR,DAYLIGHT,FIXED OBJECT,PARKING LOT,,STRAIGHT AND LEVEL,DRY,NO DEFECTS,ON SCENE,NO INJURY / DRIVE AWAY,,Y,,"OVER $1,500",11/13/2018 08:50:00 AM,WEATHER,NOT APPLICABLE,2554,W,113TH ST,2212,,,,,,,1,NO INDICATION OF INJURY,0,0,0,0,0,4,0,8,3,11,41.688218435,-87.685663402,POINT (-87.685663402424 41.688218434693)
JB514362,,11/13/2018 08:45:00 AM,30,TRAFFIC SIGNAL,FUNCTIONING PROPERLY,CLEAR,DAYLIGHT,REAR END,DIVIDED - W/MEDIAN (NOT RAISED),2,STRAIGHT AND LEVEL,DRY,UNKNOWN,NOT ON SCENE (DESK REPORT),NO INJURY / DRIVE AWAY,,,,"$501 - $1,500",11/13/2018 01:15:00 PM,UNABLE TO DETERMINE,UNABLE TO DETERMINE,1501,W,LAWRENCE AVE,1912,,,,,,,2,NO INDICATION OF INJURY,0,0,0,0,0,2,0,8,3,11,41.968787904,-87.667587824,POINT (-87.667587824021 41.968787903796)
JB514088,,11/13/2018 08:45:00 AM,30,TRAFFIC SIGNAL,FUNCTIONING PROPERLY,CLEAR,DAYLIGHT,PEDESTRIAN,DIVIDED - W/MEDIAN (NOT RAISED),4,STRAIGHT AND LEVEL,DRY,NO DEFECTS,ON SCENE,INJURY AND / OR TOW DUE TO CRASH,,,,$500 OR LESS,11/13/2018 09:00:00 AM,IMPROPER BACKING,IMPROPER BACKING,11436,S,MICHIGAN AVE,531,,,,,,,2,NONINCAPACITATING INJURY,1,0,0,1,0,1,0,8,3,11,41.68601703,-87.620976097,POINT (-87.620976096867 41.686017029701)
JB514056,,11/13/2018 08:45:00 AM,30,NO CONTROLS,NO CONTROLS,CLEAR,DAYLIGHT,REAR END,NOT DIVIDED,4,STRAIGHT AND LEVEL,DRY,NO DEFECTS,NOT ON SCENE (DESK REPORT),NO INJURY / DRIVE AWAY,,,,"OVER $1,500",11/13/2018 09:33:00 AM,FOLLOWING TOO CLOSELY,UNABLE TO DETERMINE,400,W,DIVISION ST,1821,,,,,,,2,NO INDICATION OF INJURY,0,0,0,0,0,2,0,8,3,11,41.903902743,-87.638370886,POINT (-87.63837088624 41.903902742747)
JB514046,,11/13/2018 08:45:00 AM,30,TRAFFIC SIGNAL,FUNCTIONING PROPERLY,CLEAR,DAYLIGHT,TURNING,NOT DIVIDED,,STRAIGHT AND LEVEL,DRY,NO DEFECTS,ON SCENE,NO INJURY / DRIVE AWAY,,,,$500 OR LESS,11/13/2018 08:50:00 AM,UNABLE TO DETERMINE,NOT APPLICABLE,7600,S,DR MARTIN LUTHER KING JR DR,623,,,,,,,2,NO INDICATION OF INJURY,0,0,0,0,0,2,0,8,3,11,41.756490149,-87.615226794,POINT (-87.61522679361 41.756490149368)
JB514029,Y,11/13/2018 08:45:00 AM,20,NO CONTROLS,NO CONTROLS,CLEAR,DAYLIGHT,REAR END,ONE-WAY,1,STRAIGHT AND LEVEL,DRY,NO DEFECTS,NOT ON SCENE (DESK REPORT),NO INJURY / DRIVE AWAY,,,Y,$500 OR LESS,11/13/2018 09:00:00 AM,IMPROPER BACKING,UNABLE TO DETERMINE,2651,W,OGDEN SD,1023,,,,,,,2,NO INDICATION OF INJURY,0,0,0,0,0,2,0,8,3,11,,,
JB514109,,11/13/2018 08:40:00 AM,30,STOP SIGN/FLASHER,FUNCTIONING PROPERLY,CLEAR,DAYLIGHT,TURNING,NOT DIVIDED,2,STRAIGHT AND LEVEL,DRY,NO DEFECTS,NOT ON SCENE (DESK REPORT),NO INJURY / DRIVE AWAY,Y,,,"OVER $1,500",11/13/2018 09:55:00 AM,DRIVING SKILLS/KNOWLEDGE/EXPERIENCE,UNABLE TO DETERMINE,6100,N,JERSEY AVE,1711,,,,,,,2,NO INDICATION OF INJURY,0,0,0,0,0,2,0,8,3,11,41.99210223,-87.711535014,POINT (-87.711535013845 41.992102229872)
JB514027,,11/13/2018 08:38:00 AM,30,STOP SIGN/FLASHER,FUNCTIONING PROPERLY,CLEAR,DAYLIGHT,TURNING,DIVIDED - W/MEDIAN (NOT RAISED),2,STRAIGHT AND LEVEL,DRY,NO DEFECTS,ON SCENE,NO INJURY / DRIVE AWAY,Y,,,"OVER $1,500",11/13/2018 08:45:00 AM,IMPROPER TURNING/NO SIGNAL,FAILING TO REDUCE SPEED TO AVOID CRASH,660,N,MORGAN ST,1214,,,,,,,2,NO INDICATION OF INJURY,0,0,0,0,0,2,0,8,3,11,41.894012859,-87.652324661,POINT (-87.652324661039 41.894012858621)
JB514090,,11/13/2018 08:30:00 AM,30,NO CONTROLS,NO CONTROLS,CLEAR,DAYLIGHT,PARKED MOTOR VEHICLE,ONE-WAY,,STRAIGHT AND LEVEL,DRY,NO DEFECTS,ON SCENE,NO INJURY / DRIVE AWAY,,,Y,"OVER $1,500",11/13/2018 09:00:00 AM,UNABLE TO DETERMINE,UNABLE TO DETERMINE,6313,S,MAPLEWOOD AVE,825,,,,,,,2,NO INDICATION OF INJURY,0,0,0,0,0,1,0,8,3,11,41.778765343,-87.687143067,POINT (-87.687143066628 41.778765343438)
JB514045,,11/13/2018 08:30:00 AM,30,TRAFFIC SIGNAL,FUNCTIONING PROPERLY,CLEAR,DAYLIGHT,REAR END,DIVIDED - W/MEDIAN (NOT RAISED),2,STRAIGHT AND LEVEL,DRY,NO DEFECTS,NOT ON SCENE (DESK REPORT),NO INJURY / DRIVE AWAY,,,,"$501 - $1,500",11/13/2018 09:06:00 AM,CELL PHONE USE OTHER THAN TEXTING,UNABLE TO DETERMINE,5542,W,ADDISON ST,1633,,,,,,,2,NO INDICATION OF INJURY,0,0,0,0,0,2,0,8,3,11,41.945994915,-87.766066907,POINT (-87.766066906526 41.945994915133)
JB514003,,11/13/2018 08:30:00 AM,30,NO CONTROLS,NO CONTROLS,CLEAR,DAYLIGHT,ANGLE,DIVIDED - W/MEDIAN (NOT RAISED),4,STRAIGHT AND LEVEL,DRY,NO DEFECTS,NOT ON SCENE (DESK REPORT),NO INJURY / DRIVE AWAY,,,,"OVER $1,500",11/13/2018 08:40:00 AM,FAILING TO YIELD RIGHT-OF-WAY,NOT APPLICABLE,6115,S,PULASKI RD,823,,,,,,,2,NO INDICATION OF INJURY,0,0,0,0,0,2,0,8,3,11,41.781772476,-87.72270147,POINT (-87.722701469548 41.781772476286)
JB514033,,11/13/2018 08:25:00 AM,20,NO CONTROLS,NO CONTROLS,CLEAR,DAYLIGHT,SIDESWIPE SAME DIRECTION,NOT DIVIDED,2,STRAIGHT AND LEVEL,DRY,NO DEFECTS,ON SCENE,NO INJURY / DRIVE AWAY,,,,"OVER $1,500",11/13/2018 08:39:00 AM,FAILING TO YIELD RIGHT-OF-WAY,EXCEEDING AUTHORIZED SPEED LIMIT,3757,S,WABASH AVE,213,,,,,,,2,NO INDICATION OF INJURY,0,0,0,0,0,2,0,8,3,11,41.825782644,-87.624703078,POINT (-87.62470307811 41.825782644334)
JB514212,Y,11/13/2018 08:20:00 AM,30,NO CONTROLS,NO CONTROLS,CLEAR,DAYLIGHT,PARKED MOTOR VEHICLE,DIVIDED - W/MEDIAN (NOT RAISED),,STRAIGHT AND LEVEL,DRY,NO DEFECTS,NOT ON SCENE (DESK REPORT),NO INJURY / DRIVE AWAY,,,,"$501 - $1,500",11/13/2018 11:30:00 AM,UNABLE TO DETERMINE,NOT APPLICABLE,1805,W,TAYLOR ST,1231,,,,,,,2,NO INDICATION OF INJURY,0,0,0,0,0,1,0,8,3,11,41.86908225,-87.671668521,POINT (-87.671668520559 41.869082250486)
JB514016,,11/13/2018 08:13:00 AM,30,STOP SIGN/FLASHER,NO CONTROLS,CLEAR,DAYLIGHT,TURNING,NOT DIVIDED,2,STRAIGHT AND LEVEL,DRY,UNKNOWN,ON SCENE,INJURY AND / OR TOW DUE TO CRASH,Y,,,"OVER $1,500",11/13/2018 08:13:00 AM,IMPROPER TURNING/NO SIGNAL,FAILING TO YIELD RIGHT-OF-WAY,531,N,UNION AVE,1214,,,,,,,2,NO INDICATION OF INJURY,0,0,0,0,0,2,0,8,3,11,41.892239481,-87.645702985,POINT (-87.645702984567 41.892239480683)
JB514154,,11/13/2018 08:10:00 AM,30,NO CONTROLS,NO CONTROLS,CLEAR,DAYLIGHT,SIDESWIPE OPPOSITE DIRECTION,DIVIDED - W/MEDIAN (NOT RAISED),,STRAIGHT AND LEVEL,DRY,NO DEFECTS,NOT ON SCENE (DESK REPORT),NO INJURY / DRIVE AWAY,,,,"OVER $1,500",11/13/2018 10:35:00 AM,IMPROPER LANE USAGE,IMPROPER BACKING,1210,W,WINONA ST,2033,,,,,,,2,NO INDICATION OF INJURY,0,0,0,0,0,2,0,8,3,11,41.975531283,-87.660346433,POINT (-87.660346433364 41.975531283492)
JB513998,,11/13/2018 08:10:00 AM,20,TRAFFIC SIGNAL,FUNCTIONING PROPERLY,CLEAR,DAYLIGHT,SIDESWIPE SAME DIRECTION,DIVIDED - W/MEDIAN (NOT RAISED),2,STRAIGHT AND LEVEL,DRY,NO DEFECTS,ON SCENE,NO INJURY / DRIVE AWAY,,,,"OVER $1,500",11/13/2018 08:15:00 AM,FAILING TO YIELD RIGHT-OF-WAY,FAILING TO YIELD RIGHT-OF-WAY,1951,N,CENTRAL PARK AVE,1422,,,,,,,2,NO INDICATION OF INJURY,0,0,0,0,0,2,0,8,3,11,41.916839019,-87.716610742,POINT (-87.716610742414 41.916839018662)
JB513982,,11/13/2018 08:10:00 AM,30,NO CONTROLS,NO CONTROLS,CLEAR,DAYLIGHT,PARKED MOTOR VEHICLE,NOT DIVIDED,,STRAIGHT AND LEVEL,DRY,NO DEFECTS,ON SCENE,INJURY AND / OR TOW DUE TO CRASH,,,,"OVER $1,500",11/13/2018 08:15:00 AM,DRIVING SKILLS/KNOWLEDGE/EXPERIENCE,DRIVING SKILLS/KNOWLEDGE/EXPERIENCE,2860,W,21ST PL,1023,,,,,,,2,NO INDICATION OF INJURY,0,0,0,0,0,16,0,8,3,11,41.852889135,-87.697785105,POINT (-87.697785105321 41.852889135364)
JB514004,,11/13/2018 08:05:00 AM,30,TRAFFIC SIGNAL,FUNCTIONING PROPERLY,CLEAR,DAYLIGHT,TURNING,NOT DIVIDED,2,STRAIGHT AND LEVEL,DRY,NO DEFECTS,NOT ON SCENE (DESK REPORT),NO INJURY / DRIVE AWAY,,,,"$501 - $1,500",11/13/2018 08:41:00 AM,IMPROPER LANE USAGE,UNABLE TO DETERMINE,4001,W,WASHINGTON BLVD,1115,,,,,,,2,NO INDICATION OF INJURY,0,0,0,0,0,3,0,8,3,11,41.881845911,-87.725854152,POINT (-87.7258541524 41.881845910686)
JB513999,,11/13/2018 08:05:00 AM,25,STOP SIGN/FLASHER,FUNCTIONING PROPERLY,CLEAR,DAYLIGHT,SIDESWIPE OPPOSITE DIRECTION,NOT DIVIDED,2,STRAIGHT AND LEVEL,DRY,NO DEFECTS,NOT ON SCENE (DESK REPORT),NO INJURY / DRIVE AWAY,,,,"$501 - $1,500",11/13/2018 08:40:00 AM,FAILING TO REDUCE SPEED TO AVOID CRASH,NOT APPLICABLE,5528,N,ORIOLE AVE,1613,,,,,,,2,NO INDICATION OF INJURY,0,0,0,0,0,2,0,8,3,11,41.980593218,-87.817010269,POINT (-87.817010268936 41.980593218263)
JB513997,,11/13/2018 08:05:00 AM,30,NO CONTROLS,NO CONTROLS,CLEAR,DAYLIGHT,REAR END,DIVIDED - W/MEDIAN (NOT RAISED),,STRAIGHT AND LEVEL,ICE,NO DEFECTS,ON SCENE,NO INJURY / DRIVE AWAY,,,Y,"OVER $1,500",11/13/2018 08:18:00 AM,ROAD CONSTRUCTION/MAINTENANCE,NOT APPLICABLE,4513,W,63RD ST,813,,,,Y,CONSTRUCTION,,3,NO INDICATION OF INJURY,0,0,0,0,0,3,0,8,3,11,41.778399708,-87.735531473,POINT (-87.735531473133 41.778399708021)
JB513991,,11/13/2018 08:05:00 AM,30,NO CONTROLS,NO CONTROLS,CLEAR,DAYLIGHT,FIXED OBJECT,ONE-WAY,1,"CURVE, LEVEL",UNKNOWN,NO DEFECTS,ON SCENE,INJURY AND / OR TOW DUE TO CRASH,,,Y,"OVER $1,500",11/13/2018 08:13:00 AM,UNABLE TO DETERMINE,NOT APPLICABLE,1400,S,HAMLIN AVE,1011,,,,,,,1,NO INDICATION OF INJURY,0,0,0,0,0,1,0,8,3,11,41.862046923,-87.720317227,POINT (-87.720317227136 41.862046923414)
JB514012,,11/13/2018 08:01:00 AM,30,NO CONTROLS,NO CONTROLS,CLEAR,DAYLIGHT,FIXED OBJECT,DIVIDED - W/MEDIAN (NOT RAISED),2,STRAIGHT AND LEVEL,DRY,NO DEFECTS,ON SCENE,NO INJURY / DRIVE AWAY,,,N,"$501 - $1,500",11/13/2018 08:01:00 AM,FAILING TO YIELD RIGHT-OF-WAY,UNABLE TO DETERMINE,3300,N,CALIFORNIA AVE,1733,,,,,,,2,NO INDICATION OF INJURY,0,0,0,0,0,2,0,8,3,11,41.941920976,-87.698047522,POINT (-87.698047521631 41.941920976119)
JB513992,,11/13/2018 08:01:00 AM,30,NO CONTROLS,NO CONTROLS,CLEAR,DAYLIGHT,ANGLE,NOT DIVIDED,,STRAIGHT AND LEVEL,DRY,NO DEFECTS,ON SCENE,INJURY AND / OR TOW DUE TO CRASH,,,,"OVER $1,500",11/13/2018 11:07:00 AM,UNABLE TO DETERMINE,UNABLE TO DETERMINE,4057,N,PULASKI RD,1723,,,,,,,2,NO INDICATION OF INJURY,0,0,0,0,0,2,0,8,3,11,41.955330369,-87.72751798,POINT (-87.72751797955 41.955330369374)
JB514051,,11/13/2018 08:00:00 AM,15,NO CONTROLS,NO CONTROLS,CLEAR,DAYLIGHT,FIXED OBJECT,PARKING LOT,0,STRAIGHT AND LEVEL,DRY,NO DEFECTS,ON SCENE,NO INJURY / DRIVE AWAY,,Y,,"OVER $1,500",11/13/2018 09:00:00 AM,UNABLE TO DETERMINE,NOT APPLICABLE,1645,N,CALIFORNIA AVE,1421,,,,,,,1,NO INDICATION OF INJURY,0,0,0,0,0,1,0,8,3,11,41.911564976,-87.696877053,POINT (-87.696877052971 41.91156497617)
JB513960,,11/13/2018 07:56:00 AM,30,TRAFFIC SIGNAL,FUNCTIONING PROPERLY,CLEAR,DAYLIGHT,SIDESWIPE SAME DIRECTION,DIVIDED - W/MEDIAN (NOT RAISED),,STRAIGHT AND LEVEL,DRY,NO DEFECTS,ON SCENE,NO INJURY / DRIVE AWAY,,,,"OVER $1,500",11/13/2018 07:57:00 AM,IMPROPER OVERTAKING/PASSING,UNABLE TO DETERMINE,831,W,99TH ST,2232,,,,,,,2,NO INDICATION OF INJURY,0,0,0,0,0,2,0,7,3,11,41.71409538,-87.644174645,POINT (-87.644174645216 41.714095380358)
JB513967,,11/13/2018 07:55:00 AM,30,NO CONTROLS,NO CONTROLS,CLEAR,DAYLIGHT,REAR END,DIVIDED - W/MEDIAN (NOT RAISED),2,STRAIGHT AND LEVEL,DRY,NO DEFECTS,ON SCENE,INJURY AND / OR TOW DUE TO CRASH,,,,$500 OR LESS,11/13/2018 07:57:00 AM,FOLLOWING TOO CLOSELY,NOT APPLICABLE,3231,W,26TH ST,1032,,,,,,,3,INCAPACITATING INJURY,1,0,1,0,0,2,0,7,3,11,41.844392837,-87.706124223,POINT (-87.706124223005 41.84439283684)
JB514607,,11/13/2018 07:50:00 AM,30,NO CONTROLS,NO CONTROLS,CLEAR,DAYLIGHT,TURNING,DIVIDED - W/MEDIAN (NOT RAISED),4,STRAIGHT AND LEVEL,DRY,NO DEFECTS,NOT ON SCENE (DESK REPORT),NO INJURY / DRIVE AWAY,,,,"OVER $1,500",11/13/2018 04:15:00 PM,FAILING TO YIELD RIGHT-OF-WAY,DRIVING SKILLS/KNOWLEDGE/EXPERIENCE,4800,W,DIVISION ST,2533,,,,,,,2,NO INDICATION OF INJURY,0,0,0,0,0,2,0,7,3,11,41.902460549,-87.746102903,POINT (-87.746102902944 41.902460549401)
JB514067,,11/13/2018 07:50:00 AM,30,NO CONTROLS,NO CONTROLS,CLEAR,DAYLIGHT,SIDESWIPE SAME DIRECTION,ONE-WAY,1,STRAIGHT AND LEVEL,DRY,NO DEFECTS,NOT ON SCENE (DESK REPORT),NO INJURY / DRIVE AWAY,,,,"OVER $1,500",11/13/2018 10:50:00 AM,FAILING TO YIELD RIGHT-OF-WAY,NOT APPLICABLE,3025,W,EASTWOOD AVE,1713,,,,,,,2,NO INDICATION OF INJURY,0,0,0,0,0,3,0,7,3,11,41.965506265,-87.704525824,POINT (-87.704525823546 41.965506265423)
JB514001,,11/13/2018 07:50:00 AM,30,STOP SIGN/FLASHER,FUNCTIONING PROPERLY,CLEAR,DAYLIGHT,TURNING,NOT DIVIDED,2,STRAIGHT AND LEVEL,DRY,NO DEFECTS,NOT ON SCENE (DESK REPORT),NO INJURY / DRIVE AWAY,Y,,,"OVER $1,500",11/13/2018 08:40:00 AM,FAILING TO YIELD RIGHT-OF-WAY,UNABLE TO DETERMINE,3100,W,BELMONT AVE,1733,,,,,,,2,NO INDICATION OF INJURY,0,0,0,0,0,2,0,7,3,11,41.939460566,-87.705226821,POINT (-87.705226820555 41.939460565977)
JB513985,,11/13/2018 07:48:00 AM,15,NO CONTROLS,NO CONTROLS,CLEAR,DAYLIGHT,SIDESWIPE SAME DIRECTION,ONE-WAY,1,STRAIGHT AND LEVEL,DRY,NO DEFECTS,NOT ON SCENE (DESK REPORT),NO INJURY / DRIVE AWAY,,,,$500 OR LESS,11/13/2018 08:25:00 AM,UNABLE TO DETERMINE,UNABLE TO DETERMINE,4350,W,SUNNYSIDE AVE,1722,,,,,,,2,NO INDICATION OF INJURY,0,0,0,0,0,2,0,7,3,11,41.962768306,-87.737697112,POINT (-87.737697111553 41.962768305996)
JB514009,,11/13/2018 07:45:00 AM,30,TRAFFIC SIGNAL,FUNCTIONING PROPERLY,CLEAR,DAYLIGHT,TURNING,NOT DIVIDED,,STRAIGHT AND LEVEL,DRY,NO DEFECTS,ON SCENE,INJURY AND / OR TOW DUE TO CRASH,,,,"OVER $1,500",11/13/2018 08:00:00 AM,FOLLOWING TOO CLOSELY,NOT APPLICABLE,160,W,CERMAK RD,914,,,,,,,2,NO INDICATION OF INJURY,0,0,0,0,0,2,0,7,3,11,41.852965704,-87.631755989,POINT (-87.631755989104 41.852965703857)
JB513965,,11/13/2018 07:45:00 AM,30,NO CONTROLS,NO CONTROLS,CLEAR,DAYLIGHT,REAR END,DIVIDED - W/MEDIAN (NOT RAISED),4,STRAIGHT AND LEVEL,DRY,NO DEFECTS,NOT ON SCENE (DESK REPORT),NO INJURY / DRIVE AWAY,,,,"OVER $1,500",11/13/2018 08:00:00 AM,FOLLOWING TOO CLOSELY,UNABLE TO DETERMINE,231,S,AUSTIN BLVD,1513,,,,,,,2,NO INDICATION OF INJURY,0,0,0,0,0,2,0,7,3,11,41.87755147,-87.774418139,POINT (-87.77441813928 41.877551470102)
JB513972,,11/13/2018 07:40:00 AM,30,NO CONTROLS,NO CONTROLS,CLEAR,DAYLIGHT,SIDESWIPE SAME DIRECTION,NOT DIVIDED,2,STRAIGHT AND LEVEL,DRY,NO DEFECTS,ON SCENE,NO INJURY / DRIVE AWAY,,,,$500 OR LESS,11/13/2018 07:42:00 AM,IMPROPER OVERTAKING/PASSING,UNABLE TO DETERMINE,3957,W,AUGUSTA BLVD,1112,,,,,,,2,NO INDICATION OF INJURY,0,0,0,0,0,4,0,7,3,11,41.898914404,-87.726035639,POINT (-87.726035638731 41.898914404102)
JB513959,,11/13/2018 07:40:00 AM,30,NO CONTROLS,NO CONTROLS,CLEAR,DAYLIGHT,ANGLE,NOT DIVIDED,1,STRAIGHT AND LEVEL,DRY,NO DEFECTS,ON SCENE,INJURY AND / OR TOW DUE TO CRASH,,,,"$501 - $1,500",11/13/2018 07:43:00 AM,UNABLE TO DETERMINE,UNABLE TO DETERMINE,6309,S,MENARD AVE,812,,,,,,,2,NONINCAPACITATING INJURY,2,0,0,2,0,0,0,7,3,11,41.777644787,-87.766449256,POINT (-87.766449256468 41.777644787125)
JB513986,Y,11/13/2018 07:35:00 AM,25,NO CONTROLS,NO CONTROLS,CLOUDY/OVERCAST,DAYLIGHT,SIDESWIPE SAME DIRECTION,NOT DIVIDED,3,STRAIGHT AND LEVEL,DRY,NO DEFECTS,NOT ON SCENE (DESK REPORT),NO INJURY / DRIVE AWAY,,,,"OVER $1,500",11/13/2018 08:20:00 AM,UNABLE TO DETERMINE,UNABLE TO DETERMINE,340,W,GRAND AVE,1831,,,,,,,2,NO INDICATION OF INJURY,0,0,0,0,0,6,0,7,3,11,41.891654251,-87.637113331,POINT (-87.637113330842 41.891654250965)
JB514002,Y,11/13/2018 07:30:00 AM,35,NO CONTROLS,NO CONTROLS,CLEAR,DAYLIGHT,REAR END,NOT DIVIDED,4,STRAIGHT AND LEVEL,DRY,NO DEFECTS,NOT ON SCENE (DESK REPORT),NO INJURY / DRIVE AWAY,,,,"OVER $1,500",11/13/2018 08:52:00 AM,FOLLOWING TOO CLOSELY,NOT APPLICABLE,2601,W,IRVING PARK RD,1921,,,,,,,2,NO INDICATION OF INJURY,0,0,0,0,0,2,0,7,3,11,41.953886188,-87.693289199,POINT (-87.693289198862 41.953886187898)
JB513973,,11/13/2018 07:25:00 AM,30,TRAFFIC SIGNAL,FUNCTIONING PROPERLY,CLEAR,DAYLIGHT,TURNING,NOT DIVIDED,6,STRAIGHT AND LEVEL,DRY,NO DEFECTS,NOT ON SCENE (DESK REPORT),NO INJURY / DRIVE AWAY,Y,,,$500 OR LESS,11/13/2018 08:20:00 AM,UNABLE TO DETERMINE,UNABLE TO DETERMINE,7900,S,PULASKI RD,834,,,,,,,2,NO INDICATION OF INJURY,0,0,0,0,0,2,0,7,3,11,41.749339,-87.722052091,POINT (-87.722052090915 41.749339000082)
JB514039,,11/13/2018 07:20:00 AM,30,STOP SIGN/FLASHER,NO CONTROLS,CLEAR,DAYLIGHT,TURNING,NOT DIVIDED,2,STRAIGHT AND LEVEL,DRY,NO DEFECTS,NOT ON SCENE (DESK REPORT),NO INJURY / DRIVE AWAY,,,Y,"$501 - $1,500",11/13/2018 09:00:00 AM,FAILING TO YIELD RIGHT-OF-WAY,FAILING TO YIELD RIGHT-OF-WAY,10253,S,ALBANY AVE,2211,,,,,,,2,NO INDICATION OF INJURY,0,0,0,0,0,2,0,7,3,11,41.706452086,-87.69827131,POINT (-87.69827131044 41.706452086072)
JB513994,,11/13/2018 07:20:00 AM,30,TRAFFIC SIGNAL,FUNCTIONING PROPERLY,CLEAR,DAYLIGHT,TURNING,DIVIDED - W/MEDIAN BARRIER,,STRAIGHT AND LEVEL,DRY,NO DEFECTS,NOT ON SCENE (DESK REPORT),INJURY AND / OR TOW DUE TO CRASH,Y,,Y,"OVER $1,500",11/13/2018 08:30:00 AM,DISREGARDING TRAFFIC SIGNALS,NOT APPLICABLE,8600,S,SUMMIT AVE,613,,,,,,,2,"REPORTED, NOT EVIDENT",4,0,0,0,4,2,0,7,3,11,41.737856717,-87.644647197,POINT (-87.644647197049 41.737856717133)