RD_NO,CRASH_DATE_EST_I,CRASH_DATE,POSTED_SPEED_LIMIT,TRAFFIC_CONTROL_DEVICE,DEVICE_CONDITION,WEATHER_CONDITION,LIGHTING_CONDITION,FIRST_CRASH_TYPE,TRAFFICWAY_TYPE,LANE_CNT,ALIGNMENT,ROADWAY_SURFACE_COND,ROAD_DEFECT,REPORT_TYPE,CRASH_TYPE,INTERSECTION_RELATED_I,NOT_RIGHT_OF_WAY_I,HIT_AND_RUN_I,DAMAGE,DATE_POLICE_NOTIFIED,PRIM_CONTRIBUTORY_CAUSE,SEC_CONTRIBUTORY_CAUSE,STREET_NO,STREET_DIRECTION,STREET_NAME,BEAT_OF_OCCURRENCE,PHOTOS_TAKEN_I,STATEMENTS_TAKEN_I,DOORING_I,WORK_ZONE_I,WORK_ZONE_TYPE,WORKERS_PRESENT_I,NUM_UNITS,MOST_SEVERE_INJURY,INJURIES_TOTAL,INJURIES_FATAL,INJURIES_INCAPACITATING,INJURIES_NON_INCAPACITATING,INJURIES_REPORTED_NOT_EVIDENT,INJURIES_NO_INDICATION,INJURIES_UNKNOWN,CRASH_HOUR,CRASH_DAY_OF_WEEK,CRASH_MONTH,LATITUDE,LONGITUDE,LOCATION
JB513950,,11/13/2018 07:20:00 AM,30,STOP SIGN/FLASHER,FUNCTIONING PROPERLY,CLEAR,DAYLIGHT,SIDESWIPE SAME DIRECTION,NOT DIVIDED,2,STRAIGHT AND LEVEL,DRY,NO DEFECTS,ON SCENE,INJURY AND / OR TOW DUE TO CRASH,,,,"OVER $1,500",11/13/2018 07:21:00 AM,IMPROPER LANE USAGE,DRIVING SKILLS/KNOWLEDGE/EXPERIENCE,2850,N,CALIFORNIA AVE,1411,,,,,,,2,NO INDICATION OF INJURY,0,0,0,0,0,2,0,7,3,11,41.933573795,-87.697801341,POINT (-87.697801341262 41.933573794552)
JB513946,,11/13/2018 07:20:00 AM,30,NO CONTROLS,NO CONTROLS,CLEAR,DAYLIGHT,ANGLE,NOT DIVIDED,2,STRAIGHT AND LEVEL,DRY,NO DEFECTS,ON SCENE,INJURY AND / OR TOW DUE TO CRASH,,,,"OVER $1,500",11/13/2018 07:21:00 AM,UNABLE TO DETERMINE,UNABLE TO DETERMINE,4606,W,POLK ST,1131,,,,,,,2,NO INDICATION OF INJURY,0,0,0,0,0,2,0,7,3,11,41.870625982,-87.740380335,POINT (-87.740380335173 41.870625982387)
JB513941,,11/13/2018 07:18:00 AM,35,NO CONTROLS,NO CONTROLS,CLOUDY/OVERCAST,DAYLIGHT,SIDESWIPE SAME DIRECTION,ONE-WAY,5,STRAIGHT AND LEVEL,DRY,NO DEFECTS,ON SCENE,INJURY AND / OR TOW DUE TO CRASH,,,,"OVER $1,500",11/13/2018 07:20:00 AM,UNABLE TO DETERMINE,NOT APPLICABLE,7605,S,STATE ST,623,,,,,,,2,NONINCAPACITATING INJURY,1,0,0,1,0,2,0,7,3,11,41.756274664,-87.624574418,POINT (-87.624574417629 41.756274663515)
JB514282,Y,11/13/2018 07:15:00 AM,30,NO CONTROLS,NO CONTROLS,UNKNOWN,UNKNOWN,PARKED MOTOR VEHICLE,DRIVEWAY,2,STRAIGHT ON GRADE,UNKNOWN,NO DEFECTS,NOT ON SCENE (DESK REPORT),NO INJURY / DRIVE AWAY,,,Y,"$501 - $1,500",11/13/2018 12:11:00 PM,UNABLE TO DETERMINE,UNABLE TO DETERMINE,5900,W,WELLINGTON AVE,2514,,,,,,,2,NO INDICATION OF INJURY,0,0,0,0,0,1,0,7,3,11,41.934937003,-87.773724167,POINT (-87.773724167339 41.934937003423)
JB513949,,11/13/2018 07:15:00 AM,30,TRAFFIC SIGNAL,FUNCTIONING PROPERLY,CLEAR,DAYLIGHT,REAR END,DIVIDED - W/MEDIAN (NOT RAISED),,STRAIGHT AND LEVEL,DRY,NO DEFECTS,ON SCENE,NO INJURY / DRIVE AWAY,,,,"OVER $1,500",11/13/2018 07:15:00 AM,DRIVING SKILLS/KNOWLEDGE/EXPERIENCE,NOT APPLICABLE,11238,S,HALSTED ST,2233,,,,,,,2,NO INDICATION OF INJURY,0,0,0,0,0,3,0,7,3,11,41.689372371,-87.642431874,POINT (-87.642431874284 41.689372370515)
JB513979,,11/13/2018 07:00:00 AM,35,NO CONTROLS,NO CONTROLS,CLEAR,DAYLIGHT,SIDESWIPE SAME DIRECTION,DIVIDED - W/MEDIAN (NOT RAISED),,STRAIGHT AND LEVEL,DRY,NO DEFECTS,NOT ON SCENE (DESK REPORT),NO INJURY / DRIVE AWAY,,,,"OVER $1,500",11/13/2018 08:15:00 AM,UNABLE TO DETERMINE,UNABLE TO DETERMINE,4300,S,CICERO AVE,814,,,,,,,2,NO INDICATION OF INJURY,0,0,0,0,0,2,0,7,3,11,41.81483675,-87.743501481,POINT (-87.743501480634 41.81483675036)
JB513943,,11/13/2018 07:00:00 AM,30,STOP SIGN/FLASHER,FUNCTIONING PROPERLY,CLEAR,DAYLIGHT,ANGLE,NOT DIVIDED,2,STRAIGHT AND LEVEL,DRY,NO DEFECTS,ON SCENE,INJURY AND / OR TOW DUE TO CRASH,Y,,,"OVER $1,500",11/13/2018 07:30:00 AM,FAILING TO YIELD RIGHT-OF-WAY,NOT APPLICABLE,400,E,94TH ST,633,,Y,,,,,2,NONINCAPACITATING INJURY,1,0,0,1,0,1,0,7,3,11,41.72382868,-87.614133422,POINT (-87.614133422294 41.723828680235)
JB513948,,11/13/2018 06:50:00 AM,30,TRAFFIC SIGNAL,FUNCTIONING PROPERLY,CLEAR,DAYLIGHT,TURNING,DIVIDED - W/MEDIAN (NOT RAISED),,STRAIGHT AND LEVEL,DRY,NO DEFECTS,NOT ON SCENE (DESK REPORT),NO INJURY / DRIVE AWAY,,,,"$501 - $1,500",11/13/2018 07:48:00 AM,UNABLE TO DETERMINE,UNABLE TO DETERMINE,3043,W,103RD ST,2211,,,,,,,2,NO INDICATION OF INJURY,0,0,0,0,0,2,0,6,3,11,41.706126688,-87.698370045,POINT (-87.698370044864 41.706126688114)
JB514121,,11/13/2018 06:45:00 AM,25,TRAFFIC SIGNAL,FUNCTIONING PROPERLY,CLEAR,DAYLIGHT,FIXED OBJECT,NOT DIVIDED,,STRAIGHT AND LEVEL,DRY,NO DEFECTS,NOT ON SCENE (DESK REPORT),NO INJURY / DRIVE AWAY,Y,,,"$501 - $1,500",11/13/2018 10:05:00 AM,DISTRACTION - FROM OUTSIDE VEHICLE,NOT APPLICABLE,150,W,CHICAGO AVE,1832,,,,,,,1,NO INDICATION OF INJURY,0,0,0,0,0,1,0,6,3,11,41.896718103,-87.63314478,POINT (-87.633144780336 41.896718102793)
JB513926,,11/13/2018 06:45:00 AM,30,TRAFFIC SIGNAL,FUNCTIONING PROPERLY,CLEAR,DAWN,REAR END,NOT DIVIDED,,STRAIGHT AND LEVEL,DRY,NO DEFECTS,NOT ON SCENE (DESK REPORT),NO INJURY / DRIVE AWAY,Y,,Y,"$501 - $1,500",11/13/2018 06:55:00 AM,FOLLOWING TOO CLOSELY,DRIVING SKILLS/KNOWLEDGE/EXPERIENCE,3600,N,CLARK ST,1923,,,,,,,2,NO INDICATION OF INJURY,0,0,0,0,0,2,0,6,3,11,41.947202225,-87.656687756,POINT (-87.656687755593 41.947202225469)
JB514165,Y,11/13/2018 06:40:00 AM,10,NO CONTROLS,NO CONTROLS,UNKNOWN,UNKNOWN,FIXED OBJECT,ALLEY,1,STRAIGHT AND LEVEL,UNKNOWN,NO DEFECTS,NOT ON SCENE (DESK REPORT),NO INJURY / DRIVE AWAY,,,Y,"OVER $1,500",11/13/2018 10:51:00 AM,UNABLE TO DETERMINE,UNABLE TO DETERMINE,7418,W,ADDISON ST,1631,,,,,,,1,NO INDICATION OF INJURY,0,0,0,0,0,1,0,6,3,11,41.945264467,-87.812697222,POINT (-87.812697221893 41.945264466819)
JB513954,,11/13/2018 06:40:00 AM,30,TRAFFIC SIGNAL,FUNCTIONING PROPERLY,CLEAR,"DARKNESS, LIGHTED ROAD",SIDESWIPE SAME DIRECTION,NOT DIVIDED,5,STRAIGHT AND LEVEL,DRY,OTHER,NOT ON SCENE (DESK REPORT),NO INJURY / DRIVE AWAY,,,Y,"$501 - $1,500",11/13/2018 07:20:00 AM,UNABLE TO DETERMINE,UNABLE TO DETERMINE,5306,S,CENTRAL AVE,811,,,,,,,2,NO INDICATION OF INJURY,0,0,0,0,0,2,0,6,3,11,41.796174245,-87.76257753,POINT (-87.76257752983 41.796174245429)
JB513924,,11/13/2018 06:40:00 AM,35,TRAFFIC SIGNAL,FUNCTIONING PROPERLY,CLOUDY/OVERCAST,DAYLIGHT,PEDESTRIAN,OTHER,,STRAIGHT AND LEVEL,DRY,NO DEFECTS,ON SCENE,INJURY AND / OR TOW DUE TO CRASH,Y,,,$500 OR LESS,11/13/2018 06:41:00 AM,FAILING TO YIELD RIGHT-OF-WAY,NOT APPLICABLE,530,N,FAIRBANKS CT,1834,,,,,,,2,INCAPACITATING INJURY,1,0,1,0,0,2,0,6,3,11,41.891913374,-87.620382813,POINT (-87.620382813048 41.891913373934)
JB513922,,11/13/2018 06:25:00 AM,30,NO CONTROLS,NO CONTROLS,CLEAR,DAYLIGHT,PARKED MOTOR VEHICLE,ONE-WAY,1,STRAIGHT AND LEVEL,DRY,NO DEFECTS,ON SCENE,INJURY AND / OR TOW DUE TO CRASH,,,,"OVER $1,500",11/13/2018 06:34:00 AM,EQUIPMENT - VEHICLE CONDITION,NOT APPLICABLE,1136,N,LEAMINGTON AVE,1531,,,,,,,2,NO INDICATION OF INJURY,0,0,0,0,0,1,0,6,3,11,41.901543581,-87.754679377,POINT (-87.754679376727 41.901543581411)
JB513920,,11/13/2018 06:20:00 AM,10,NO CONTROLS,NO CONTROLS,CLEAR,DAYLIGHT,ANGLE,PARKING LOT,0,STRAIGHT AND LEVEL,DRY,NO DEFECTS,NOT ON SCENE (DESK REPORT),NO INJURY / DRIVE AWAY,,,,"OVER $1,500",11/13/2018 06:38:00 AM,UNABLE TO DETERMINE,UNABLE TO DETERMINE,3629,W,IRVING PARK RD,1732,,,,,,,2,NO INDICATION OF INJURY,0,0,0,0,0,2,0,6,3,11,41.953623159,-87.719013514,POINT (-87.71901351408 41.953623158576)
JB513914,,11/13/2018 06:10:00 AM,30,TRAFFIC SIGNAL,FUNCTIONING PROPERLY,CLEAR,DAYLIGHT,TURNING,CENTER TURN LANE,2,STRAIGHT AND LEVEL,DRY,NO DEFECTS,ON SCENE,NO INJURY / DRIVE AWAY,,,,"OVER $1,500",11/13/2018 06:15:00 AM,UNABLE TO DETERMINE,UNABLE TO DETERMINE,2398,W,ARMITAGE AVE,1432,,,,,,,2,NO INDICATION OF INJURY,0,0,0,0,0,2,0,6,3,11,41.917677605,-87.687386239,POINT (-87.68738623885 41.917677604798)
JB514529,,11/13/2018 06:00:00 AM,30,NO CONTROLS,NO CONTROLS,CLEAR,DAYLIGHT,SIDESWIPE SAME DIRECTION,NOT DIVIDED,,STRAIGHT AND LEVEL,DRY,SHOULDER DEFECT,NOT ON SCENE (DESK REPORT),NO INJURY / DRIVE AWAY,,,,"OVER $1,500",11/13/2018 03:20:00 PM,IMPROPER OVERTAKING/PASSING,IMPROPER OVERTAKING/PASSING,3500,S,KEDZIE AVE,911,,,,,,,2,NO INDICATION OF INJURY,0,0,0,0,0,2,0,6,3,11,41.82977496,-87.704753515,POINT (-87.704753514706 41.829774959784)
JB513903,,11/13/2018 05:36:00 AM,30,TRAFFIC SIGNAL,FUNCTIONING PROPERLY,CLEAR,"DARKNESS, LIGHTED ROAD",REAR END,NOT DIVIDED,4,STRAIGHT AND LEVEL,DRY,UNKNOWN,ON SCENE,INJURY AND / OR TOW DUE TO CRASH,,,,"OVER $1,500",11/13/2018 05:37:00 AM,FAILING TO REDUCE SPEED TO AVOID CRASH,NOT APPLICABLE,2336,N,CALIFORNIA AVE,1414,,,,,,,2,NO INDICATION OF INJURY,0,0,0,0,0,2,0,5,3,11,41.923902995,-87.697538843,POINT (-87.697538842734 41.923902995212)
JB514102,,11/13/2018 05:00:00 AM,20,STOP SIGN/FLASHER,FUNCTIONING PROPERLY,CLEAR,"DARKNESS, LIGHTED ROAD",TURNING,DIVIDED - W/MEDIAN (NOT RAISED),,STRAIGHT AND LEVEL,DRY,NO DEFECTS,NOT ON SCENE (DESK REPORT),NO INJURY / DRIVE AWAY,Y,,,"OVER $1,500",11/13/2018 10:10:00 AM,FAILING TO YIELD RIGHT-OF-WAY,NOT APPLICABLE,1600,N,NORTH PARK AVE,1814,,,,,,,2,NO INDICATION OF INJURY,0,0,0,0,0,2,0,5,3,11,41.911170266,-87.636810219,POINT (-87.636810219419 41.911170265597)
JB513909,Y,11/13/2018 04:50:00 AM,25,STOP SIGN/FLASHER,FUNCTIONING PROPERLY,CLEAR,DARKNESS,ANGLE,NOT DIVIDED,2,STRAIGHT AND LEVEL,DRY,NO DEFECTS,NOT ON SCENE (DESK REPORT),NO INJURY / DRIVE AWAY,,,,"OVER $1,500",11/13/2018 06:15:00 AM,UNABLE TO DETERMINE,UNABLE TO DETERMINE,300,W,NORTH AVE,1814,,,,,,,2,NO INDICATION OF INJURY,0,0,0,0,0,3,0,4,3,11,41.911251421,-87.636712811,POINT (-87.636712810842 41.911251421315)
JB515003,,11/13/2018 04:05:00 AM,30,NO CONTROLS,NO CONTROLS,CLEAR,"DARKNESS, LIGHTED ROAD",SIDESWIPE SAME DIRECTION,NOT DIVIDED,2,STRAIGHT AND LEVEL,DRY,NO DEFECTS,NOT ON SCENE (DESK REPORT),INJURY AND / OR TOW DUE TO CRASH,,,Y,"$501 - $1,500",11/13/2018 10:00:00 PM,UNABLE TO DETERMINE,UNABLE TO DETERMINE,1299,W,PRATT BLVD,2432,,,,,,,2,INCAPACITATING INJURY,1,0,1,0,0,1,0,4,3,11,42.005388235,-87.663508981,POINT (-87.66350898073 42.00538823469)
JB513850,Y,11/13/2018 01:12:00 AM,30,NO CONTROLS,NO CONTROLS,CLEAR,"DARKNESS, LIGHTED ROAD",PARKED MOTOR VEHICLE,NOT DIVIDED,2,STRAIGHT AND LEVEL,DRY,NO DEFECTS,ON SCENE,NO INJURY / DRIVE AWAY,,,,$500 OR LESS,11/13/2018 01:12:00 AM,EQUIPMENT - VEHICLE CONDITION,DRIVING SKILLS/KNOWLEDGE/EXPERIENCE,7212,W,BRYN MAWR AVE,1612,,,,,,,2,NO INDICATION OF INJURY,0,0,0,0,0,1,0,1,3,11,41.982862159,-87.807509977,POINT (-87.807509977302 41.982862159346)
JB514134,,11/13/2018 12:30:00 AM,30,NO CONTROLS,NO CONTROLS,CLEAR,"DARKNESS, LIGHTED ROAD",PARKED MOTOR VEHICLE,DIVIDED - W/MEDIAN (NOT RAISED),,STRAIGHT AND LEVEL,DRY,NO DEFECTS,ON SCENE,INJURY AND / OR TOW DUE TO CRASH,,,,"OVER $1,500",11/13/2018 10:15:00 AM,IMPROPER BACKING,FAILING TO REDUCE SPEED TO AVOID CRASH,5939,W,BERTEAU AVE,1624,,,,,,,2,NO INDICATION OF INJURY,0,0,0,0,0,1,0,0,3,11,41.956603005,-87.776050503,POINT (-87.776050502686 41.956603004955)
JB513835,,11/13/2018 12:10:00 AM,25,TRAFFIC SIGNAL,FUNCTIONING PROPERLY,UNKNOWN,"DARKNESS, LIGHTED ROAD",REAR END,NOT DIVIDED,2,STRAIGHT AND LEVEL,UNKNOWN,NO DEFECTS,NOT ON SCENE (DESK REPORT),NO INJURY / DRIVE AWAY,Y,,,"OVER $1,500",11/13/2018 12:13:00 AM,FAILING TO REDUCE SPEED TO AVOID CRASH,FOLLOWING TOO CLOSELY,776,S,CLARK ST,123,,,,,,,2,NO INDICATION OF INJURY,0,0,0,0,0,2,0,0,3,11,41.872286408,-87.630759002,POINT (-87.630759002248 41.872286408111)
JB513834,,11/12/2018 11:58:00 PM,30,STOP SIGN/FLASHER,FUNCTIONING PROPERLY,CLEAR,"DARKNESS, LIGHTED ROAD",FIXED OBJECT,NOT DIVIDED,2,STRAIGHT AND LEVEL,DRY,NO DEFECTS,ON SCENE,INJURY AND / OR TOW DUE TO CRASH,Y,,,"OVER $1,500",11/13/2018 12:01:00 AM,PHYSICAL CONDITION OF DRIVER,NOT APPLICABLE,5930,W,DICKENS AVE,2515,,,,,,,1,NO INDICATION OF INJURY,0,0,0,0,0,1,0,23,2,11,41.918037196,-87.77433273,POINT (-87.774332730403 41.918037196346)
JB513790,,11/12/2018 10:53:00 PM,30,NO CONTROLS,NO CONTROLS,CLEAR,"DARKNESS, LIGHTED ROAD",PARKED MOTOR VEHICLE,NOT DIVIDED,2,STRAIGHT AND LEVEL,DRY,NO DEFECTS,ON SCENE,INJURY AND / OR TOW DUE TO CRASH,,,Y,"OVER $1,500",11/12/2018 11:10:00 PM,UNABLE TO DETERMINE,UNABLE TO DETERMINE,3840,W,47TH ST,821,,,,,,,3,NO INDICATION OF INJURY,0,0,0,0,0,1,0,22,2,11,41.808022059,-87.720294532,POINT (-87.720294532312 41.808022059345)
JB514013,Y,11/12/2018 10:30:00 PM,30,STOP SIGN/FLASHER,FUNCTIONING PROPERLY,CLEAR,DAYLIGHT,PARKED MOTOR VEHICLE,NOT DIVIDED,2,STRAIGHT AND LEVEL,DRY,NO DEFECTS,ON SCENE,NO INJURY / DRIVE AWAY,,,,"OVER $1,500",11/13/2018 07:47:00 AM,NOT APPLICABLE,NOT APPLICABLE,4327,W,LE MOYNE ST,2534,,,,,,,2,NO INDICATION OF INJURY,0,0,0,0,0,1,0,22,2,11,41.907540129,-87.734987935,POINT (-87.734987935361 41.907540128531)
JB513752,Y,11/12/2018 09:35:00 PM,30,NO CONTROLS,NO CONTROLS,CLEAR,"DARKNESS, LIGHTED ROAD",PARKED MOTOR VEHICLE,NOT DIVIDED,,STRAIGHT AND LEVEL,DRY,NO DEFECTS,ON SCENE,INJURY AND / OR TOW DUE TO CRASH,,,Y,"OVER $1,500",11/12/2018 09:38:00 PM,UNABLE TO DETERMINE,UNABLE TO DETERMINE,6957,N,ORIOLE AVE,1611,,,,,,,2,NO INDICATION OF INJURY,0,0,0,0,0,1,0,21,2,11,42.007616124,-87.816286962,POINT (-87.816286961843 42.007616124161)
JB513732,,11/12/2018 09:19:00 PM,35,NO CONTROLS,NO CONTROLS,CLEAR,"DARKNESS, LIGHTED ROAD",REAR END,DIVIDED - W/MEDIAN (NOT RAISED),4,STRAIGHT AND LEVEL,DRY,NO DEFECTS,ON SCENE,INJURY AND / OR TOW DUE TO CRASH,,,,"OVER $1,500",11/12/2018 09:21:00 PM,FAILING TO REDUCE SPEED TO AVOID CRASH,NOT APPLICABLE,5306,N,CUMBERLAND AVE,1614,,,,,,,2,NONINCAPACITATING INJURY,1,0,0,1,0,1,0,21,2,11,41.975896418,-87.836769925,POINT (-87.836769924905 41.975896418005)
JB513729,,11/12/2018 09:10:00 PM,30,TRAFFIC SIGNAL,FUNCTIONING PROPERLY,CLEAR,"DARKNESS, LIGHTED ROAD",TURNING,DIVIDED - W/MEDIAN BARRIER,4,STRAIGHT ON GRADE,WET,NO DEFECTS,ON SCENE,INJURY AND / OR TOW DUE TO CRASH,Y,,,"OVER $1,500",11/12/2018 09:10:00 PM,UNABLE TO DETERMINE,NOT APPLICABLE,1501,E,103RD ST,512,,,,,,,2,NONINCAPACITATING INJURY,9,0,0,2,7,8,0,21,2,11,41.707638289,-87.587232617,POINT (-87.587232616965 41.707638288511)
JB514455,,11/12/2018 09:00:00 PM,30,NO CONTROLS,NO CONTROLS,CLEAR,"DARKNESS, LIGHTED ROAD",OTHER OBJECT,DIVIDED - W/MEDIAN (NOT RAISED),2,STRAIGHT AND LEVEL,DRY,OTHER,NOT ON SCENE (DESK REPORT),INJURY AND / OR TOW DUE TO CRASH,,,,"$501 - $1,500",11/13/2018 02:15:00 PM,DRIVING SKILLS/KNOWLEDGE/EXPERIENCE,UNABLE TO DETERMINE,809,W,WILSON AVE,1914,,,,Y,MAINTENANCE,,1,NO INDICATION OF INJURY,0,0,0,0,0,2,0,21,2,11,41.965382239,-87.650431853,POINT (-87.650431853495 41.965382238514)
JB513725,,11/12/2018 08:45:00 PM,25,TRAFFIC SIGNAL,FUNCTIONING PROPERLY,UNKNOWN,"DARKNESS, LIGHTED ROAD",SIDESWIPE SAME DIRECTION,DIVIDED - W/MEDIAN BARRIER,3,STRAIGHT AND LEVEL,UNKNOWN,NO DEFECTS,NOT ON SCENE (DESK REPORT),NO INJURY / DRIVE AWAY,,,,"$501 - $1,500",11/12/2018 09:00:00 PM,UNABLE TO DETERMINE,UNABLE TO DETERMINE,2,N,MICHIGAN AVE,112,,,,,,,2,NO INDICATION OF INJURY,0,0,0,0,0,3,0,20,2,11,41.882164167,-87.624514274,POINT (-87.624514273622 41.88216416733)
JB513707,,11/12/2018 08:40:00 PM,30,TRAFFIC SIGNAL,FUNCTIONING PROPERLY,CLEAR,"DARKNESS, LIGHTED ROAD",REAR END,DIVIDED - W/MEDIAN BARRIER,4,STRAIGHT AND LEVEL,DRY,NO DEFECTS,ON SCENE,INJURY AND / OR TOW DUE TO CRASH,,,,"OVER $1,500",11/12/2018 08:40:00 PM,UNABLE TO DETERMINE,NOT APPLICABLE,5101,W,LAWRENCE AVE,1623,,,,,,,3,NONINCAPACITATING INJURY,2,0,0,1,1,2,0,20,2,11,41.967826003,-87.755071771,POINT (-87.755071770704 41.967826002674)
JB513724,,11/12/2018 08:30:00 PM,30,NO CONTROLS,NO CONTROLS,CLEAR,"DARKNESS, LIGHTED ROAD",PARKED MOTOR VEHICLE,DIVIDED - W/MEDIAN (NOT RAISED),,STRAIGHT AND LEVEL,DRY,NO DEFECTS,NOT ON SCENE (DESK REPORT),NO INJURY / DRIVE AWAY,,,,"OVER $1,500",11/12/2018 09:00:00 PM,EXCEEDING SAFE SPEED FOR CONDITIONS,NOT APPLICABLE,5310,N,AUSTIN AVE,1622,,,,,,,2,NO INDICATION OF INJURY,0,0,0,0,0,1,0,20,2,11,41.977791432,-87.778284297,POINT (-87.778284297212 41.977791432007)
JB513644,Y,11/12/2018 07:45:00 PM,30,NO CONTROLS,NO CONTROLS,CLEAR,"DARKNESS, LIGHTED ROAD",PARKED MOTOR VEHICLE,NOT DIVIDED,2,STRAIGHT AND LEVEL,DRY,NO DEFECTS,ON SCENE,NO INJURY / DRIVE AWAY,,,,"OVER $1,500",11/12/2018 07:50:00 PM,IMPROPER LANE USAGE,UNABLE TO DETERMINE,2621,W,FOSTER AVE,2031,,,,,,,2,NO INDICATION OF INJURY,0,0,0,0,0,1,0,19,2,11,41.975738784,-87.694873537,POINT (-87.694873536993 41.97573878428)
JB513624,,11/12/2018 07:30:00 PM,30,TRAFFIC SIGNAL,FUNCTIONING PROPERLY,CLEAR,"DARKNESS, LIGHTED ROAD",REAR END,NOT DIVIDED,,STRAIGHT AND LEVEL,DRY,NO DEFECTS,NOT ON SCENE (DESK REPORT),NO INJURY / DRIVE AWAY,,,Y,"OVER $1,500",11/12/2018 07:39:00 PM,UNABLE TO DETERMINE,NOT APPLICABLE,6400,W,BRYN MAWR AVE,1612,,,,,,,2,NO INDICATION OF INJURY,0,0,0,0,0,2,0,19,2,11,41.983012135,-87.787763514,POINT (-87.787763513853 41.983012134609)
JB513612,,11/12/2018 07:12:00 PM,40,UNKNOWN,UNKNOWN,UNKNOWN,UNKNOWN,PARKED MOTOR VEHICLE,NOT DIVIDED,1,STRAIGHT AND LEVEL,UNKNOWN,UNKNOWN,ON SCENE,INJURY AND / OR TOW DUE TO CRASH,,,Y,"OVER $1,500",11/12/2018 07:15:00 PM,NOT APPLICABLE,NOT APPLICABLE,12216,S,STEWART AVE,523,N,,,,,,3,NO INDICATION OF INJURY,0,0,0,0,0,1,0,19,2,11,41.671912353,-87.632239942,POINT (-87.632239941623 41.671912353006)
JB513614,,11/12/2018 07:10:00 PM,35,NO CONTROLS,NO CONTROLS,RAIN,"DARKNESS, LIGHTED ROAD",PEDESTRIAN,ONE-WAY,,STRAIGHT AND LEVEL,WET,UNKNOWN,ON SCENE,NO INJURY / DRIVE AWAY,,,Y,$500 OR LESS,11/12/2018 07:14:00 PM,FAILING TO YIELD RIGHT-OF-WAY,NOT APPLICABLE,399,W,EVERGREEN AVE,1821,,,,,,,2,NO INDICATION OF INJURY,0,0,0,0,0,2,0,19,2,11,41.906525513,-87.638386531,POINT (-87.638386530982 41.906525512982)
JB513597,,11/12/2018 07:05:00 PM,30,TRAFFIC SIGNAL,FUNCTIONING PROPERLY,CLEAR,"DARKNESS, LIGHTED ROAD",TURNING,NOT DIVIDED,,STRAIGHT AND LEVEL,DRY,NO DEFECTS,ON SCENE,INJURY AND / OR TOW DUE TO CRASH,Y,,,"OVER $1,500",11/12/2018 07:06:00 PM,DISREGARDING TRAFFIC SIGNALS,FAILING TO REDUCE SPEED TO AVOID CRASH,800,N,LA SALLE DR,1832,,,,,,,2,NO INDICATION OF INJURY,0,0,0,0,0,4,0,19,2,11,41.896678875,-87.63285766,POINT (-87.632857660493 41.896678875257)
JB513681,,11/12/2018 07:00:00 PM,30,OTHER,UNKNOWN,CLEAR,"DARKNESS, LIGHTED ROAD",REAR END,NOT DIVIDED,,STRAIGHT AND LEVEL,DRY,NO DEFECTS,NOT ON SCENE (DESK REPORT),NO INJURY / DRIVE AWAY,,,,"$501 - $1,500",11/12/2018 08:41:00 PM,FOLLOWING TOO CLOSELY,FOLLOWING TOO CLOSELY,5960,W,HIGGINS AVE,1622,,,,,,,2,NO INDICATION OF INJURY,0,0,0,0,0,3,0,19,2,11,41.973205868,-87.777929507,POINT (-87.777929507199 41.973205867761)
JB513602,,11/12/2018 07:00:00 PM,30,NO CONTROLS,NO CONTROLS,CLEAR,"DARKNESS, LIGHTED ROAD",ANGLE,OTHER,0,STRAIGHT AND LEVEL,DRY,NO DEFECTS,,NO INJURY / DRIVE AWAY,,,,"OVER $1,500",11/12/2018 07:24:00 PM,FAILING TO YIELD RIGHT-OF-WAY,DRIVING SKILLS/KNOWLEDGE/EXPERIENCE,6100,S,KEATING AVE,813,,,,,,,2,NO INDICATION OF INJURY,0,0,0,0,0,2,0,19,2,11,41.78200232,-87.74133401,POINT (-87.741334009674 41.782002319853)
JB513618,Y,11/12/2018 06:58:00 PM,30,TRAFFIC SIGNAL,FUNCTIONING PROPERLY,CLEAR,DUSK,TURNING,DIVIDED - W/MEDIAN BARRIER,4,STRAIGHT ON HILLCREST,DRY,NO DEFECTS,ON SCENE,INJURY AND / OR TOW DUE TO CRASH,Y,,,"OVER $1,500",11/12/2018 07:11:00 PM,DISREGARDING TRAFFIC SIGNALS,DRIVING SKILLS/KNOWLEDGE/EXPERIENCE,128,E,CONGRESS DR,114,,,,,,,2,NO INDICATION OF INJURY,0,0,0,0,0,2,0,18,2,11,41.875848179,-87.623247047,POINT (-87.6232470466 41.875848178762)
JB513619,,11/12/2018 06:53:00 PM,30,NO CONTROLS,NO CONTROLS,CLEAR,DARKNESS,FIXED OBJECT,PARKING LOT,,STRAIGHT AND LEVEL,DRY,NO DEFECTS,ON SCENE,NO INJURY / DRIVE AWAY,,Y,,"$501 - $1,500",11/12/2018 07:16:00 PM,NOT APPLICABLE,NOT APPLICABLE,530,N,LAKE SHORE DR,1834,,,,,,,1,NO INDICATION OF INJURY,0,0,0,0,0,1,0,18,2,11,41.891975608,-87.614580271,POINT (-87.614580270889 41.891975608018)