RD_NO,CRASH_DATE_EST_I,CRASH_DATE,POSTED_SPEED_LIMIT,TRAFFIC_CONTROL_DEVICE,DEVICE_CONDITION,WEATHER_CONDITION,LIGHTING_CONDITION,FIRST_CRASH_TYPE,TRAFFICWAY_TYPE,LANE_CNT,ALIGNMENT,ROADWAY_SURFACE_COND,ROAD_DEFECT,REPORT_TYPE,CRASH_TYPE,INTERSECTION_RELATED_I,NOT_RIGHT_OF_WAY_I,HIT_AND_RUN_I,DAMAGE,DATE_POLICE_NOTIFIED,PRIM_CONTRIBUTORY_CAUSE,SEC_CONTRIBUTORY_CAUSE,STREET_NO,STREET_DIRECTION,STREET_NAME,BEAT_OF_OCCURRENCE,PHOTOS_TAKEN_I,STATEMENTS_TAKEN_I,DOORING_I,WORK_ZONE_I,WORK_ZONE_TYPE,WORKERS_PRESENT_I,NUM_UNITS,MOST_SEVERE_INJURY,INJURIES_TOTAL,INJURIES_FATAL,INJURIES_INCAPACITATING,INJURIES_NON_INCAPACITATING,INJURIES_REPORTED_NOT_EVIDENT,INJURIES_NO_INDICATION,INJURIES_UNKNOWN,CRASH_HOUR,CRASH_DAY_OF_WEEK,CRASH_MONTH,LATITUDE,LONGITUDE,LOCATION
JB513610,,11/12/2018 06:50:00 PM,30,STOP SIGN/FLASHER,NO CONTROLS,CLEAR,"DARKNESS, LIGHTED ROAD",ANGLE,NOT DIVIDED,2,STRAIGHT AND LEVEL,DRY,NO DEFECTS,ON SCENE,INJURY AND / OR TOW DUE TO CRASH,,,,"OVER $1,500",11/12/2018 07:05:00 PM,FAILING TO YIELD RIGHT-OF-WAY,FAILING TO YIELD RIGHT-OF-WAY,200,N,COLUMBUS DR,114,,,,,,,2,NO INDICATION OF INJURY,0,0,0,0,0,3,0,18,2,11,41.886005833,-87.620828957,POINT (-87.620828956741 41.886005833425)
JB513582,,11/12/2018 06:45:00 PM,0,NO CONTROLS,NO CONTROLS,CLEAR,"DARKNESS, LIGHTED ROAD",ANGLE,PARKING LOT,0,STRAIGHT AND LEVEL,DRY,NO DEFECTS,NOT ON SCENE (DESK REPORT),NO INJURY / DRIVE AWAY,,Y,,"OVER $1,500",11/12/2018 07:00:00 PM,DISREGARDING STOP SIGN,DRIVING SKILLS/KNOWLEDGE/EXPERIENCE,5500,S,SPAULDING AVE,822,,,,,,,2,NO INDICATION OF INJURY,0,0,0,0,0,2,0,18,2,11,41.793385488,-87.706148601,POINT (-87.706148600782 41.793385488164)
JB513595,,11/12/2018 06:42:00 PM,30,NO CONTROLS,NO CONTROLS,CLEAR,"DARKNESS, LIGHTED ROAD",REAR END,NOT DIVIDED,,STRAIGHT AND LEVEL,DRY,NO DEFECTS,NOT ON SCENE (DESK REPORT),NO INJURY / DRIVE AWAY,,,,"$501 - $1,500",11/12/2018 07:20:00 PM,UNABLE TO DETERMINE,UNABLE TO DETERMINE,827,W,NORTH AVE,1822,,,,,,,2,NO INDICATION OF INJURY,0,0,0,0,0,4,0,18,2,11,41.910791777,-87.649436574,POINT (-87.649436574473 41.910791777487)
JB513572,,11/12/2018 06:30:00 PM,30,NO CONTROLS,NO CONTROLS,CLEAR,"DARKNESS, LIGHTED ROAD",ANGLE,NOT DIVIDED,2,STRAIGHT AND LEVEL,DRY,NO DEFECTS,ON SCENE,INJURY AND / OR TOW DUE TO CRASH,Y,,,"OVER $1,500",11/12/2018 06:43:00 PM,EXCEEDING SAFE SPEED FOR CONDITIONS,DRIVING SKILLS/KNOWLEDGE/EXPERIENCE,7948,S,SOUTH SHORE DR,422,,,,,,,2,NO INDICATION OF INJURY,0,0,0,0,0,2,0,18,2,11,41.750532398,-87.548170933,POINT (-87.548170932656 41.750532398341)
JB513622,,11/12/2018 06:26:00 PM,30,TRAFFIC SIGNAL,FUNCTIONING PROPERLY,CLEAR,DAYLIGHT,REAR END,NOT DIVIDED,,STRAIGHT AND LEVEL,DRY,NO DEFECTS,NOT ON SCENE (DESK REPORT),INJURY AND / OR TOW DUE TO CRASH,,,Y,"$501 - $1,500",11/12/2018 07:30:00 PM,FOLLOWING TOO CLOSELY,UNABLE TO DETERMINE,1600,E,79TH ST,411,,,,,,,2,"REPORTED, NOT EVIDENT",1,0,0,0,1,1,0,18,2,11,41.751611523,-87.585592284,POINT (-87.585592284288 41.751611523273)
JB513654,,11/12/2018 06:22:00 PM,35,TRAFFIC SIGNAL,FUNCTIONING PROPERLY,RAIN,DARKNESS,TURNING,OTHER,,STRAIGHT AND LEVEL,DRY,UNKNOWN,NOT ON SCENE (DESK REPORT),NO INJURY / DRIVE AWAY,,,Y,"OVER $1,500",11/12/2018 08:00:00 PM,UNABLE TO DETERMINE,UNABLE TO DETERMINE,5500,S,HYDE PARK BLVD,235,,,,,,,2,NO INDICATION OF INJURY,0,0,0,0,0,2,0,18,2,11,41.795135804,-87.584095927,POINT (-87.584095926794 41.795135803736)
JB513560,,11/12/2018 06:20:00 PM,0,TRAFFIC SIGNAL,FUNCTIONING PROPERLY,CLEAR,DAWN,TURNING,NOT DIVIDED,,STRAIGHT AND LEVEL,DRY,NO DEFECTS,ON SCENE,INJURY AND / OR TOW DUE TO CRASH,Y,,,"OVER $1,500",11/12/2018 06:25:00 PM,IMPROPER TURNING/NO SIGNAL,UNABLE TO DETERMINE,1147,N,KEELER AVE,1111,,,,,,,2,NO INDICATION OF INJURY,0,0,0,0,0,2,0,18,2,11,41.902207164,-87.731065884,POINT (-87.731065884185 41.902207164157)
JB513548,,11/12/2018 06:20:00 PM,25,NO CONTROLS,NO CONTROLS,CLEAR,DAWN,PARKED MOTOR VEHICLE,ONE-WAY,,STRAIGHT AND LEVEL,DRY,NO DEFECTS,ON SCENE,INJURY AND / OR TOW DUE TO CRASH,,,Y,"OVER $1,500",11/12/2018 06:20:00 PM,"OPERATING VEHICLE IN ERRATIC, RECKLESS, CARELESS, NEGLIGENT OR AGGRESSIVE MANNER",EXCEEDING SAFE SPEED FOR CONDITIONS,5429,S,HOMAN AVE,822,,,,,,,2,NO INDICATION OF INJURY,0,0,0,0,0,1,0,18,2,11,41.794401655,-87.708334285,POINT (-87.708334285208 41.794401654788)
JB513556,,11/12/2018 06:16:00 PM,30,NO CONTROLS,NO CONTROLS,CLEAR,"DARKNESS, LIGHTED ROAD",REAR END,NOT DIVIDED,4,STRAIGHT AND LEVEL,DRY,NO DEFECTS,ON SCENE,INJURY AND / OR TOW DUE TO CRASH,,,,"OVER $1,500",11/12/2018 06:17:00 PM,FOLLOWING TOO CLOSELY,UNABLE TO DETERMINE,4034,N,WESTERN AVE,1911,,,,,,,2,NO INDICATION OF INJURY,0,0,0,0,0,2,0,18,2,11,41.955095701,-87.688644506,POINT (-87.688644505836 41.95509570087)
JB514082,,11/12/2018 06:15:00 PM,30,RAILROAD CROSSING GATE,FUNCTIONING PROPERLY,CLEAR,DAYLIGHT,REAR END,DIVIDED - W/MEDIAN (NOT RAISED),,STRAIGHT AND LEVEL,DRY,NO DEFECTS,NOT ON SCENE (DESK REPORT),NO INJURY / DRIVE AWAY,,,,$500 OR LESS,11/13/2018 09:44:00 AM,FOLLOWING TOO CLOSELY,FOLLOWING TOO CLOSELY,2610,W,87TH ST,835,,,,,,,2,NO INDICATION OF INJURY,0,0,0,0,0,2,0,18,2,11,41.735547181,-87.687977475,POINT (-87.687977475127 41.735547180781)
JB513673,,11/12/2018 06:15:00 PM,30,TRAFFIC SIGNAL,FUNCTIONING PROPERLY,UNKNOWN,UNKNOWN,REAR END,NOT DIVIDED,4,STRAIGHT AND LEVEL,UNKNOWN,NO DEFECTS,ON SCENE,INJURY AND / OR TOW DUE TO CRASH,,,Y,"OVER $1,500",11/12/2018 08:12:00 PM,UNABLE TO DETERMINE,UNABLE TO DETERMINE,5901,S,LOOMIS BLVD,713,,,,,,,2,INCAPACITATING INJURY,3,0,1,2,0,1,0,18,2,11,41.786728861,-87.659390419,POINT (-87.659390419108 41.786728861022)
JB513568,,11/12/2018 06:15:00 PM,30,NO CONTROLS,NO CONTROLS,CLEAR,DAYLIGHT,REAR END,DIVIDED - W/MEDIAN (NOT RAISED),,STRAIGHT AND LEVEL,DRY,NO DEFECTS,NOT ON SCENE (DESK REPORT),NO INJURY / DRIVE AWAY,,,Y,"OVER $1,500",11/12/2018 06:50:00 PM,IMPROPER BACKING,UNABLE TO DETERMINE,8600,S,CALIFORNIA AVE,835,,,,,,,2,NO INDICATION OF INJURY,0,0,0,0,0,2,0,18,2,11,41.736943323,-87.692437895,POINT (-87.692437894742 41.736943323126)
JB513539,,11/12/2018 06:12:00 PM,0,NO CONTROLS,NO CONTROLS,CLEAR,DARKNESS,PARKED MOTOR VEHICLE,PARKING LOT,,STRAIGHT AND LEVEL,DRY,UNKNOWN,ON SCENE,NO INJURY / DRIVE AWAY,,Y,,$500 OR LESS,11/12/2018 06:13:00 PM,DRIVING SKILLS/KNOWLEDGE/EXPERIENCE,UNABLE TO DETERMINE,521,W,31ST ST,915,,,,,,,2,NO INDICATION OF INJURY,0,0,0,0,0,1,0,18,2,11,41.838016274,-87.639949102,POINT (-87.639949101778 41.838016273875)
JB513664,,11/12/2018 06:10:00 PM,30,NO CONTROLS,NO CONTROLS,CLEAR,DAYLIGHT,PARKED MOTOR VEHICLE,NOT DIVIDED,,STRAIGHT AND LEVEL,DRY,NO DEFECTS,NOT ON SCENE (DESK REPORT),NO INJURY / DRIVE AWAY,,,Y,"OVER $1,500",11/12/2018 08:15:00 PM,UNABLE TO DETERMINE,UNABLE TO DETERMINE,7504,S,COTTAGE GROVE AVE,624,,,,,,,2,NO INDICATION OF INJURY,0,0,0,0,0,1,0,18,2,11,41.758377928,-87.60552915,POINT (-87.60552915047 41.758377927614)
JB514490,,11/12/2018 06:00:00 PM,30,UNKNOWN,UNKNOWN,CLEAR,"DARKNESS, LIGHTED ROAD",REAR END,NOT DIVIDED,,STRAIGHT AND LEVEL,DRY,NO DEFECTS,NOT ON SCENE (DESK REPORT),NO INJURY / DRIVE AWAY,,,,"OVER $1,500",11/13/2018 03:00:00 PM,UNABLE TO DETERMINE,UNABLE TO DETERMINE,1247,S,COLUMBUS DR,132,,,,,,,2,NO INDICATION OF INJURY,0,0,0,0,0,2,0,18,2,11,41.866221092,-87.619751921,POINT (-87.619751921442 41.866221091845)
JB514170,,11/12/2018 06:00:00 PM,30,NO CONTROLS,NO CONTROLS,CLEAR,"DARKNESS, LIGHTED ROAD",TURNING,NOT DIVIDED,,STRAIGHT AND LEVEL,DRY,NO DEFECTS,NOT ON SCENE (DESK REPORT),NO INJURY / DRIVE AWAY,,Y,,"$501 - $1,500",11/13/2018 10:59:00 AM,IMPROPER TURNING/NO SIGNAL,UNABLE TO DETERMINE,2015,W,CERMAK RD,1034,,,,,,,2,NO INDICATION OF INJURY,0,0,0,0,0,5,0,18,2,11,41.8520549,-87.676492931,POINT (-87.676492930519 41.852054899712)
JB513731,,11/12/2018 06:00:00 PM,5,NO CONTROLS,NO CONTROLS,SNOW,DUSK,FIXED OBJECT,PARKING LOT,,STRAIGHT AND LEVEL,SNOW OR SLUSH,NO DEFECTS,ON SCENE,NO INJURY / DRIVE AWAY,,Y,Y,"$501 - $1,500",11/12/2018 08:00:00 PM,IMPROPER BACKING,UNABLE TO DETERMINE,850,W,63RD PKWY,712,,Y,,,,,1,NO INDICATION OF INJURY,0,0,0,0,0,1,0,18,2,11,41.781910527,-87.647073085,POINT (-87.647073084792 41.781910526832)
JB513571,,11/12/2018 06:00:00 PM,30,NO CONTROLS,NO CONTROLS,CLEAR,"DARKNESS, LIGHTED ROAD",REAR END,OTHER,4,STRAIGHT AND LEVEL,DRY,NO DEFECTS,NOT ON SCENE (DESK REPORT),NO INJURY / DRIVE AWAY,,,,"$501 - $1,500",11/12/2018 06:39:00 PM,FOLLOWING TOO CLOSELY,UNABLE TO DETERMINE,5034,W,65TH ST,813,,,,,,,3,NO INDICATION OF INJURY,0,0,0,0,0,3,0,18,2,11,41.774756639,-87.748112054,POINT (-87.74811205444 41.774756638676)
JB513537,,11/12/2018 06:00:00 PM,30,NO CONTROLS,NO CONTROLS,CLEAR,"DARKNESS, LIGHTED ROAD",SIDESWIPE SAME DIRECTION,OTHER,,STRAIGHT AND LEVEL,DRY,NO DEFECTS,ON SCENE,NO INJURY / DRIVE AWAY,,,Y,"$501 - $1,500",11/12/2018 06:15:00 PM,DRIVING SKILLS/KNOWLEDGE/EXPERIENCE,IMPROPER OVERTAKING/PASSING,6700,S,COTTAGE GROVE AVE,321,,,,,,,2,NO INDICATION OF INJURY,0,0,0,0,0,1,0,18,2,11,41.773047822,-87.605913053,POINT (-87.605913052872 41.773047821886)
JB513525,,11/12/2018 05:57:00 PM,25,NO CONTROLS,NO CONTROLS,CLEAR,"DARKNESS, LIGHTED ROAD",REAR END,NOT DIVIDED,2,STRAIGHT AND LEVEL,DRY,NO DEFECTS,NOT ON SCENE (DESK REPORT),NO INJURY / DRIVE AWAY,,,,"$501 - $1,500",11/12/2018 06:15:00 PM,UNABLE TO DETERMINE,UNABLE TO DETERMINE,3147,W,FOSTER AVE,1713,,,,,,,2,NO INDICATION OF INJURY,0,0,0,0,0,2,0,17,2,11,41.975642108,-87.708148115,POINT (-87.708148115426 41.975642108065)
JB513526,,11/12/2018 05:53:00 PM,30,TRAFFIC SIGNAL,FUNCTIONING PROPERLY,CLEAR,"DARKNESS, LIGHTED ROAD",ANGLE,NOT DIVIDED,4,STRAIGHT AND LEVEL,DRY,NO DEFECTS,ON SCENE,NO INJURY / DRIVE AWAY,Y,,Y,"OVER $1,500",11/12/2018 05:54:00 PM,UNABLE TO DETERMINE,UNABLE TO DETERMINE,3260,S,ARCHER AVE,912,,,,,,,2,NO INDICATION OF INJURY,0,0,0,0,0,2,0,17,2,11,41.834849748,-87.670607542,POINT (-87.670607541635 41.834849748333)
JB513569,Y,11/12/2018 05:30:00 PM,30,NO CONTROLS,NO CONTROLS,CLEAR,UNKNOWN,PARKED MOTOR VEHICLE,ONE-WAY,1,STRAIGHT AND LEVEL,DRY,NO DEFECTS,NOT ON SCENE (DESK REPORT),NO INJURY / DRIVE AWAY,,,Y,"$501 - $1,500",11/12/2018 06:40:00 PM,UNABLE TO DETERMINE,UNABLE TO DETERMINE,7932,S,MARSHFIELD AVE,611,,,,,,,2,NO INDICATION OF INJURY,0,0,0,0,0,1,0,17,2,11,41.749345278,-87.664772669,POINT (-87.664772669256 41.749345277569)
JB513500,,11/12/2018 05:30:00 PM,30,TRAFFIC SIGNAL,UNKNOWN,CLEAR,"DARKNESS, LIGHTED ROAD",REAR END,NOT DIVIDED,,STRAIGHT AND LEVEL,DRY,UNKNOWN,NOT ON SCENE (DESK REPORT),NO INJURY / DRIVE AWAY,,,,"OVER $1,500",11/12/2018 05:45:00 PM,NOT APPLICABLE,NOT APPLICABLE,4031,W,PETERSON AVE,1711,,,,,,,2,NO INDICATION OF INJURY,0,0,0,0,0,2,0,17,2,11,41.990010827,-87.729842969,POINT (-87.729842969315 41.990010827056)
JB513488,,11/12/2018 05:30:00 PM,30,NO CONTROLS,NO CONTROLS,CLEAR,"DARKNESS, LIGHTED ROAD",REAR END,DIVIDED - W/MEDIAN (NOT RAISED),,STRAIGHT AND LEVEL,DRY,NO DEFECTS,ON SCENE,INJURY AND / OR TOW DUE TO CRASH,,,,"OVER $1,500",11/12/2018 05:33:00 PM,FAILING TO REDUCE SPEED TO AVOID CRASH,NOT APPLICABLE,3030,W,63RD ST,823,,,,,,,4,NO INDICATION OF INJURY,0,0,0,0,0,6,0,17,2,11,41.77913778,-87.699427767,POINT (-87.699427767313 41.77913778004)
JB513474,,11/12/2018 05:27:00 PM,35,STOP SIGN/FLASHER,FUNCTIONING PROPERLY,CLEAR,DUSK,ANGLE,NOT DIVIDED,,STRAIGHT AND LEVEL,DRY,UNKNOWN,ON SCENE,INJURY AND / OR TOW DUE TO CRASH,Y,,,"OVER $1,500",11/12/2018 05:36:00 PM,DISREGARDING STOP SIGN,FAILING TO YIELD RIGHT-OF-WAY,1200,N,MAYFIELD AVE,2531,,,,,,,2,NO INDICATION OF INJURY,0,0,0,0,0,2,0,17,2,11,41.902122926,-87.773087591,POINT (-87.773087591054 41.902122925945)
JB513584,,11/12/2018 05:15:00 PM,30,TRAFFIC SIGNAL,FUNCTIONING PROPERLY,CLEAR,DARKNESS,SIDESWIPE SAME DIRECTION,NOT DIVIDED,,STRAIGHT AND LEVEL,DRY,NO DEFECTS,NOT ON SCENE (DESK REPORT),NO INJURY / DRIVE AWAY,,,,"OVER $1,500",11/12/2018 07:18:00 PM,NOT APPLICABLE,NOT APPLICABLE,1600,E,83RD ST,411,,,,,,,2,NO INDICATION OF INJURY,0,0,0,0,0,2,0,17,2,11,41.744315875,-87.585316041,POINT (-87.585316041255 41.744315874645)
JB513508,,11/12/2018 05:15:00 PM,30,NO CONTROLS,NO CONTROLS,CLEAR,DUSK,SIDESWIPE SAME DIRECTION,ONE-WAY,3,STRAIGHT AND LEVEL,DRY,NO DEFECTS,ON SCENE,NO INJURY / DRIVE AWAY,,,,"OVER $1,500",11/12/2018 05:22:00 PM,IMPROPER LANE USAGE,UNABLE TO DETERMINE,5,E,OHIO ST,1834,,,,,,,2,NO INDICATION OF INJURY,0,0,0,0,0,3,0,17,2,11,41.892363512,-87.627848809,POINT (-87.62784880899 41.892363511545)
JB513468,,11/12/2018 05:11:00 PM,30,STOP SIGN/FLASHER,NO CONTROLS,CLEAR,"DARKNESS, LIGHTED ROAD",ANGLE,NOT DIVIDED,2,STRAIGHT AND LEVEL,DRY,NO DEFECTS,ON SCENE,INJURY AND / OR TOW DUE TO CRASH,Y,,Y,"OVER $1,500",11/12/2018 05:20:00 PM,DISREGARDING STOP SIGN,"OPERATING VEHICLE IN ERRATIC, RECKLESS, CARELESS, NEGLIGENT OR AGGRESSIVE MANNER",98,E,70TH ST,322,,,,,,,2,NO INDICATION OF INJURY,0,0,0,0,0,2,0,17,2,11,41.767506821,-87.621825521,POINT (-87.62182552128 41.767506821181)
JB513439,,11/12/2018 05:06:00 PM,30,STOP SIGN/FLASHER,FUNCTIONING PROPERLY,CLEAR,DARKNESS,REAR END,ONE-WAY,,STRAIGHT AND LEVEL,DRY,NO DEFECTS,ON SCENE,NO INJURY / DRIVE AWAY,,,,$500 OR LESS,11/12/2018 05:19:00 PM,FOLLOWING TOO CLOSELY,FAILING TO YIELD RIGHT-OF-WAY,3170,W,84TH PL,835,Y,,,,,,2,NO INDICATION OF INJURY,0,0,0,0,0,2,0,17,2,11,41.739868657,-87.701980275,POINT (-87.701980275437 41.739868657026)
JB513491,,11/12/2018 05:05:00 PM,30,TRAFFIC SIGNAL,FUNCTIONING PROPERLY,CLEAR,DARKNESS,TURNING,CENTER TURN LANE,,STRAIGHT AND LEVEL,DRY,NO DEFECTS,ON SCENE,NO INJURY / DRIVE AWAY,,,,"$501 - $1,500",11/12/2018 05:30:00 PM,FOLLOWING TOO CLOSELY,"OPERATING VEHICLE IN ERRATIC, RECKLESS, CARELESS, NEGLIGENT OR AGGRESSIVE MANNER",200,W,OHARE ST,1652,,,,,,,2,NO INDICATION OF INJURY,0,0,0,0,0,2,0,17,2,11,,,
JB513490,,11/12/2018 05:00:00 PM,30,NO CONTROLS,FUNCTIONING PROPERLY,CLEAR,DARKNESS,PARKED MOTOR VEHICLE,ONE-WAY,1,STRAIGHT AND LEVEL,DRY,NO DEFECTS,NOT ON SCENE (DESK REPORT),NO INJURY / DRIVE AWAY,,,,"$501 - $1,500",11/12/2018 05:45:00 PM,IMPROPER BACKING,NOT APPLICABLE,1560,N,SANDBURG TER,1821,Y,,,,,,2,NO INDICATION OF INJURY,0,0,0,0,0,2,0,17,2,11,41.911118259,-87.63261971,POINT (-87.632619709988 41.911118258609)
JB513440,,11/12/2018 05:00:00 PM,30,TRAFFIC SIGNAL,FUNCTIONING PROPERLY,CLEAR,"DARKNESS, LIGHTED ROAD",SIDESWIPE SAME DIRECTION,CENTER TURN LANE,4,STRAIGHT AND LEVEL,DRY,NO DEFECTS,ON SCENE,NO INJURY / DRIVE AWAY,,,Y,$500 OR LESS,11/12/2018 05:05:00 PM,IMPROPER OVERTAKING/PASSING,NOT APPLICABLE,799,W,DIVISION ST,1822,,,,,,,2,NO INDICATION OF INJURY,0,0,0,0,0,2,0,17,2,11,41.903527671,-87.648073646,POINT (-87.648073645642 41.903527671183)
JB513437,,11/12/2018 04:55:00 PM,30,NO CONTROLS,NO CONTROLS,CLEAR,DUSK,REAR END,ONE-WAY,,STRAIGHT AND LEVEL,DRY,NO DEFECTS,ON SCENE,NO INJURY / DRIVE AWAY,,,,$500 OR LESS,11/12/2018 05:02:00 PM,FAILING TO REDUCE SPEED TO AVOID CRASH,NOT APPLICABLE,111,E,CHESTNUT ST,1833,,,,,,,2,NO INDICATION OF INJURY,0,0,0,0,0,4,0,16,2,11,41.898261619,-87.625164692,POINT (-87.62516469194 41.898261619089)
JB513431,,11/12/2018 04:50:00 PM,20,NO CONTROLS,NO CONTROLS,CLEAR,DAYLIGHT,PARKED MOTOR VEHICLE,ONE-WAY,1,STRAIGHT AND LEVEL,DRY,NO DEFECTS,ON SCENE,NO INJURY / DRIVE AWAY,,,,"$501 - $1,500",11/12/2018 04:51:00 PM,DRIVING SKILLS/KNOWLEDGE/EXPERIENCE,NOT APPLICABLE,3707,W,SCHOOL ST,1732,,,,,,,2,NO INDICATION OF INJURY,0,0,0,0,0,1,0,16,2,11,41.9408918,-87.720197629,POINT (-87.720197629078 41.940891800221)
JB513464,,11/12/2018 04:38:00 PM,30,NO CONTROLS,NO CONTROLS,CLEAR,"DARKNESS, LIGHTED ROAD",REAR END,NOT DIVIDED,,STRAIGHT AND LEVEL,DRY,NO DEFECTS,ON SCENE,NO INJURY / DRIVE AWAY,,,,"$501 - $1,500",11/12/2018 05:01:00 PM,FOLLOWING TOO CLOSELY,NOT APPLICABLE,10254,S,HALSTED ST,2232,,,,,,,2,NO INDICATION OF INJURY,0,0,0,0,0,3,0,16,2,11,41.707118382,-87.642986995,POINT (-87.642986995 41.70711838183)
JB513409,,11/12/2018 04:30:00 PM,30,TRAFFIC SIGNAL,FUNCTIONING PROPERLY,CLEAR,"DARKNESS, LIGHTED ROAD",ANGLE,NOT DIVIDED,2,STRAIGHT AND LEVEL,DRY,NO DEFECTS,NOT ON SCENE (DESK REPORT),NO INJURY / DRIVE AWAY,,,,"OVER $1,500",11/12/2018 04:50:00 PM,FAILING TO YIELD RIGHT-OF-WAY,UNABLE TO DETERMINE,2350,W,69TH ST,832,,,,,,,2,NO INDICATION OF INJURY,0,0,0,0,0,2,0,16,2,11,41.768447553,-87.682914995,POINT (-87.682914994945 41.76844755274)
JB513385,,11/12/2018 04:26:00 PM,25,STOP SIGN/FLASHER,FUNCTIONING PROPERLY,CLEAR,DUSK,ANGLE,DIVIDED - W/MEDIAN (NOT RAISED),,STRAIGHT AND LEVEL,DRY,NO DEFECTS,ON SCENE,INJURY AND / OR TOW DUE TO CRASH,Y,,,"OVER $1,500",11/12/2018 04:26:00 PM,DISREGARDING STOP SIGN,FAILING TO REDUCE SPEED TO AVOID CRASH,9500,S,ESCANABA AVE,431,,,,,,,2,NO INDICATION OF INJURY,0,0,0,0,0,4,0,16,2,11,41.722640988,-87.553991612,POINT (-87.553991612319 41.722640988484)
JB513391,,11/12/2018 04:25:00 PM,30,NO CONTROLS,NO CONTROLS,CLEAR,DAYLIGHT,SIDESWIPE SAME DIRECTION,ONE-WAY,,STRAIGHT AND LEVEL,DRY,NO DEFECTS,ON SCENE,NO INJURY / DRIVE AWAY,,,,"$501 - $1,500",11/12/2018 04:35:00 PM,FAILING TO YIELD RIGHT-OF-WAY,NOT APPLICABLE,5103,S,HAMLIN AVE,822,,,,,,,2,NO INDICATION OF INJURY,0,0,0,0,0,3,0,16,2,11,41.800473906,-87.718316065,POINT (-87.718316065029 41.800473906316)
JB513646,,11/12/2018 04:20:00 PM,30,NO CONTROLS,FUNCTIONING PROPERLY,CLEAR,DARKNESS,SIDESWIPE SAME DIRECTION,DIVIDED - W/MEDIAN BARRIER,3,STRAIGHT AND LEVEL,DRY,NO DEFECTS,NOT ON SCENE (DESK REPORT),NO INJURY / DRIVE AWAY,,,,$500 OR LESS,11/12/2018 07:55:00 PM,IMPROPER OVERTAKING/PASSING,NOT APPLICABLE,600,N,MICHIGAN AVE,1834,,,,,,,2,NO INDICATION OF INJURY,0,0,0,0,0,2,0,16,2,11,41.892593226,-87.624334048,POINT (-87.624334047949 41.892593225538)
JB513433,,11/12/2018 04:15:00 PM,30,TRAFFIC SIGNAL,UNKNOWN,CLEAR,DUSK,REAR END,NOT DIVIDED,2,STRAIGHT AND LEVEL,DRY,UNKNOWN,NOT ON SCENE (DESK REPORT),NO INJURY / DRIVE AWAY,,,Y,"$501 - $1,500",11/12/2018 05:17:00 PM,UNABLE TO DETERMINE,UNABLE TO DETERMINE,6254,S,ASHLAND AVE,714,,,,,,,2,NO INDICATION OF INJURY,0,0,0,0,0,3,0,16,2,11,41.779667561,-87.664372109,POINT (-87.664372108738 41.779667561053)
JB513427,,11/12/2018 04:15:00 PM,15,TRAFFIC SIGNAL,FUNCTIONING PROPERLY,CLEAR,DAYLIGHT,PEDALCYCLIST,NOT DIVIDED,2,STRAIGHT AND LEVEL,DRY,NO DEFECTS,ON SCENE,NO INJURY / DRIVE AWAY,Y,,,$500 OR LESS,11/12/2018 04:25:00 PM,FAILING TO YIELD RIGHT-OF-WAY,NOT APPLICABLE,1605,W,MEDILL AVE,1811,,,,,,,2,NO INDICATION OF INJURY,0,0,0,0,0,2,0,16,2,11,41.924225666,-87.668428033,POINT (-87.668428032888 41.924225665582)
JB513413,,11/12/2018 04:15:00 PM,30,TRAFFIC SIGNAL,FUNCTIONING PROPERLY,CLEAR,DUSK,SIDESWIPE SAME DIRECTION,NOT DIVIDED,,STRAIGHT AND LEVEL,DRY,NO DEFECTS,NOT ON SCENE (DESK REPORT),NO INJURY / DRIVE AWAY,,,,"OVER $1,500",11/12/2018 04:54:00 PM,IMPROPER LANE USAGE,NOT APPLICABLE,4400,N,CUMBERLAND AVE,1614,,,,,,,2,NO INDICATION OF INJURY,0,0,0,0,0,4,0,16,2,11,41.959386457,-87.83684592,POINT (-87.836845920456 41.959386456978)
JB513399,,11/12/2018 04:15:00 PM,30,NO CONTROLS,NO CONTROLS,CLEAR,DUSK,SIDESWIPE SAME DIRECTION,DIVIDED - W/MEDIAN (NOT RAISED),4,STRAIGHT AND LEVEL,DRY,NO DEFECTS,NOT ON SCENE (DESK REPORT),INJURY AND / OR TOW DUE TO CRASH,,,,"OVER $1,500",11/12/2018 04:45:00 PM,IMPROPER LANE USAGE,NOT APPLICABLE,5757,N,RIDGE AVE,2013,,,,,,,2,NONINCAPACITATING INJURY,1,0,0,1,0,1,0,16,2,11,41.986712556,-87.66487969,POINT (-87.664879689721 41.986712555877)
JB513465,,11/12/2018 04:10:00 PM,30,NO CONTROLS,NO CONTROLS,CLEAR,DUSK,SIDESWIPE SAME DIRECTION,ONE-WAY,1,STRAIGHT AND LEVEL,UNKNOWN,UNKNOWN,NOT ON SCENE (DESK REPORT),NO INJURY / DRIVE AWAY,,,,"$501 - $1,500",11/12/2018 05:22:00 PM,IMPROPER OVERTAKING/PASSING,IMPROPER OVERTAKING/PASSING,350,W,OAKDALE AVE,1934,,,,,,,2,NO INDICATION OF INJURY,0,0,0,0,0,2,0,16,2,11,41.935699688,-87.639027626,POINT (-87.639027625648 41.935699687836)
JB513369,,11/12/2018 03:59:00 PM,30,NO CONTROLS,NO CONTROLS,CLEAR,"DARKNESS, LIGHTED ROAD",SIDESWIPE SAME DIRECTION,NOT DIVIDED,,STRAIGHT AND LEVEL,DRY,NO DEFECTS,ON SCENE,NO INJURY / DRIVE AWAY,,,,"OVER $1,500",11/12/2018 04:00:00 PM,DRIVING SKILLS/KNOWLEDGE/EXPERIENCE,NOT APPLICABLE,3630,W,FOSTER AVE,1712,,,,,,,2,NO INDICATION OF INJURY,0,0,0,0,0,2,0,15,2,11,41.975733269,-87.719615938,POINT (-87.719615938046 41.975733269239)