RD_NO,CRASH_DATE_EST_I,CRASH_DATE,POSTED_SPEED_LIMIT,TRAFFIC_CONTROL_DEVICE,DEVICE_CONDITION,WEATHER_CONDITION,LIGHTING_CONDITION,FIRST_CRASH_TYPE,TRAFFICWAY_TYPE,LANE_CNT,ALIGNMENT,ROADWAY_SURFACE_COND,ROAD_DEFECT,REPORT_TYPE,CRASH_TYPE,INTERSECTION_RELATED_I,NOT_RIGHT_OF_WAY_I,HIT_AND_RUN_I,DAMAGE,DATE_POLICE_NOTIFIED,PRIM_CONTRIBUTORY_CAUSE,SEC_CONTRIBUTORY_CAUSE,STREET_NO,STREET_DIRECTION,STREET_NAME,BEAT_OF_OCCURRENCE,PHOTOS_TAKEN_I,STATEMENTS_TAKEN_I,DOORING_I,WORK_ZONE_I,WORK_ZONE_TYPE,WORKERS_PRESENT_I,NUM_UNITS,MOST_SEVERE_INJURY,INJURIES_TOTAL,INJURIES_FATAL,INJURIES_INCAPACITATING,INJURIES_NON_INCAPACITATING,INJURIES_REPORTED_NOT_EVIDENT,INJURIES_NO_INDICATION,INJURIES_UNKNOWN,CRASH_HOUR,CRASH_DAY_OF_WEEK,CRASH_MONTH,LATITUDE,LONGITUDE,LOCATION
JB513376,,11/12/2018 03:56:00 PM,25,NO CONTROLS,NO CONTROLS,CLEAR,DAYLIGHT,SIDESWIPE SAME DIRECTION,NOT DIVIDED,,STRAIGHT AND LEVEL,DRY,NO DEFECTS,NOT ON SCENE (DESK REPORT),NO INJURY / DRIVE AWAY,,,,"$501 - $1,500",11/12/2018 04:36:00 PM,NOT APPLICABLE,NOT APPLICABLE,4400,W,CHICAGO AVE,1111,,,,,,,2,NO INDICATION OF INJURY,0,0,0,0,0,2,0,15,2,11,41.895292626,-87.736070611,POINT (-87.736070611267 41.895292625513)
JB513342,,11/12/2018 03:55:00 PM,30,TRAFFIC SIGNAL,FUNCTIONING PROPERLY,CLEAR,DAYLIGHT,TURNING,NOT DIVIDED,2,STRAIGHT AND LEVEL,DRY,NO DEFECTS,ON SCENE,INJURY AND / OR TOW DUE TO CRASH,Y,,,"$501 - $1,500",11/12/2018 04:00:00 PM,IMPROPER TURNING/NO SIGNAL,UNABLE TO DETERMINE,1000,W,WEBSTER AVE,1811,,,,,,,2,NO INDICATION OF INJURY,0,0,0,0,0,3,0,15,2,11,41.92184726,-87.653551635,POINT (-87.653551634613 41.921847260381)
JB513360,,11/12/2018 03:50:00 PM,30,TRAFFIC SIGNAL,UNKNOWN,CLOUDY/OVERCAST,DAYLIGHT,SIDESWIPE SAME DIRECTION,DIVIDED - W/MEDIAN BARRIER,,STRAIGHT AND LEVEL,DRY,UNKNOWN,ON SCENE,NO INJURY / DRIVE AWAY,Y,,Y,"OVER $1,500",11/12/2018 04:17:00 PM,IMPROPER LANE USAGE,NOT APPLICABLE,401,S,WESTERN AVE,1225,,,,,,,2,NO INDICATION OF INJURY,0,0,0,0,0,3,0,15,2,11,41.876071863,-87.686122044,POINT (-87.68612204351 41.87607186285)
JB513359,,11/12/2018 03:50:00 PM,35,TRAFFIC SIGNAL,FUNCTIONING PROPERLY,CLEAR,DAYLIGHT,REAR END,DIVIDED - W/MEDIAN BARRIER,,STRAIGHT AND LEVEL,DRY,NO DEFECTS,ON SCENE,NO INJURY / DRIVE AWAY,,,,"OVER $1,500",11/12/2018 04:10:00 PM,FOLLOWING TOO CLOSELY,NOT APPLICABLE,10300,W,IRVING PARK RD,1654,,,,,,,2,NO INDICATION OF INJURY,0,0,0,0,0,2,0,15,2,11,41.958407524,-87.886333248,POINT (-87.886333247534 41.958407523899)
JB513333,,11/12/2018 03:30:00 PM,30,NO CONTROLS,NO CONTROLS,CLOUDY/OVERCAST,DAYLIGHT,TURNING,ONE-WAY,,STRAIGHT AND LEVEL,UNKNOWN,UNKNOWN,NOT ON SCENE (DESK REPORT),NO INJURY / DRIVE AWAY,,,,"OVER $1,500",11/12/2018 03:45:00 PM,FAILING TO YIELD RIGHT-OF-WAY,NOT APPLICABLE,3113,S,EMERALD AVE,915,,,,,,,2,NO INDICATION OF INJURY,0,0,0,0,0,5,0,15,2,11,41.837632426,-87.644906351,POINT (-87.644906351463 41.837632425698)
JB513308,,11/12/2018 03:15:00 PM,30,NO CONTROLS,NO CONTROLS,CLEAR,DAYLIGHT,REAR END,NOT DIVIDED,4,STRAIGHT AND LEVEL,DRY,NO DEFECTS,ON SCENE,NO INJURY / DRIVE AWAY,,,,"OVER $1,500",11/12/2018 03:20:00 PM,FOLLOWING TOO CLOSELY,NOT APPLICABLE,2960,S,ARCHER AVE,913,,,,,,,2,NO INDICATION OF INJURY,0,0,0,0,0,4,0,15,2,11,41.840892646,-87.659788719,POINT (-87.65978871942 41.840892645764)
JB513320,,11/12/2018 03:09:00 PM,30,STOP SIGN/FLASHER,FUNCTIONING PROPERLY,CLEAR,DAYLIGHT,FIXED OBJECT,NOT DIVIDED,2,STRAIGHT AND LEVEL,DRY,NO DEFECTS,ON SCENE,INJURY AND / OR TOW DUE TO CRASH,Y,Y,Y,"OVER $1,500",11/12/2018 03:09:00 PM,DISREGARDING STOP SIGN,DRIVING ON WRONG SIDE/WRONG WAY,801,S,CALIFORNIA AVE,1135,,,,,,,1,INCAPACITATING INJURY,2,0,1,1,0,1,0,15,2,11,41.871018782,-87.69587741,POINT (-87.69587740984 41.871018782354)
JB513301,,11/12/2018 03:01:00 PM,25,NO CONTROLS,NO CONTROLS,CLEAR,DAYLIGHT,PARKED MOTOR VEHICLE,NOT DIVIDED,1,STRAIGHT AND LEVEL,DRY,NO DEFECTS,ON SCENE,NO INJURY / DRIVE AWAY,,,,"OVER $1,500",11/12/2018 03:11:00 PM,UNABLE TO DETERMINE,NOT APPLICABLE,1000,W,ALTGELD ST,1932,,,,,,,2,NO INDICATION OF INJURY,0,0,0,0,0,3,0,15,2,11,41.927300615,-87.653794599,POINT (-87.653794599218 41.927300615367)
JB514672,,11/12/2018 03:00:00 PM,15,NO CONTROLS,NO CONTROLS,CLEAR,DAYLIGHT,PARKED MOTOR VEHICLE,PARKING LOT,,STRAIGHT AND LEVEL,DRY,NO DEFECTS,NOT ON SCENE (DESK REPORT),NO INJURY / DRIVE AWAY,,,Y,"$501 - $1,500",11/13/2018 05:01:00 PM,UNABLE TO DETERMINE,UNABLE TO DETERMINE,3447,W,ADDISON ST,1732,,,,,,,2,NO INDICATION OF INJURY,0,0,0,0,0,1,0,15,2,11,41.946424831,-87.714584851,POINT (-87.714584851374 41.946424831446)
JB513414,,11/12/2018 03:00:00 PM,30,TRAFFIC SIGNAL,FUNCTIONING PROPERLY,CLEAR,DUSK,OTHER NONCOLLISION,NOT DIVIDED,2,STRAIGHT AND LEVEL,DRY,"RUT, HOLES",ON SCENE,INJURY AND / OR TOW DUE TO CRASH,,,,"$501 - $1,500",11/12/2018 04:30:00 PM,ROAD CONSTRUCTION/MAINTENANCE,NOT APPLICABLE,1315,E,79TH ST,411,,,,,,,1,NO INDICATION OF INJURY,0,0,0,0,0,1,0,15,2,11,41.751310606,-87.592401111,POINT (-87.592401111167 41.75131060613)
JB513304,,11/12/2018 03:00:00 PM,30,NO CONTROLS,NO CONTROLS,CLEAR,DAYLIGHT,ANGLE,OTHER,0,STRAIGHT AND LEVEL,DRY,NO DEFECTS,NOT ON SCENE (DESK REPORT),NO INJURY / DRIVE AWAY,,,,"OVER $1,500",11/12/2018 03:30:00 PM,FAILING TO YIELD RIGHT-OF-WAY,DRIVING SKILLS/KNOWLEDGE/EXPERIENCE,5445,S,LAWNDALE AVE,822,,,,,,,2,NO INDICATION OF INJURY,0,0,0,0,0,2,0,15,2,11,41.793763637,-87.715671972,POINT (-87.715671972341 41.793763637333)
JB513281,,11/12/2018 02:59:00 PM,30,TRAFFIC SIGNAL,FUNCTIONING PROPERLY,CLOUDY/OVERCAST,DAYLIGHT,TURNING,DIVIDED - W/MEDIAN BARRIER,3,STRAIGHT ON HILLCREST,DRY,NO DEFECTS,ON SCENE,INJURY AND / OR TOW DUE TO CRASH,,,,"OVER $1,500",11/12/2018 02:59:00 PM,IMPROPER OVERTAKING/PASSING,NOT APPLICABLE,100,E,CONGRESS DR,114,,,,,,,2,NO INDICATION OF INJURY,0,0,0,0,0,8,0,14,2,11,41.875835082,-87.624212886,POINT (-87.624212886292 41.875835081627)
JB513268,,11/12/2018 02:56:00 PM,30,NO CONTROLS,NO CONTROLS,CLEAR,DAYLIGHT,PARKED MOTOR VEHICLE,NOT DIVIDED,,STRAIGHT AND LEVEL,DRY,NO DEFECTS,ON SCENE,INJURY AND / OR TOW DUE TO CRASH,,,Y,"OVER $1,500",11/12/2018 02:57:00 PM,EXCEEDING AUTHORIZED SPEED LIMIT,DRIVING SKILLS/KNOWLEDGE/EXPERIENCE,6541,S,MORGAN ST,723,,,,,,,2,NO INDICATION OF INJURY,0,0,0,0,0,1,0,14,2,11,41.774822727,-87.649370205,POINT (-87.649370204744 41.774822727214)
JB513337,,11/12/2018 02:45:00 PM,30,STOP SIGN/FLASHER,FUNCTIONING PROPERLY,CLEAR,DAYLIGHT,SIDESWIPE SAME DIRECTION,NOT DIVIDED,,STRAIGHT AND LEVEL,DRY,NO DEFECTS,NOT ON SCENE (DESK REPORT),NO INJURY / DRIVE AWAY,,,Y,"OVER $1,500",11/12/2018 03:55:00 PM,IMPROPER OVERTAKING/PASSING,UNABLE TO DETERMINE,8501,S,VINCENNES AVE,622,,,,,,,2,NO INDICATION OF INJURY,0,0,0,0,0,3,0,14,2,11,41.739816686,-87.639444238,POINT (-87.639444237827 41.739816685922)
JB513467,,11/12/2018 02:30:00 PM,30,TRAFFIC SIGNAL,FUNCTIONING PROPERLY,CLEAR,"DARKNESS, LIGHTED ROAD",PARKED MOTOR VEHICLE,DIVIDED - W/MEDIAN (NOT RAISED),,STRAIGHT AND LEVEL,DRY,NO DEFECTS,NOT ON SCENE (DESK REPORT),NO INJURY / DRIVE AWAY,,,,"OVER $1,500",11/12/2018 05:35:00 PM,IMPROPER OVERTAKING/PASSING,NOT APPLICABLE,600,N,MICHIGAN AVE,1834,,,,,,,2,NO INDICATION OF INJURY,0,0,0,0,0,1,0,14,2,11,41.892593226,-87.624334048,POINT (-87.624334047949 41.892593225538)
JB513296,,11/12/2018 02:30:00 PM,30,TRAFFIC SIGNAL,FUNCTIONING PROPERLY,CLEAR,DAYLIGHT,TURNING,NOT DIVIDED,4,STRAIGHT AND LEVEL,DRY,NO DEFECTS,ON SCENE,NO INJURY / DRIVE AWAY,Y,,,"OVER $1,500",11/12/2018 02:56:00 PM,FAILING TO YIELD RIGHT-OF-WAY,NOT APPLICABLE,4259,S,WESTERN BLVD,924,,,,,,,2,NO INDICATION OF INJURY,0,0,0,0,0,4,0,14,2,11,41.815751486,-87.68392697,POINT (-87.683926970076 41.815751485621)
JB513287,,11/12/2018 02:15:00 PM,30,TRAFFIC SIGNAL,FUNCTIONING PROPERLY,CLEAR,DAYLIGHT,REAR END,DIVIDED - W/MEDIAN (NOT RAISED),2,STRAIGHT AND LEVEL,DRY,NO DEFECTS,NOT ON SCENE (DESK REPORT),NO INJURY / DRIVE AWAY,,,Y,"$501 - $1,500",11/12/2018 03:10:00 PM,FOLLOWING TOO CLOSELY,DRIVING SKILLS/KNOWLEDGE/EXPERIENCE,6900,S,NORMAL BLVD,732,,,,,,,2,NO INDICATION OF INJURY,0,0,0,0,0,2,0,14,2,11,41.768861216,-87.63738863,POINT (-87.63738863025 41.768861215851)
JB513220,,11/12/2018 02:15:00 PM,30,NO CONTROLS,NO CONTROLS,CLEAR,DAYLIGHT,TURNING,DIVIDED - W/MEDIAN BARRIER,,STRAIGHT AND LEVEL,DRY,NO DEFECTS,ON SCENE,NO INJURY / DRIVE AWAY,Y,,,"$501 - $1,500",11/12/2018 02:15:00 PM,FAILING TO YIELD RIGHT-OF-WAY,NOT APPLICABLE,2256,W,95TH ST,2221,,Y,,,,,2,NO INDICATION OF INJURY,0,0,0,0,0,2,0,14,2,11,41.721086792,-87.679486291,POINT (-87.67948629137 41.721086792325)
JB513330,,11/12/2018 02:00:00 PM,30,TRAFFIC SIGNAL,FUNCTIONING PROPERLY,CLEAR,DAYLIGHT,TURNING,CENTER TURN LANE,,STRAIGHT AND LEVEL,DRY,NO DEFECTS,ON SCENE,NO INJURY / DRIVE AWAY,Y,,,$500 OR LESS,11/12/2018 02:25:00 PM,IMPROPER TURNING/NO SIGNAL,DRIVING SKILLS/KNOWLEDGE/EXPERIENCE,3198,N,PULASKI RD,2523,,,,,,,2,NO INDICATION OF INJURY,0,0,0,0,0,2,0,14,2,11,41.939001346,-87.727329592,POINT (-87.727329591601 41.939001345847)
JB513242,,11/12/2018 01:55:00 PM,30,NO CONTROLS,NO CONTROLS,CLEAR,DAYLIGHT,ANGLE,DIVIDED - W/MEDIAN (NOT RAISED),4,STRAIGHT AND LEVEL,DRY,NO DEFECTS,NOT ON SCENE (DESK REPORT),NO INJURY / DRIVE AWAY,,,,"OVER $1,500",11/12/2018 02:45:00 PM,FAILING TO REDUCE SPEED TO AVOID CRASH,DRIVING SKILLS/KNOWLEDGE/EXPERIENCE,5900,S,NARRAGANSETT AVE,811,,,,,,,2,NO INDICATION OF INJURY,0,0,0,0,0,2,0,13,2,11,41.78495121,-87.781684004,POINT (-87.781684003862 41.784951209892)
JB513209,,11/12/2018 01:50:00 PM,35,NO CONTROLS,OTHER,CLEAR,DAYLIGHT,PARKED MOTOR VEHICLE,NOT DIVIDED,4,STRAIGHT AND LEVEL,DRY,NO DEFECTS,,INJURY AND / OR TOW DUE TO CRASH,,,,"$501 - $1,500",11/12/2018 02:00:00 PM,EQUIPMENT - VEHICLE CONDITION,EQUIPMENT - VEHICLE CONDITION,2913,W,HARRISON ST,1135,,,,,,,3,NO INDICATION OF INJURY,0,0,0,0,0,1,0,13,2,11,41.873656943,-87.69913321,POINT (-87.699133210443 41.873656942988)
JB513272,,11/12/2018 01:43:00 PM,25,NO CONTROLS,NO CONTROLS,CLOUDY/OVERCAST,DAYLIGHT,TURNING,ALLEY,,STRAIGHT AND LEVEL,DRY,UNKNOWN,ON SCENE,NO INJURY / DRIVE AWAY,Y,,,"OVER $1,500",11/12/2018 02:41:00 PM,UNABLE TO DETERMINE,NOT APPLICABLE,5414,W,NORTH AVE,2532,,,,,,,2,NO INDICATION OF INJURY,0,0,0,0,0,2,0,13,2,11,41.909539716,-87.761280193,POINT (-87.761280193191 41.90953971604)
JB513219,,11/12/2018 01:43:00 PM,30,NO CONTROLS,NOT FUNCTIONING,CLEAR,DAYLIGHT,FIXED OBJECT,DIVIDED - W/MEDIAN BARRIER,4,STRAIGHT AND LEVEL,DRY,NO DEFECTS,ON SCENE,INJURY AND / OR TOW DUE TO CRASH,Y,,,"OVER $1,500",11/12/2018 01:45:00 PM,UNABLE TO DETERMINE,NOT APPLICABLE,2230,W,95TH ST,2221,,,,,,,1,NONINCAPACITATING INJURY,1,0,0,1,0,0,0,13,2,11,41.721102727,-87.678365865,POINT (-87.678365864663 41.721102727317)
JB514913,,11/12/2018 01:40:00 PM,30,TRAFFIC SIGNAL,FUNCTIONING PROPERLY,CLEAR,DAYLIGHT,SIDESWIPE SAME DIRECTION,DIVIDED - W/MEDIAN BARRIER,,STRAIGHT AND LEVEL,DRY,NO DEFECTS,NOT ON SCENE (DESK REPORT),NO INJURY / DRIVE AWAY,,,,"$501 - $1,500",11/13/2018 08:20:00 PM,FAILING TO YIELD RIGHT-OF-WAY,UNABLE TO DETERMINE,1599,E,71ST ST,324,,,,,,,2,NO INDICATION OF INJURY,0,0,0,0,0,4,0,13,2,11,41.765866396,-87.585938195,POINT (-87.585938195122 41.765866395728)
JB513293,,11/12/2018 01:40:00 PM,45,TRAFFIC SIGNAL,FUNCTIONING PROPERLY,CLEAR,DAYLIGHT,REAR END,DIVIDED - W/MEDIAN BARRIER,4,STRAIGHT AND LEVEL,DRY,NO DEFECTS,NOT ON SCENE (DESK REPORT),NO INJURY / DRIVE AWAY,Y,,Y,"OVER $1,500",11/12/2018 03:15:00 PM,UNABLE TO DETERMINE,UNABLE TO DETERMINE,701,S,LAKE SHORE DR E,114,,,,,,,2,NO INDICATION OF INJURY,0,0,0,0,0,3,0,13,2,11,41.873195893,-87.616934585,POINT (-87.616934585317 41.873195892637)
JB513196,,11/12/2018 01:40:00 PM,15,NO CONTROLS,NO CONTROLS,CLEAR,DAYLIGHT,ANGLE,PARKING LOT,,STRAIGHT AND LEVEL,DRY,NO DEFECTS,ON SCENE,INJURY AND / OR TOW DUE TO CRASH,,,,"OVER $1,500",11/12/2018 02:00:00 PM,IMPROPER TURNING/NO SIGNAL,EXCEEDING SAFE SPEED FOR CONDITIONS,5316,N,MILWAUKEE AVE,1622,,,,,,,2,NO INDICATION OF INJURY,0,0,0,0,0,2,0,13,2,11,41.976936888,-87.769074312,POINT (-87.76907431197 41.976936887697)
JB513191,,11/12/2018 01:37:00 PM,30,STOP SIGN/FLASHER,FUNCTIONING PROPERLY,CLEAR,DAYLIGHT,TURNING,NOT DIVIDED,3,STRAIGHT AND LEVEL,DRY,NO DEFECTS,ON SCENE,NO INJURY / DRIVE AWAY,,,,"OVER $1,500",11/12/2018 01:41:00 PM,FAILING TO YIELD RIGHT-OF-WAY,FAILING TO REDUCE SPEED TO AVOID CRASH,3730,W,LAWRENCE AVE,1712,,,,,,,2,NO INDICATION OF INJURY,0,0,0,0,0,2,0,13,2,11,41.968418736,-87.721858673,POINT (-87.721858673369 41.968418736319)
JB513257,,11/12/2018 01:35:00 PM,30,NO CONTROLS,NO CONTROLS,CLEAR,DAYLIGHT,REAR END,DIVIDED - W/MEDIAN (NOT RAISED),2,STRAIGHT AND LEVEL,DRY,NO DEFECTS,NOT ON SCENE (DESK REPORT),NO INJURY / DRIVE AWAY,,,,"$501 - $1,500",11/12/2018 02:51:00 PM,FOLLOWING TOO CLOSELY,DRIVING SKILLS/KNOWLEDGE/EXPERIENCE,6300,S,CALIFORNIA AVE,823,,,,,,,2,NO INDICATION OF INJURY,0,0,0,0,0,2,0,13,2,11,41.77901991,-87.693535482,POINT (-87.69353548242 41.779019909594)
JB513726,,11/12/2018 01:30:00 PM,15,NO CONTROLS,NO CONTROLS,CLEAR,DAYLIGHT,OTHER OBJECT,NOT DIVIDED,1,STRAIGHT AND LEVEL,DRY,DEBRIS ON ROADWAY,NOT ON SCENE (DESK REPORT),NO INJURY / DRIVE AWAY,,,,$500 OR LESS,11/12/2018 09:30:00 PM,NOT APPLICABLE,NOT APPLICABLE,4140,N,KEDVALE AVE,1722,,,,,,,2,NO INDICATION OF INJURY,0,0,0,0,0,1,0,13,2,11,41.956622074,-87.731082156,POINT (-87.731082156086 41.956622073691)
JB513259,,11/12/2018 01:30:00 PM,30,NO CONTROLS,NO CONTROLS,CLEAR,DAYLIGHT,REAR END,DIVIDED - W/MEDIAN (NOT RAISED),4,STRAIGHT AND LEVEL,DRY,NO DEFECTS,NOT ON SCENE (DESK REPORT),NO INJURY / DRIVE AWAY,,,Y,"OVER $1,500",11/12/2018 03:00:00 PM,FAILING TO REDUCE SPEED TO AVOID CRASH,UNABLE TO DETERMINE,2526,W,63RD ST,825,,,,,,,3,NO INDICATION OF INJURY,0,0,0,0,0,4,0,13,2,11,41.779315779,-87.687249199,POINT (-87.687249198826 41.779315779121)
JB513169,,11/12/2018 01:20:00 PM,30,STOP SIGN/FLASHER,FUNCTIONING PROPERLY,CLEAR,DAYLIGHT,ANGLE,NOT DIVIDED,,STRAIGHT AND LEVEL,DRY,NO DEFECTS,ON SCENE,INJURY AND / OR TOW DUE TO CRASH,Y,,,"OVER $1,500",11/12/2018 01:30:00 PM,"VISION OBSCURED (SIGNS, TREE LIMBS, BUILDINGS, ETC.)",FAILING TO YIELD RIGHT-OF-WAY,832,W,JACKSON BLVD,1232,,,,,,,2,NONINCAPACITATING INJURY,1,0,0,1,0,2,0,13,2,11,41.878038517,-87.648518958,POINT (-87.648518958316 41.878038516522)
JB513198,,11/12/2018 01:00:00 PM,30,NO CONTROLS,NO CONTROLS,CLEAR,DAYLIGHT,PARKED MOTOR VEHICLE,ONE-WAY,1,STRAIGHT AND LEVEL,DRY,NO DEFECTS,ON SCENE,NO INJURY / DRIVE AWAY,,,Y,$500 OR LESS,11/12/2018 01:15:00 PM,UNABLE TO DETERMINE,UNABLE TO DETERMINE,2142,S,WASHTENAW AVE,1023,,,,,,,2,NO INDICATION OF INJURY,0,0,0,0,0,1,0,13,2,11,41.852449187,-87.693156932,POINT (-87.693156931799 41.852449186685)
JB513156,,11/12/2018 01:00:00 PM,30,TRAFFIC SIGNAL,UNKNOWN,CLEAR,DAYLIGHT,SIDESWIPE SAME DIRECTION,NOT DIVIDED,,STRAIGHT AND LEVEL,DRY,NO DEFECTS,NOT ON SCENE (DESK REPORT),NO INJURY / DRIVE AWAY,,,,"OVER $1,500",11/12/2018 01:30:00 PM,NOT APPLICABLE,NOT APPLICABLE,4802,N,CALIFORNIA AVE,2031,,,,,,,2,NO INDICATION OF INJURY,0,0,0,0,0,2,0,13,2,11,41.968638794,-87.698839726,POINT (-87.698839726113 41.968638794172)
JB513130,,11/12/2018 01:00:00 PM,30,TRAFFIC SIGNAL,FUNCTIONING PROPERLY,CLEAR,DAYLIGHT,REAR END,DIVIDED - W/MEDIAN (NOT RAISED),4,STRAIGHT AND LEVEL,DRY,NO DEFECTS,NOT ON SCENE (DESK REPORT),NO INJURY / DRIVE AWAY,,,,"$501 - $1,500",11/12/2018 01:15:00 PM,FOLLOWING TOO CLOSELY,UNABLE TO DETERMINE,3200,N,WESTERN AVE,1921,,,,,,,2,NO INDICATION OF INJURY,0,0,0,0,0,4,0,13,2,11,41.939502996,-87.688313429,POINT (-87.688313428863 41.939502996037)
JB513095,,11/12/2018 12:56:00 PM,30,NO CONTROLS,NO CONTROLS,CLOUDY/OVERCAST,DAYLIGHT,PARKED MOTOR VEHICLE,ONE-WAY,3,STRAIGHT AND LEVEL,DRY,NO DEFECTS,ON SCENE,NO INJURY / DRIVE AWAY,,,Y,$500 OR LESS,11/12/2018 01:04:00 PM,UNABLE TO DETERMINE,UNABLE TO DETERMINE,600,N,MICHIGAN AVE,1834,,,,,,,2,NO INDICATION OF INJURY,0,0,0,0,0,1,0,12,2,11,41.892593226,-87.624334048,POINT (-87.624334047949 41.892593225538)
JB513145,,11/12/2018 12:40:00 PM,30,NO CONTROLS,NO CONTROLS,CLEAR,DAYLIGHT,REAR END,DIVIDED - W/MEDIAN (NOT RAISED),2,STRAIGHT AND LEVEL,DRY,NO DEFECTS,NOT ON SCENE (DESK REPORT),NO INJURY / DRIVE AWAY,,,,"OVER $1,500",11/12/2018 01:30:00 PM,FOLLOWING TOO CLOSELY,FOLLOWING TOO CLOSELY,5100,W,ROOSEVELT RD,1533,,,,,,,2,NO INDICATION OF INJURY,0,0,0,0,0,2,0,12,2,11,41.865896185,-87.752146215,POINT (-87.752146215252 41.865896185374)
JB513203,,11/12/2018 12:39:00 PM,30,NO CONTROLS,NO CONTROLS,CLEAR,DAYLIGHT,REAR END,DIVIDED - W/MEDIAN BARRIER,,STRAIGHT AND LEVEL,DRY,UNKNOWN,NOT ON SCENE (DESK REPORT),NO INJURY / DRIVE AWAY,,,,"$501 - $1,500",11/12/2018 02:00:00 PM,FOLLOWING TOO CLOSELY,UNABLE TO DETERMINE,7949,S,STONY ISLAND AVE,411,,,,,,,2,NO INDICATION OF INJURY,0,0,0,0,0,2,0,12,2,11,41.750141204,-87.585505278,POINT (-87.585505277709 41.750141204035)
JB513104,,11/12/2018 12:37:00 PM,30,TRAFFIC SIGNAL,FUNCTIONING PROPERLY,CLEAR,DAYLIGHT,TURNING,DIVIDED - W/MEDIAN BARRIER,,STRAIGHT AND LEVEL,DRY,NO DEFECTS,ON SCENE,NO INJURY / DRIVE AWAY,Y,,,"$501 - $1,500",11/12/2018 12:39:00 PM,UNABLE TO DETERMINE,NOT APPLICABLE,3400,S,KEDZIE AVE,911,,,,,,,2,NO INDICATION OF INJURY,0,0,0,0,0,6,0,12,2,11,41.831574253,-87.704814716,POINT (-87.704814715769 41.831574253207)
JB513084,,11/12/2018 12:35:00 PM,30,NO CONTROLS,NO CONTROLS,CLEAR,DAYLIGHT,REAR END,NOT DIVIDED,,STRAIGHT AND LEVEL,DRY,NO DEFECTS,ON SCENE,INJURY AND / OR TOW DUE TO CRASH,,,,"$501 - $1,500",11/12/2018 12:40:00 PM,FOLLOWING TOO CLOSELY,NOT APPLICABLE,1948,W,FOSTER AVE,2012,,,,,,,3,"REPORTED, NOT EVIDENT",1,0,0,0,1,3,0,12,2,11,41.976159035,-87.678364667,POINT (-87.678364666582 41.976159035278)
JB513285,Y,11/12/2018 12:30:00 PM,5,NO CONTROLS,NO CONTROLS,CLEAR,DAYLIGHT,PARKED MOTOR VEHICLE,PARKING LOT,,STRAIGHT AND LEVEL,DRY,NO DEFECTS,ON SCENE,NO INJURY / DRIVE AWAY,,,Y,"$501 - $1,500",11/12/2018 03:15:00 PM,UNABLE TO DETERMINE,UNABLE TO DETERMINE,7530,S,STONY ISLAND AVE,411,,,,,,,2,NO INDICATION OF INJURY,0,0,0,0,0,1,0,12,2,11,41.757805659,-87.586268258,POINT (-87.586268258019 41.757805658543)
JB513261,,11/12/2018 12:30:00 PM,30,NO CONTROLS,NO CONTROLS,CLEAR,DAYLIGHT,PARKED MOTOR VEHICLE,NOT DIVIDED,,STRAIGHT AND LEVEL,DRY,NO DEFECTS,NOT ON SCENE (DESK REPORT),NO INJURY / DRIVE AWAY,,,Y,"OVER $1,500",11/12/2018 03:01:00 PM,UNABLE TO DETERMINE,NOT APPLICABLE,4007,N,MEADE AVE,1624,,,,,,,2,NO INDICATION OF INJURY,0,0,0,0,0,1,0,12,2,11,41.953272678,-87.77908312,POINT (-87.779083119777 41.953272678356)
JB513068,,11/12/2018 12:30:00 PM,30,TRAFFIC SIGNAL,FUNCTIONING PROPERLY,CLEAR,DAYLIGHT,REAR END,DIVIDED - W/MEDIAN BARRIER,,STRAIGHT AND LEVEL,DRY,NO DEFECTS,ON SCENE,INJURY AND / OR TOW DUE TO CRASH,,,,"OVER $1,500",11/12/2018 12:45:00 PM,UNABLE TO DETERMINE,NOT APPLICABLE,1810,S,WESTERN AVE,1023,,,,,,,2,"REPORTED, NOT EVIDENT",1,0,0,0,1,2,0,12,2,11,41.857136186,-87.685921608,POINT (-87.685921608495 41.857136186199)
JB513056,,11/12/2018 12:30:00 PM,30,TRAFFIC SIGNAL,FUNCTIONING PROPERLY,CLEAR,DAYLIGHT,REAR END,NOT DIVIDED,4,STRAIGHT AND LEVEL,DRY,WORN SURFACE,ON SCENE,INJURY AND / OR TOW DUE TO CRASH,Y,,,"OVER $1,500",11/12/2018 12:32:00 PM,FOLLOWING TOO CLOSELY,NOT APPLICABLE,9156,S,COMMERCIAL AVE,423,,,,,,,2,NONINCAPACITATING INJURY,1,0,0,1,0,1,0,12,2,11,41.728396315,-87.551361558,POINT (-87.551361558101 41.728396314637)
JB513083,,11/12/2018 12:19:00 PM,0,NO CONTROLS,NO CONTROLS,CLEAR,DAYLIGHT,FIXED OBJECT,PARKING LOT,,STRAIGHT AND LEVEL,DRY,WORN SURFACE,ON SCENE,NO INJURY / DRIVE AWAY,,Y,,$500 OR LESS,11/12/2018 12:47:00 PM,UNABLE TO DETERMINE,NOT APPLICABLE,4401,S,WESTERN BLVD,924,,,,,,,1,NO INDICATION OF INJURY,0,0,0,0,0,1,0,12,2,11,41.813751236,-87.68387171,POINT (-87.683871709926 41.813751236224)