RD_NO,CRASH_DATE_EST_I,CRASH_DATE,POSTED_SPEED_LIMIT,TRAFFIC_CONTROL_DEVICE,DEVICE_CONDITION,WEATHER_CONDITION,LIGHTING_CONDITION,FIRST_CRASH_TYPE,TRAFFICWAY_TYPE,LANE_CNT,ALIGNMENT,ROADWAY_SURFACE_COND,ROAD_DEFECT,REPORT_TYPE,CRASH_TYPE,INTERSECTION_RELATED_I,NOT_RIGHT_OF_WAY_I,HIT_AND_RUN_I,DAMAGE,DATE_POLICE_NOTIFIED,PRIM_CONTRIBUTORY_CAUSE,SEC_CONTRIBUTORY_CAUSE,STREET_NO,STREET_DIRECTION,STREET_NAME,BEAT_OF_OCCURRENCE,PHOTOS_TAKEN_I,STATEMENTS_TAKEN_I,DOORING_I,WORK_ZONE_I,WORK_ZONE_TYPE,WORKERS_PRESENT_I,NUM_UNITS,MOST_SEVERE_INJURY,INJURIES_TOTAL,INJURIES_FATAL,INJURIES_INCAPACITATING,INJURIES_NON_INCAPACITATING,INJURIES_REPORTED_NOT_EVIDENT,INJURIES_NO_INDICATION,INJURIES_UNKNOWN,CRASH_HOUR,CRASH_DAY_OF_WEEK,CRASH_MONTH,LATITUDE,LONGITUDE,LOCATION
JB513061,,11/12/2018 12:15:00 PM,30,NO CONTROLS,NO CONTROLS,CLEAR,DAYLIGHT,SIDESWIPE SAME DIRECTION,NOT DIVIDED,2,STRAIGHT AND LEVEL,DRY,NO DEFECTS,ON SCENE,INJURY AND / OR TOW DUE TO CRASH,,,,"OVER $1,500",11/12/2018 12:21:00 PM,UNABLE TO DETERMINE,NOT APPLICABLE,3500,S,PRAIRIE AVE,212,,,,,,,3,NO INDICATION OF INJURY,0,0,0,0,0,4,0,12,2,11,41.830973469,-87.620695748,POINT (-87.620695747603 41.830973469415)
JB513077,,11/12/2018 12:10:00 PM,30,NO CONTROLS,NO CONTROLS,CLEAR,DAYLIGHT,SIDESWIPE SAME DIRECTION,ONE-WAY,3,STRAIGHT AND LEVEL,DRY,NO DEFECTS,NOT ON SCENE (DESK REPORT),NO INJURY / DRIVE AWAY,,,,"$501 - $1,500",11/12/2018 12:50:00 PM,IMPROPER OVERTAKING/PASSING,FAILING TO YIELD RIGHT-OF-WAY,412,N,CLARK ST,1831,,,,,,,2,NO INDICATION OF INJURY,0,0,0,0,0,3,0,12,2,11,41.889687277,-87.631219098,POINT (-87.63121909812 41.88968727652)
JB513012,,11/12/2018 12:10:00 PM,30,NO CONTROLS,NO CONTROLS,CLEAR,DAYLIGHT,PARKED MOTOR VEHICLE,ONE-WAY,1,STRAIGHT AND LEVEL,DRY,NO DEFECTS,ON SCENE,NO INJURY / DRIVE AWAY,,,Y,"$501 - $1,500",11/12/2018 12:15:00 PM,UNABLE TO DETERMINE,NOT APPLICABLE,5940,N,CHRISTIANA AVE,1711,,,,,,,2,NO INDICATION OF INJURY,0,0,0,0,0,1,0,12,2,11,41.989721999,-87.712889068,POINT (-87.712889067935 41.989721999042)
JB513122,,11/12/2018 12:00:00 PM,30,NO CONTROLS,NO CONTROLS,CLEAR,DAYLIGHT,PARKED MOTOR VEHICLE,ONE-WAY,,STRAIGHT AND LEVEL,DRY,NO DEFECTS,NOT ON SCENE (DESK REPORT),NO INJURY / DRIVE AWAY,,,,"OVER $1,500",11/12/2018 01:15:00 PM,IMPROPER BACKING,UNABLE TO DETERMINE,7900,S,PAULINA ST,611,,,,,,,2,NO INDICATION OF INJURY,0,0,0,0,0,1,0,12,2,11,41.750232021,-87.666008255,POINT (-87.666008255309 41.750232021249)
JB513062,,11/12/2018 12:00:00 PM,30,NO CONTROLS,NO CONTROLS,CLEAR,DAYLIGHT,PEDALCYCLIST,NOT DIVIDED,2,STRAIGHT AND LEVEL,DRY,NO DEFECTS,ON SCENE,INJURY AND / OR TOW DUE TO CRASH,,,,"$501 - $1,500",11/12/2018 12:05:00 PM,FOLLOWING TOO CLOSELY,UNABLE TO DETERMINE,2704,S,LOOMIS ST,913,,,,,,,2,"REPORTED, NOT EVIDENT",1,0,0,0,1,1,0,12,2,11,41.844443164,-87.660124469,POINT (-87.660124469355 41.844443163607)
JB513053,,11/12/2018 12:00:00 PM,30,NO CONTROLS,NO CONTROLS,CLOUDY/OVERCAST,DAYLIGHT,PARKED MOTOR VEHICLE,NOT DIVIDED,,STRAIGHT AND LEVEL,DRY,NO DEFECTS,ON SCENE,NO INJURY / DRIVE AWAY,,,,"OVER $1,500",11/12/2018 12:25:00 PM,IMPROPER BACKING,NOT APPLICABLE,5753,W,BELMONT AVE,2514,,,,,,,2,NO INDICATION OF INJURY,0,0,0,0,0,1,0,12,2,11,41.938404808,-87.771059666,POINT (-87.771059666046 41.938404807683)
JB513048,,11/12/2018 12:00:00 PM,25,NO CONTROLS,NO CONTROLS,CLEAR,DAYLIGHT,PARKED MOTOR VEHICLE,NOT DIVIDED,,STRAIGHT AND LEVEL,DRY,NO DEFECTS,NOT ON SCENE (DESK REPORT),NO INJURY / DRIVE AWAY,,,,$500 OR LESS,11/12/2018 12:35:00 PM,IMPROPER OVERTAKING/PASSING,FAILING TO YIELD RIGHT-OF-WAY,1860,N,LECLAIRE AVE,2533,,,,,,,2,NO INDICATION OF INJURY,0,0,0,0,0,2,0,12,2,11,41.914720438,-87.752984343,POINT (-87.752984342893 41.914720437933)
JB513041,,11/12/2018 12:00:00 PM,30,TRAFFIC SIGNAL,FUNCTIONING PROPERLY,CLEAR,DAYLIGHT,SIDESWIPE SAME DIRECTION,DIVIDED - W/MEDIAN (NOT RAISED),,STRAIGHT AND LEVEL,DRY,NO DEFECTS,ON SCENE,NO INJURY / DRIVE AWAY,Y,,Y,"$501 - $1,500",11/12/2018 12:20:00 PM,FOLLOWING TOO CLOSELY,FOLLOWING TOO CLOSELY,200,W,87TH ST,622,,,,,,,2,NO INDICATION OF INJURY,0,0,0,0,0,3,0,12,2,11,41.736261699,-87.629064716,POINT (-87.629064716425 41.736261699376)
JB512993,,11/12/2018 11:50:00 AM,20,NO CONTROLS,NO CONTROLS,CLEAR,DAYLIGHT,TURNING,DIVIDED - W/MEDIAN (NOT RAISED),,STRAIGHT AND LEVEL,DRY,NO DEFECTS,ON SCENE,INJURY AND / OR TOW DUE TO CRASH,Y,,,"OVER $1,500",11/12/2018 11:52:00 AM,DISTRACTION - FROM INSIDE VEHICLE,NOT APPLICABLE,2798,N,KEDZIE AVE,1412,,,,,,,2,NO INDICATION OF INJURY,0,0,0,0,0,2,0,11,2,11,41.931937745,-87.7075715,POINT (-87.707571500112 41.931937745128)
JB512984,,11/12/2018 11:45:00 AM,30,NO CONTROLS,NO CONTROLS,CLEAR,DAYLIGHT,PARKED MOTOR VEHICLE,NOT DIVIDED,,STRAIGHT AND LEVEL,DRY,NO DEFECTS,NOT ON SCENE (DESK REPORT),NO INJURY / DRIVE AWAY,,N,N,"$501 - $1,500",11/12/2018 12:00:00 PM,IMPROPER OVERTAKING/PASSING,UNABLE TO DETERMINE,1514,S,KOSTNER AVE,1012,,,,,,,2,NO INDICATION OF INJURY,0,0,0,0,0,1,0,11,2,11,41.860066155,-87.734922991,POINT (-87.734922991244 41.86006615542)
JB512965,,11/12/2018 11:45:00 AM,30,NO CONTROLS,NO CONTROLS,CLEAR,DAYLIGHT,REAR END,NOT DIVIDED,1,STRAIGHT AND LEVEL,DRY,NO DEFECTS,ON SCENE,NO INJURY / DRIVE AWAY,N,,,"OVER $1,500",11/12/2018 11:50:00 AM,UNABLE TO DETERMINE,UNABLE TO DETERMINE,1662,N,MILWAUKEE AVE,1434,,,,,,,2,NO INDICATION OF INJURY,0,0,0,0,0,2,0,11,2,11,41.911517467,-87.67944924,POINT (-87.679449239725 41.911517466699)
JB513014,,11/12/2018 11:43:00 AM,30,NO CONTROLS,NO CONTROLS,CLEAR,DAYLIGHT,FIXED OBJECT,NOT DIVIDED,2,STRAIGHT AND LEVEL,DRY,NO DEFECTS,ON SCENE,INJURY AND / OR TOW DUE TO CRASH,,,,"OVER $1,500",11/12/2018 11:43:00 AM,EXCEEDING AUTHORIZED SPEED LIMIT,"OPERATING VEHICLE IN ERRATIC, RECKLESS, CARELESS, NEGLIGENT OR AGGRESSIVE MANNER",12540,S,EGGLESTON AVE,523,,,,,,,1,NO INDICATION OF INJURY,0,0,0,0,0,1,0,11,2,11,41.665796438,-87.633217458,POINT (-87.633217457552 41.665796438225)
JB513002,,11/12/2018 11:40:00 AM,25,NO CONTROLS,NO CONTROLS,CLEAR,DAYLIGHT,FIXED OBJECT,ALLEY,,STRAIGHT AND LEVEL,DRY,OTHER,ON SCENE,INJURY AND / OR TOW DUE TO CRASH,,,,"$501 - $1,500",11/12/2018 11:41:00 AM,ROAD CONSTRUCTION/MAINTENANCE,UNABLE TO DETERMINE,3944,N,FRANCISCO AVE,1733,,,,Y,UTILITY,,1,NO INDICATION OF INJURY,0,0,0,0,0,1,0,11,2,11,41.953472827,-87.700815733,POINT (-87.70081573292 41.953472827436)
JB512994,,11/12/2018 11:32:00 AM,30,TRAFFIC SIGNAL,FUNCTIONING PROPERLY,CLEAR,DAYLIGHT,TURNING,DIVIDED - W/MEDIAN BARRIER,3,STRAIGHT AND LEVEL,DRY,NO DEFECTS,ON SCENE,NO INJURY / DRIVE AWAY,Y,,,"OVER $1,500",11/12/2018 11:36:00 AM,IMPROPER TURNING/NO SIGNAL,NOT APPLICABLE,98,E,ADAMS ST,112,,,,,,,2,NO INDICATION OF INJURY,0,0,0,0,0,2,0,11,2,11,41.879662584,-87.624444159,POINT (-87.62444415909 41.879662583665)
JB513805,,11/12/2018 11:30:00 AM,30,NO CONTROLS,NO CONTROLS,CLEAR,DAYLIGHT,PARKED MOTOR VEHICLE,ONE-WAY,,STRAIGHT AND LEVEL,DRY,NO DEFECTS,NOT ON SCENE (DESK REPORT),INJURY AND / OR TOW DUE TO CRASH,,,Y,"OVER $1,500",11/12/2018 11:30:00 PM,IMPROPER LANE USAGE,FAILING TO REDUCE SPEED TO AVOID CRASH,7909,S,EBERHART AVE,624,,,,,,,2,NONINCAPACITATING INJURY,2,0,0,2,0,1,0,11,2,11,41.750842846,-87.612348569,POINT (-87.612348568722 41.750842846454)
JB512969,Y,11/12/2018 11:30:00 AM,15,NO CONTROLS,NO CONTROLS,UNKNOWN,UNKNOWN,PARKED MOTOR VEHICLE,ONE-WAY,1,STRAIGHT AND LEVEL,DRY,NO DEFECTS,ON SCENE,INJURY AND / OR TOW DUE TO CRASH,,,Y,"OVER $1,500",11/12/2018 11:32:00 AM,UNABLE TO DETERMINE,NOT APPLICABLE,2240,N,KEELER AVE,2522,,,,,,,2,NO INDICATION OF INJURY,0,0,0,0,0,1,0,11,2,11,41.921989379,-87.731740091,POINT (-87.731740090786 41.921989378636)
JB512957,,11/12/2018 11:30:00 AM,30,STOP SIGN/FLASHER,FUNCTIONING PROPERLY,CLEAR,DAYLIGHT,ANGLE,NOT DIVIDED,4,STRAIGHT AND LEVEL,DRY,NO DEFECTS,NOT ON SCENE (DESK REPORT),NO INJURY / DRIVE AWAY,Y,,Y,"OVER $1,500",11/12/2018 11:37:00 AM,DISREGARDING STOP SIGN,FAILING TO YIELD RIGHT-OF-WAY,4658,S,GREENWOOD AVE,222,,,,,,,2,NO INDICATION OF INJURY,0,0,0,0,0,2,0,11,2,11,41.809703923,-87.599413267,POINT (-87.59941326736 41.809703923119)
JB512932,,11/12/2018 11:07:00 AM,30,STOP SIGN/FLASHER,NO CONTROLS,CLEAR,DAYLIGHT,ANGLE,NOT DIVIDED,,STRAIGHT AND LEVEL,DRY,NO DEFECTS,ON SCENE,INJURY AND / OR TOW DUE TO CRASH,Y,,,"OVER $1,500",11/12/2018 11:07:00 AM,FAILING TO YIELD RIGHT-OF-WAY,EXCEEDING AUTHORIZED SPEED LIMIT,226,E,43RD ST,213,,,,,,,2,INCAPACITATING INJURY,3,0,3,0,0,0,0,11,2,11,41.816690867,-87.620147701,POINT (-87.620147700867 41.816690866847)
JB512913,,11/12/2018 11:00:00 AM,30,NO CONTROLS,NO CONTROLS,CLOUDY/OVERCAST,DAYLIGHT,SIDESWIPE SAME DIRECTION,DIVIDED - W/MEDIAN (NOT RAISED),4,STRAIGHT AND LEVEL,DRY,NO DEFECTS,ON SCENE,NO INJURY / DRIVE AWAY,,,,"$501 - $1,500",11/12/2018 11:12:00 AM,IMPROPER OVERTAKING/PASSING,NOT APPLICABLE,1023,W,HOLLYWOOD AVE,2022,,,,,,,2,NO INDICATION OF INJURY,0,0,0,0,0,2,0,11,2,11,41.985404492,-87.65625369,POINT (-87.656253690118 41.98540449163)
JB512936,,11/12/2018 10:50:00 AM,25,NO CONTROLS,NO CONTROLS,CLEAR,DAYLIGHT,PARKED MOTOR VEHICLE,ONE-WAY,1,STRAIGHT AND LEVEL,DRY,UNKNOWN,ON SCENE,NO INJURY / DRIVE AWAY,,,,"OVER $1,500",11/12/2018 10:54:00 AM,IMPROPER LANE USAGE,UNABLE TO DETERMINE,5620,S,ELLIS AVE,235,,,,,,,2,NO INDICATION OF INJURY,0,0,0,0,0,2,0,10,2,11,41.792564826,-87.60147594,POINT (-87.601475940318 41.792564825621)
JB513314,Y,11/12/2018 10:45:00 AM,30,NO CONTROLS,UNKNOWN,CLEAR,DAYLIGHT,PARKED MOTOR VEHICLE,PARKING LOT,2,STRAIGHT AND LEVEL,DRY,NO DEFECTS,NOT ON SCENE (DESK REPORT),NO INJURY / DRIVE AWAY,,,Y,"$501 - $1,500",11/12/2018 03:40:00 PM,UNABLE TO DETERMINE,DRIVING SKILLS/KNOWLEDGE/EXPERIENCE,600,E,GRAND AVE,1834,,,,,,,2,NO INDICATION OF INJURY,0,0,0,0,0,1,0,10,2,11,41.892094137,-87.611569884,POINT (-87.611569883947 41.892094136862)
JB512918,,11/12/2018 10:45:00 AM,30,NO CONTROLS,NO CONTROLS,CLEAR,DAYLIGHT,REAR END,DIVIDED - W/MEDIAN (NOT RAISED),,STRAIGHT AND LEVEL,DRY,NO DEFECTS,ON SCENE,NO INJURY / DRIVE AWAY,,,Y,"$501 - $1,500",11/12/2018 10:50:00 AM,FAILING TO REDUCE SPEED TO AVOID CRASH,UNABLE TO DETERMINE,4027,W,ADDISON ST,1731,,,,,,,2,NO INDICATION OF INJURY,0,0,0,0,0,3,0,10,2,11,41.946250657,-87.728461907,POINT (-87.728461907243 41.946250656831)
JB513176,,11/12/2018 10:30:00 AM,10,NO CONTROLS,NO CONTROLS,CLEAR,DAYLIGHT,PARKED MOTOR VEHICLE,PARKING LOT,,STRAIGHT AND LEVEL,DRY,NO DEFECTS,NOT ON SCENE (DESK REPORT),NO INJURY / DRIVE AWAY,,,Y,"OVER $1,500",11/12/2018 01:40:00 PM,UNABLE TO DETERMINE,UNABLE TO DETERMINE,9400,S,ASHLAND AVE,2221,,,,,,,2,NO INDICATION OF INJURY,0,0,0,0,0,1,0,10,2,11,41.722941218,-87.662862871,POINT (-87.662862871273 41.72294121821)
JB512920,,11/12/2018 10:20:00 AM,30,TRAFFIC SIGNAL,FUNCTIONING PROPERLY,CLOUDY/OVERCAST,DAYLIGHT,REAR END,NOT DIVIDED,4,STRAIGHT AND LEVEL,DRY,NO DEFECTS,,INJURY AND / OR TOW DUE TO CRASH,,,,"OVER $1,500",11/12/2018 10:22:00 AM,FAILING TO REDUCE SPEED TO AVOID CRASH,UNABLE TO DETERMINE,3150,W,47TH ST,922,,,,,,,3,NO INDICATION OF INJURY,0,0,0,0,0,5,0,10,2,11,41.80823535,-87.703584326,POINT (-87.703584326477 41.808235349596)
JB512869,,11/12/2018 10:11:00 AM,25,TRAFFIC SIGNAL,FUNCTIONING PROPERLY,CLEAR,DAYLIGHT,SIDESWIPE SAME DIRECTION,CENTER TURN LANE,,STRAIGHT AND LEVEL,DRY,NO DEFECTS,NOT ON SCENE (DESK REPORT),NO INJURY / DRIVE AWAY,Y,,,"OVER $1,500",11/12/2018 10:11:00 AM,IMPROPER OVERTAKING/PASSING,NOT APPLICABLE,2306,S,ARCHER AVE,914,,,,,,,2,NO INDICATION OF INJURY,0,0,0,0,0,3,0,10,2,11,41.850919957,-87.639115638,POINT (-87.639115638333 41.850919957411)
JB512924,,11/12/2018 10:00:00 AM,30,TRAFFIC SIGNAL,FUNCTIONING PROPERLY,CLEAR,DAYLIGHT,SIDESWIPE SAME DIRECTION,NOT DIVIDED,,STRAIGHT AND LEVEL,DRY,NO DEFECTS,NOT ON SCENE (DESK REPORT),NO INJURY / DRIVE AWAY,,,Y,$500 OR LESS,11/12/2018 11:11:00 AM,FOLLOWING TOO CLOSELY,NOT APPLICABLE,501,S,DAMEN AVE,1225,,,,,,,2,NO INDICATION OF INJURY,0,0,0,0,0,2,0,10,2,11,41.874975304,-87.676338657,POINT (-87.676338657326 41.874975303617)
JB512863,,11/12/2018 10:00:00 AM,30,TRAFFIC SIGNAL,FUNCTIONING PROPERLY,CLEAR,DAYLIGHT,TURNING,DIVIDED - W/MEDIAN BARRIER,,STRAIGHT AND LEVEL,DRY,WORN SURFACE,ON SCENE,NO INJURY / DRIVE AWAY,Y,,,"OVER $1,500",11/12/2018 10:05:00 AM,IMPROPER TURNING/NO SIGNAL,UNABLE TO DETERMINE,6402,N,SHERIDAN RD,2432,,,,Y,CONSTRUCTION,,2,NO INDICATION OF INJURY,0,0,0,0,0,2,0,10,2,11,41.998271761,-87.660702783,POINT (-87.660702783257 41.998271761482)
JB512844,,11/12/2018 10:00:00 AM,30,TRAFFIC SIGNAL,FUNCTIONING PROPERLY,CLEAR,DAYLIGHT,REAR END,OTHER,1,STRAIGHT AND LEVEL,DRY,NO DEFECTS,ON SCENE,INJURY AND / OR TOW DUE TO CRASH,,,,"OVER $1,500",11/12/2018 10:00:00 AM,FAILING TO REDUCE SPEED TO AVOID CRASH,FAILING TO REDUCE SPEED TO AVOID CRASH,698,N,RACINE AVE,1215,,,,,,,2,NO INDICATION OF INJURY,0,0,0,0,0,2,0,10,2,11,41.89436046,-87.657610834,POINT (-87.657610834265 41.894360459971)
JB512878,,11/12/2018 09:45:00 AM,30,NO CONTROLS,NO CONTROLS,CLEAR,DAYLIGHT,SIDESWIPE SAME DIRECTION,ONE-WAY,1,STRAIGHT AND LEVEL,DRY,NO DEFECTS,NOT ON SCENE (DESK REPORT),NO INJURY / DRIVE AWAY,,,,"$501 - $1,500",11/12/2018 10:15:00 AM,FAILING TO YIELD RIGHT-OF-WAY,NOT APPLICABLE,2925,W,57TH ST,824,,,,,,,2,NO INDICATION OF INJURY,0,0,0,0,0,2,0,9,2,11,41.789877943,-87.697291765,POINT (-87.697291765326 41.789877943253)
JB512827,,11/12/2018 09:30:00 AM,30,STOP SIGN/FLASHER,FUNCTIONING PROPERLY,CLEAR,DAYLIGHT,TURNING,ONE-WAY,,STRAIGHT AND LEVEL,DRY,NO DEFECTS,NOT ON SCENE (DESK REPORT),NO INJURY / DRIVE AWAY,Y,,Y,"$501 - $1,500",11/12/2018 09:55:00 AM,UNABLE TO DETERMINE,UNABLE TO DETERMINE,6500,N,LEAVITT ST,2412,,,,,,,2,NO INDICATION OF INJURY,0,0,0,0,0,2,0,9,2,11,41.999646465,-87.685209678,POINT (-87.685209678221 41.99964646459)
JB512819,,11/12/2018 09:20:00 AM,45,TRAFFIC SIGNAL,FUNCTIONING PROPERLY,CLEAR,DAYLIGHT,SIDESWIPE SAME DIRECTION,DIVIDED - W/MEDIAN (NOT RAISED),,STRAIGHT AND LEVEL,DRY,NO DEFECTS,NOT ON SCENE (DESK REPORT),NO INJURY / DRIVE AWAY,Y,,N,"OVER $1,500",11/12/2018 09:40:00 AM,IMPROPER OVERTAKING/PASSING,NOT APPLICABLE,5700,S,LAKE SHORE DR,331,,,,,,,2,NO INDICATION OF INJURY,0,0,0,0,0,2,0,9,2,11,41.791420282,-87.580147769,POINT (-87.580147768689 41.791420282098)
JB512809,,11/12/2018 09:20:00 AM,30,STOP SIGN/FLASHER,FUNCTIONING PROPERLY,CLEAR,DAYLIGHT,REAR END,NOT DIVIDED,2,STRAIGHT AND LEVEL,DRY,NO DEFECTS,ON SCENE,INJURY AND / OR TOW DUE TO CRASH,Y,,,"OVER $1,500",11/12/2018 09:22:00 AM,UNABLE TO DETERMINE,UNABLE TO DETERMINE,1350,N,KEDZIE AVE,1422,,,,,,,2,"REPORTED, NOT EVIDENT",1,0,0,0,1,1,0,9,2,11,41.906158161,-87.707040594,POINT (-87.707040594476 41.906158161031)
JB512941,,11/12/2018 09:15:00 AM,30,NO CONTROLS,NO CONTROLS,CLEAR,DAYLIGHT,PARKED MOTOR VEHICLE,ONE-WAY,1,STRAIGHT AND LEVEL,DRY,NO DEFECTS,NOT ON SCENE (DESK REPORT),NO INJURY / DRIVE AWAY,,,Y,$500 OR LESS,11/12/2018 11:25:00 AM,UNABLE TO DETERMINE,UNABLE TO DETERMINE,6031,S,GREEN ST,712,,,,,,,2,NO INDICATION OF INJURY,0,0,0,0,0,1,0,9,2,11,41.784250928,-87.645966663,POINT (-87.645966663202 41.78425092788)
JB512859,,11/12/2018 09:15:00 AM,20,NO CONTROLS,NO CONTROLS,CLEAR,DAYLIGHT,PARKED MOTOR VEHICLE,ONE-WAY,,STRAIGHT AND LEVEL,DRY,NO DEFECTS,ON SCENE,INJURY AND / OR TOW DUE TO CRASH,,,,"OVER $1,500",11/12/2018 09:45:00 AM,IMPROPER TURNING/NO SIGNAL,NOT APPLICABLE,6806,S,KEELER AVE,833,,Y,,,,,2,NO INDICATION OF INJURY,0,0,0,0,0,1,0,9,2,11,41.769228401,-87.727545996,POINT (-87.727545995691 41.769228401483)
JB521822,,11/12/2018 09:00:00 AM,40,OTHER,OTHER,CLEAR,DAYLIGHT,REAR END,DIVIDED - W/MEDIAN (NOT RAISED),2,STRAIGHT AND LEVEL,DRY,NO DEFECTS,NOT ON SCENE (DESK REPORT),NO INJURY / DRIVE AWAY,,,,$500 OR LESS,11/12/2018 10:00:00 AM,FOLLOWING TOO CLOSELY,NOT APPLICABLE,200,N,LAKE SHORE DR NB,114,,,,,,,2,NO INDICATION OF INJURY,0,0,0,0,0,2,0,9,2,11,41.885477129,-87.613756704,POINT (-87.61375670413 41.885477128667)
JB514961,Y,11/12/2018 09:00:00 AM,20,UNKNOWN,UNKNOWN,CLEAR,UNKNOWN,PARKED MOTOR VEHICLE,OTHER,4,STRAIGHT AND LEVEL,DRY,UNKNOWN,NOT ON SCENE (DESK REPORT),NO INJURY / DRIVE AWAY,N,,,"OVER $1,500",11/13/2018 09:00:00 AM,UNABLE TO DETERMINE,NOT APPLICABLE,3263,N,CENTRAL PARK AVE,1732,,,,,,,2,NO INDICATION OF INJURY,0,0,0,0,0,1,0,9,2,11,41.940898084,-87.717304878,POINT (-87.717304877595 41.940898083867)
JB512811,,11/12/2018 09:00:00 AM,30,TRAFFIC SIGNAL,FUNCTIONING PROPERLY,CLOUDY/OVERCAST,DAYLIGHT,REAR END,DIVIDED - W/MEDIAN BARRIER,0,STRAIGHT AND LEVEL,DRY,NO DEFECTS,ON SCENE,INJURY AND / OR TOW DUE TO CRASH,Y,,,"OVER $1,500",11/12/2018 09:07:00 AM,FOLLOWING TOO CLOSELY,FOLLOWING TOO CLOSELY,2115,W,PETERSON AVE,2012,,,,,,,2,NONINCAPACITATING INJURY,1,0,0,1,0,1,0,9,2,11,41.990508568,-87.683037004,POINT (-87.683037004151 41.990508567817)
JB512799,,11/12/2018 08:45:00 AM,20,NO CONTROLS,NO CONTROLS,CLEAR,DAYLIGHT,SIDESWIPE SAME DIRECTION,NOT DIVIDED,2,STRAIGHT AND LEVEL,DRY,NO DEFECTS,ON SCENE,NO INJURY / DRIVE AWAY,,,Y,"$501 - $1,500",11/12/2018 08:50:00 AM,DRIVING SKILLS/KNOWLEDGE/EXPERIENCE,NOT APPLICABLE,5235,S,CORNELL AVE,234,,,,,,,2,NO INDICATION OF INJURY,0,0,0,0,0,4,0,8,2,11,41.800198232,-87.585560399,POINT (-87.58556039873 41.800198231935)
JB512762,,11/12/2018 08:44:00 AM,30,NO CONTROLS,NO CONTROLS,CLEAR,DAYLIGHT,TURNING,NOT DIVIDED,4,STRAIGHT AND LEVEL,DRY,NO DEFECTS,ON SCENE,INJURY AND / OR TOW DUE TO CRASH,,,,"OVER $1,500",11/12/2018 08:50:00 AM,IMPROPER TURNING/NO SIGNAL,DRIVING SKILLS/KNOWLEDGE/EXPERIENCE,3751,W,CHICAGO AVE,1112,,,,,,,2,NONINCAPACITATING INJURY,2,0,0,2,0,1,0,8,2,11,41.895307198,-87.720790716,POINT (-87.720790716142 41.895307198186)
JB512760,Y,11/12/2018 08:42:00 AM,30,NO CONTROLS,NO CONTROLS,CLEAR,DAYLIGHT,PARKED MOTOR VEHICLE,NOT DIVIDED,2,STRAIGHT AND LEVEL,DRY,NO DEFECTS,ON SCENE,NO INJURY / DRIVE AWAY,,,,"$501 - $1,500",11/12/2018 08:43:00 AM,UNABLE TO DETERMINE,NOT APPLICABLE,1159,S,MENARD AVE,1513,,,,,,,2,NO INDICATION OF INJURY,0,0,0,0,0,1,0,8,2,11,41.865623154,-87.769070284,POINT (-87.769070284312 41.865623153512)
JB513631,,11/12/2018 08:30:00 AM,30,TRAFFIC SIGNAL,FUNCTIONING PROPERLY,CLEAR,DAYLIGHT,REAR END,NOT DIVIDED,5,STRAIGHT AND LEVEL,DRY,NO DEFECTS,NOT ON SCENE (DESK REPORT),NO INJURY / DRIVE AWAY,,,,"$501 - $1,500",11/12/2018 07:23:00 PM,FOLLOWING TOO CLOSELY,FOLLOWING TOO CLOSELY,150,N,COLUMBUS DR,114,,,,,,,2,NO INDICATION OF INJURY,0,0,0,0,0,3,0,8,2,11,41.884585371,-87.620792153,POINT (-87.620792152563 41.884585370634)
JB513515,,11/12/2018 08:23:00 AM,20,NO CONTROLS,NO CONTROLS,CLEAR,DAYLIGHT,REAR END,OTHER,1,STRAIGHT AND LEVEL,DRY,UNKNOWN,NOT ON SCENE (DESK REPORT),NO INJURY / DRIVE AWAY,,,,"OVER $1,500",11/12/2018 06:00:00 PM,UNABLE TO DETERMINE,UNABLE TO DETERMINE,1004,W,WILSON AVE,1914,,,,,,,2,NO INDICATION OF INJURY,0,0,0,0,0,2,0,8,2,11,41.965537227,-87.655027407,POINT (-87.65502740725 41.965537226618)
JB512769,,11/12/2018 08:17:00 AM,30,NO CONTROLS,NO CONTROLS,CLEAR,DAYLIGHT,OTHER NONCOLLISION,NOT DIVIDED,2,STRAIGHT AND LEVEL,DRY,NO DEFECTS,ON SCENE,NO INJURY / DRIVE AWAY,,,,"OVER $1,500",11/12/2018 08:20:00 AM,NOT APPLICABLE,NOT APPLICABLE,1612,N,BOSWORTH AVE,1433,,,,,,,1,NO INDICATION OF INJURY,0,0,0,0,0,1,0,8,2,11,41.911078149,-87.666697026,POINT (-87.666697025707 41.911078149161)
JB514530,Y,11/12/2018 08:00:00 AM,30,NO CONTROLS,NO CONTROLS,CLEAR,"DARKNESS, LIGHTED ROAD",PARKED MOTOR VEHICLE,NOT DIVIDED,2,STRAIGHT AND LEVEL,DRY,NO DEFECTS,NOT ON SCENE (DESK REPORT),NO INJURY / DRIVE AWAY,,,Y,"OVER $1,500",11/13/2018 03:25:00 PM,FAILING TO REDUCE SPEED TO AVOID CRASH,DRIVING SKILLS/KNOWLEDGE/EXPERIENCE,6900,S,LAWNDALE AVE,833,,,,,,,2,NO INDICATION OF INJURY,0,0,0,0,0,1,0,8,2,11,41.767798233,-87.715280599,POINT (-87.715280599033 41.767798233108)