RD_NO,CRASH_DATE_EST_I,CRASH_DATE,POSTED_SPEED_LIMIT,TRAFFIC_CONTROL_DEVICE,DEVICE_CONDITION,WEATHER_CONDITION,LIGHTING_CONDITION,FIRST_CRASH_TYPE,TRAFFICWAY_TYPE,LANE_CNT,ALIGNMENT,ROADWAY_SURFACE_COND,ROAD_DEFECT,REPORT_TYPE,CRASH_TYPE,INTERSECTION_RELATED_I,NOT_RIGHT_OF_WAY_I,HIT_AND_RUN_I,DAMAGE,DATE_POLICE_NOTIFIED,PRIM_CONTRIBUTORY_CAUSE,SEC_CONTRIBUTORY_CAUSE,STREET_NO,STREET_DIRECTION,STREET_NAME,BEAT_OF_OCCURRENCE,PHOTOS_TAKEN_I,STATEMENTS_TAKEN_I,DOORING_I,WORK_ZONE_I,WORK_ZONE_TYPE,WORKERS_PRESENT_I,NUM_UNITS,MOST_SEVERE_INJURY,INJURIES_TOTAL,INJURIES_FATAL,INJURIES_INCAPACITATING,INJURIES_NON_INCAPACITATING,INJURIES_REPORTED_NOT_EVIDENT,INJURIES_NO_INDICATION,INJURIES_UNKNOWN,CRASH_HOUR,CRASH_DAY_OF_WEEK,CRASH_MONTH,LATITUDE,LONGITUDE,LOCATION
JB513623,Y,11/12/2018 08:00:00 AM,30,NO CONTROLS,NO CONTROLS,CLEAR,DAYLIGHT,PARKED MOTOR VEHICLE,ONE-WAY,2,STRAIGHT AND LEVEL,DRY,NO DEFECTS,NOT ON SCENE (DESK REPORT),NO INJURY / DRIVE AWAY,,,Y,"OVER $1,500",11/12/2018 07:35:00 PM,FAILING TO REDUCE SPEED TO AVOID CRASH,DRIVING SKILLS/KNOWLEDGE/EXPERIENCE,5352,S,CHRISTIANA AVE,822,,,,,,,2,NO INDICATION OF INJURY,0,0,0,0,0,1,0,8,2,11,41.79554701,-87.707434278,POINT (-87.707434278443 41.795547009601)
JB513457,,11/12/2018 08:00:00 AM,30,NO CONTROLS,NO CONTROLS,UNKNOWN,UNKNOWN,PARKED MOTOR VEHICLE,NOT DIVIDED,2,STRAIGHT AND LEVEL,UNKNOWN,NO DEFECTS,NOT ON SCENE (DESK REPORT),NO INJURY / DRIVE AWAY,,,Y,"OVER $1,500",11/12/2018 05:30:00 PM,UNABLE TO DETERMINE,NOT APPLICABLE,664,N,SANGAMON ST,1214,,,,,,,2,NO INDICATION OF INJURY,0,0,0,0,0,1,0,8,2,11,41.894018883,-87.651268062,POINT (-87.651268061938 41.894018883093)
JB512958,,11/12/2018 08:00:00 AM,35,STOP SIGN/FLASHER,FUNCTIONING PROPERLY,CLEAR,DAYLIGHT,ANGLE,NOT DIVIDED,2,STRAIGHT AND LEVEL,DRY,NO DEFECTS,NOT ON SCENE (DESK REPORT),NO INJURY / DRIVE AWAY,,,Y,"OVER $1,500",11/12/2018 11:35:00 AM,UNABLE TO DETERMINE,UNABLE TO DETERMINE,3200,W,24TH ST,1024,,,,,,,2,NO INDICATION OF INJURY,0,0,0,0,0,2,0,8,2,11,41.848248724,-87.70521295,POINT (-87.70521294957 41.848248723551)
JB512930,,11/12/2018 08:00:00 AM,30,NO CONTROLS,NO CONTROLS,CLEAR,DAYLIGHT,PARKED MOTOR VEHICLE,NOT DIVIDED,2,STRAIGHT AND LEVEL,DRY,NO DEFECTS,NOT ON SCENE (DESK REPORT),NO INJURY / DRIVE AWAY,,,Y,"$501 - $1,500",11/12/2018 11:20:00 AM,NOT APPLICABLE,NOT APPLICABLE,4028,W,CULLOM AVE,1722,,,,,,,2,NO INDICATION OF INJURY,0,0,0,0,0,1,0,8,2,11,41.959219837,-87.729042245,POINT (-87.72904224545 41.959219836642)
JB512868,Y,11/12/2018 08:00:00 AM,30,NO CONTROLS,NO CONTROLS,CLEAR,UNKNOWN,PARKED MOTOR VEHICLE,NOT DIVIDED,2,STRAIGHT AND LEVEL,DRY,UNKNOWN,NOT ON SCENE (DESK REPORT),NO INJURY / DRIVE AWAY,,,Y,"OVER $1,500",11/12/2018 10:15:00 AM,UNABLE TO DETERMINE,NOT APPLICABLE,4010,W,WASHINGTON BLVD,1114,,Y,,,,,2,NO INDICATION OF INJURY,0,0,0,0,0,1,0,8,2,11,41.882111623,-87.726183961,POINT (-87.7261839608 41.882111622906)
JB512830,,11/12/2018 08:00:00 AM,25,NO CONTROLS,NO CONTROLS,CLEAR,DAYLIGHT,PARKED MOTOR VEHICLE,NOT DIVIDED,2,STRAIGHT AND LEVEL,DRY,NO DEFECTS,,NO INJURY / DRIVE AWAY,,,Y,"$501 - $1,500",11/12/2018 09:50:00 AM,UNABLE TO DETERMINE,NOT APPLICABLE,4805,N,NEVA AVE,1613,,,,,,,2,NO INDICATION OF INJURY,0,0,0,0,0,1,0,8,2,11,41.968478363,-87.805876609,POINT (-87.805876608921 41.968478362982)
JB512763,,11/12/2018 08:00:00 AM,35,NO CONTROLS,NO CONTROLS,CLEAR,DAYLIGHT,REAR END,NOT DIVIDED,4,STRAIGHT AND LEVEL,DRY,NO DEFECTS,NOT ON SCENE (DESK REPORT),NO INJURY / DRIVE AWAY,,,,"OVER $1,500",11/12/2018 08:30:00 AM,UNABLE TO DETERMINE,UNABLE TO DETERMINE,6720,W,ARCHER AVE,811,,,,,,,2,NO INDICATION OF INJURY,0,0,0,0,0,2,0,8,2,11,41.792293399,-87.790112709,POINT (-87.790112708861 41.7922933994)
JB512736,,11/12/2018 08:00:00 AM,30,NO CONTROLS,NO CONTROLS,CLOUDY/OVERCAST,DAYLIGHT,SIDESWIPE SAME DIRECTION,DIVIDED - W/MEDIAN (NOT RAISED),2,STRAIGHT AND LEVEL,DRY,NO DEFECTS,ON SCENE,NO INJURY / DRIVE AWAY,,,,"OVER $1,500",11/12/2018 08:09:00 AM,IMPROPER BACKING,UNABLE TO DETERMINE,2501,W,35TH ST,911,,,,,,,2,NO INDICATION OF INJURY,0,0,0,0,0,2,0,8,2,11,41.830127908,-87.687385172,POINT (-87.687385172437 41.830127908155)
JB512801,,11/12/2018 07:50:00 AM,35,TRAFFIC SIGNAL,FUNCTIONING PROPERLY,CLEAR,DAYLIGHT,SIDESWIPE SAME DIRECTION,NOT DIVIDED,,STRAIGHT AND LEVEL,DRY,NO DEFECTS,NOT ON SCENE (DESK REPORT),NO INJURY / DRIVE AWAY,,,,"OVER $1,500",11/12/2018 09:16:00 AM,IMPROPER OVERTAKING/PASSING,UNABLE TO DETERMINE,1200,S,COLUMBUS DR,132,,,,,,,2,NO INDICATION OF INJURY,0,0,0,0,0,2,0,7,2,11,41.867387914,-87.620491034,POINT (-87.620491034097 41.867387913926)
JB512767,,11/12/2018 07:45:00 AM,30,NO CONTROLS,NO CONTROLS,CLEAR,DAYLIGHT,ANGLE,NOT DIVIDED,2,STRAIGHT AND LEVEL,DRY,NO DEFECTS,NOT ON SCENE (DESK REPORT),NO INJURY / DRIVE AWAY,,,Y,"OVER $1,500",11/12/2018 08:45:00 AM,UNABLE TO DETERMINE,NOT APPLICABLE,152,E,41ST ST,213,,,,,,,2,NO INDICATION OF INJURY,0,0,0,0,0,2,0,7,2,11,41.820278533,-87.62158964,POINT (-87.621589639854 41.820278533027)
JB512728,,11/12/2018 07:35:00 AM,30,NO CONTROLS,NO CONTROLS,CLEAR,DAYLIGHT,PARKED MOTOR VEHICLE,ONE-WAY,1,STRAIGHT AND LEVEL,DRY,NO DEFECTS,,NO INJURY / DRIVE AWAY,,,,"OVER $1,500",11/12/2018 07:50:00 AM,DISTRACTION - FROM INSIDE VEHICLE,DISTRACTION - FROM INSIDE VEHICLE,3357,W,HIRSCH ST,1422,,,,,,,3,NO INDICATION OF INJURY,0,0,0,0,0,2,0,7,2,11,41.906311076,-87.711591962,POINT (-87.711591961869 41.906311076436)
JB513017,,11/12/2018 07:30:00 AM,30,TRAFFIC SIGNAL,FUNCTIONING PROPERLY,CLEAR,DAYLIGHT,SIDESWIPE SAME DIRECTION,DIVIDED - W/MEDIAN (NOT RAISED),4,STRAIGHT AND LEVEL,DRY,NO DEFECTS,NOT ON SCENE (DESK REPORT),NO INJURY / DRIVE AWAY,,,Y,"OVER $1,500",11/12/2018 12:27:00 PM,IMPROPER OVERTAKING/PASSING,IMPROPER LANE USAGE,546,W,MADISON ST,121,,,,,,,2,NO INDICATION OF INJURY,0,0,0,0,0,2,0,7,2,11,41.881960845,-87.641488802,POINT (-87.641488801957 41.881960844837)
JB512733,,11/12/2018 07:30:00 AM,30,STOP SIGN/FLASHER,FUNCTIONING PROPERLY,CLEAR,DAYLIGHT,PEDALCYCLIST,ONE-WAY,,STRAIGHT AND LEVEL,DRY,NO DEFECTS,NOT ON SCENE (DESK REPORT),NO INJURY / DRIVE AWAY,Y,,,"OVER $1,500",11/12/2018 08:13:00 AM,UNABLE TO DETERMINE,UNABLE TO DETERMINE,11101,S,SAWYER AVE,2211,,,,,,,2,NO INDICATION OF INJURY,0,0,0,0,0,2,0,7,2,11,41.691460873,-87.701895026,POINT (-87.7018950258 41.691460872737)
JB512730,,11/12/2018 07:29:00 AM,20,STOP SIGN/FLASHER,FUNCTIONING PROPERLY,CLEAR,DAYLIGHT,REAR END,NOT DIVIDED,2,STRAIGHT AND LEVEL,DRY,NO DEFECTS,ON SCENE,NO INJURY / DRIVE AWAY,Y,,,"OVER $1,500",11/12/2018 07:33:00 AM,FAILING TO REDUCE SPEED TO AVOID CRASH,EXCEEDING AUTHORIZED SPEED LIMIT,7100,W,ADDISON ST,1632,,,,,,,2,NO INDICATION OF INJURY,0,0,0,0,0,2,0,7,2,11,41.94544435,-87.803374591,POINT (-87.803374591345 41.94544435014)
JB513339,,11/12/2018 07:25:00 AM,30,NO CONTROLS,NO CONTROLS,CLEAR,DAYLIGHT,PARKED MOTOR VEHICLE,NOT DIVIDED,,STRAIGHT AND LEVEL,DRY,NO DEFECTS,NOT ON SCENE (DESK REPORT),NO INJURY / DRIVE AWAY,Y,,,"$501 - $1,500",11/12/2018 04:01:00 PM,UNABLE TO DETERMINE,UNABLE TO DETERMINE,1998,N,BURLING ST,1813,,,,,,,2,NO INDICATION OF INJURY,0,0,0,0,0,2,0,7,2,11,41.918084586,-87.647454615,POINT (-87.647454614722 41.918084585743)
JB512717,,11/12/2018 07:24:00 AM,30,STOP SIGN/FLASHER,NO CONTROLS,CLEAR,DAYLIGHT,ANGLE,DIVIDED - W/MEDIAN (NOT RAISED),2,STRAIGHT AND LEVEL,DRY,NO DEFECTS,ON SCENE,INJURY AND / OR TOW DUE TO CRASH,Y,,,"OVER $1,500",11/12/2018 07:30:00 AM,FAILING TO YIELD RIGHT-OF-WAY,DRIVING SKILLS/KNOWLEDGE/EXPERIENCE,700,W,71ST ST,732,,,,,,,2,INCAPACITATING INJURY,2,0,2,0,0,0,0,7,2,11,41.765351085,-87.642009787,POINT (-87.642009787084 41.765351084989)
JB513292,Y,11/12/2018 07:00:00 AM,20,NO CONTROLS,NO CONTROLS,CLEAR,"DARKNESS, LIGHTED ROAD",PARKED MOTOR VEHICLE,NOT DIVIDED,1,STRAIGHT AND LEVEL,DRY,NO DEFECTS,NOT ON SCENE (DESK REPORT),NO INJURY / DRIVE AWAY,,,Y,"OVER $1,500",11/12/2018 03:14:00 PM,DRIVING SKILLS/KNOWLEDGE/EXPERIENCE,UNABLE TO DETERMINE,6400,S,KEATING AVE,813,,,,,,,2,NO INDICATION OF INJURY,0,0,0,0,0,1,0,7,2,11,41.776529367,-87.741158383,POINT (-87.741158383035 41.776529366576)
JB512719,,11/12/2018 07:00:00 AM,20,NO CONTROLS,NO CONTROLS,CLEAR,DAYLIGHT,ANGLE,DIVIDED - W/MEDIAN (NOT RAISED),2,STRAIGHT AND LEVEL,DRY,NO DEFECTS,NOT ON SCENE (DESK REPORT),NO INJURY / DRIVE AWAY,,,,"$501 - $1,500",11/12/2018 07:30:00 AM,IMPROPER BACKING,UNABLE TO DETERMINE,10855,S,HOYNE AVE,2212,,,,,,,2,NO INDICATION OF INJURY,0,0,0,0,0,2,0,7,2,11,41.695915738,-87.674049806,POINT (-87.674049806475 41.69591573816)
JB512709,Y,11/12/2018 07:00:00 AM,10,NO CONTROLS,NO CONTROLS,CLEAR,DAWN,PARKED MOTOR VEHICLE,ONE-WAY,,STRAIGHT AND LEVEL,DRY,NO DEFECTS,ON SCENE,NO INJURY / DRIVE AWAY,,,Y,"$501 - $1,500",11/12/2018 07:23:00 AM,FAILING TO REDUCE SPEED TO AVOID CRASH,UNABLE TO DETERMINE,8218,S,ESCANABA AVE,423,,,,,,,2,NO INDICATION OF INJURY,0,0,0,0,0,1,0,7,2,11,41.745840381,-87.554142909,POINT (-87.554142909411 41.745840380738)
JB512708,Y,11/12/2018 06:50:00 AM,0,NO CONTROLS,NO CONTROLS,CLEAR,"DARKNESS, LIGHTED ROAD",PARKED MOTOR VEHICLE,NOT DIVIDED,2,STRAIGHT AND LEVEL,DRY,NO DEFECTS,NOT ON SCENE (DESK REPORT),NO INJURY / DRIVE AWAY,,,Y,"$501 - $1,500",11/12/2018 07:20:00 AM,UNABLE TO DETERMINE,UNABLE TO DETERMINE,2340,N,KOSTNER AVE,2522,,,,,,,2,NO INDICATION OF INJURY,0,0,0,0,0,1,0,6,2,11,41.923759946,-87.736685536,POINT (-87.73668553551 41.923759946287)
JB512705,,11/12/2018 06:50:00 AM,15,NO CONTROLS,NO CONTROLS,CLEAR,DAYLIGHT,SIDESWIPE SAME DIRECTION,OTHER,,STRAIGHT AND LEVEL,DRY,NO DEFECTS,ON SCENE,NO INJURY / DRIVE AWAY,,,,"OVER $1,500",11/12/2018 06:53:00 AM,UNABLE TO DETERMINE,UNABLE TO DETERMINE,1,W,TERMINAL ST,1651,,,,,,,2,NO INDICATION OF INJURY,0,0,0,0,0,2,0,6,2,11,,,
JB514000,Y,11/12/2018 06:30:00 AM,30,STOP SIGN/FLASHER,OTHER,CLEAR,DAYLIGHT,PEDESTRIAN,NOT DIVIDED,2,STRAIGHT AND LEVEL,DRY,NO DEFECTS,ON SCENE,INJURY AND / OR TOW DUE TO CRASH,,,,$500 OR LESS,11/13/2018 08:20:00 AM,FAILING TO YIELD RIGHT-OF-WAY,NOT APPLICABLE,1059,N,LARAMIE AVE,1531,,,,,,,2,NONINCAPACITATING INJURY,1,0,0,1,0,1,0,6,2,11,41.900327305,-87.755583928,POINT (-87.75558392807 41.900327305042)
JB512697,,11/12/2018 06:25:00 AM,30,NO CONTROLS,NO CONTROLS,CLEAR,DAWN,REAR END,DIVIDED - W/MEDIAN (NOT RAISED),2,STRAIGHT AND LEVEL,DRY,NO DEFECTS,ON SCENE,INJURY AND / OR TOW DUE TO CRASH,,,,"OVER $1,500",11/12/2018 06:27:00 AM,FOLLOWING TOO CLOSELY,NOT APPLICABLE,7402,W,BELMONT AVE,1631,,,,,,,3,NO INDICATION OF INJURY,0,0,0,0,0,3,0,6,2,11,41.938092854,-87.811465884,POINT (-87.811465883733 41.938092854248)
JB512693,,11/12/2018 06:15:00 AM,25,NO CONTROLS,NO CONTROLS,CLEAR,"DARKNESS, LIGHTED ROAD",SIDESWIPE SAME DIRECTION,NOT DIVIDED,,STRAIGHT AND LEVEL,DRY,NO DEFECTS,,NO INJURY / DRIVE AWAY,,,,"OVER $1,500",11/12/2018 06:30:00 AM,FAILING TO YIELD RIGHT-OF-WAY,NOT APPLICABLE,5321,W,GRAND AVE,2515,,,,,,,2,NO INDICATION OF INJURY,0,0,0,0,0,2,0,6,2,11,41.91745895,-87.759369849,POINT (-87.759369848829 41.917458950143)
JB512687,Y,11/12/2018 06:05:00 AM,10,NO CONTROLS,NO CONTROLS,CLEAR,DARKNESS,PARKED MOTOR VEHICLE,PARKING LOT,1,STRAIGHT AND LEVEL,DRY,NO DEFECTS,NOT ON SCENE (DESK REPORT),NO INJURY / DRIVE AWAY,,,Y,"OVER $1,500",11/12/2018 06:30:00 AM,NOT APPLICABLE,NOT APPLICABLE,7040,S,COTTAGE GROVE AVE,321,,,,,,,2,NO INDICATION OF INJURY,0,0,0,0,0,1,0,6,2,11,41.766430893,-87.605747861,POINT (-87.605747860649 41.766430892538)
JB512692,,11/12/2018 06:00:00 AM,35,TRAFFIC SIGNAL,FUNCTIONING PROPERLY,CLEAR,DAYLIGHT,REAR END,DIVIDED - W/MEDIAN BARRIER,4,STRAIGHT AND LEVEL,DRY,NO DEFECTS,NOT ON SCENE (DESK REPORT),NO INJURY / DRIVE AWAY,,,,"OVER $1,500",11/12/2018 06:20:00 AM,UNABLE TO DETERMINE,UNABLE TO DETERMINE,7301,S,PULASKI RD,833,,,,,,,2,NO INDICATION OF INJURY,0,0,0,0,0,2,0,6,2,11,41.760427146,-87.722113122,POINT (-87.722113121613 41.760427145893)
JB512688,,11/12/2018 05:30:00 AM,35,TRAFFIC SIGNAL,FUNCTIONING PROPERLY,CLEAR,DAWN,SIDESWIPE SAME DIRECTION,DIVIDED - W/MEDIAN (NOT RAISED),2,STRAIGHT AND LEVEL,DRY,NO DEFECTS,NOT ON SCENE (DESK REPORT),NO INJURY / DRIVE AWAY,,,,$500 OR LESS,11/12/2018 06:00:00 AM,IMPROPER LANE USAGE,NOT APPLICABLE,321,S,DEARBORN ST,113,,,,,,,2,NO INDICATION OF INJURY,0,0,0,0,0,3,0,5,2,11,41.877649558,-87.629136275,POINT (-87.629136275256 41.877649558367)
JB513205,,11/12/2018 05:15:00 AM,30,TRAFFIC SIGNAL,FUNCTIONING PROPERLY,CLEAR,DAYLIGHT,REAR END,NOT DIVIDED,2,STRAIGHT AND LEVEL,DRY,NO DEFECTS,NOT ON SCENE (DESK REPORT),NO INJURY / DRIVE AWAY,,,,"OVER $1,500",11/12/2018 02:00:00 PM,UNABLE TO DETERMINE,UNABLE TO DETERMINE,300,S,CENTRAL AVE,1513,,,,,,,3,NO INDICATION OF INJURY,0,0,0,0,0,3,0,5,2,11,41.876490114,-87.764870101,POINT (-87.764870101157 41.876490113701)
JB512668,,11/12/2018 05:00:00 AM,25,NO CONTROLS,NO CONTROLS,CLEAR,"DARKNESS, LIGHTED ROAD",REAR END,NOT DIVIDED,2,STRAIGHT AND LEVEL,DRY,NO DEFECTS,ON SCENE,NO INJURY / DRIVE AWAY,,,Y,$500 OR LESS,11/12/2018 05:10:00 AM,FOLLOWING TOO CLOSELY,NOT APPLICABLE,1903,W,47TH ST,931,,,,,,,2,NO INDICATION OF INJURY,0,0,0,0,0,2,0,5,2,11,41.808418108,-87.672406136,POINT (-87.672406135777 41.808418107889)
JB512660,,11/12/2018 04:30:00 AM,30,NO CONTROLS,NO CONTROLS,CLEAR,"DARKNESS, LIGHTED ROAD",PARKED MOTOR VEHICLE,DIVIDED - W/MEDIAN (NOT RAISED),2,STRAIGHT AND LEVEL,DRY,NO DEFECTS,ON SCENE,INJURY AND / OR TOW DUE TO CRASH,,,,"OVER $1,500",11/12/2018 04:35:00 AM,UNABLE TO DETERMINE,DRIVING SKILLS/KNOWLEDGE/EXPERIENCE,2851,S,VERNON AVE,133,,,,,,,2,NO INDICATION OF INJURY,0,0,0,0,0,1,0,4,2,11,41.842154809,-87.615531543,POINT (-87.615531542633 41.842154808902)
JB512665,,11/12/2018 04:20:00 AM,30,NO CONTROLS,NO CONTROLS,CLEAR,"DARKNESS, LIGHTED ROAD",OTHER OBJECT,NOT DIVIDED,2,"CURVE, LEVEL",DRY,SHOULDER DEFECT,ON SCENE,INJURY AND / OR TOW DUE TO CRASH,,,,"OVER $1,500",11/12/2018 04:33:00 AM,NOT APPLICABLE,NOT APPLICABLE,700,N,KILBOURN AVE,1111,,,,,,,1,NO INDICATION OF INJURY,0,0,0,0,0,1,0,4,2,11,41.893509032,-87.738579346,POINT (-87.738579345921 41.893509032185)
JB512653,,11/12/2018 03:47:00 AM,30,NO CONTROLS,NO CONTROLS,CLEAR,DUSK,PARKED MOTOR VEHICLE,NOT DIVIDED,2,STRAIGHT AND LEVEL,DRY,NO DEFECTS,ON SCENE,NO INJURY / DRIVE AWAY,,,,"OVER $1,500",11/12/2018 03:47:00 AM,FAILING TO REDUCE SPEED TO AVOID CRASH,UNABLE TO DETERMINE,4831,W,WASHINGTON BLVD,1533,,,,,,,2,NO INDICATION OF INJURY,0,0,0,0,0,1,0,3,2,11,41.88169039,-87.746592095,POINT (-87.746592094595 41.88169038978)
JB512656,,11/12/2018 03:26:00 AM,20,NO CONTROLS,NO CONTROLS,CLEAR,"DARKNESS, LIGHTED ROAD",PARKED MOTOR VEHICLE,NOT DIVIDED,2,STRAIGHT AND LEVEL,DRY,NO DEFECTS,,INJURY AND / OR TOW DUE TO CRASH,,,Y,"OVER $1,500",11/12/2018 03:33:00 AM,UNABLE TO DETERMINE,UNABLE TO DETERMINE,5938,W,STRONG ST,1622,,,,,,,4,NO INDICATION OF INJURY,0,0,0,0,0,1,0,3,2,11,41.970409072,-87.777445634,POINT (-87.777445634049 41.970409071547)
JB512651,,11/12/2018 03:15:00 AM,30,TRAFFIC SIGNAL,FUNCTIONING PROPERLY,CLEAR,"DARKNESS, LIGHTED ROAD",FIXED OBJECT,ONE-WAY,,STRAIGHT AND LEVEL,DRY,NO DEFECTS,ON SCENE,NO INJURY / DRIVE AWAY,,,,"OVER $1,500",11/12/2018 03:40:00 AM,DRIVING SKILLS/KNOWLEDGE/EXPERIENCE,NOT APPLICABLE,98,E,LOWER WACKER DR,111,,,,,,,1,NO INDICATION OF INJURY,0,0,0,0,0,1,0,3,2,11,41.888444464,-87.624656702,POINT (-87.624656702139 41.88844446409)
JB513348,,11/12/2018 03:00:00 AM,30,NO CONTROLS,NO CONTROLS,CLEAR,"DARKNESS, LIGHTED ROAD",PARKED MOTOR VEHICLE,ONE-WAY,1,STRAIGHT AND LEVEL,DRY,NO DEFECTS,NOT ON SCENE (DESK REPORT),NO INJURY / DRIVE AWAY,,,Y,"$501 - $1,500",11/12/2018 04:10:00 PM,DRIVING SKILLS/KNOWLEDGE/EXPERIENCE,UNABLE TO DETERMINE,5116,S,SPAULDING AVE,822,,,,,,,2,NO INDICATION OF INJURY,0,0,0,0,0,1,0,3,2,11,41.800240535,-87.706346775,POINT (-87.706346775473 41.800240534937)
JB512943,N,11/12/2018 03:00:00 AM,20,STOP SIGN/FLASHER,NO CONTROLS,UNKNOWN,UNKNOWN,PARKED MOTOR VEHICLE,ONE-WAY,1,STRAIGHT AND LEVEL,UNKNOWN,NO DEFECTS,ON SCENE,NO INJURY / DRIVE AWAY,,,Y,"OVER $1,500",11/12/2018 11:15:00 AM,UNABLE TO DETERMINE,UNABLE TO DETERMINE,1802,N,LINDER AVE,2532,,,,,,,2,NO INDICATION OF INJURY,0,0,0,0,0,1,0,3,2,11,41.913185075,-87.763282809,POINT (-87.76328280917 41.913185075182)
JB512641,,11/12/2018 03:00:00 AM,45,NO CONTROLS,NO CONTROLS,CLEAR,"DARKNESS, LIGHTED ROAD",FIXED OBJECT,DIVIDED - W/MEDIAN BARRIER,6,STRAIGHT AND LEVEL,DRY,UNKNOWN,ON SCENE,INJURY AND / OR TOW DUE TO CRASH,,,,"OVER $1,500",11/12/2018 03:10:00 AM,UNABLE TO DETERMINE,EQUIPMENT - VEHICLE CONDITION,3919,S,LAKE SHORE DR SB,212,,,,,,,1,NO INDICATION OF INJURY,0,0,0,0,0,1,0,3,2,11,41.825345788,-87.600353617,POINT (-87.60035361701 41.825345788045)
JB512638,,11/12/2018 02:30:00 AM,30,TRAFFIC SIGNAL,FUNCTIONING PROPERLY,CLEAR,"DARKNESS, LIGHTED ROAD",FIXED OBJECT,DIVIDED - W/MEDIAN (NOT RAISED),,STRAIGHT AND LEVEL,DRY,NO DEFECTS,ON SCENE,NO INJURY / DRIVE AWAY,Y,,,"OVER $1,500",11/12/2018 02:37:00 AM,UNABLE TO DETERMINE,UNABLE TO DETERMINE,6400,W,63RD ST,812,,,,,,,1,NO INDICATION OF INJURY,0,0,0,0,0,1,0,2,2,11,41.777784536,-87.781329872,POINT (-87.781329872106 41.777784535873)
JB512635,,11/12/2018 02:20:00 AM,30,NO CONTROLS,NO CONTROLS,CLEAR,"DARKNESS, LIGHTED ROAD",PARKED MOTOR VEHICLE,NOT DIVIDED,2,STRAIGHT AND LEVEL,DRY,NO DEFECTS,ON SCENE,INJURY AND / OR TOW DUE TO CRASH,,,,"OVER $1,500",11/12/2018 02:24:00 AM,PHYSICAL CONDITION OF DRIVER,NOT APPLICABLE,1633,N,NARRAGANSETT AVE,2513,,,,,,,3,NO INDICATION OF INJURY,0,0,0,0,0,1,0,2,2,11,41.910140156,-87.784887526,POINT (-87.784887525752 41.910140155947)
JB512636,,11/12/2018 02:15:00 AM,45,NO CONTROLS,NO CONTROLS,CLEAR,"DARKNESS, LIGHTED ROAD",OVERTURNED,DIVIDED - W/MEDIAN BARRIER,4,"CURVE, LEVEL",DRY,NO DEFECTS,ON SCENE,INJURY AND / OR TOW DUE TO CRASH,,,,"OVER $1,500",11/12/2018 02:17:00 AM,UNDER THE INFLUENCE OF ALCOHOL/DRUGS (USE WHEN ARREST IS EFFECTED),"OPERATING VEHICLE IN ERRATIC, RECKLESS, CARELESS, NEGLIGENT OR AGGRESSIVE MANNER",5300,S,LAKE SHORE DR SB,234,,,,,,,1,INCAPACITATING INJURY,4,0,3,1,0,0,0,2,2,11,41.799569399,-87.58154906,POINT (-87.581549060329 41.7995693995)
JB512634,N,11/12/2018 01:50:00 AM,15,NO CONTROLS,NO CONTROLS,CLEAR,"DARKNESS, LIGHTED ROAD",OTHER OBJECT,ALLEY,1,STRAIGHT AND LEVEL,DRY,NO DEFECTS,ON SCENE,NO INJURY / DRIVE AWAY,,,Y,$500 OR LESS,11/12/2018 02:01:00 AM,"OPERATING VEHICLE IN ERRATIC, RECKLESS, CARELESS, NEGLIGENT OR AGGRESSIVE MANNER",NOT APPLICABLE,3849,W,51ST ST,822,,,,,,,1,NO INDICATION OF INJURY,0,0,0,0,0,1,0,1,2,11,41.800484711,-87.720432733,POINT (-87.720432732722 41.800484711183)
JB513840,Y,11/12/2018 01:00:00 AM,30,NO CONTROLS,NO CONTROLS,CLEAR,"DARKNESS, LIGHTED ROAD",PARKED MOTOR VEHICLE,NOT DIVIDED,2,STRAIGHT AND LEVEL,DRY,NO DEFECTS,ON SCENE,INJURY AND / OR TOW DUE TO CRASH,,,Y,"$501 - $1,500",11/13/2018 12:41:00 AM,UNABLE TO DETERMINE,UNABLE TO DETERMINE,5000,W,51ST ST,814,,,,,,,2,NO INDICATION OF INJURY,0,0,0,0,0,1,0,1,2,11,41.800366122,-87.747912143,POINT (-87.747912142741 41.800366122484)
JB512604,,11/12/2018 12:57:00 AM,35,TRAFFIC SIGNAL,FUNCTIONING PROPERLY,CLEAR,"DARKNESS, LIGHTED ROAD",OTHER OBJECT,ONE-WAY,2,STRAIGHT ON HILLCREST,DRY,NO DEFECTS,ON SCENE,INJURY AND / OR TOW DUE TO CRASH,,,,"OVER $1,500",11/12/2018 12:59:00 AM,DISTRACTION - FROM INSIDE VEHICLE,DRIVING SKILLS/KNOWLEDGE/EXPERIENCE,523,S,HAMLIN BLVD,1133,,,,,,,1,NO INDICATION OF INJURY,0,0,0,0,0,2,0,0,2,11,41.873780866,-87.719629746,POINT (-87.719629745771 41.873780865703)
JB512592,,11/12/2018 12:15:00 AM,30,STOP SIGN/FLASHER,FUNCTIONING PROPERLY,CLEAR,"DARKNESS, LIGHTED ROAD",FIXED OBJECT,ONE-WAY,1,STRAIGHT AND LEVEL,DRY,NO DEFECTS,ON SCENE,INJURY AND / OR TOW DUE TO CRASH,Y,,Y,"OVER $1,500",11/12/2018 12:18:00 AM,FAILING TO REDUCE SPEED TO AVOID CRASH,NOT APPLICABLE,5700,S,JUSTINE ST,713,,,,,,,1,NO INDICATION OF INJURY,0,0,0,0,0,1,0,0,2,11,41.790165956,-87.663400483,POINT (-87.663400482965 41.790165956411)