RD_NO,CRASH_DATE_EST_I,CRASH_DATE,POSTED_SPEED_LIMIT,TRAFFIC_CONTROL_DEVICE,DEVICE_CONDITION,WEATHER_CONDITION,LIGHTING_CONDITION,FIRST_CRASH_TYPE,TRAFFICWAY_TYPE,LANE_CNT,ALIGNMENT,ROADWAY_SURFACE_COND,ROAD_DEFECT,REPORT_TYPE,CRASH_TYPE,INTERSECTION_RELATED_I,NOT_RIGHT_OF_WAY_I,HIT_AND_RUN_I,DAMAGE,DATE_POLICE_NOTIFIED,PRIM_CONTRIBUTORY_CAUSE,SEC_CONTRIBUTORY_CAUSE,STREET_NO,STREET_DIRECTION,STREET_NAME,BEAT_OF_OCCURRENCE,PHOTOS_TAKEN_I,STATEMENTS_TAKEN_I,DOORING_I,WORK_ZONE_I,WORK_ZONE_TYPE,WORKERS_PRESENT_I,NUM_UNITS,MOST_SEVERE_INJURY,INJURIES_TOTAL,INJURIES_FATAL,INJURIES_INCAPACITATING,INJURIES_NON_INCAPACITATING,INJURIES_REPORTED_NOT_EVIDENT,INJURIES_NO_INDICATION,INJURIES_UNKNOWN,CRASH_HOUR,CRASH_DAY_OF_WEEK,CRASH_MONTH,LATITUDE,LONGITUDE,LOCATION
JB512576,Y,11/12/2018 12:05:00 AM,25,NO CONTROLS,NO CONTROLS,CLEAR,"DARKNESS, LIGHTED ROAD",PARKED MOTOR VEHICLE,ONE-WAY,3,STRAIGHT AND LEVEL,DRY,NO DEFECTS,ON SCENE,INJURY AND / OR TOW DUE TO CRASH,,,Y,"OVER $1,500",11/12/2018 12:09:00 AM,UNABLE TO DETERMINE,NOT APPLICABLE,3919,N,MAJOR AVE,1633,,,,,,,2,NO INDICATION OF INJURY,0,0,0,0,0,1,0,0,2,11,41.951913217,-87.769254661,POINT (-87.769254661346 41.951913217423)
JB512583,Y,11/11/2018 11:51:00 PM,30,STOP SIGN/FLASHER,NO CONTROLS,CLEAR,"DARKNESS, LIGHTED ROAD",FIXED OBJECT,DIVIDED - W/MEDIAN BARRIER,1,STRAIGHT AND LEVEL,DRY,NO DEFECTS,ON SCENE,INJURY AND / OR TOW DUE TO CRASH,,N,Y,"OVER $1,500",11/11/2018 11:56:00 PM,NOT APPLICABLE,NOT APPLICABLE,299,E,LAKE LOWER ST,114,,,,,,,1,NO INDICATION OF INJURY,0,0,0,0,0,1,0,23,1,11,41.885691595,-87.620788248,POINT (-87.620788247922 41.885691594783)
JB512591,,11/11/2018 11:45:00 PM,30,NO CONTROLS,NO CONTROLS,CLEAR,UNKNOWN,PARKED MOTOR VEHICLE,NOT DIVIDED,2,STRAIGHT AND LEVEL,DRY,NO DEFECTS,ON SCENE,NO INJURY / DRIVE AWAY,,,Y,"OVER $1,500",11/12/2018 12:27:00 AM,UNABLE TO DETERMINE,UNABLE TO DETERMINE,9063,S,EMERALD AVE,2223,,,,,,,2,NO INDICATION OF INJURY,0,0,0,0,0,1,0,23,1,11,41.728830839,-87.642052061,POINT (-87.642052061295 41.728830839379)
JB514214,Y,11/11/2018 11:30:00 PM,30,NO CONTROLS,NO CONTROLS,CLEAR,"DARKNESS, LIGHTED ROAD",PARKED MOTOR VEHICLE,ONE-WAY,,STRAIGHT AND LEVEL,DRY,NO DEFECTS,NOT ON SCENE (DESK REPORT),NO INJURY / DRIVE AWAY,,,,"OVER $1,500",11/13/2018 11:30:00 AM,UNABLE TO DETERMINE,UNABLE TO DETERMINE,4800,S,KARLOV AVE,815,,,,,,,2,NO INDICATION OF INJURY,0,0,0,0,0,1,0,23,1,11,41.805915267,-87.72612296,POINT (-87.726122960049 41.805915266898)
JB513082,Y,11/11/2018 11:00:00 PM,20,NO CONTROLS,NO CONTROLS,CLEAR,UNKNOWN,PARKED MOTOR VEHICLE,ONE-WAY,1,STRAIGHT AND LEVEL,DRY,NO DEFECTS,NOT ON SCENE (DESK REPORT),NO INJURY / DRIVE AWAY,,,Y,"OVER $1,500",11/12/2018 12:30:00 PM,UNABLE TO DETERMINE,UNABLE TO DETERMINE,10907,S,HARDING AVE,2211,,,,,,,2,NO INDICATION OF INJURY,0,0,0,0,0,1,0,23,1,11,41.694617017,-87.719110558,POINT (-87.71911055789 41.694617017269)
JB512548,,11/11/2018 10:58:00 PM,30,STOP SIGN/FLASHER,NO CONTROLS,CLEAR,"DARKNESS, LIGHTED ROAD",PARKED MOTOR VEHICLE,NOT DIVIDED,2,STRAIGHT AND LEVEL,DRY,NO DEFECTS,ON SCENE,INJURY AND / OR TOW DUE TO CRASH,N,,,"OVER $1,500",11/11/2018 10:58:00 PM,UNDER THE INFLUENCE OF ALCOHOL/DRUGS (USE WHEN ARREST IS EFFECTED),PHYSICAL CONDITION OF DRIVER,1300,W,GRANVILLE AVE,2433,,,,,,,4,NO INDICATION OF INJURY,0,0,0,0,0,1,0,22,1,11,41.994634643,-87.662971748,POINT (-87.662971747686 41.994634643447)
JB512551,N,11/11/2018 10:55:00 PM,35,NO CONTROLS,NO CONTROLS,CLEAR,UNKNOWN,PARKED MOTOR VEHICLE,NOT DIVIDED,2,STRAIGHT AND LEVEL,DRY,NO DEFECTS,ON SCENE,INJURY AND / OR TOW DUE TO CRASH,,,,"OVER $1,500",11/11/2018 11:01:00 PM,PHYSICAL CONDITION OF DRIVER,UNABLE TO DETERMINE,4238,S,ARCHER AVE,921,,,,,,,2,NONINCAPACITATING INJURY,2,0,0,2,0,0,0,22,1,11,41.816461413,-87.700613466,POINT (-87.700613466218 41.816461412633)
JB512543,,11/11/2018 10:35:00 PM,30,NO CONTROLS,NO CONTROLS,CLEAR,"DARKNESS, LIGHTED ROAD",PARKED MOTOR VEHICLE,NOT DIVIDED,2,STRAIGHT AND LEVEL,DRY,NO DEFECTS,ON SCENE,INJURY AND / OR TOW DUE TO CRASH,,,,"OVER $1,500",11/11/2018 10:44:00 PM,"OPERATING VEHICLE IN ERRATIC, RECKLESS, CARELESS, NEGLIGENT OR AGGRESSIVE MANNER",UNABLE TO DETERMINE,502,E,103RD ST,511,,,,,,,2,NO INDICATION OF INJURY,0,0,0,0,0,1,0,22,1,11,41.707463227,-87.611187315,POINT (-87.611187314582 41.707463227194)
JB512520,,11/11/2018 10:15:00 PM,25,NO CONTROLS,NO CONTROLS,CLEAR,"DARKNESS, LIGHTED ROAD",PARKED MOTOR VEHICLE,ONE-WAY,1,"CURVE, LEVEL",DRY,NO DEFECTS,ON SCENE,NO INJURY / DRIVE AWAY,,,,$500 OR LESS,11/11/2018 10:30:00 PM,DRIVING SKILLS/KNOWLEDGE/EXPERIENCE,NOT APPLICABLE,4361,N,MOZART ST,1724,,,,,,,2,NO INDICATION OF INJURY,0,0,0,0,0,1,0,22,1,11,41.961152006,-87.69953811,POINT (-87.699538110278 41.96115200642)
JB512526,,11/11/2018 10:13:00 PM,30,TRAFFIC SIGNAL,FUNCTIONING PROPERLY,CLEAR,"DARKNESS, LIGHTED ROAD",PARKED MOTOR VEHICLE,DIVIDED - W/MEDIAN BARRIER,,STRAIGHT AND LEVEL,DRY,NO DEFECTS,ON SCENE,NO INJURY / DRIVE AWAY,N,,Y,$500 OR LESS,11/11/2018 10:15:00 PM,UNABLE TO DETERMINE,NOT APPLICABLE,6116,N,MILWAUKEE AVE,1611,,,,,,,2,NO INDICATION OF INJURY,0,0,0,0,0,1,0,22,1,11,41.992660243,-87.783679319,POINT (-87.783679318816 41.99266024269)
JB512524,,11/11/2018 10:04:00 PM,35,STOP SIGN/FLASHER,FUNCTIONING PROPERLY,CLEAR,"DARKNESS, LIGHTED ROAD",TURNING,NOT DIVIDED,,STRAIGHT AND LEVEL,DRY,NO DEFECTS,ON SCENE,INJURY AND / OR TOW DUE TO CRASH,Y,,,"OVER $1,500",11/11/2018 10:10:00 PM,FAILING TO YIELD RIGHT-OF-WAY,NOT APPLICABLE,2030,E,73RD ST,333,,,,,,,2,NO INDICATION OF INJURY,0,0,0,0,0,2,0,22,1,11,41.762640036,-87.574954198,POINT (-87.574954197982 41.762640035827)
JB512525,,11/11/2018 09:50:00 PM,30,NO CONTROLS,NO CONTROLS,CLEAR,DARKNESS,REAR END,NOT DIVIDED,3,STRAIGHT AND LEVEL,DRY,NO DEFECTS,NOT ON SCENE (DESK REPORT),NO INJURY / DRIVE AWAY,,,,"OVER $1,500",11/11/2018 11:04:00 PM,FOLLOWING TOO CLOSELY,FOLLOWING TOO CLOSELY,9300,S,STONY ISLAND AVE,413,,,,,,,2,NO INDICATION OF INJURY,0,0,0,0,0,2,0,21,1,11,41.7258881,-87.585558786,POINT (-87.585558785787 41.725888099989)
JB513194,,11/11/2018 09:45:00 PM,10,UNKNOWN,UNKNOWN,UNKNOWN,UNKNOWN,PARKED MOTOR VEHICLE,NOT DIVIDED,,STRAIGHT AND LEVEL,UNKNOWN,UNKNOWN,NOT ON SCENE (DESK REPORT),NO INJURY / DRIVE AWAY,,,Y,"OVER $1,500",11/12/2018 02:00:00 PM,UNABLE TO DETERMINE,NOT APPLICABLE,3030,N,BROADWAY,1934,,,,,,,2,NO INDICATION OF INJURY,0,0,0,0,0,1,0,21,1,11,41.937338437,-87.644456472,POINT (-87.644456471505 41.937338437309)
JB512532,,11/11/2018 09:45:00 PM,35,TRAFFIC SIGNAL,FUNCTIONING PROPERLY,CLEAR,"DARKNESS, LIGHTED ROAD",REAR END,NOT DIVIDED,2,STRAIGHT ON GRADE,DRY,NO DEFECTS,ON SCENE,NO INJURY / DRIVE AWAY,Y,,,"OVER $1,500",11/11/2018 10:17:00 PM,FOLLOWING TOO CLOSELY,NOT APPLICABLE,2960,N,PULASKI RD,2523,,,,,,,2,NO INDICATION OF INJURY,0,0,0,0,0,2,0,21,1,11,41.935383714,-87.727225603,POINT (-87.72722560283 41.935383714398)
JB512502,,11/11/2018 09:45:00 PM,30,NO CONTROLS,NO CONTROLS,CLEAR,"DARKNESS, LIGHTED ROAD",TURNING,CENTER TURN LANE,5,STRAIGHT AND LEVEL,DRY,NO DEFECTS,ON SCENE,NO INJURY / DRIVE AWAY,,,,$500 OR LESS,11/11/2018 09:50:00 PM,IMPROPER TURNING/NO SIGNAL,IMPROPER TURNING/NO SIGNAL,5600,W,IRVING PARK RD,1624,,,,,,,2,NO INDICATION OF INJURY,0,0,0,0,0,2,0,21,1,11,41.953292847,-87.767065708,POINT (-87.767065707753 41.953292847298)
JB512768,,11/11/2018 09:40:00 PM,30,NO CONTROLS,NO CONTROLS,CLEAR,"DARKNESS, LIGHTED ROAD",SIDESWIPE SAME DIRECTION,ONE-WAY,1,STRAIGHT AND LEVEL,DRY,NO DEFECTS,NOT ON SCENE (DESK REPORT),NO INJURY / DRIVE AWAY,,,,$500 OR LESS,11/12/2018 09:00:00 AM,UNABLE TO DETERMINE,NOT APPLICABLE,5,S,KARLOV AVE,1115,,,,,,,2,NO INDICATION OF INJURY,0,0,0,0,0,2,0,21,1,11,41.880505386,-87.727966499,POINT (-87.727966499162 41.880505386313)
JB512542,,11/11/2018 09:30:00 PM,30,NO CONTROLS,NO CONTROLS,CLEAR,"DARKNESS, LIGHTED ROAD",PARKED MOTOR VEHICLE,PARKING LOT,,STRAIGHT AND LEVEL,DRY,NO DEFECTS,ON SCENE,NO INJURY / DRIVE AWAY,,,Y,"$501 - $1,500",11/11/2018 09:44:00 PM,NOT APPLICABLE,NOT APPLICABLE,101,S,HALSTED ST,1232,,,,,,,2,NO INDICATION OF INJURY,0,0,0,0,0,1,0,21,1,11,41.880430755,-87.647173152,POINT (-87.647173152176 41.880430754571)
JB512517,,11/11/2018 09:25:00 PM,35,NO CONTROLS,NO CONTROLS,CLEAR,"DARKNESS, LIGHTED ROAD",SIDESWIPE SAME DIRECTION,NOT DIVIDED,4,STRAIGHT AND LEVEL,DRY,NO DEFECTS,ON SCENE,INJURY AND / OR TOW DUE TO CRASH,,,,"OVER $1,500",11/11/2018 09:28:00 PM,"OPERATING VEHICLE IN ERRATIC, RECKLESS, CARELESS, NEGLIGENT OR AGGRESSIVE MANNER",UNABLE TO DETERMINE,3000,E,106TH ST,431,,,,,,,2,NONINCAPACITATING INJURY,2,0,0,2,0,0,0,21,1,11,41.702874625,-87.551105519,POINT (-87.551105518947 41.702874625099)
JB512472,,11/11/2018 08:45:00 PM,30,TRAFFIC SIGNAL,FUNCTIONING PROPERLY,CLEAR,"DARKNESS, LIGHTED ROAD",TURNING,DIVIDED - W/MEDIAN (NOT RAISED),2,STRAIGHT AND LEVEL,DRY,UNKNOWN,ON SCENE,INJURY AND / OR TOW DUE TO CRASH,Y,,,"OVER $1,500",11/11/2018 08:50:00 PM,DRIVING SKILLS/KNOWLEDGE/EXPERIENCE,UNABLE TO DETERMINE,8455,S,VINCENNES AVE,622,,,,,,,2,NONINCAPACITATING INJURY,2,0,0,2,0,1,0,20,1,11,41.739980956,-87.63930393,POINT (-87.639303930287 41.73998095563)
JB512459,,11/11/2018 08:40:00 PM,30,TRAFFIC SIGNAL,FUNCTIONING PROPERLY,CLEAR,"DARKNESS, LIGHTED ROAD",REAR END,NOT DIVIDED,2,STRAIGHT AND LEVEL,DRY,NO DEFECTS,ON SCENE,NO INJURY / DRIVE AWAY,,,,"$501 - $1,500",11/11/2018 08:45:00 PM,FOLLOWING TOO CLOSELY,NOT APPLICABLE,1941,W,99TH ST,2213,,,,,,,2,NO INDICATION OF INJURY,0,0,0,0,0,2,0,20,1,11,41.713722933,-87.670463175,POINT (-87.670463175378 41.713722932578)
JB513640,,11/11/2018 08:32:00 PM,30,TRAFFIC SIGNAL,FUNCTIONING PROPERLY,CLEAR,"DARKNESS, LIGHTED ROAD",TURNING,DIVIDED - W/MEDIAN (NOT RAISED),4,STRAIGHT AND LEVEL,DRY,NO DEFECTS,NOT ON SCENE (DESK REPORT),NO INJURY / DRIVE AWAY,,,,"$501 - $1,500",11/12/2018 07:45:00 PM,DISREGARDING TRAFFIC SIGNALS,UNABLE TO DETERMINE,2932,W,DEVON AVE,2412,,,,,,,2,NO INDICATION OF INJURY,0,0,0,0,0,2,0,20,1,11,41.997606041,-87.703358002,POINT (-87.703358001624 41.997606041215)
JB512590,,11/11/2018 08:15:00 PM,30,NO CONTROLS,NO CONTROLS,CLEAR,"DARKNESS, LIGHTED ROAD",SIDESWIPE SAME DIRECTION,ONE-WAY,2,STRAIGHT AND LEVEL,DRY,NO DEFECTS,NOT ON SCENE (DESK REPORT),NO INJURY / DRIVE AWAY,,,,"OVER $1,500",11/12/2018 12:25:00 AM,UNABLE TO DETERMINE,UNABLE TO DETERMINE,8,W,MAPLE ST,1824,,,,,,,2,NO INDICATION OF INJURY,0,0,0,0,0,3,0,20,1,11,41.901989821,-87.628677419,POINT (-87.628677418744 41.901989821034)
JB513276,,11/11/2018 08:00:00 PM,30,NO CONTROLS,UNKNOWN,CLEAR,DAYLIGHT,PARKED MOTOR VEHICLE,DIVIDED - W/MEDIAN (NOT RAISED),2,STRAIGHT AND LEVEL,DRY,NO DEFECTS,NOT ON SCENE (DESK REPORT),NO INJURY / DRIVE AWAY,,,,"OVER $1,500",11/12/2018 03:01:00 PM,FOLLOWING TOO CLOSELY,FOLLOWING TOO CLOSELY,4400,W,ARMITAGE AVE,2522,,,,,,,2,NO INDICATION OF INJURY,0,0,0,0,0,1,0,20,1,11,41.917153949,-87.73639149,POINT (-87.736391489951 41.917153949114)
JB512430,,11/11/2018 08:00:00 PM,30,TRAFFIC SIGNAL,FUNCTIONING PROPERLY,CLEAR,"DARKNESS, LIGHTED ROAD",REAR END,DIVIDED - W/MEDIAN (NOT RAISED),4,STRAIGHT AND LEVEL,DRY,NO DEFECTS,ON SCENE,NO INJURY / DRIVE AWAY,,,Y,"OVER $1,500",11/11/2018 08:05:00 PM,FOLLOWING TOO CLOSELY,FOLLOWING TOO CLOSELY,4199,N,CENTRAL AVE,1624,,,,,,,2,NO INDICATION OF INJURY,0,0,0,0,0,2,0,20,1,11,41.956743529,-87.766972823,POINT (-87.766972823258 41.956743528632)
JB512420,,11/11/2018 07:58:00 PM,30,NO CONTROLS,NO CONTROLS,CLEAR,"DARKNESS, LIGHTED ROAD",ANGLE,DIVIDED - W/MEDIAN (NOT RAISED),2,STRAIGHT AND LEVEL,DRY,NO DEFECTS,ON SCENE,INJURY AND / OR TOW DUE TO CRASH,Y,,,"OVER $1,500",11/11/2018 07:58:00 PM,EXCEEDING SAFE SPEED FOR CONDITIONS,DRIVING SKILLS/KNOWLEDGE/EXPERIENCE,9600,S,JEFFERY AVE,431,,,,,,,2,NONINCAPACITATING INJURY,3,0,0,3,0,0,0,19,1,11,41.720549983,-87.575457813,POINT (-87.575457813077 41.720549983305)
JB512413,,11/11/2018 07:40:00 PM,30,NO CONTROLS,NO CONTROLS,CLEAR,"DARKNESS, LIGHTED ROAD",PARKED MOTOR VEHICLE,NOT DIVIDED,,STRAIGHT AND LEVEL,DRY,NO DEFECTS,ON SCENE,INJURY AND / OR TOW DUE TO CRASH,,,,"OVER $1,500",11/11/2018 07:41:00 PM,HAD BEEN DRINKING (USE WHEN ARREST IS NOT MADE),DRIVING SKILLS/KNOWLEDGE/EXPERIENCE,13210,S,AVENUE M,433,,,,,,,4,NO INDICATION OF INJURY,0,0,0,0,0,1,0,19,1,11,41.655032189,-87.537615987,POINT (-87.537615986566 41.655032188927)
JB512414,,11/11/2018 07:35:00 PM,30,TRAFFIC SIGNAL,FUNCTIONING PROPERLY,CLEAR,"DARKNESS, LIGHTED ROAD",REAR END,NOT DIVIDED,,STRAIGHT AND LEVEL,DRY,NO DEFECTS,ON SCENE,NO INJURY / DRIVE AWAY,,,,"OVER $1,500",11/11/2018 07:40:00 PM,FOLLOWING TOO CLOSELY,FAILING TO REDUCE SPEED TO AVOID CRASH,2839,W,TOUHY AVE,2411,,,,,,,4,NO INDICATION OF INJURY,0,0,0,0,0,6,0,19,1,11,42.011924828,-87.701230457,POINT (-87.701230457125 42.011924827736)
JB512396,,11/11/2018 07:32:00 PM,30,TRAFFIC SIGNAL,FUNCTIONING PROPERLY,CLEAR,"DARKNESS, LIGHTED ROAD",TURNING,NOT DIVIDED,2,STRAIGHT AND LEVEL,DRY,NO DEFECTS,ON SCENE,INJURY AND / OR TOW DUE TO CRASH,Y,,,"OVER $1,500",11/11/2018 07:32:00 PM,FAILING TO YIELD RIGHT-OF-WAY,NOT APPLICABLE,7500,S,SOUTH CHICAGO AVE,624,,,,,,,2,"REPORTED, NOT EVIDENT",1,0,0,0,1,1,0,19,1,11,41.758609006,-87.595721361,POINT (-87.595721360538 41.758609006103)
JB513583,,11/11/2018 07:30:00 PM,30,TRAFFIC SIGNAL,UNKNOWN,CLEAR,DARKNESS,TURNING,ONE-WAY,2,STRAIGHT AND LEVEL,DRY,UNKNOWN,NOT ON SCENE (DESK REPORT),NO INJURY / DRIVE AWAY,,,,$500 OR LESS,11/12/2018 07:10:00 PM,UNABLE TO DETERMINE,UNABLE TO DETERMINE,11248,S,MARSHFIELD AVE,2234,,,,,,,2,NO INDICATION OF INJURY,0,0,0,0,0,2,0,19,1,11,41.688940492,-87.662155346,POINT (-87.662155346319 41.688940491891)
JB512453,,11/11/2018 07:30:00 PM,30,STOP SIGN/FLASHER,FUNCTIONING PROPERLY,CLEAR,DARKNESS,REAR END,DIVIDED - W/MEDIAN (NOT RAISED),,STRAIGHT AND LEVEL,DRY,NO DEFECTS,NOT ON SCENE (DESK REPORT),NO INJURY / DRIVE AWAY,Y,,,"OVER $1,500",11/11/2018 08:45:00 PM,UNABLE TO DETERMINE,UNABLE TO DETERMINE,5127,W,DIVISION ST,1531,,,,,,,2,NO INDICATION OF INJURY,0,0,0,0,0,2,0,19,1,11,41.902154236,-87.754409613,POINT (-87.754409613174 41.902154236388)
JB512442,,11/11/2018 07:30:00 PM,30,NO CONTROLS,NO CONTROLS,CLEAR,"DARKNESS, LIGHTED ROAD",PARKED MOTOR VEHICLE,NOT DIVIDED,,STRAIGHT AND LEVEL,DRY,NO DEFECTS,NOT ON SCENE (DESK REPORT),NO INJURY / DRIVE AWAY,,,,"$501 - $1,500",11/11/2018 08:45:00 PM,IMPROPER OVERTAKING/PASSING,FAILING TO REDUCE SPEED TO AVOID CRASH,5131,W,DIVISION ST,1531,,,,,,,2,NO INDICATION OF INJURY,0,0,0,0,0,2,0,19,1,11,41.902152807,-87.754610943,POINT (-87.754610942564 41.902152807029)
JB512408,,11/11/2018 07:30:00 PM,15,NO CONTROLS,NO CONTROLS,CLEAR,"DARKNESS, LIGHTED ROAD",PARKED MOTOR VEHICLE,PARKING LOT,0,STRAIGHT AND LEVEL,DRY,NO DEFECTS,NOT ON SCENE (DESK REPORT),NO INJURY / DRIVE AWAY,,,,"OVER $1,500",11/11/2018 07:45:00 PM,IMPROPER BACKING,UNABLE TO DETERMINE,7116,S,SOUTH CHICAGO AVE,323,,,,,,,2,NO INDICATION OF INJURY,0,0,0,0,0,4,0,19,1,11,41.765414626,-87.60514864,POINT (-87.605148639593 41.765414625972)
JB512407,,11/11/2018 07:30:00 PM,30,TRAFFIC SIGNAL,FUNCTIONING PROPERLY,CLEAR,"DARKNESS, LIGHTED ROAD",REAR END,DIVIDED - W/MEDIAN (NOT RAISED),2,STRAIGHT AND LEVEL,DRY,NO DEFECTS,NOT ON SCENE (DESK REPORT),NO INJURY / DRIVE AWAY,,,Y,"$501 - $1,500",11/11/2018 07:59:00 PM,FOLLOWING TOO CLOSELY,DRIVING SKILLS/KNOWLEDGE/EXPERIENCE,3700,W,55TH ST,822,,,,,,,2,NO INDICATION OF INJURY,0,0,0,0,0,5,0,19,1,11,41.793421958,-87.715874652,POINT (-87.715874651747 41.793421958324)
JB512401,,11/11/2018 07:15:00 PM,35,TRAFFIC SIGNAL,FUNCTIONING PROPERLY,CLEAR,"DARKNESS, LIGHTED ROAD",SIDESWIPE SAME DIRECTION,NOT DIVIDED,4,STRAIGHT AND LEVEL,DRY,NO DEFECTS,ON SCENE,NO INJURY / DRIVE AWAY,Y,,,"$501 - $1,500",11/11/2018 08:00:00 PM,IMPROPER OVERTAKING/PASSING,IMPROPER TURNING/NO SIGNAL,630,W,LAKE ST,1214,,,,,,,2,NO INDICATION OF INJURY,0,0,0,0,0,2,0,19,1,11,41.88580702,-87.644171895,POINT (-87.644171894657 41.885807019662)
JB512391,,11/11/2018 07:12:00 PM,30,NO CONTROLS,NO CONTROLS,CLEAR,DARKNESS,ANGLE,NOT DIVIDED,2,STRAIGHT AND LEVEL,DRY,UNKNOWN,ON SCENE,INJURY AND / OR TOW DUE TO CRASH,Y,,,"OVER $1,500",11/11/2018 07:15:00 PM,UNABLE TO DETERMINE,UNABLE TO DETERMINE,5722,W,WASHINGTON BLVD,1512,,,,,,,3,"REPORTED, NOT EVIDENT",4,0,0,0,4,1,0,19,1,11,41.882286263,-87.76922765,POINT (-87.769227650309 41.882286263098)
JB512382,,11/11/2018 07:12:00 PM,25,NO CONTROLS,NO CONTROLS,CLEAR,"DARKNESS, LIGHTED ROAD",PARKED MOTOR VEHICLE,ONE-WAY,1,STRAIGHT AND LEVEL,DRY,NO DEFECTS,NOT ON SCENE (DESK REPORT),NO INJURY / DRIVE AWAY,,,Y,"OVER $1,500",11/11/2018 07:20:00 PM,IMPROPER LANE USAGE,UNABLE TO DETERMINE,10336,S,WALDEN PKWY,2212,,,,,,,2,NO INDICATION OF INJURY,0,0,0,0,0,1,0,19,1,11,41.705513886,-87.669402463,POINT (-87.669402462926 41.705513886234)
JB512550,,11/11/2018 07:10:00 PM,30,NO CONTROLS,NO CONTROLS,CLEAR,"DARKNESS, LIGHTED ROAD",TURNING,NOT DIVIDED,4,STRAIGHT AND LEVEL,DRY,NO DEFECTS,NOT ON SCENE (DESK REPORT),NO INJURY / DRIVE AWAY,,,,"OVER $1,500",11/11/2018 11:10:00 PM,FOLLOWING TOO CLOSELY,NOT APPLICABLE,11230,S,MARSHFIELD AVE,2234,,,,,,,2,NO INDICATION OF INJURY,0,0,0,0,0,2,0,19,1,11,41.689369754,-87.661999768,POINT (-87.66199976804 41.689369754323)
JB512379,,11/11/2018 07:05:00 PM,25,NO CONTROLS,NO CONTROLS,CLEAR,DARKNESS,TURNING,PARKING LOT,1,STRAIGHT AND LEVEL,DRY,NO DEFECTS,ON SCENE,NO INJURY / DRIVE AWAY,,,,"$501 - $1,500",11/11/2018 07:07:00 PM,IMPROPER TURNING/NO SIGNAL,FAILING TO YIELD RIGHT-OF-WAY,524,W,OHARE ST,1654,,,,,,,2,NO INDICATION OF INJURY,0,0,0,0,0,2,0,19,1,11,,,
JB512390,,11/11/2018 06:40:00 PM,30,NO CONTROLS,NO CONTROLS,CLEAR,DARKNESS,SIDESWIPE SAME DIRECTION,DIVIDED - W/MEDIAN (NOT RAISED),,STRAIGHT AND LEVEL,DRY,NO DEFECTS,NOT ON SCENE (DESK REPORT),NO INJURY / DRIVE AWAY,,,,"OVER $1,500",11/11/2018 07:42:00 PM,FOLLOWING TOO CLOSELY,NOT APPLICABLE,7355,S,CICERO AVE,833,,,,,,,2,NO INDICATION OF INJURY,0,0,0,0,0,2,0,18,1,11,41.759082041,-87.741551177,POINT (-87.741551177085 41.759082041173)
JB512385,,11/11/2018 06:30:00 PM,20,STOP SIGN/FLASHER,UNKNOWN,UNKNOWN,UNKNOWN,TURNING,NOT DIVIDED,,STRAIGHT AND LEVEL,UNKNOWN,UNKNOWN,NOT ON SCENE (DESK REPORT),NO INJURY / DRIVE AWAY,Y,,,"OVER $1,500",11/11/2018 07:30:00 PM,FAILING TO YIELD RIGHT-OF-WAY,FAILING TO REDUCE SPEED TO AVOID CRASH,2628,W,TOUHY AVE,2411,,Y,,,,,2,NO INDICATION OF INJURY,0,0,0,0,0,2,0,18,1,11,42.012259334,-87.696172524,POINT (-87.696172523509 42.012259334394)
JB512361,,11/11/2018 06:30:00 PM,30,NO CONTROLS,NO CONTROLS,CLEAR,"DARKNESS, LIGHTED ROAD",ANGLE,PARKING LOT,,STRAIGHT AND LEVEL,DRY,NO DEFECTS,NOT ON SCENE (DESK REPORT),NO INJURY / DRIVE AWAY,,Y,,"OVER $1,500",11/11/2018 07:30:00 PM,UNABLE TO DETERMINE,UNABLE TO DETERMINE,1233,W,99TH ST,2213,,,,,,,2,NO INDICATION OF INJURY,0,0,0,0,0,2,0,18,1,11,41.713961704,-87.654045746,POINT (-87.654045745827 41.713961704164)
JB512335,,11/11/2018 06:20:00 PM,30,TRAFFIC SIGNAL,FUNCTIONING PROPERLY,CLEAR,"DARKNESS, LIGHTED ROAD",SIDESWIPE SAME DIRECTION,NOT DIVIDED,,STRAIGHT AND LEVEL,DRY,NO DEFECTS,ON SCENE,NO INJURY / DRIVE AWAY,,,,"$501 - $1,500",11/11/2018 06:25:00 PM,DISTRACTION - FROM INSIDE VEHICLE,DISTRACTION - FROM INSIDE VEHICLE,1257,S,MICHIGAN AVE,132,,,,,,,2,NO INDICATION OF INJURY,0,0,0,0,0,4,0,18,1,11,41.865923411,-87.623968923,POINT (-87.623968922536 41.865923411086)
JB512330,,11/11/2018 06:16:00 PM,20,NO CONTROLS,NO CONTROLS,CLEAR,"DARKNESS, LIGHTED ROAD",PARKED MOTOR VEHICLE,ONE-WAY,1,STRAIGHT AND LEVEL,DRY,NO DEFECTS,ON SCENE,INJURY AND / OR TOW DUE TO CRASH,,,,"OVER $1,500",11/11/2018 06:18:00 PM,DISTRACTION - FROM OUTSIDE VEHICLE,NOT APPLICABLE,12348,S,EMERALD AVE,523,,Y,,,,,3,"REPORTED, NOT EVIDENT",1,0,0,0,1,4,0,18,1,11,41.669100255,-87.640563536,POINT (-87.640563536017 41.66910025501)