RD_NO,CRASH_DATE_EST_I,CRASH_DATE,POSTED_SPEED_LIMIT,TRAFFIC_CONTROL_DEVICE,DEVICE_CONDITION,WEATHER_CONDITION,LIGHTING_CONDITION,FIRST_CRASH_TYPE,TRAFFICWAY_TYPE,LANE_CNT,ALIGNMENT,ROADWAY_SURFACE_COND,ROAD_DEFECT,REPORT_TYPE,CRASH_TYPE,INTERSECTION_RELATED_I,NOT_RIGHT_OF_WAY_I,HIT_AND_RUN_I,DAMAGE,DATE_POLICE_NOTIFIED,PRIM_CONTRIBUTORY_CAUSE,SEC_CONTRIBUTORY_CAUSE,STREET_NO,STREET_DIRECTION,STREET_NAME,BEAT_OF_OCCURRENCE,PHOTOS_TAKEN_I,STATEMENTS_TAKEN_I,DOORING_I,WORK_ZONE_I,WORK_ZONE_TYPE,WORKERS_PRESENT_I,NUM_UNITS,MOST_SEVERE_INJURY,INJURIES_TOTAL,INJURIES_FATAL,INJURIES_INCAPACITATING,INJURIES_NON_INCAPACITATING,INJURIES_REPORTED_NOT_EVIDENT,INJURIES_NO_INDICATION,INJURIES_UNKNOWN,CRASH_HOUR,CRASH_DAY_OF_WEEK,CRASH_MONTH,LATITUDE,LONGITUDE,LOCATION
JB512329,,11/11/2018 06:16:00 PM,30,STOP SIGN/FLASHER,FUNCTIONING PROPERLY,CLEAR,"DARKNESS, LIGHTED ROAD",PEDESTRIAN,DIVIDED - W/MEDIAN (NOT RAISED),,STRAIGHT AND LEVEL,DRY,NO DEFECTS,ON SCENE,INJURY AND / OR TOW DUE TO CRASH,,,,$500 OR LESS,11/11/2018 06:21:00 PM,NOT APPLICABLE,NOT APPLICABLE,3700,N,LAKE SHORE DR,1925,,,,,,,2,INCAPACITATING INJURY,1,0,1,0,0,1,0,18,1,11,41.95049927,-87.644749051,POINT (-87.644749051362 41.950499269971)
JB512366,,11/11/2018 06:15:00 PM,30,TRAFFIC SIGNAL,FUNCTIONING PROPERLY,CLEAR,"DARKNESS, LIGHTED ROAD",TURNING,DIVIDED - W/MEDIAN (NOT RAISED),,STRAIGHT AND LEVEL,DRY,NO DEFECTS,ON SCENE,NO INJURY / DRIVE AWAY,,,Y,"OVER $1,500",11/11/2018 06:42:00 PM,UNABLE TO DETERMINE,NOT APPLICABLE,1355,E,47TH ST,222,,,,,,,2,NO INDICATION OF INJURY,0,0,0,0,0,3,0,18,1,11,41.809571156,-87.59321,POINT (-87.593210000003 41.809571156103)
JB512364,N,11/11/2018 06:15:00 PM,25,NO CONTROLS,NO CONTROLS,CLEAR,DARKNESS,TURNING,DIVIDED - W/MEDIAN (NOT RAISED),,STRAIGHT AND LEVEL,DRY,NO DEFECTS,NOT ON SCENE (DESK REPORT),NO INJURY / DRIVE AWAY,,,,"$501 - $1,500",11/11/2018 07:00:00 PM,IMPROPER OVERTAKING/PASSING,IMPROPER LANE USAGE,32,E,75TH ST,323,,,,,,,2,NO INDICATION OF INJURY,0,0,0,0,0,2,0,18,1,11,41.758368219,-87.623325619,POINT (-87.623325618988 41.758368219095)
JB512362,,11/11/2018 06:15:00 PM,20,NO CONTROLS,NO CONTROLS,CLEAR,DAYLIGHT,ANGLE,PARKING LOT,,STRAIGHT AND LEVEL,DRY,NO DEFECTS,NOT ON SCENE (DESK REPORT),NO INJURY / DRIVE AWAY,,,,"OVER $1,500",11/11/2018 07:00:00 PM,IMPROPER BACKING,FAILING TO REDUCE SPEED TO AVOID CRASH,2640,N,NARRAGANSETT AVE,2512,,,,,,,2,NO INDICATION OF INJURY,0,0,0,0,0,2,0,18,1,11,41.928562731,-87.785771164,POINT (-87.785771164063 41.928562731072)
JB512310,,11/11/2018 06:08:00 PM,30,NO CONTROLS,NO CONTROLS,CLEAR,"DARKNESS, LIGHTED ROAD",SIDESWIPE SAME DIRECTION,NOT DIVIDED,2,STRAIGHT AND LEVEL,DRY,NO DEFECTS,ON SCENE,NO INJURY / DRIVE AWAY,,,,"OVER $1,500",11/11/2018 06:10:00 PM,DRIVING SKILLS/KNOWLEDGE/EXPERIENCE,UNABLE TO DETERMINE,3040,W,PERSHING RD,911,,Y,,,,,2,NO INDICATION OF INJURY,0,0,0,0,0,3,0,18,1,11,41.822765824,-87.701197059,POINT (-87.701197059274 41.822765824363)
JB512321,,11/11/2018 06:04:00 PM,30,TRAFFIC SIGNAL,FUNCTIONING PROPERLY,CLEAR,DARKNESS,REAR END,DIVIDED - W/MEDIAN (NOT RAISED),2,STRAIGHT AND LEVEL,DRY,UNKNOWN,ON SCENE,INJURY AND / OR TOW DUE TO CRASH,,,,$500 OR LESS,11/11/2018 06:06:00 PM,CELL PHONE USE OTHER THAN TEXTING,UNABLE TO DETERMINE,456,N,CENTRAL AVE,1512,,N,,,,,3,NO INDICATION OF INJURY,0,0,0,0,0,5,0,18,1,11,41.889207865,-87.76532469,POINT (-87.765324690121 41.889207865361)
JB512493,,11/11/2018 06:03:00 PM,30,NO CONTROLS,NO CONTROLS,CLEAR,DUSK,ANGLE,PARKING LOT,,STRAIGHT AND LEVEL,DRY,NO DEFECTS,NOT ON SCENE (DESK REPORT),NO INJURY / DRIVE AWAY,,,,"$501 - $1,500",11/11/2018 09:30:00 PM,UNABLE TO DETERMINE,NOT APPLICABLE,9906,S,VINCENNES AVE,2213,,,,,,,2,NO INDICATION OF INJURY,0,0,0,0,0,3,0,18,1,11,41.713822824,-87.653570224,POINT (-87.653570223783 41.713822824012)
JB512371,,11/11/2018 05:57:00 PM,30,NO CONTROLS,NO CONTROLS,CLEAR,DUSK,ANGLE,NOT DIVIDED,,STRAIGHT AND LEVEL,DRY,NO DEFECTS,ON SCENE,NO INJURY / DRIVE AWAY,,,,"OVER $1,500",11/11/2018 06:50:00 PM,FAILING TO YIELD RIGHT-OF-WAY,NOT APPLICABLE,6600,S,DR MARTIN LUTHER KING JR DR,312,,,,,,,2,NO INDICATION OF INJURY,0,0,0,0,0,2,0,17,1,11,41.774693459,-87.615636822,POINT (-87.615636821647 41.774693459289)
JB512312,,11/11/2018 05:46:00 PM,30,NO CONTROLS,NO CONTROLS,CLEAR,"DARKNESS, LIGHTED ROAD",SIDESWIPE SAME DIRECTION,NOT DIVIDED,,STRAIGHT AND LEVEL,DRY,NO DEFECTS,NOT ON SCENE (DESK REPORT),NO INJURY / DRIVE AWAY,,,,"$501 - $1,500",11/11/2018 06:17:00 PM,UNABLE TO DETERMINE,NOT APPLICABLE,9502,S,COLFAX AVE,431,,,,,,,2,NO INDICATION OF INJURY,0,0,0,0,0,4,0,17,1,11,41.722523034,-87.560865763,POINT (-87.560865763138 41.72252303439)
JB512304,,11/11/2018 05:45:00 PM,30,TRAFFIC SIGNAL,FUNCTIONING PROPERLY,CLEAR,DARKNESS,REAR END,NOT DIVIDED,3,STRAIGHT AND LEVEL,UNKNOWN,UNKNOWN,NOT ON SCENE (DESK REPORT),NO INJURY / DRIVE AWAY,Y,,,$500 OR LESS,11/11/2018 05:55:00 PM,FOLLOWING TOO CLOSELY,FOLLOWING TOO CLOSELY,959,W,DIVERSEY PKWY,1935,,,,,,,2,NO INDICATION OF INJURY,0,0,0,0,0,3,0,17,1,11,41.932529539,-87.653793853,POINT (-87.653793853134 41.932529539391)
JB512293,,11/11/2018 05:45:00 PM,25,TRAFFIC SIGNAL,FUNCTIONING PROPERLY,CLEAR,DARKNESS,SIDESWIPE SAME DIRECTION,NOT DIVIDED,,STRAIGHT AND LEVEL,DRY,NO DEFECTS,NOT ON SCENE (DESK REPORT),NO INJURY / DRIVE AWAY,Y,,,"OVER $1,500",11/11/2018 06:04:00 PM,UNABLE TO DETERMINE,NOT APPLICABLE,648,W,18TH ST,1235,,,,,,,2,NO INDICATION OF INJURY,0,0,0,0,0,3,0,17,1,11,41.857699969,-87.643803698,POINT (-87.643803698083 41.857699968972)
JB512302,,11/11/2018 05:40:00 PM,30,NO CONTROLS,NO CONTROLS,CLEAR,"DARKNESS, LIGHTED ROAD",SIDESWIPE SAME DIRECTION,NOT DIVIDED,2,STRAIGHT AND LEVEL,DRY,NO DEFECTS,ON SCENE,NO INJURY / DRIVE AWAY,N,,,"OVER $1,500",11/11/2018 05:43:00 PM,UNABLE TO DETERMINE,UNABLE TO DETERMINE,1629,W,IRVING PARK RD,1922,,,,,,,2,NO INDICATION OF INJURY,0,0,0,0,0,2,0,17,1,11,41.954163918,-87.67021291,POINT (-87.670212910048 41.954163918342)
JB512298,,11/11/2018 05:40:00 PM,30,NO CONTROLS,NO CONTROLS,RAIN,"DARKNESS, LIGHTED ROAD",REAR END,NOT DIVIDED,4,STRAIGHT AND LEVEL,DRY,NO DEFECTS,ON SCENE,INJURY AND / OR TOW DUE TO CRASH,,,,"OVER $1,500",11/11/2018 05:40:00 PM,FAILING TO REDUCE SPEED TO AVOID CRASH,UNABLE TO DETERMINE,3532,S,PULASKI RD,1031,,,,,,,2,NONINCAPACITATING INJURY,2,0,0,2,0,2,0,17,1,11,41.829372292,-87.724333495,POINT (-87.724333494935 41.829372291872)
JB512339,,11/11/2018 05:31:00 PM,30,NO CONTROLS,NO CONTROLS,CLEAR,"DARKNESS, LIGHTED ROAD",TURNING,NOT DIVIDED,,STRAIGHT AND LEVEL,DRY,NO DEFECTS,NOT ON SCENE (DESK REPORT),NO INJURY / DRIVE AWAY,,,Y,"$501 - $1,500",11/11/2018 06:54:00 PM,IMPROPER BACKING,FAILING TO REDUCE SPEED TO AVOID CRASH,4229,W,FULLERTON AVE,2522,,,,,,,2,NO INDICATION OF INJURY,0,0,0,0,0,2,0,17,1,11,41.924302392,-87.732827376,POINT (-87.732827376344 41.924302391717)
JB512686,N,11/11/2018 05:30:00 PM,25,NO CONTROLS,UNKNOWN,UNKNOWN,UNKNOWN,PARKED MOTOR VEHICLE,ONE-WAY,1,STRAIGHT AND LEVEL,UNKNOWN,UNKNOWN,NOT ON SCENE (DESK REPORT),NO INJURY / DRIVE AWAY,,,,"OVER $1,500",11/12/2018 08:00:00 AM,IMPROPER BACKING,NOT APPLICABLE,4928,W,MONTANA ST,2521,,,,,,,2,NO INDICATION OF INJURY,0,0,0,0,0,1,0,17,1,11,41.925252046,-87.749997976,POINT (-87.749997975531 41.925252045569)
JB512400,,11/11/2018 05:30:00 PM,25,TRAFFIC SIGNAL,FUNCTIONING PROPERLY,CLEAR,DARKNESS,REAR END,NOT DIVIDED,,STRAIGHT AND LEVEL,DRY,NO DEFECTS,NOT ON SCENE (DESK REPORT),NO INJURY / DRIVE AWAY,Y,,Y,"OVER $1,500",11/11/2018 07:54:00 PM,FAILING TO YIELD RIGHT-OF-WAY,NOT APPLICABLE,398,S,MICHIGAN AVE,113,,,,,,,2,NO INDICATION OF INJURY,0,0,0,0,0,3,0,17,1,11,41.877066783,-87.62443921,POINT (-87.624439210263 41.877066783143)
JB512332,,11/11/2018 05:30:00 PM,30,TRAFFIC SIGNAL,FUNCTIONING PROPERLY,CLEAR,"DARKNESS, LIGHTED ROAD",TURNING,OTHER,3,STRAIGHT AND LEVEL,DRY,NO DEFECTS,NOT ON SCENE (DESK REPORT),NO INJURY / DRIVE AWAY,Y,,Y,"OVER $1,500",11/11/2018 06:41:00 PM,UNABLE TO DETERMINE,DISREGARDING TRAFFIC SIGNALS,2401,W,VAN BUREN ST,1135,,,,,,,2,NO INDICATION OF INJURY,0,0,0,0,0,2,0,17,1,11,41.875972531,-87.686329488,POINT (-87.686329487776 41.875972530571)
JB512323,,11/11/2018 05:30:00 PM,30,NO CONTROLS,NO CONTROLS,CLEAR,DARKNESS,PARKED MOTOR VEHICLE,PARKING LOT,2,STRAIGHT AND LEVEL,DRY,NO DEFECTS,NOT ON SCENE (DESK REPORT),NO INJURY / DRIVE AWAY,,,Y,"$501 - $1,500",11/11/2018 06:28:00 PM,UNABLE TO DETERMINE,UNABLE TO DETERMINE,10900,S,DOTY AVE W,513,,,,,,,2,NO INDICATION OF INJURY,0,0,0,0,0,1,0,17,1,11,41.696313684,-87.596632244,POINT (-87.596632243933 41.696313683973)
JB512295,,11/11/2018 05:30:00 PM,30,NO CONTROLS,NO CONTROLS,CLEAR,DARKNESS,REAR END,NOT DIVIDED,2,STRAIGHT AND LEVEL,DRY,NO DEFECTS,NOT ON SCENE (DESK REPORT),NO INJURY / DRIVE AWAY,,,,"OVER $1,500",11/11/2018 05:50:00 PM,FOLLOWING TOO CLOSELY,NOT APPLICABLE,3200,N,HARLEM AVE,1631,,,,,,,2,NO INDICATION OF INJURY,0,0,0,0,0,2,0,17,1,11,41.938084468,-87.806896749,POINT (-87.806896748879 41.938084468222)
JB512289,,11/11/2018 05:30:00 PM,30,TRAFFIC SIGNAL,FUNCTIONING PROPERLY,CLEAR,"DARKNESS, LIGHTED ROAD",TURNING,NOT DIVIDED,,STRAIGHT AND LEVEL,DRY,NO DEFECTS,NOT ON SCENE (DESK REPORT),NO INJURY / DRIVE AWAY,Y,,,"$501 - $1,500",11/11/2018 05:52:00 PM,UNABLE TO DETERMINE,UNABLE TO DETERMINE,364,N,MICHIGAN AVE,111,,,,,,,2,NO INDICATION OF INJURY,0,0,0,0,0,2,0,17,1,11,41.888343528,-87.624648761,POINT (-87.624648761452 41.888343528092)
JB512274,,11/11/2018 05:23:00 PM,30,NO CONTROLS,NO CONTROLS,CLEAR,"DARKNESS, LIGHTED ROAD",SIDESWIPE SAME DIRECTION,NOT DIVIDED,,STRAIGHT AND LEVEL,DRY,NO DEFECTS,NOT ON SCENE (DESK REPORT),NO INJURY / DRIVE AWAY,,,,"$501 - $1,500",11/11/2018 06:10:00 PM,IMPROPER OVERTAKING/PASSING,FAILING TO REDUCE SPEED TO AVOID CRASH,5155,W,FULLERTON AVE,2522,,,,,,,2,NO INDICATION OF INJURY,0,0,0,0,0,2,0,17,1,11,41.924002138,-87.755866618,POINT (-87.755866618211 41.924002138405)
JB512307,,11/11/2018 05:20:00 PM,30,NO CONTROLS,NO CONTROLS,CLEAR,"DARKNESS, LIGHTED ROAD",FIXED OBJECT,OTHER,1,STRAIGHT AND LEVEL,DRY,NO DEFECTS,ON SCENE,NO INJURY / DRIVE AWAY,,,,$500 OR LESS,11/11/2018 05:20:00 PM,NOT APPLICABLE,NOT APPLICABLE,2154,S,PRAIRIE AVE,132,,,,,,,2,NO INDICATION OF INJURY,0,0,0,0,0,1,0,17,1,11,41.852979087,-87.620812657,POINT (-87.620812657382 41.852979087399)
JB512262,,11/11/2018 05:15:00 PM,30,NO CONTROLS,NO CONTROLS,CLEAR,"DARKNESS, LIGHTED ROAD",PARKED MOTOR VEHICLE,ONE-WAY,1,STRAIGHT AND LEVEL,DRY,NO DEFECTS,ON SCENE,NO INJURY / DRIVE AWAY,,,Y,"$501 - $1,500",11/11/2018 05:15:00 PM,UNABLE TO DETERMINE,UNABLE TO DETERMINE,2937,N,LINDER AVE,2514,,,,,,,2,NO INDICATION OF INJURY,0,0,0,0,0,1,0,17,1,11,41.934246971,-87.763745907,POINT (-87.763745906864 41.934246970756)
JB512268,,11/11/2018 05:14:00 PM,35,NO CONTROLS,NO CONTROLS,CLEAR,"DARKNESS, LIGHTED ROAD",TURNING,NOT DIVIDED,4,STRAIGHT AND LEVEL,DRY,NO DEFECTS,ON SCENE,INJURY AND / OR TOW DUE TO CRASH,,,,"OVER $1,500",11/11/2018 05:15:00 PM,UNABLE TO DETERMINE,UNABLE TO DETERMINE,5114,S,PULASKI RD,815,,,,,,,2,NO INDICATION OF INJURY,0,0,0,0,0,4,0,17,1,11,41.799931475,-87.723501282,POINT (-87.723501282465 41.799931475431)
JB512271,,11/11/2018 05:10:00 PM,30,NO CONTROLS,NO CONTROLS,CLEAR,"DARKNESS, LIGHTED ROAD",SIDESWIPE SAME DIRECTION,DIVIDED - W/MEDIAN (NOT RAISED),4,STRAIGHT AND LEVEL,DRY,NO DEFECTS,ON SCENE,INJURY AND / OR TOW DUE TO CRASH,Y,,,"OVER $1,500",11/11/2018 05:13:00 PM,IMPROPER OVERTAKING/PASSING,NOT APPLICABLE,6077,N,HARLEM AVE,1612,,,,,,,3,NO INDICATION OF INJURY,0,0,0,0,0,4,0,17,1,11,41.992321497,-87.806700286,POINT (-87.806700286463 41.992321497451)
JB512264,,11/11/2018 05:05:00 PM,35,NO CONTROLS,NO CONTROLS,OTHER,DUSK,OVERTURNED,NOT DIVIDED,2,STRAIGHT AND LEVEL,DRY,NO DEFECTS,ON SCENE,INJURY AND / OR TOW DUE TO CRASH,,,,"OVER $1,500",11/11/2018 05:08:00 PM,EXCEEDING AUTHORIZED SPEED LIMIT,NOT APPLICABLE,8554,S,BURLEY AVE,424,,,,,,,1,NONINCAPACITATING INJURY,3,0,0,2,1,0,0,17,1,11,41.739482758,-87.54551108,POINT (-87.545511079575 41.739482758468)
JB512249,,11/11/2018 05:03:00 PM,30,NO CONTROLS,NO CONTROLS,CLEAR,"DARKNESS, LIGHTED ROAD",REAR END,NOT DIVIDED,,STRAIGHT AND LEVEL,DRY,NO DEFECTS,ON SCENE,INJURY AND / OR TOW DUE TO CRASH,,,,$500 OR LESS,11/11/2018 05:04:00 PM,FOLLOWING TOO CLOSELY,BICYCLE ADVANCING LEGALLY ON RED LIGHT,1306,N,WESTERN AVE,1423,,,,,,,2,"REPORTED, NOT EVIDENT",1,0,0,0,1,2,0,17,1,11,41.905101058,-87.687229591,POINT (-87.687229590561 41.905101058)
JB513218,,11/11/2018 05:00:00 PM,30,NO CONTROLS,NO CONTROLS,CLEAR,DAYLIGHT,SIDESWIPE SAME DIRECTION,NOT DIVIDED,,STRAIGHT AND LEVEL,DRY,NO DEFECTS,NOT ON SCENE (DESK REPORT),NO INJURY / DRIVE AWAY,,,,"OVER $1,500",11/12/2018 02:20:00 PM,IMPROPER OVERTAKING/PASSING,IMPROPER OVERTAKING/PASSING,711,W,69TH ST,732,,,,,,,2,NO INDICATION OF INJURY,0,0,0,0,0,2,0,17,1,11,41.768766232,-87.642191058,POINT (-87.642191057641 41.768766231667)
JB512305,Y,11/11/2018 05:00:00 PM,30,NO CONTROLS,NO CONTROLS,CLEAR,"DARKNESS, LIGHTED ROAD",PARKED MOTOR VEHICLE,NOT DIVIDED,2,STRAIGHT AND LEVEL,DRY,NO DEFECTS,ON SCENE,NO INJURY / DRIVE AWAY,,,Y,"$501 - $1,500",11/11/2018 05:30:00 PM,UNABLE TO DETERMINE,NOT APPLICABLE,1724,N,RIDGEWAY AVE,2535,,,,,,,2,NO INDICATION OF INJURY,0,0,0,0,0,1,0,17,1,11,41.912498474,-87.720442797,POINT (-87.720442797462 41.912498473564)
JB512294,Y,11/11/2018 05:00:00 PM,30,NO CONTROLS,NO CONTROLS,CLEAR,"DARKNESS, LIGHTED ROAD",SIDESWIPE SAME DIRECTION,ONE-WAY,4,STRAIGHT AND LEVEL,DRY,NO DEFECTS,NOT ON SCENE (DESK REPORT),NO INJURY / DRIVE AWAY,,,,"OVER $1,500",11/11/2018 06:00:00 PM,IMPROPER OVERTAKING/PASSING,NOT APPLICABLE,19,E,OHIO ST,1834,,,,,,,2,NO INDICATION OF INJURY,0,0,0,0,0,2,0,17,1,11,41.892374041,-87.627242942,POINT (-87.627242941998 41.892374041012)
JB512292,,11/11/2018 05:00:00 PM,20,TRAFFIC SIGNAL,FUNCTIONING PROPERLY,CLEAR,"DARKNESS, LIGHTED ROAD",REAR END,DIVIDED - W/MEDIAN (NOT RAISED),,STRAIGHT AND LEVEL,DRY,UNKNOWN,NOT ON SCENE (DESK REPORT),NO INJURY / DRIVE AWAY,,,Y,"OVER $1,500",11/11/2018 05:55:00 PM,FOLLOWING TOO CLOSELY,DRIVING ON WRONG SIDE/WRONG WAY,4358,W,LAKE ST,1114,,,,,,,2,NO INDICATION OF INJURY,0,0,0,0,0,2,0,17,1,11,41.886128094,-87.735513366,POINT (-87.735513365888 41.886128093818)
JB512276,,11/11/2018 05:00:00 PM,30,TRAFFIC SIGNAL,FUNCTIONING PROPERLY,CLEAR,"DARKNESS, LIGHTED ROAD",REAR END,DIVIDED - W/MEDIAN (NOT RAISED),4,STRAIGHT AND LEVEL,DRY,NO DEFECTS,,INJURY AND / OR TOW DUE TO CRASH,Y,,,"$501 - $1,500",11/11/2018 05:35:00 PM,UNABLE TO DETERMINE,UNABLE TO DETERMINE,3155,N,ASHLAND AVE,1932,,,,,,,2,NONINCAPACITATING INJURY,2,0,0,2,0,4,0,17,1,11,41.939548481,-87.668510065,POINT (-87.668510065132 41.939548480535)
JB512234,,11/11/2018 04:51:00 PM,30,NO CONTROLS,NO CONTROLS,CLEAR,DUSK,PARKED MOTOR VEHICLE,NOT DIVIDED,4,STRAIGHT AND LEVEL,DRY,NO DEFECTS,ON SCENE,INJURY AND / OR TOW DUE TO CRASH,,,Y,"OVER $1,500",11/11/2018 04:51:00 PM,"OPERATING VEHICLE IN ERRATIC, RECKLESS, CARELESS, NEGLIGENT OR AGGRESSIVE MANNER",NOT APPLICABLE,2730,W,NORTH AVE,1421,,,,,,,3,NO INDICATION OF INJURY,0,0,0,0,0,1,0,16,1,11,41.910339446,-87.695825548,POINT (-87.695825548006 41.910339446221)
JB512257,,11/11/2018 04:50:00 PM,20,NO CONTROLS,NO CONTROLS,CLEAR,"DARKNESS, LIGHTED ROAD",PARKED MOTOR VEHICLE,PARKING LOT,1,STRAIGHT AND LEVEL,DRY,NO DEFECTS,ON SCENE,INJURY AND / OR TOW DUE TO CRASH,,,,"OVER $1,500",11/11/2018 04:58:00 PM,"OPERATING VEHICLE IN ERRATIC, RECKLESS, CARELESS, NEGLIGENT OR AGGRESSIVE MANNER","OPERATING VEHICLE IN ERRATIC, RECKLESS, CARELESS, NEGLIGENT OR AGGRESSIVE MANNER",759,E,SOLIDARITY DR,132,,,,,,,2,NO INDICATION OF INJURY,0,0,0,0,0,1,0,16,1,11,41.866049337,-87.610301452,POINT (-87.610301452292 41.866049337405)
JB512244,,11/11/2018 04:41:00 PM,30,NO CONTROLS,NO CONTROLS,CLEAR,"DARKNESS, LIGHTED ROAD",TURNING,DIVIDED - W/MEDIAN (NOT RAISED),2,STRAIGHT AND LEVEL,DRY,NO DEFECTS,ON SCENE,NO INJURY / DRIVE AWAY,,,,"OVER $1,500",11/11/2018 04:52:00 PM,UNABLE TO DETERMINE,UNABLE TO DETERMINE,3024,N,PULASKI RD,2523,,,,,,,2,NO INDICATION OF INJURY,0,0,0,0,0,2,0,16,1,11,41.936137298,-87.727246078,POINT (-87.727246078449 41.936137297771)
JB512239,,11/11/2018 04:40:00 PM,30,NO CONTROLS,NO CONTROLS,CLEAR,"DARKNESS, LIGHTED ROAD",TURNING,ONE-WAY,1,STRAIGHT AND LEVEL,DRY,NO DEFECTS,ON SCENE,NO INJURY / DRIVE AWAY,,,,"OVER $1,500",11/11/2018 05:05:00 PM,FAILING TO YIELD RIGHT-OF-WAY,UNABLE TO DETERMINE,5910,S,TROY ST,824,,,,,,,2,NO INDICATION OF INJURY,0,0,0,0,0,2,0,16,1,11,41.785890379,-87.702265843,POINT (-87.702265842542 41.785890378853)
JB512236,,11/11/2018 04:30:00 PM,20,NO CONTROLS,NO CONTROLS,CLEAR,DAYLIGHT,PARKED MOTOR VEHICLE,DIVIDED - W/MEDIAN (NOT RAISED),,STRAIGHT AND LEVEL,DRY,NO DEFECTS,NOT ON SCENE (DESK REPORT),NO INJURY / DRIVE AWAY,,,Y,"OVER $1,500",11/11/2018 05:05:00 PM,DRIVING SKILLS/KNOWLEDGE/EXPERIENCE,UNABLE TO DETERMINE,4912,W,JACKSON BLVD,1533,,,,,,,2,NO INDICATION OF INJURY,0,0,0,0,0,1,0,16,1,11,41.876859208,-87.747891393,POINT (-87.747891393411 41.876859208173)
JB512237,,11/11/2018 04:25:00 PM,30,NO CONTROLS,NO CONTROLS,CLEAR,DUSK,PARKED MOTOR VEHICLE,NOT DIVIDED,2,STRAIGHT AND LEVEL,DRY,NO DEFECTS,ON SCENE,NO INJURY / DRIVE AWAY,,,Y,"OVER $1,500",11/11/2018 04:52:00 PM,UNABLE TO DETERMINE,UNABLE TO DETERMINE,1723,W,ALTGELD ST,1931,,,,,,,2,NO INDICATION OF INJURY,0,0,0,0,0,1,0,16,1,11,41.927315566,-87.670671247,POINT (-87.670671246555 41.927315565638)
JB512233,,11/11/2018 04:15:00 PM,30,NO CONTROLS,NO CONTROLS,CLEAR,DUSK,PARKED MOTOR VEHICLE,PARKING LOT,0,STRAIGHT AND LEVEL,DRY,NO DEFECTS,NOT ON SCENE (DESK REPORT),NO INJURY / DRIVE AWAY,,Y,Y,"$501 - $1,500",11/11/2018 04:56:00 PM,IMPROPER BACKING,DRIVING SKILLS/KNOWLEDGE/EXPERIENCE,6333,S,CICERO AVE,813,,,,,,,2,NO INDICATION OF INJURY,0,0,0,0,0,1,0,16,1,11,41.777436085,-87.742113582,POINT (-87.742113582426 41.77743608499)
JB512359,,11/11/2018 04:10:00 PM,30,NO CONTROLS,NO CONTROLS,CLEAR,DAYLIGHT,SIDESWIPE SAME DIRECTION,NOT DIVIDED,3,STRAIGHT AND LEVEL,DRY,UNKNOWN,NOT ON SCENE (DESK REPORT),NO INJURY / DRIVE AWAY,,,,"$501 - $1,500",11/11/2018 06:40:00 PM,UNABLE TO DETERMINE,UNABLE TO DETERMINE,800,N,MICHIGAN AVE,1833,,,,,,,2,NO INDICATION OF INJURY,0,0,0,0,0,2,0,16,1,11,41.896790572,-87.624380655,POINT (-87.624380655444 41.896790572039)
JB512183,,11/11/2018 04:06:00 PM,30,NO CONTROLS,NO CONTROLS,CLEAR,DAYLIGHT,PARKED MOTOR VEHICLE,ONE-WAY,1,STRAIGHT AND LEVEL,DRY,NO DEFECTS,ON SCENE,NO INJURY / DRIVE AWAY,,,,$500 OR LESS,11/11/2018 04:10:00 PM,DRIVING SKILLS/KNOWLEDGE/EXPERIENCE,IMPROPER LANE USAGE,1031,N,RUSH ST,1824,,,,,,,2,NO INDICATION OF INJURY,0,0,0,0,0,3,0,16,1,11,41.901642657,-87.627773404,POINT (-87.627773404227 41.901642657124)
JB512152,,11/11/2018 04:05:00 PM,35,STOP SIGN/FLASHER,FUNCTIONING PROPERLY,CLEAR,DAYLIGHT,ANGLE,OTHER,2,STRAIGHT AND LEVEL,DRY,WORN SURFACE,NOT ON SCENE (DESK REPORT),INJURY AND / OR TOW DUE TO CRASH,Y,,,"OVER $1,500",11/11/2018 04:06:00 PM,FAILING TO YIELD RIGHT-OF-WAY,DISREGARDING STOP SIGN,3427,N,LARAMIE AVE,1634,,,,,,,2,NO INDICATION OF INJURY,0,0,0,0,0,2,0,16,1,11,41.94322058,-87.756684803,POINT (-87.756684803382 41.9432205803)
JB512177,,11/11/2018 04:03:00 PM,30,TRAFFIC SIGNAL,FUNCTIONING PROPERLY,CLEAR,DAYLIGHT,REAR END,DIVIDED - W/MEDIAN (NOT RAISED),5,STRAIGHT AND LEVEL,DRY,NO DEFECTS,ON SCENE,NO INJURY / DRIVE AWAY,Y,,,"OVER $1,500",11/11/2018 04:08:00 PM,FOLLOWING TOO CLOSELY,NOT APPLICABLE,9103,S,WESTERN AVE,2221,,,,,,,2,NO INDICATION OF INJURY,0,0,0,0,0,3,0,16,1,11,41.728090524,-87.682138127,POINT (-87.682138126811 41.728090523518)
JB512243,,11/11/2018 04:00:00 PM,30,TRAFFIC SIGNAL,FUNCTIONING PROPERLY,CLEAR,DUSK,PEDESTRIAN,DIVIDED - W/MEDIAN (NOT RAISED),2,STRAIGHT AND LEVEL,DRY,NO DEFECTS,NOT ON SCENE (DESK REPORT),INJURY AND / OR TOW DUE TO CRASH,Y,,,$500 OR LESS,11/11/2018 04:35:00 PM,FAILING TO YIELD RIGHT-OF-WAY,FAILING TO REDUCE SPEED TO AVOID CRASH,2418,W,ARMITAGE AVE,1431,,,,,,,2,"REPORTED, NOT EVIDENT",1,0,0,0,1,1,0,16,1,11,41.917673144,-87.688270053,POINT (-87.688270053148 41.917673144134)