RD_NO,CRASH_DATE_EST_I,CRASH_DATE,POSTED_SPEED_LIMIT,TRAFFIC_CONTROL_DEVICE,DEVICE_CONDITION,WEATHER_CONDITION,LIGHTING_CONDITION,FIRST_CRASH_TYPE,TRAFFICWAY_TYPE,LANE_CNT,ALIGNMENT,ROADWAY_SURFACE_COND,ROAD_DEFECT,REPORT_TYPE,CRASH_TYPE,INTERSECTION_RELATED_I,NOT_RIGHT_OF_WAY_I,HIT_AND_RUN_I,DAMAGE,DATE_POLICE_NOTIFIED,PRIM_CONTRIBUTORY_CAUSE,SEC_CONTRIBUTORY_CAUSE,STREET_NO,STREET_DIRECTION,STREET_NAME,BEAT_OF_OCCURRENCE,PHOTOS_TAKEN_I,STATEMENTS_TAKEN_I,DOORING_I,WORK_ZONE_I,WORK_ZONE_TYPE,WORKERS_PRESENT_I,NUM_UNITS,MOST_SEVERE_INJURY,INJURIES_TOTAL,INJURIES_FATAL,INJURIES_INCAPACITATING,INJURIES_NON_INCAPACITATING,INJURIES_REPORTED_NOT_EVIDENT,INJURIES_NO_INDICATION,INJURIES_UNKNOWN,CRASH_HOUR,CRASH_DAY_OF_WEEK,CRASH_MONTH,LATITUDE,LONGITUDE,LOCATION
JB512280,,11/11/2018 03:45:00 PM,30,TRAFFIC SIGNAL,FUNCTIONING PROPERLY,CLEAR,DAYLIGHT,REAR END,NOT DIVIDED,4,STRAIGHT AND LEVEL,DRY,"RUT, HOLES",NOT ON SCENE (DESK REPORT),NO INJURY / DRIVE AWAY,,,,"$501 - $1,500",11/11/2018 05:40:00 PM,FOLLOWING TOO CLOSELY,FOLLOWING TOO CLOSELY,1,E,HARRISON ST,123,,,,,,,2,NO INDICATION OF INJURY,0,0,0,0,0,2,0,15,1,11,41.874262729,-87.627558925,POINT (-87.627558924684 41.87426272899)
JB512170,,11/11/2018 03:35:00 PM,30,TRAFFIC SIGNAL,FUNCTIONING PROPERLY,CLEAR,DAYLIGHT,REAR END,DIVIDED - W/MEDIAN (NOT RAISED),4,STRAIGHT AND LEVEL,DRY,NO DEFECTS,ON SCENE,INJURY AND / OR TOW DUE TO CRASH,,,,"OVER $1,500",11/11/2018 03:48:00 PM,FOLLOWING TOO CLOSELY,UNABLE TO DETERMINE,1914,W,FULLERTON AVE,1432,,,,,,,2,NONINCAPACITATING INJURY,1,0,0,1,0,2,0,15,1,11,41.925154444,-87.67644957,POINT (-87.676449569877 41.925154443748)
JB512154,,11/11/2018 03:35:00 PM,35,NO CONTROLS,NO CONTROLS,CLEAR,DAYLIGHT,SIDESWIPE SAME DIRECTION,NOT DIVIDED,4,STRAIGHT AND LEVEL,DRY,NO DEFECTS,NOT ON SCENE (DESK REPORT),NO INJURY / DRIVE AWAY,,,,"OVER $1,500",11/11/2018 03:45:00 PM,IMPROPER LANE USAGE,NOT APPLICABLE,2753,N,WESTERN AVE,1432,,,,,,,2,NO INDICATION OF INJURY,0,0,0,0,0,2,0,15,1,11,41.931968066,-87.687741249,POINT (-87.6877412495 41.931968066314)
JB512358,Y,11/11/2018 03:30:00 PM,15,NO CONTROLS,NO CONTROLS,CLEAR,DAWN,PARKED MOTOR VEHICLE,PARKING LOT,,STRAIGHT AND LEVEL,DRY,NO DEFECTS,NOT ON SCENE (DESK REPORT),NO INJURY / DRIVE AWAY,,,Y,"OVER $1,500",11/11/2018 07:00:00 PM,"OPERATING VEHICLE IN ERRATIC, RECKLESS, CARELESS, NEGLIGENT OR AGGRESSIVE MANNER",NOT APPLICABLE,4610,N,CLARK ST,1912,,,,,,,2,NO INDICATION OF INJURY,0,0,0,0,0,1,0,15,1,11,41.965624273,-87.666957488,POINT (-87.666957487598 41.965624272744)
JB512158,,11/11/2018 03:30:00 PM,30,STOP SIGN/FLASHER,FUNCTIONING PROPERLY,CLOUDY/OVERCAST,DAYLIGHT,REAR END,NOT DIVIDED,,STRAIGHT AND LEVEL,DRY,UNKNOWN,NOT ON SCENE (DESK REPORT),NO INJURY / DRIVE AWAY,,,Y,"$501 - $1,500",11/11/2018 03:45:00 PM,UNABLE TO DETERMINE,UNABLE TO DETERMINE,1653,W,79TH ST,611,,,,,,,3,NO INDICATION OF INJURY,0,0,0,0,0,6,0,15,1,11,41.750216901,-87.665548653,POINT (-87.66554865267 41.750216901242)
JB512231,,11/11/2018 03:21:00 PM,30,NO CONTROLS,NO CONTROLS,CLEAR,"DARKNESS, LIGHTED ROAD",PEDALCYCLIST,NOT DIVIDED,2,STRAIGHT AND LEVEL,DRY,NO DEFECTS,ON SCENE,INJURY AND / OR TOW DUE TO CRASH,,,,"$501 - $1,500",11/11/2018 04:21:00 PM,UNABLE TO DETERMINE,NOT APPLICABLE,2293,W,JACKSON BLVD,1225,,,Y,,,,2,NONINCAPACITATING INJURY,1,0,0,1,0,2,0,15,1,11,41.877465973,-87.683810065,POINT (-87.683810064811 41.877465972995)
JB514492,,11/11/2018 03:18:00 PM,30,NO CONTROLS,NO CONTROLS,CLEAR,DAYLIGHT,REAR END,NOT DIVIDED,,STRAIGHT AND LEVEL,DRY,NO DEFECTS,NOT ON SCENE (DESK REPORT),NO INJURY / DRIVE AWAY,,,,"$501 - $1,500",11/13/2018 03:00:00 PM,FOLLOWING TOO CLOSELY,UNABLE TO DETERMINE,1601,E,75TH ST,411,,,,,,,2,NO INDICATION OF INJURY,0,0,0,0,0,4,0,15,1,11,41.758658218,-87.585679384,POINT (-87.585679384328 41.758658217701)
JB512279,,11/11/2018 03:17:00 PM,30,NO CONTROLS,NO CONTROLS,CLEAR,"DARKNESS, LIGHTED ROAD",SIDESWIPE OPPOSITE DIRECTION,NOT DIVIDED,2,STRAIGHT AND LEVEL,DRY,NO DEFECTS,NOT ON SCENE (DESK REPORT),NO INJURY / DRIVE AWAY,,,,"$501 - $1,500",11/11/2018 05:35:00 PM,PHYSICAL CONDITION OF DRIVER,FAILING TO REDUCE SPEED TO AVOID CRASH,6334,S,ST LOUIS AVE,823,,,,,,,3,NO INDICATION OF INJURY,0,0,0,0,0,3,0,15,1,11,41.777818942,-87.710529628,POINT (-87.710529628041 41.777818941583)
JB512146,,11/11/2018 03:15:00 PM,30,TRAFFIC SIGNAL,FUNCTIONING PROPERLY,CLEAR,DAYLIGHT,REAR END,NOT DIVIDED,2,STRAIGHT AND LEVEL,DRY,UNKNOWN,NOT ON SCENE (DESK REPORT),INJURY AND / OR TOW DUE TO CRASH,,,,"OVER $1,500",11/11/2018 03:45:00 PM,FOLLOWING TOO CLOSELY,UNABLE TO DETERMINE,2130,W,FOSTER AVE,2012,,,,,,,2,NONINCAPACITATING INJURY,1,0,0,1,0,1,0,15,1,11,41.976088899,-87.683108917,POINT (-87.683108917095 41.976088898827)
JB514517,,11/11/2018 03:14:00 PM,30,NO CONTROLS,NO CONTROLS,CLEAR,DAYLIGHT,REAR END,NOT DIVIDED,,STRAIGHT AND LEVEL,DRY,NO DEFECTS,ON SCENE,NO INJURY / DRIVE AWAY,,,Y,"OVER $1,500",11/13/2018 03:14:00 PM,FOLLOWING TOO CLOSELY,NOT APPLICABLE,2620,W,LAKE ST,1222,,,,,,,2,NO INDICATION OF INJURY,0,0,0,0,0,4,0,15,1,11,41.884513288,-87.692307263,POINT (-87.692307263339 41.884513287529)
JB512474,,11/11/2018 03:00:00 PM,30,NO CONTROLS,NO CONTROLS,CLEAR,DAYLIGHT,SIDESWIPE SAME DIRECTION,DIVIDED - W/MEDIAN (NOT RAISED),2,STRAIGHT AND LEVEL,DRY,NO DEFECTS,NOT ON SCENE (DESK REPORT),NO INJURY / DRIVE AWAY,,,,"$501 - $1,500",11/11/2018 09:00:00 PM,IMPROPER LANE USAGE,DRIVING SKILLS/KNOWLEDGE/EXPERIENCE,699,E,GRAND AVE,1834,,,,,,,2,NO INDICATION OF INJURY,0,0,0,0,0,3,0,15,1,11,41.892017041,-87.610021051,POINT (-87.610021051002 41.892017041181)
JB512121,,11/11/2018 03:00:00 PM,30,NO CONTROLS,NO CONTROLS,CLEAR,DAYLIGHT,HEAD ON,PARKING LOT,2,STRAIGHT AND LEVEL,DRY,NO DEFECTS,NOT ON SCENE (DESK REPORT),NO INJURY / DRIVE AWAY,,Y,,"OVER $1,500",11/11/2018 03:20:00 PM,UNABLE TO DETERMINE,NOT APPLICABLE,2818,W,DIVERSEY AVE,1411,,,,,,,2,NO INDICATION OF INJURY,0,0,0,0,0,2,0,15,1,11,41.932199238,-87.698510354,POINT (-87.698510354468 41.932199237693)
JB512103,Y,11/11/2018 02:55:00 PM,30,STOP SIGN/FLASHER,FUNCTIONING PROPERLY,CLEAR,DAYLIGHT,ANGLE,DIVIDED - W/MEDIAN BARRIER,4,STRAIGHT AND LEVEL,DRY,NO DEFECTS,ON SCENE,INJURY AND / OR TOW DUE TO CRASH,Y,,,"OVER $1,500",11/11/2018 03:00:00 PM,FAILING TO YIELD RIGHT-OF-WAY,DISREGARDING STOP SIGN,1600,W,SUMMERDALE AVE,2012,,,,,,,2,NONINCAPACITATING INJURY,1,0,0,1,0,2,0,14,1,11,41.979019066,-87.669814627,POINT (-87.669814626899 41.979019066466)
JB512111,,11/11/2018 02:43:00 PM,35,TRAFFIC SIGNAL,FUNCTIONING PROPERLY,CLEAR,DAYLIGHT,TURNING,DIVIDED - W/MEDIAN (NOT RAISED),2,STRAIGHT AND LEVEL,DRY,NO DEFECTS,ON SCENE,NO INJURY / DRIVE AWAY,,,Y,"$501 - $1,500",11/11/2018 03:00:00 PM,FAILING TO YIELD RIGHT-OF-WAY,IMPROPER OVERTAKING/PASSING,3799,W,LAKE ST,1122,,,,,,,2,NO INDICATION OF INJURY,0,0,0,0,0,2,0,14,1,11,41.885087261,-87.720811658,POINT (-87.720811658301 41.885087260789)
JB512116,,11/11/2018 02:40:00 PM,30,NO CONTROLS,NO CONTROLS,CLEAR,DAYLIGHT,TURNING,NOT DIVIDED,,STRAIGHT AND LEVEL,DRY,UNKNOWN,ON SCENE,NO INJURY / DRIVE AWAY,,,,"OVER $1,500",11/11/2018 02:43:00 PM,IMPROPER TURNING/NO SIGNAL,NOT APPLICABLE,151,N,ELIZABETH ST,1224,,,,,,,2,NO INDICATION OF INJURY,0,0,0,0,0,2,0,14,1,11,41.884499683,-87.658689479,POINT (-87.658689478823 41.884499683165)
JB512105,,11/11/2018 02:40:00 PM,30,TRAFFIC SIGNAL,NO CONTROLS,CLEAR,DAYLIGHT,TURNING,NOT DIVIDED,,STRAIGHT AND LEVEL,DRY,NO DEFECTS,ON SCENE,NO INJURY / DRIVE AWAY,Y,,,$500 OR LESS,11/11/2018 02:50:00 PM,FOLLOWING TOO CLOSELY,NOT APPLICABLE,1560,W,DEVON AVE,2432,,,,,,,2,NO INDICATION OF INJURY,0,0,0,0,0,3,0,14,1,11,41.998190504,-87.670149516,POINT (-87.670149515797 41.998190503972)
JB512119,,11/11/2018 02:35:00 PM,30,TRAFFIC SIGNAL,FUNCTIONING PROPERLY,CLEAR,DAYLIGHT,SIDESWIPE SAME DIRECTION,DIVIDED - W/MEDIAN (NOT RAISED),2,STRAIGHT AND LEVEL,DRY,NO DEFECTS,ON SCENE,NO INJURY / DRIVE AWAY,,,,"$501 - $1,500",11/11/2018 02:37:00 PM,IMPROPER OVERTAKING/PASSING,IMPROPER LANE USAGE,7002,N,RIDGE BLVD,2411,,,,,,,2,NO INDICATION OF INJURY,0,0,0,0,0,2,0,14,1,11,42.009033919,-87.682075503,POINT (-87.682075503122 42.009033918802)
JB512110,,11/11/2018 02:35:00 PM,30,NO CONTROLS,NO CONTROLS,CLEAR,DAYLIGHT,SIDESWIPE SAME DIRECTION,DIVIDED - W/MEDIAN (NOT RAISED),4,STRAIGHT AND LEVEL,DRY,NO DEFECTS,ON SCENE,NO INJURY / DRIVE AWAY,,,Y,"OVER $1,500",11/11/2018 03:02:00 PM,UNABLE TO DETERMINE,UNABLE TO DETERMINE,2820,N,PULASKI RD,2523,,,,,,,2,NO INDICATION OF INJURY,0,0,0,0,0,2,0,14,1,11,41.932383353,-87.727142155,POINT (-87.727142154615 41.932383353195)
JB512141,,11/11/2018 02:30:00 PM,30,STOP SIGN/FLASHER,FUNCTIONING PROPERLY,CLEAR,DAYLIGHT,ANGLE,NOT DIVIDED,,STRAIGHT AND LEVEL,DRY,NO DEFECTS,NOT ON SCENE (DESK REPORT),NO INJURY / DRIVE AWAY,Y,,,"OVER $1,500",11/11/2018 03:15:00 PM,UNABLE TO DETERMINE,NOT APPLICABLE,800,N,WASHTENAW AVE,1211,,,,,,,2,NO INDICATION OF INJURY,0,0,0,0,0,3,0,14,1,11,41.895712405,-87.694385121,POINT (-87.694385121146 41.895712405303)
JB512080,,11/11/2018 02:28:00 PM,20,NO CONTROLS,NO CONTROLS,CLEAR,DAYLIGHT,TURNING,ONE-WAY,,STRAIGHT AND LEVEL,DRY,NO DEFECTS,ON SCENE,INJURY AND / OR TOW DUE TO CRASH,,,,"OVER $1,500",11/11/2018 02:37:00 PM,PHYSICAL CONDITION OF DRIVER,FAILING TO REDUCE SPEED TO AVOID CRASH,2015,N,KEELER AVE,2525,,,,,,,2,NONINCAPACITATING INJURY,1,0,0,1,0,3,0,14,1,11,41.91759369,-87.731323063,POINT (-87.731323062687 41.917593689655)
JB512075,Y,11/11/2018 02:20:00 PM,35,NO CONTROLS,NO CONTROLS,CLEAR,DAYLIGHT,PARKED MOTOR VEHICLE,PARKING LOT,,STRAIGHT AND LEVEL,DRY,NO DEFECTS,NOT ON SCENE (DESK REPORT),INJURY AND / OR TOW DUE TO CRASH,,,Y,"OVER $1,500",11/11/2018 02:28:00 PM,UNABLE TO DETERMINE,NOT APPLICABLE,4401,W,ARMITAGE AVE,2533,,,,,,,2,NO INDICATION OF INJURY,0,0,0,0,0,1,0,14,1,11,41.91693444,-87.736387148,POINT (-87.736387147508 41.916934439845)
JB512138,,11/11/2018 02:17:00 PM,30,NO CONTROLS,NO CONTROLS,CLEAR,DAYLIGHT,REAR END,NOT DIVIDED,,STRAIGHT AND LEVEL,DRY,NO DEFECTS,NOT ON SCENE (DESK REPORT),NO INJURY / DRIVE AWAY,,,Y,"$501 - $1,500",11/11/2018 03:42:00 PM,UNABLE TO DETERMINE,NOT APPLICABLE,2654,W,FULLERTON AVE,1431,,,,,,,2,NO INDICATION OF INJURY,0,0,0,0,0,2,0,14,1,11,41.924943721,-87.694676146,POINT (-87.694676145862 41.924943720909)
JB512186,,11/11/2018 02:10:00 PM,30,TRAFFIC SIGNAL,FUNCTIONING PROPERLY,CLEAR,DAYLIGHT,SIDESWIPE SAME DIRECTION,ONE-WAY,4,STRAIGHT AND LEVEL,DRY,NO DEFECTS,ON SCENE,NO INJURY / DRIVE AWAY,,,Y,"OVER $1,500",11/11/2018 02:16:00 PM,IMPROPER OVERTAKING/PASSING,FAILING TO YIELD RIGHT-OF-WAY,10000,W,OHARE ST,1651,,,,,,,2,NO INDICATION OF INJURY,0,0,0,0,0,2,0,14,1,11,41.976201139,-87.905309125,POINT (-87.905309125103 41.976201139024)
JB512087,,11/11/2018 02:10:00 PM,25,NO CONTROLS,NO CONTROLS,CLEAR,DAYLIGHT,TURNING,DIVIDED - W/MEDIAN (NOT RAISED),,STRAIGHT AND LEVEL,DRY,NO DEFECTS,NOT ON SCENE (DESK REPORT),NO INJURY / DRIVE AWAY,,,,"$501 - $1,500",11/11/2018 02:30:00 PM,IMPROPER OVERTAKING/PASSING,IMPROPER LANE USAGE,659,W,69TH ST,732,,,,,,,2,NO INDICATION OF INJURY,0,0,0,0,0,2,0,14,1,11,41.768768741,-87.642034357,POINT (-87.642034356762 41.768768740616)
JB512062,Y,11/11/2018 02:10:00 PM,30,NO CONTROLS,NO CONTROLS,CLEAR,UNKNOWN,PARKED MOTOR VEHICLE,ONE-WAY,2,STRAIGHT AND LEVEL,DRY,NO DEFECTS,NOT ON SCENE (DESK REPORT),NO INJURY / DRIVE AWAY,,,Y,"$501 - $1,500",11/11/2018 02:25:00 PM,UNABLE TO DETERMINE,NOT APPLICABLE,1811,N,MAYFIELD AVE,2531,,,,,,,2,NO INDICATION OF INJURY,0,0,0,0,0,1,0,14,1,11,41.913290889,-87.772704202,POINT (-87.772704201624 41.913290888741)
JB512230,,11/11/2018 02:08:00 PM,30,NO CONTROLS,NO CONTROLS,CLEAR,DAYLIGHT,SIDESWIPE SAME DIRECTION,ONE-WAY,1,STRAIGHT AND LEVEL,DRY,NO DEFECTS,NOT ON SCENE (DESK REPORT),NO INJURY / DRIVE AWAY,Y,,,"OVER $1,500",11/11/2018 04:55:00 PM,UNABLE TO DETERMINE,NOT APPLICABLE,2599,W,LOGAN BLVD,1431,,,,,,,2,NO INDICATION OF INJURY,0,0,0,0,0,2,0,14,1,11,41.928398791,-87.692596344,POINT (-87.692596344045 41.928398790943)
JB512093,,11/11/2018 02:05:00 PM,25,TRAFFIC SIGNAL,FUNCTIONING PROPERLY,CLEAR,DAYLIGHT,TURNING,NOT DIVIDED,4,STRAIGHT AND LEVEL,DRY,NO DEFECTS,NOT ON SCENE (DESK REPORT),NO INJURY / DRIVE AWAY,,,,"OVER $1,500",11/11/2018 02:45:00 PM,IMPROPER LANE USAGE,UNABLE TO DETERMINE,11858,S,MARSHFIELD AVE,2234,,,,,,,2,NO INDICATION OF INJURY,0,0,0,0,0,2,0,14,1,11,41.677603141,-87.662618374,POINT (-87.66261837386 41.677603141088)
JB512160,,11/11/2018 02:00:00 PM,25,NO CONTROLS,NO CONTROLS,CLEAR,DAYLIGHT,SIDESWIPE SAME DIRECTION,ONE-WAY,1,STRAIGHT AND LEVEL,DRY,NO DEFECTS,NOT ON SCENE (DESK REPORT),NO INJURY / DRIVE AWAY,,,,"OVER $1,500",11/11/2018 03:45:00 PM,FAILING TO YIELD RIGHT-OF-WAY,IMPROPER LANE USAGE,2759,W,LOGAN BLVD,1431,,,,,,,2,NO INDICATION OF INJURY,0,0,0,0,0,2,0,14,1,11,41.928356631,-87.697453403,POINT (-87.697453403395 41.928356630609)
JB512149,,11/11/2018 02:00:00 PM,20,NO CONTROLS,NO CONTROLS,CLEAR,UNKNOWN,PARKED MOTOR VEHICLE,ONE-WAY,,STRAIGHT AND LEVEL,DRY,NO DEFECTS,ON SCENE,NO INJURY / DRIVE AWAY,,,Y,"OVER $1,500",11/11/2018 03:49:00 PM,DRIVING SKILLS/KNOWLEDGE/EXPERIENCE,UNABLE TO DETERMINE,231,N,MENARD AVE,1512,,,,,,,2,NO INDICATION OF INJURY,0,0,0,0,0,1,0,14,1,11,41.885100272,-87.769779357,POINT (-87.769779357196 41.88510027178)
JB512066,,11/11/2018 02:00:00 PM,20,NO CONTROLS,NO CONTROLS,CLEAR,DAYLIGHT,ANGLE,PARKING LOT,,STRAIGHT AND LEVEL,DRY,NO DEFECTS,NOT ON SCENE (DESK REPORT),NO INJURY / DRIVE AWAY,,,,"OVER $1,500",11/11/2018 02:25:00 PM,DRIVING ON WRONG SIDE/WRONG WAY,DISREGARDING ROAD MARKINGS,1740,N,KOSTNER AVE,2533,,,,,,,2,NO INDICATION OF INJURY,0,0,0,0,0,3,0,14,1,11,41.912769502,-87.736348357,POINT (-87.736348356711 41.912769501895)
JB512055,,11/11/2018 02:00:00 PM,15,NO CONTROLS,NO CONTROLS,CLEAR,DAYLIGHT,ANGLE,PARKING LOT,,STRAIGHT AND LEVEL,DRY,NO DEFECTS,NOT ON SCENE (DESK REPORT),NO INJURY / DRIVE AWAY,,,,"$501 - $1,500",11/11/2018 02:20:00 PM,UNABLE TO DETERMINE,UNABLE TO DETERMINE,901,W,WEED ST,1822,,,,,,,2,NO INDICATION OF INJURY,0,0,0,0,0,2,0,14,1,11,41.909702583,-87.651178804,POINT (-87.651178804169 41.909702583094)
JB512048,,11/11/2018 02:00:00 PM,30,NO CONTROLS,NO CONTROLS,CLEAR,DAYLIGHT,PEDESTRIAN,NOT DIVIDED,,STRAIGHT AND LEVEL,DRY,NO DEFECTS,ON SCENE,NO INJURY / DRIVE AWAY,,,Y,$500 OR LESS,11/11/2018 02:12:00 PM,UNABLE TO DETERMINE,NOT APPLICABLE,8327,S,YATES BLVD,423,,,,,,,2,NO INDICATION OF INJURY,0,0,0,0,0,2,0,14,1,11,41.743639046,-87.5659668,POINT (-87.56596680039 41.74363904633)
JB512052,,11/11/2018 01:50:00 PM,30,TRAFFIC SIGNAL,FUNCTIONING PROPERLY,CLEAR,DAYLIGHT,TURNING,NOT DIVIDED,,STRAIGHT AND LEVEL,DRY,UNKNOWN,NOT ON SCENE (DESK REPORT),NO INJURY / DRIVE AWAY,,,,$500 OR LESS,11/11/2018 02:09:00 PM,FAILING TO YIELD RIGHT-OF-WAY,FAILING TO YIELD RIGHT-OF-WAY,3601,W,ROOSEVELT RD,1011,,,,,,,2,NO INDICATION OF INJURY,0,0,0,0,0,5,0,13,1,11,41.866179381,-87.715479324,POINT (-87.715479324302 41.866179381243)
JB514148,Y,11/11/2018 01:45:00 PM,25,NO CONTROLS,NO CONTROLS,CLEAR,DAYLIGHT,REAR END,NOT DIVIDED,1,STRAIGHT AND LEVEL,DRY,NO DEFECTS,NOT ON SCENE (DESK REPORT),NO INJURY / DRIVE AWAY,,,Y,"OVER $1,500",11/13/2018 10:30:00 AM,UNABLE TO DETERMINE,UNABLE TO DETERMINE,918,W,ARMITAGE AVE,1812,,,,,,,2,NO INDICATION OF INJURY,0,0,0,0,0,2,0,13,1,11,41.918239553,-87.651758934,POINT (-87.651758934371 41.918239553133)
JB512073,,11/11/2018 01:45:00 PM,30,TRAFFIC SIGNAL,FUNCTIONING PROPERLY,CLEAR,DAYLIGHT,REAR END,NOT DIVIDED,,STRAIGHT AND LEVEL,DRY,NO DEFECTS,NOT ON SCENE (DESK REPORT),NO INJURY / DRIVE AWAY,Y,,Y,"$501 - $1,500",11/11/2018 02:45:00 PM,UNABLE TO DETERMINE,UNABLE TO DETERMINE,799,W,WEBSTER AVE,1812,,,,,,,4,NO INDICATION OF INJURY,0,0,0,0,0,4,0,13,1,11,41.921707795,-87.648603486,POINT (-87.648603486323 41.921707794702)
JB512127,,11/11/2018 01:30:00 PM,30,NO CONTROLS,NO CONTROLS,CLEAR,DAYLIGHT,PARKED MOTOR VEHICLE,PARKING LOT,,STRAIGHT AND LEVEL,DRY,NO DEFECTS,NOT ON SCENE (DESK REPORT),NO INJURY / DRIVE AWAY,,,N,"OVER $1,500",11/11/2018 03:31:00 PM,UNABLE TO DETERMINE,UNABLE TO DETERMINE,2455,S,DAMEN AVE,1034,,,,,,,2,NO INDICATION OF INJURY,0,0,0,0,0,1,0,13,1,11,41.846990998,-87.675558611,POINT (-87.675558611236 41.846990997694)
JB512043,,11/11/2018 01:30:00 PM,30,NO CONTROLS,NO CONTROLS,CLEAR,DAYLIGHT,REAR END,NOT DIVIDED,,STRAIGHT AND LEVEL,DRY,NO DEFECTS,NOT ON SCENE (DESK REPORT),NO INJURY / DRIVE AWAY,,,,"OVER $1,500",11/11/2018 02:01:00 PM,UNABLE TO DETERMINE,NOT APPLICABLE,2230,W,NORTH AVE,1434,,,,,,,2,NO INDICATION OF INJURY,0,0,0,0,0,2,0,13,1,11,41.910486795,-87.683506439,POINT (-87.683506439082 41.910486794972)
JB512024,Y,11/11/2018 01:30:00 PM,30,NO CONTROLS,NO CONTROLS,CLEAR,DAYLIGHT,PEDALCYCLIST,DIVIDED - W/MEDIAN BARRIER,4,STRAIGHT AND LEVEL,DRY,NO DEFECTS,ON SCENE,INJURY AND / OR TOW DUE TO CRASH,,,,"$501 - $1,500",11/11/2018 01:35:00 PM,UNABLE TO DETERMINE,UNABLE TO DETERMINE,3100,W,DIVISION ST,1423,,,,,,,2,NONINCAPACITATING INJURY,1,0,0,1,0,1,0,13,1,11,41.902965963,-87.704443709,POINT (-87.70444370893 41.902965962582)
JB512013,,11/11/2018 01:29:00 PM,30,NO CONTROLS,NO CONTROLS,CLEAR,DAYLIGHT,SIDESWIPE SAME DIRECTION,NOT DIVIDED,2,STRAIGHT AND LEVEL,DRY,NO DEFECTS,ON SCENE,NO INJURY / DRIVE AWAY,,,,"$501 - $1,500",11/11/2018 01:31:00 PM,IMPROPER LANE USAGE,NOT APPLICABLE,1025,W,MONTROSE AVE,1915,,,,,,,2,NO INDICATION OF INJURY,0,0,0,0,0,2,0,13,1,11,41.961651718,-87.655829895,POINT (-87.655829895439 41.961651718328)
JB512008,,11/11/2018 01:09:00 PM,25,NO CONTROLS,NO CONTROLS,CLEAR,DAYLIGHT,PARKED MOTOR VEHICLE,ONE-WAY,1,STRAIGHT AND LEVEL,DRY,NO DEFECTS,ON SCENE,INJURY AND / OR TOW DUE TO CRASH,,,N,"OVER $1,500",11/11/2018 01:10:00 PM,DRIVING ON WRONG SIDE/WRONG WAY,"OPERATING VEHICLE IN ERRATIC, RECKLESS, CARELESS, NEGLIGENT OR AGGRESSIVE MANNER",2706,E,78TH ST,421,,,,,,,2,NO INDICATION OF INJURY,0,0,0,0,0,2,0,13,1,11,41.753760646,-87.5581634,POINT (-87.558163400492 41.753760646419)
JB512470,,11/11/2018 01:06:00 PM,30,NO CONTROLS,NO CONTROLS,CLEAR,DAYLIGHT,REAR END,DIVIDED - W/MEDIAN (NOT RAISED),,STRAIGHT AND LEVEL,DRY,NO DEFECTS,ON SCENE,NO INJURY / DRIVE AWAY,,,,"OVER $1,500",11/11/2018 09:02:00 PM,UNABLE TO DETERMINE,NOT APPLICABLE,4300,S,ARCHER AVE,922,,,,,,,2,NO INDICATION OF INJURY,0,0,0,0,0,2,0,13,1,11,41.815470659,-87.702227345,POINT (-87.702227345139 41.815470659169)
JB512006,,11/11/2018 01:05:00 PM,5,NO CONTROLS,NO CONTROLS,CLEAR,DAYLIGHT,PEDALCYCLIST,PARKING LOT,,STRAIGHT AND LEVEL,DRY,NO DEFECTS,ON SCENE,INJURY AND / OR TOW DUE TO CRASH,,,,$500 OR LESS,11/11/2018 01:07:00 PM,DRIVING SKILLS/KNOWLEDGE/EXPERIENCE,NOT APPLICABLE,2753,W,PRATT BLVD,2412,,,,,,,2,NONINCAPACITATING INJURY,1,0,0,1,0,2,0,13,1,11,42.00474826,-87.699507962,POINT (-87.699507962114 42.004748260349)
JB512211,,11/11/2018 01:00:00 PM,15,NO CONTROLS,NO CONTROLS,CLEAR,DAYLIGHT,FIXED OBJECT,OTHER,,"CURVE, LEVEL",DRY,NO DEFECTS,NOT ON SCENE (DESK REPORT),NO INJURY / DRIVE AWAY,,Y,,"OVER $1,500",11/11/2018 04:50:00 PM,UNABLE TO DETERMINE,UNABLE TO DETERMINE,104,E,OAK ST,1824,,,,,,,1,NO INDICATION OF INJURY,0,0,0,0,0,1,0,13,1,11,41.90090405,-87.625460722,POINT (-87.625460721597 41.900904050222)
JB512060,,11/11/2018 01:00:00 PM,30,NO CONTROLS,NO CONTROLS,CLEAR,DAYLIGHT,SIDESWIPE SAME DIRECTION,DIVIDED - W/MEDIAN BARRIER,,STRAIGHT AND LEVEL,DRY,NO DEFECTS,NOT ON SCENE (DESK REPORT),NO INJURY / DRIVE AWAY,,,,"$501 - $1,500",11/11/2018 01:45:00 PM,UNABLE TO DETERMINE,UNABLE TO DETERMINE,1454,W,95TH ST,2222,,,,,,,2,NO INDICATION OF INJURY,0,0,0,0,0,4,0,13,1,11,41.721355795,-87.660039745,POINT (-87.660039744788 41.721355795434)
JB512049,,11/11/2018 01:00:00 PM,30,NO CONTROLS,NO CONTROLS,CLEAR,DAYLIGHT,FIXED OBJECT,ALLEY,,STRAIGHT AND LEVEL,WET,NO DEFECTS,NOT ON SCENE (DESK REPORT),NO INJURY / DRIVE AWAY,,,,"OVER $1,500",11/11/2018 02:07:00 PM,UNABLE TO DETERMINE,NOT APPLICABLE,7319,S,RICHMOND ST,835,,,,,,,1,NO INDICATION OF INJURY,0,0,0,0,0,1,0,13,1,11,41.76024571,-87.696431063,POINT (-87.696431062998 41.760245709632)