RD_NO,CRASH_DATE_EST_I,CRASH_DATE,POSTED_SPEED_LIMIT,TRAFFIC_CONTROL_DEVICE,DEVICE_CONDITION,WEATHER_CONDITION,LIGHTING_CONDITION,FIRST_CRASH_TYPE,TRAFFICWAY_TYPE,LANE_CNT,ALIGNMENT,ROADWAY_SURFACE_COND,ROAD_DEFECT,REPORT_TYPE,CRASH_TYPE,INTERSECTION_RELATED_I,NOT_RIGHT_OF_WAY_I,HIT_AND_RUN_I,DAMAGE,DATE_POLICE_NOTIFIED,PRIM_CONTRIBUTORY_CAUSE,SEC_CONTRIBUTORY_CAUSE,STREET_NO,STREET_DIRECTION,STREET_NAME,BEAT_OF_OCCURRENCE,PHOTOS_TAKEN_I,STATEMENTS_TAKEN_I,DOORING_I,WORK_ZONE_I,WORK_ZONE_TYPE,WORKERS_PRESENT_I,NUM_UNITS,MOST_SEVERE_INJURY,INJURIES_TOTAL,INJURIES_FATAL,INJURIES_INCAPACITATING,INJURIES_NON_INCAPACITATING,INJURIES_REPORTED_NOT_EVIDENT,INJURIES_NO_INDICATION,INJURIES_UNKNOWN,CRASH_HOUR,CRASH_DAY_OF_WEEK,CRASH_MONTH,LATITUDE,LONGITUDE,LOCATION
JB512001,,11/11/2018 01:00:00 PM,25,NO CONTROLS,NO CONTROLS,CLEAR,DAYLIGHT,SIDESWIPE SAME DIRECTION,ONE-WAY,,STRAIGHT AND LEVEL,DRY,NO DEFECTS,NOT ON SCENE (DESK REPORT),NO INJURY / DRIVE AWAY,,,Y,"$501 - $1,500",11/11/2018 01:20:00 PM,UNABLE TO DETERMINE,NOT APPLICABLE,6800,S,GREEN ST,723,,,,,,,2,NO INDICATION OF INJURY,0,0,0,0,0,3,0,13,1,11,41.770541428,-87.64591073,POINT (-87.645910729839 41.770541427675)
JB511987,,11/11/2018 01:00:00 PM,30,NO CONTROLS,NO CONTROLS,CLEAR,DAYLIGHT,REAR END,NOT DIVIDED,,STRAIGHT AND LEVEL,DRY,NO DEFECTS,ON SCENE,INJURY AND / OR TOW DUE TO CRASH,,,,"OVER $1,500",11/11/2018 01:05:00 PM,UNABLE TO DETERMINE,UNABLE TO DETERMINE,6220,S,ARCHER AVE,811,,,,,,,2,NONINCAPACITATING INJURY,2,0,0,1,1,1,0,13,1,11,41.793812469,-87.775473368,POINT (-87.775473368079 41.793812468699)
JB512021,,11/11/2018 12:55:00 PM,30,NO CONTROLS,NO CONTROLS,CLEAR,DAYLIGHT,TURNING,PARKING LOT,,STRAIGHT AND LEVEL,DRY,UNKNOWN,NOT ON SCENE (DESK REPORT),NO INJURY / DRIVE AWAY,,Y,,$500 OR LESS,11/11/2018 01:40:00 PM,FAILING TO REDUCE SPEED TO AVOID CRASH,NOT APPLICABLE,3843,S,INDIANA AVE,212,,,,,,,2,NO INDICATION OF INJURY,0,0,0,0,0,3,0,12,1,11,41.824320939,-87.621468243,POINT (-87.62146824263 41.824320939088)
JB512019,,11/11/2018 12:53:00 PM,30,NO CONTROLS,NO CONTROLS,CLEAR,DAYLIGHT,SIDESWIPE SAME DIRECTION,DIVIDED - W/MEDIAN BARRIER,,STRAIGHT AND LEVEL,DRY,NO DEFECTS,NOT ON SCENE (DESK REPORT),NO INJURY / DRIVE AWAY,,,Y,"OVER $1,500",11/11/2018 01:45:00 PM,IMPROPER OVERTAKING/PASSING,UNABLE TO DETERMINE,8012,S,STONY ISLAND AVE,411,,,,,,,2,NO INDICATION OF INJURY,0,0,0,0,0,3,0,12,1,11,41.749221965,-87.586006261,POINT (-87.586006260629 41.749221964665)
JB511997,,11/11/2018 12:45:00 PM,30,NO CONTROLS,NO CONTROLS,CLEAR,DAYLIGHT,PARKED MOTOR VEHICLE,NOT DIVIDED,2,STRAIGHT AND LEVEL,DRY,NO DEFECTS,ON SCENE,INJURY AND / OR TOW DUE TO CRASH,,,,"OVER $1,500",11/11/2018 01:05:00 PM,EQUIPMENT - VEHICLE CONDITION,NOT APPLICABLE,599,W,GRENSHAW ST,124,,,,,,,2,NO INDICATION OF INJURY,0,0,0,0,0,2,0,12,1,11,41.868065256,-87.642145771,POINT (-87.642145770547 41.868065256462)
JB512205,,11/11/2018 12:35:00 PM,30,NO CONTROLS,NO CONTROLS,UNKNOWN,UNKNOWN,PARKED MOTOR VEHICLE,ONE-WAY,1,STRAIGHT AND LEVEL,UNKNOWN,UNKNOWN,NOT ON SCENE (DESK REPORT),INJURY AND / OR TOW DUE TO CRASH,,,Y,"$501 - $1,500",11/11/2018 04:37:00 PM,UNABLE TO DETERMINE,UNABLE TO DETERMINE,4420,N,PAULINA ST,1912,,,,,,,2,NO INDICATION OF INJURY,0,0,0,0,0,1,0,12,1,11,41.962224514,-87.67100232,POINT (-87.671002319662 41.962224513584)
JB511961,,11/11/2018 12:35:00 PM,30,TRAFFIC SIGNAL,FUNCTIONING PROPERLY,CLEAR,DAYLIGHT,REAR END,DIVIDED - W/MEDIAN (NOT RAISED),,STRAIGHT AND LEVEL,DRY,DEBRIS ON ROADWAY,ON SCENE,NO INJURY / DRIVE AWAY,,,,"OVER $1,500",11/11/2018 12:39:00 PM,FAILING TO REDUCE SPEED TO AVOID CRASH,NOT APPLICABLE,5016,N,BROADWAY,2033,,,,,,,2,NO INDICATION OF INJURY,0,0,0,0,0,5,0,12,1,11,41.973263014,-87.659931126,POINT (-87.659931126119 41.973263013609)
JB513206,,11/11/2018 12:30:00 PM,30,TRAFFIC SIGNAL,FUNCTIONING PROPERLY,CLEAR,DAYLIGHT,REAR END,DIVIDED - W/MEDIAN (NOT RAISED),2,STRAIGHT AND LEVEL,DRY,NO DEFECTS,NOT ON SCENE (DESK REPORT),NO INJURY / DRIVE AWAY,,,,"$501 - $1,500",11/12/2018 02:05:00 PM,IMPROPER BACKING,DRIVING SKILLS/KNOWLEDGE/EXPERIENCE,4311,S,ARCHER AVE,922,,,,,,,2,NO INDICATION OF INJURY,0,0,0,0,0,4,0,12,1,11,41.815123778,-87.702330761,POINT (-87.702330760573 41.8151237777)
JB511959,,11/11/2018 12:30:00 PM,30,NO CONTROLS,NO CONTROLS,CLEAR,DAYLIGHT,TURNING,ONE-WAY,1,STRAIGHT AND LEVEL,DRY,NO DEFECTS,ON SCENE,INJURY AND / OR TOW DUE TO CRASH,,,Y,"OVER $1,500",11/11/2018 12:31:00 PM,"OPERATING VEHICLE IN ERRATIC, RECKLESS, CARELESS, NEGLIGENT OR AGGRESSIVE MANNER",UNABLE TO DETERMINE,6301,S,CAMPBELL AVE,825,,,,,,,2,NO INDICATION OF INJURY,0,0,0,0,0,4,0,12,1,11,41.779134103,-87.685943841,POINT (-87.685943840847 41.779134102966)
JB511962,,11/11/2018 12:26:00 PM,30,NO CONTROLS,NO CONTROLS,CLEAR,DAYLIGHT,REAR END,DIVIDED - W/MEDIAN (NOT RAISED),1,STRAIGHT AND LEVEL,DRY,NO DEFECTS,ON SCENE,INJURY AND / OR TOW DUE TO CRASH,,,,"OVER $1,500",11/11/2018 12:30:00 PM,FOLLOWING TOO CLOSELY,FOLLOWING TOO CLOSELY,2031,W,ARMITAGE AVE,1434,,,,,,,2,NO INDICATION OF INJURY,0,0,0,0,0,4,0,12,1,11,41.917623357,-87.678855001,POINT (-87.678855001098 41.917623356966)
JB511951,,11/11/2018 12:15:00 PM,30,TRAFFIC SIGNAL,FUNCTIONING PROPERLY,CLEAR,DAYLIGHT,ANGLE,DIVIDED - W/MEDIAN BARRIER,8,STRAIGHT AND LEVEL,DRY,NO DEFECTS,ON SCENE,INJURY AND / OR TOW DUE TO CRASH,Y,,,"OVER $1,500",11/11/2018 12:15:00 PM,DISREGARDING TRAFFIC SIGNALS,NOT APPLICABLE,400,S,ASHLAND AVE,1231,,,,,,,3,NONINCAPACITATING INJURY,2,0,0,2,0,2,0,12,1,11,41.876332859,-87.666811118,POINT (-87.666811117572 41.87633285922)
JB511940,,11/11/2018 12:04:00 PM,30,STOP SIGN/FLASHER,OTHER,CLEAR,DAYLIGHT,TURNING,OTHER,0,STRAIGHT AND LEVEL,DRY,NO DEFECTS,ON SCENE,INJURY AND / OR TOW DUE TO CRASH,Y,,,"OVER $1,500",11/11/2018 12:04:00 PM,FAILING TO YIELD RIGHT-OF-WAY,FAILING TO YIELD RIGHT-OF-WAY,800,S,OAKLEY BLVD,1225,,,,,,,2,NO INDICATION OF INJURY,0,0,0,0,0,2,0,12,1,11,41.871306166,-87.683864784,POINT (-87.683864784138 41.871306165894)
JB512065,,11/11/2018 12:00:00 PM,30,NO CONTROLS,NO CONTROLS,CLEAR,DAYLIGHT,PARKED MOTOR VEHICLE,PARKING LOT,0,STRAIGHT AND LEVEL,DRY,NO DEFECTS,NOT ON SCENE (DESK REPORT),NO INJURY / DRIVE AWAY,,Y,Y,"OVER $1,500",11/11/2018 02:30:00 PM,IMPROPER BACKING,FAILING TO REDUCE SPEED TO AVOID CRASH,4626,W,DIVERSEY AVE,2521,,,,,,,2,NO INDICATION OF INJURY,0,0,0,0,0,1,0,12,1,11,41.931688919,-87.743016947,POINT (-87.743016946831 41.931688919351)
JB511998,,11/11/2018 12:00:00 PM,30,TRAFFIC SIGNAL,FUNCTIONING PROPERLY,CLEAR,DAYLIGHT,SIDESWIPE SAME DIRECTION,NOT DIVIDED,4,STRAIGHT AND LEVEL,DRY,NO DEFECTS,NOT ON SCENE (DESK REPORT),NO INJURY / DRIVE AWAY,,,Y,"$501 - $1,500",11/11/2018 01:15:00 PM,IMPROPER OVERTAKING/PASSING,IMPROPER OVERTAKING/PASSING,50,W,ROOSEVELT RD,123,,,,,,,2,NO INDICATION OF INJURY,0,0,0,0,0,2,0,12,1,11,41.867497084,-87.629351512,POINT (-87.6293515124 41.867497083566)
JB511983,,11/11/2018 12:00:00 PM,30,NO CONTROLS,NO CONTROLS,CLEAR,DAYLIGHT,SIDESWIPE SAME DIRECTION,ONE-WAY,2,STRAIGHT AND LEVEL,DRY,NO DEFECTS,NOT ON SCENE (DESK REPORT),NO INJURY / DRIVE AWAY,,,,"$501 - $1,500",11/11/2018 12:00:00 PM,FAILING TO YIELD RIGHT-OF-WAY,NOT APPLICABLE,2242,N,LEAMINGTON AVE,2522,,,,,,,2,NO INDICATION OF INJURY,0,0,0,0,0,2,0,12,1,11,41.921749837,-87.754995046,POINT (-87.754995046269 41.921749836984)
JB511960,Y,11/11/2018 12:00:00 PM,30,NO CONTROLS,NO CONTROLS,UNKNOWN,UNKNOWN,PARKED MOTOR VEHICLE,NOT DIVIDED,2,STRAIGHT AND LEVEL,UNKNOWN,UNKNOWN,NOT ON SCENE (DESK REPORT),NO INJURY / DRIVE AWAY,,,Y,"$501 - $1,500",11/11/2018 12:40:00 PM,UNABLE TO DETERMINE,UNABLE TO DETERMINE,911,W,ADDISON ST,1924,,,,,,,2,NO INDICATION OF INJURY,0,0,0,0,0,1,0,12,1,11,41.947167294,-87.652380634,POINT (-87.652380633609 41.947167294473)
JB511941,,11/11/2018 11:30:00 AM,30,TRAFFIC SIGNAL,FUNCTIONING PROPERLY,CLEAR,DAYLIGHT,PEDALCYCLIST,NOT DIVIDED,,STRAIGHT AND LEVEL,DRY,NO DEFECTS,NOT ON SCENE (DESK REPORT),NO INJURY / DRIVE AWAY,Y,,,$500 OR LESS,11/11/2018 12:20:00 PM,UNABLE TO DETERMINE,UNABLE TO DETERMINE,4100,N,CLARENDON AVE,1915,,,,,,,2,NO INDICATION OF INJURY,0,0,0,0,0,2,0,11,1,11,41.95608286,-87.649892781,POINT (-87.649892781 41.956082859744)
JB511921,,11/11/2018 11:30:00 AM,30,TRAFFIC SIGNAL,FUNCTIONING PROPERLY,CLEAR,DAYLIGHT,REAR END,DIVIDED - W/MEDIAN BARRIER,4,STRAIGHT AND LEVEL,DRY,NO DEFECTS,ON SCENE,INJURY AND / OR TOW DUE TO CRASH,Y,,,"OVER $1,500",11/11/2018 11:32:00 AM,FOLLOWING TOO CLOSELY,DRIVING SKILLS/KNOWLEDGE/EXPERIENCE,1,W,HELIPAD ST,1654,,,,,,,2,"REPORTED, NOT EVIDENT",1,0,0,0,1,1,0,11,1,11,,,
JB511909,,11/11/2018 11:30:00 AM,30,STOP SIGN/FLASHER,NO CONTROLS,CLEAR,DAYLIGHT,ANGLE,NOT DIVIDED,1,STRAIGHT AND LEVEL,DRY,NO DEFECTS,ON SCENE,NO INJURY / DRIVE AWAY,Y,,,$500 OR LESS,11/11/2018 11:34:00 AM,DISREGARDING STOP SIGN,UNABLE TO DETERMINE,300,N,PAULINA ST,1215,,,,,,,2,NO INDICATION OF INJURY,0,0,0,0,0,2,0,11,1,11,41.886931374,-87.669615186,POINT (-87.669615185588 41.886931373911)
JB511896,Y,11/11/2018 11:25:00 AM,30,TRAFFIC SIGNAL,UNKNOWN,CLEAR,DAYLIGHT,PEDALCYCLIST,NOT DIVIDED,1,STRAIGHT AND LEVEL,DRY,UNKNOWN,ON SCENE,INJURY AND / OR TOW DUE TO CRASH,,,,"OVER $1,500",11/11/2018 11:31:00 AM,DRIVING SKILLS/KNOWLEDGE/EXPERIENCE,UNABLE TO DETERMINE,1415,S,PULASKI RD,1011,,,,,,,2,NONINCAPACITATING INJURY,1,0,0,1,0,1,0,11,1,11,41.862036929,-87.724897019,POINT (-87.724897018524 41.862036929178)
JB511912,,11/11/2018 11:10:00 AM,30,NO CONTROLS,NO CONTROLS,CLEAR,DAYLIGHT,TURNING,NOT DIVIDED,,STRAIGHT AND LEVEL,UNKNOWN,UNKNOWN,NOT ON SCENE (DESK REPORT),NO INJURY / DRIVE AWAY,,,,"OVER $1,500",11/11/2018 12:00:00 PM,FAILING TO YIELD RIGHT-OF-WAY,IMPROPER TURNING/NO SIGNAL,1157,W,74TH ST,733,,,,,,,2,NO INDICATION OF INJURY,0,0,0,0,0,2,0,11,1,11,41.759488097,-87.653825668,POINT (-87.653825668477 41.759488096814)
JB511883,,11/11/2018 11:04:00 AM,20,STOP SIGN/FLASHER,FUNCTIONING PROPERLY,CLEAR,DAYLIGHT,PARKED MOTOR VEHICLE,NOT DIVIDED,2,STRAIGHT AND LEVEL,DRY,NO DEFECTS,ON SCENE,NO INJURY / DRIVE AWAY,,,,"OVER $1,500",11/11/2018 11:07:00 AM,EQUIPMENT - VEHICLE CONDITION,UNABLE TO DETERMINE,2103,W,67TH PL,726,,,,,,,2,NO INDICATION OF INJURY,0,0,0,0,0,1,0,11,1,11,41.771026122,-87.6762615,POINT (-87.6762614996 41.771026122325)
JB512374,,11/11/2018 11:00:00 AM,30,NO CONTROLS,NO CONTROLS,CLEAR,DAYLIGHT,PARKED MOTOR VEHICLE,NOT DIVIDED,2,STRAIGHT AND LEVEL,DRY,NO DEFECTS,NOT ON SCENE (DESK REPORT),NO INJURY / DRIVE AWAY,,,Y,"$501 - $1,500",11/11/2018 07:23:00 PM,UNABLE TO DETERMINE,NOT APPLICABLE,4631,W,MC LEAN AVE,2522,,,,,,,2,NO INDICATION OF INJURY,0,0,0,0,0,1,0,11,1,11,41.917768346,-87.742822101,POINT (-87.742822100667 41.917768345828)
JB512203,,11/11/2018 11:00:00 AM,30,NO CONTROLS,NO CONTROLS,CLEAR,"DARKNESS, LIGHTED ROAD",PARKED MOTOR VEHICLE,ONE-WAY,1,STRAIGHT AND LEVEL,DRY,NO DEFECTS,NOT ON SCENE (DESK REPORT),NO INJURY / DRIVE AWAY,,,Y,"$501 - $1,500",11/11/2018 04:39:00 PM,UNABLE TO DETERMINE,DRIVING SKILLS/KNOWLEDGE/EXPERIENCE,7310,S,WHIPPLE ST,835,,,,,,,2,NO INDICATION OF INJURY,0,0,0,0,0,1,0,11,1,11,41.760423436,-87.699175708,POINT (-87.699175707785 41.760423435679)
JB511881,,11/11/2018 11:00:00 AM,20,NO CONTROLS,NO CONTROLS,CLEAR,DAYLIGHT,PEDESTRIAN,ONE-WAY,,STRAIGHT AND LEVEL,DRY,NO DEFECTS,ON SCENE,NO INJURY / DRIVE AWAY,,,,$500 OR LESS,11/11/2018 11:02:00 AM,UNABLE TO DETERMINE,UNABLE TO DETERMINE,6942,S,ABERDEEN ST,733,,,,,,,2,NO INDICATION OF INJURY,0,0,0,0,0,2,0,11,1,11,41.767452873,-87.651898844,POINT (-87.651898843938 41.767452872632)
JB512002,,11/11/2018 10:58:00 AM,20,NO CONTROLS,NO CONTROLS,CLEAR,DAYLIGHT,FIXED OBJECT,ALLEY,1,STRAIGHT AND LEVEL,DRY,NO DEFECTS,NOT ON SCENE (DESK REPORT),NO INJURY / DRIVE AWAY,,,,$500 OR LESS,11/11/2018 10:58:00 AM,IMPROPER BACKING,NOT APPLICABLE,1426,S,KEDVALE AVE,1011,,,,,,,1,NO INDICATION OF INJURY,0,0,0,0,0,1,0,10,1,11,41.861639158,-87.728852535,POINT (-87.72885253465 41.861639157851)
JB511857,,11/11/2018 10:35:00 AM,20,STOP SIGN/FLASHER,FUNCTIONING PROPERLY,CLEAR,DAYLIGHT,REAR END,ONE-WAY,,STRAIGHT AND LEVEL,DRY,NO DEFECTS,ON SCENE,NO INJURY / DRIVE AWAY,,,,$500 OR LESS,11/11/2018 10:40:00 AM,FOLLOWING TOO CLOSELY,UNABLE TO DETERMINE,5500,W,WELLINGTON AVE,2514,,,,,,,2,NO INDICATION OF INJURY,0,0,0,0,0,2,0,10,1,11,41.935068684,-87.763982863,POINT (-87.763982862634 41.93506868441)
JB511852,,11/11/2018 10:20:00 AM,30,NO CONTROLS,NO CONTROLS,CLEAR,DAYLIGHT,PARKED MOTOR VEHICLE,NOT DIVIDED,,STRAIGHT AND LEVEL,DRY,NO DEFECTS,ON SCENE,INJURY AND / OR TOW DUE TO CRASH,,,,"OVER $1,500",11/11/2018 10:21:00 AM,DRIVING SKILLS/KNOWLEDGE/EXPERIENCE,UNABLE TO DETERMINE,2734,S,KOSTNER AVE,1031,,,,,,,3,NO INDICATION OF INJURY,0,0,0,0,0,1,0,10,1,11,41.841220188,-87.734344037,POINT (-87.734344036899 41.8412201878)
JB511840,,11/11/2018 10:15:00 AM,30,TRAFFIC SIGNAL,FUNCTIONING PROPERLY,CLEAR,DAYLIGHT,ANGLE,NOT DIVIDED,2,STRAIGHT AND LEVEL,DRY,NO DEFECTS,ON SCENE,INJURY AND / OR TOW DUE TO CRASH,Y,,,"OVER $1,500",11/11/2018 10:22:00 AM,UNABLE TO DETERMINE,UNABLE TO DETERMINE,200,E,31ST ST,133,,,,,,,2,NO INDICATION OF INJURY,0,0,0,0,0,3,0,10,1,11,41.838475304,-87.621863105,POINT (-87.621863105414 41.838475303648)
JB513480,,11/11/2018 10:00:00 AM,30,NO CONTROLS,UNKNOWN,CLEAR,UNKNOWN,PARKED MOTOR VEHICLE,ONE-WAY,,STRAIGHT AND LEVEL,DRY,NO DEFECTS,NOT ON SCENE (DESK REPORT),NO INJURY / DRIVE AWAY,,,Y,"$501 - $1,500",11/12/2018 05:45:00 PM,UNABLE TO DETERMINE,UNABLE TO DETERMINE,5652,N,MAJOR AVE,1622,,,,,,,2,NO INDICATION OF INJURY,0,0,0,0,0,1,0,10,1,11,41.98449699,-87.770879081,POINT (-87.770879081378 41.984496989897)
JB512035,Y,11/11/2018 10:00:00 AM,35,NO CONTROLS,NO CONTROLS,CLEAR,DAYLIGHT,PARKED MOTOR VEHICLE,NOT DIVIDED,2,STRAIGHT AND LEVEL,DRY,NO DEFECTS,NOT ON SCENE (DESK REPORT),NO INJURY / DRIVE AWAY,,,Y,"OVER $1,500",11/11/2018 01:50:00 PM,UNABLE TO DETERMINE,UNABLE TO DETERMINE,7252,S,DR MARTIN LUTHER KING JR DR,323,,,,,,,2,NO INDICATION OF INJURY,0,0,0,0,0,1,0,10,1,11,41.762318414,-87.615357287,POINT (-87.615357286524 41.762318413592)
JB511823,,11/11/2018 09:50:00 AM,30,NO CONTROLS,NO CONTROLS,CLEAR,DAYLIGHT,SIDESWIPE SAME DIRECTION,DIVIDED - W/MEDIAN BARRIER,,STRAIGHT AND LEVEL,DRY,NO DEFECTS,NOT ON SCENE (DESK REPORT),NO INJURY / DRIVE AWAY,,,,"$501 - $1,500",11/11/2018 10:20:00 AM,UNABLE TO DETERMINE,UNABLE TO DETERMINE,20,N,WACKER DR,122,,,,,,,2,NO INDICATION OF INJURY,0,0,0,0,0,4,0,9,1,11,41.882410906,-87.63717471,POINT (-87.637174710464 41.882410906485)
JB511822,,11/11/2018 09:46:00 AM,30,NO CONTROLS,NO CONTROLS,CLEAR,DAYLIGHT,SIDESWIPE SAME DIRECTION,DIVIDED - W/MEDIAN (NOT RAISED),,STRAIGHT AND LEVEL,DRY,NO DEFECTS,NOT ON SCENE (DESK REPORT),NO INJURY / DRIVE AWAY,,,,"$501 - $1,500",11/11/2018 10:15:00 AM,UNABLE TO DETERMINE,UNABLE TO DETERMINE,5940,N,RIDGE AVE,2012,,,,,,,2,NO INDICATION OF INJURY,0,0,0,0,0,6,0,9,1,11,41.989676936,-87.670206816,POINT (-87.670206816488 41.98967693564)
JB511820,,11/11/2018 09:40:00 AM,30,STOP SIGN/FLASHER,FUNCTIONING PROPERLY,CLEAR,DAYLIGHT,TURNING,DIVIDED - W/MEDIAN (NOT RAISED),,STRAIGHT AND LEVEL,DRY,NO DEFECTS,NOT ON SCENE (DESK REPORT),NO INJURY / DRIVE AWAY,Y,,,"OVER $1,500",11/11/2018 10:13:00 AM,IMPROPER TURNING/NO SIGNAL,NOT APPLICABLE,1500,W,18TH ST,1233,,,,,,,2,NO INDICATION OF INJURY,0,0,0,0,0,3,0,9,1,11,41.857943185,-87.66388429,POINT (-87.66388428959 41.85794318489)
JB511806,Y,11/11/2018 09:35:00 AM,25,NO CONTROLS,NO CONTROLS,CLEAR,DAYLIGHT,PARKED MOTOR VEHICLE,ONE-WAY,2,STRAIGHT AND LEVEL,DRY,NO DEFECTS,NOT ON SCENE (DESK REPORT),NO INJURY / DRIVE AWAY,,,,"OVER $1,500",11/11/2018 09:50:00 AM,UNABLE TO DETERMINE,UNABLE TO DETERMINE,160,E,DELAWARE PL,1833,,,,,,,2,NO INDICATION OF INJURY,0,0,0,0,0,2,0,9,1,11,41.89932834,-87.623530172,POINT (-87.623530172092 41.899328340119)
JB511799,,11/11/2018 09:35:00 AM,30,NO CONTROLS,NO CONTROLS,CLEAR,DAYLIGHT,FIXED OBJECT,DIVIDED - W/MEDIAN BARRIER,2,STRAIGHT AND LEVEL,ICE,WORN SURFACE,ON SCENE,INJURY AND / OR TOW DUE TO CRASH,,,,"OVER $1,500",11/11/2018 09:35:00 AM,ROAD CONSTRUCTION/MAINTENANCE,WEATHER,4600,W,NORTH AVE,2533,,,,,,,1,NO INDICATION OF INJURY,0,0,0,0,0,1,0,9,1,11,41.909792526,-87.741433878,POINT (-87.741433878087 41.909792526043)
JB511797,,11/11/2018 09:20:00 AM,25,TRAFFIC SIGNAL,FUNCTIONING PROPERLY,CLEAR,DAYLIGHT,TURNING,DIVIDED - W/MEDIAN BARRIER,,STRAIGHT AND LEVEL,DRY,NO DEFECTS,NOT ON SCENE (DESK REPORT),NO INJURY / DRIVE AWAY,Y,,,"$501 - $1,500",11/11/2018 09:45:00 AM,IMPROPER TURNING/NO SIGNAL,NOT APPLICABLE,2351,S,DR MARTIN LUTHER KING JR DR,132,,,,,,,2,NO INDICATION OF INJURY,0,0,0,0,0,3,0,9,1,11,41.849669757,-87.618308229,POINT (-87.618308229101 41.849669757169)
JB511792,,11/11/2018 09:20:00 AM,30,NO CONTROLS,NO CONTROLS,CLEAR,DAYLIGHT,PARKED MOTOR VEHICLE,PARKING LOT,,STRAIGHT AND LEVEL,DRY,NO DEFECTS,ON SCENE,NO INJURY / DRIVE AWAY,,Y,,$500 OR LESS,11/11/2018 09:24:00 AM,NOT APPLICABLE,NOT APPLICABLE,4659,S,LAKE PARK AVE,222,,,,,,,2,NO INDICATION OF INJURY,0,0,0,0,0,3,0,9,1,11,41.810358147,-87.593033928,POINT (-87.593033927956 41.810358147094)
JB511825,,11/11/2018 09:15:00 AM,30,TRAFFIC SIGNAL,FUNCTIONING PROPERLY,CLEAR,DAYLIGHT,REAR END,NOT DIVIDED,,STRAIGHT AND LEVEL,DRY,UNKNOWN,NOT ON SCENE (DESK REPORT),NO INJURY / DRIVE AWAY,Y,,,"$501 - $1,500",11/11/2018 10:00:00 AM,FAILING TO REDUCE SPEED TO AVOID CRASH,UNABLE TO DETERMINE,1601,W,71ST ST,735,,,,,,,2,NO INDICATION OF INJURY,0,0,0,0,0,2,0,9,1,11,41.76479878,-87.663856155,POINT (-87.663856154847 41.764798780315)
JB512047,,11/11/2018 09:00:00 AM,25,TRAFFIC SIGNAL,FUNCTIONING PROPERLY,CLEAR,DAYLIGHT,REAR END,NOT DIVIDED,,STRAIGHT AND LEVEL,DRY,NO DEFECTS,NOT ON SCENE (DESK REPORT),NO INJURY / DRIVE AWAY,,,,"OVER $1,500",11/11/2018 02:00:00 PM,FOLLOWING TOO CLOSELY,UNABLE TO DETERMINE,2600,W,MARQUETTE RD,831,,,,,,,2,NO INDICATION OF INJURY,0,0,0,0,0,5,0,9,1,11,41.77201028,-87.688397212,POINT (-87.688397211709 41.77201027955)
JB511876,,11/11/2018 09:00:00 AM,20,NO CONTROLS,NO CONTROLS,CLEAR,UNKNOWN,PARKED MOTOR VEHICLE,NOT DIVIDED,1,STRAIGHT AND LEVEL,DRY,NO DEFECTS,ON SCENE,NO INJURY / DRIVE AWAY,,,Y,"$501 - $1,500",11/11/2018 10:25:00 AM,UNABLE TO DETERMINE,NOT APPLICABLE,5754,W,CULLOM AVE,1624,,,,,,,2,NO INDICATION OF INJURY,0,0,0,0,0,1,0,9,1,11,41.95870781,-87.771801156,POINT (-87.771801155874 41.958707810171)
JB511768,,11/11/2018 08:55:00 AM,30,STOP SIGN/FLASHER,FUNCTIONING PROPERLY,CLEAR,DAYLIGHT,ANGLE,OTHER,1,STRAIGHT AND LEVEL,DRY,NO DEFECTS,ON SCENE,INJURY AND / OR TOW DUE TO CRASH,Y,,,"OVER $1,500",11/11/2018 08:55:00 AM,UNABLE TO DETERMINE,FAILING TO YIELD RIGHT-OF-WAY,300,N,HOMAN AVE,1123,,,,,,,2,NO INDICATION OF INJURY,0,0,0,0,0,2,0,8,1,11,41.886406643,-87.711315645,POINT (-87.711315644629 41.886406642509)
JB511774,,11/11/2018 08:45:00 AM,30,STOP SIGN/FLASHER,NO CONTROLS,CLEAR,DAYLIGHT,REAR END,NOT DIVIDED,,STRAIGHT AND LEVEL,DRY,NO DEFECTS,NOT ON SCENE (DESK REPORT),NO INJURY / DRIVE AWAY,,,,"$501 - $1,500",11/11/2018 09:00:00 AM,FAILING TO REDUCE SPEED TO AVOID CRASH,NOT APPLICABLE,5297,W,BELMONT AVE,2514,,,,,,,2,NO INDICATION OF INJURY,0,0,0,0,0,4,0,8,1,11,41.938559823,-87.759011886,POINT (-87.759011885506 41.938559822568)
JB511801,,11/11/2018 08:30:00 AM,30,STOP SIGN/FLASHER,FUNCTIONING PROPERLY,CLEAR,DAYLIGHT,PARKED MOTOR VEHICLE,NOT DIVIDED,2,STRAIGHT AND LEVEL,DRY,NO DEFECTS,NOT ON SCENE (DESK REPORT),NO INJURY / DRIVE AWAY,,,,"$501 - $1,500",11/11/2018 09:40:00 AM,IMPROPER BACKING,IMPROPER BACKING,1113,W,18TH ST,1235,,,,,,,2,NO INDICATION OF INJURY,0,0,0,0,0,1,0,8,1,11,41.857881894,-87.653896641,POINT (-87.653896640947 41.857881894306)