RD_NO,CRASH_DATE_EST_I,CRASH_DATE,POSTED_SPEED_LIMIT,TRAFFIC_CONTROL_DEVICE,DEVICE_CONDITION,WEATHER_CONDITION,LIGHTING_CONDITION,FIRST_CRASH_TYPE,TRAFFICWAY_TYPE,LANE_CNT,ALIGNMENT,ROADWAY_SURFACE_COND,ROAD_DEFECT,REPORT_TYPE,CRASH_TYPE,INTERSECTION_RELATED_I,NOT_RIGHT_OF_WAY_I,HIT_AND_RUN_I,DAMAGE,DATE_POLICE_NOTIFIED,PRIM_CONTRIBUTORY_CAUSE,SEC_CONTRIBUTORY_CAUSE,STREET_NO,STREET_DIRECTION,STREET_NAME,BEAT_OF_OCCURRENCE,PHOTOS_TAKEN_I,STATEMENTS_TAKEN_I,DOORING_I,WORK_ZONE_I,WORK_ZONE_TYPE,WORKERS_PRESENT_I,NUM_UNITS,MOST_SEVERE_INJURY,INJURIES_TOTAL,INJURIES_FATAL,INJURIES_INCAPACITATING,INJURIES_NON_INCAPACITATING,INJURIES_REPORTED_NOT_EVIDENT,INJURIES_NO_INDICATION,INJURIES_UNKNOWN,CRASH_HOUR,CRASH_DAY_OF_WEEK,CRASH_MONTH,LATITUDE,LONGITUDE,LOCATION
JB511404,,11/10/2018 08:00:00 PM,35,NO CONTROLS,NO CONTROLS,CLEAR,DARKNESS,REAR END,NOT DIVIDED,,STRAIGHT AND LEVEL,DRY,NO DEFECTS,NOT ON SCENE (DESK REPORT),NO INJURY / DRIVE AWAY,,,,"OVER $1,500",11/10/2018 09:26:00 PM,FAILING TO REDUCE SPEED TO AVOID CRASH,FAILING TO REDUCE SPEED TO AVOID CRASH,4718,W,ADDISON ST,1731,,,,,,,3,NO INDICATION OF INJURY,0,0,0,0,0,4,0,20,7,11,41.946260455,-87.745283276,POINT (-87.745283275945 41.946260455021)
JB511381,,11/10/2018 08:00:00 PM,10,NO CONTROLS,NO CONTROLS,CLEAR,"DARKNESS, LIGHTED ROAD",SIDESWIPE SAME DIRECTION,DRIVEWAY,2,"CURVE, LEVEL",DRY,NO DEFECTS,NOT ON SCENE (DESK REPORT),NO INJURY / DRIVE AWAY,,Y,,"$501 - $1,500",11/10/2018 09:00:00 PM,UNABLE TO DETERMINE,NOT APPLICABLE,339,N,DEARBORN ST,1831,,,,,,,2,NO INDICATION OF INJURY,0,0,0,0,0,5,0,20,7,11,41.888582437,-87.629417014,POINT (-87.629417013561 41.888582436775)
JB511353,,11/10/2018 08:00:00 PM,35,NO CONTROLS,NO CONTROLS,CLEAR,"DARKNESS, LIGHTED ROAD",ANGLE,NOT DIVIDED,,STRAIGHT AND LEVEL,DRY,NO DEFECTS,NOT ON SCENE (DESK REPORT),NO INJURY / DRIVE AWAY,,,,"OVER $1,500",11/10/2018 08:19:00 PM,UNABLE TO DETERMINE,UNABLE TO DETERMINE,2514,W,47TH ST,922,,,,,,,2,NO INDICATION OF INJURY,0,0,0,0,0,6,0,20,7,11,41.808498962,-87.687537897,POINT (-87.687537897161 41.808498961813)
JB511336,,11/10/2018 07:50:00 PM,35,NO CONTROLS,NO CONTROLS,CLEAR,"DARKNESS, LIGHTED ROAD",SIDESWIPE SAME DIRECTION,DIVIDED - W/MEDIAN (NOT RAISED),2,STRAIGHT AND LEVEL,DRY,NO DEFECTS,NOT ON SCENE (DESK REPORT),INJURY AND / OR TOW DUE TO CRASH,,,,"OVER $1,500",11/10/2018 07:55:00 PM,FAILING TO YIELD RIGHT-OF-WAY,FAILING TO REDUCE SPEED TO AVOID CRASH,3927,N,LARAMIE AVE,1634,,,,,,,2,NO INDICATION OF INJURY,0,0,0,0,0,2,0,19,7,11,41.952308516,-87.756969941,POINT (-87.756969941119 41.952308515802)
JB511354,Y,11/10/2018 07:40:00 PM,30,NO CONTROLS,NO CONTROLS,CLEAR,"DARKNESS, LIGHTED ROAD",PARKED MOTOR VEHICLE,DIVIDED - W/MEDIAN (NOT RAISED),2,STRAIGHT AND LEVEL,DRY,NO DEFECTS,ON SCENE,INJURY AND / OR TOW DUE TO CRASH,,,Y,"OVER $1,500",11/10/2018 07:47:00 PM,UNABLE TO DETERMINE,NOT APPLICABLE,2997,S,CALIFORNIA AVE,1034,,,,,,,3,NO INDICATION OF INJURY,0,0,0,0,0,1,0,19,7,11,,,
JB511334,,11/10/2018 07:33:00 PM,25,STOP SIGN/FLASHER,FUNCTIONING PROPERLY,CLEAR,DARKNESS,SIDESWIPE OPPOSITE DIRECTION,ONE-WAY,,STRAIGHT AND LEVEL,DRY,NO DEFECTS,NOT ON SCENE (DESK REPORT),NO INJURY / DRIVE AWAY,Y,,,"OVER $1,500",11/10/2018 08:03:00 PM,IMPROPER BACKING,NOT APPLICABLE,500,S,CONGRESS PLAZA DR,114,,,,,,,2,NO INDICATION OF INJURY,0,0,0,0,0,3,0,19,7,11,41.875668676,-87.623410818,POINT (-87.623410818474 41.875668676196)
JB511831,,11/10/2018 07:30:00 PM,30,TRAFFIC SIGNAL,FUNCTIONING PROPERLY,CLEAR,"DARKNESS, LIGHTED ROAD",REAR END,NOT DIVIDED,4,STRAIGHT AND LEVEL,DRY,NO DEFECTS,NOT ON SCENE (DESK REPORT),NO INJURY / DRIVE AWAY,,,,"$501 - $1,500",11/11/2018 10:15:00 AM,UNABLE TO DETERMINE,UNABLE TO DETERMINE,2548,W,MARQUETTE RD,832,,,,,,,2,NO INDICATION OF INJURY,0,0,0,0,0,2,0,19,7,11,41.772017516,-87.687849986,POINT (-87.687849986093 41.772017515984)
JB511502,Y,11/10/2018 07:30:00 PM,25,NO CONTROLS,NO CONTROLS,CLEAR,UNKNOWN,PARKED MOTOR VEHICLE,PARKING LOT,,STRAIGHT AND LEVEL,DRY,UNKNOWN,ON SCENE,NO INJURY / DRIVE AWAY,,,Y,"OVER $1,500",11/10/2018 11:50:00 PM,UNABLE TO DETERMINE,UNABLE TO DETERMINE,7300,N,SHERIDAN RD,2423,,,,,,,2,NO INDICATION OF INJURY,0,0,0,0,0,1,0,19,7,11,42.013957777,-87.664243236,POINT (-87.664243236398 42.013957776681)
JB511396,,11/10/2018 07:30:00 PM,30,NO CONTROLS,NO CONTROLS,CLEAR,DARKNESS,SIDESWIPE SAME DIRECTION,ONE-WAY,4,STRAIGHT AND LEVEL,DRY,NO DEFECTS,NOT ON SCENE (DESK REPORT),NO INJURY / DRIVE AWAY,,,,"OVER $1,500",11/10/2018 09:14:00 PM,FAILING TO YIELD RIGHT-OF-WAY,FAILING TO YIELD RIGHT-OF-WAY,207,W,OHIO ST,1831,,,,,,,2,NO INDICATION OF INJURY,0,0,0,0,0,2,0,19,7,11,41.892274838,-87.634415841,POINT (-87.634415840545 41.892274838356)
JB511342,,11/10/2018 07:30:00 PM,30,NO CONTROLS,NO CONTROLS,CLEAR,"DARKNESS, LIGHTED ROAD",SIDESWIPE SAME DIRECTION,DIVIDED - W/MEDIAN BARRIER,,STRAIGHT AND LEVEL,DRY,NO DEFECTS,ON SCENE,NO INJURY / DRIVE AWAY,,,,"OVER $1,500",11/10/2018 07:30:00 PM,UNABLE TO DETERMINE,NOT APPLICABLE,720,S,MICHIGAN AVE,123,,,,,,,2,NO INDICATION OF INJURY,0,0,0,0,0,4,0,19,7,11,41.872798869,-87.62433781,POINT (-87.62433781031 41.872798869355)
JB511352,Y,11/10/2018 07:15:00 PM,30,TRAFFIC SIGNAL,FUNCTIONING PROPERLY,CLEAR,"DARKNESS, LIGHTED ROAD",PEDESTRIAN,NOT DIVIDED,2,STRAIGHT AND LEVEL,DRY,NO DEFECTS,ON SCENE,INJURY AND / OR TOW DUE TO CRASH,Y,,Y,$500 OR LESS,11/10/2018 07:30:00 PM,FAILING TO YIELD RIGHT-OF-WAY,UNABLE TO DETERMINE,3201,N,LEAVITT ST,1921,,,,,,,2,NONINCAPACITATING INJURY,1,0,0,1,0,1,0,19,7,11,41.9395607,-87.683054939,POINT (-87.683054938969 41.939560700389)
JB511291,Y,11/10/2018 07:05:00 PM,30,TRAFFIC SIGNAL,NO CONTROLS,CLEAR,DAWN,TURNING,NOT DIVIDED,2,STRAIGHT AND LEVEL,DRY,NO DEFECTS,ON SCENE,INJURY AND / OR TOW DUE TO CRASH,,,N,"OVER $1,500",11/10/2018 07:10:00 PM,IMPROPER OVERTAKING/PASSING,DRIVING SKILLS/KNOWLEDGE/EXPERIENCE,5603,S,COTTAGE GROVE AVE,235,,,,,,,2,NONINCAPACITATING INJURY,1,0,0,1,0,2,0,19,7,11,41.793008101,-87.606040371,POINT (-87.60604037143 41.793008100577)
JB511314,,11/10/2018 06:55:00 PM,30,TRAFFIC SIGNAL,FUNCTIONING PROPERLY,CLEAR,DAYLIGHT,REAR END,NOT DIVIDED,,STRAIGHT AND LEVEL,DRY,NO DEFECTS,NOT ON SCENE (DESK REPORT),NO INJURY / DRIVE AWAY,,,,$500 OR LESS,11/10/2018 07:30:00 PM,FOLLOWING TOO CLOSELY,UNABLE TO DETERMINE,2105,E,MARQUETTE DR,331,,,,,,,2,NO INDICATION OF INJURY,0,0,0,0,0,2,0,18,7,11,41.775198707,-87.573757045,POINT (-87.573757044748 41.775198707488)
JB511269,,11/10/2018 06:40:00 PM,30,NO CONTROLS,NO CONTROLS,CLEAR,"DARKNESS, LIGHTED ROAD",PARKED MOTOR VEHICLE,DIVIDED - W/MEDIAN (NOT RAISED),,STRAIGHT AND LEVEL,DRY,NO DEFECTS,ON SCENE,INJURY AND / OR TOW DUE TO CRASH,,,,"OVER $1,500",11/10/2018 06:40:00 PM,PHYSICAL CONDITION OF DRIVER,NOT APPLICABLE,10842,S,WESTERN AVE,2212,,,,,,,3,NO INDICATION OF INJURY,0,0,0,0,0,1,0,18,7,11,41.695977549,-87.681435462,POINT (-87.681435461965 41.695977549171)
JB511457,,11/10/2018 06:30:00 PM,30,NO CONTROLS,NO CONTROLS,CLEAR,"DARKNESS, LIGHTED ROAD",PARKED MOTOR VEHICLE,PARKING LOT,,STRAIGHT AND LEVEL,DRY,NO DEFECTS,NOT ON SCENE (DESK REPORT),NO INJURY / DRIVE AWAY,,,,"OVER $1,500",11/10/2018 10:15:00 PM,"OPERATING VEHICLE IN ERRATIC, RECKLESS, CARELESS, NEGLIGENT OR AGGRESSIVE MANNER",UNABLE TO DETERMINE,2821,W,81ST ST,835,,,,,,,2,NO INDICATION OF INJURY,0,0,0,0,0,1,0,18,7,11,41.746182454,-87.693502538,POINT (-87.693502537888 41.746182454354)
JB511264,,11/10/2018 06:25:00 PM,30,TRAFFIC SIGNAL,FUNCTIONING PROPERLY,CLEAR,"DARKNESS, LIGHTED ROAD",TURNING,DIVIDED - W/MEDIAN BARRIER,4,STRAIGHT AND LEVEL,DRY,NO DEFECTS,ON SCENE,INJURY AND / OR TOW DUE TO CRASH,Y,,,"OVER $1,500",11/10/2018 06:31:00 PM,FAILING TO REDUCE SPEED TO AVOID CRASH,FAILING TO YIELD RIGHT-OF-WAY,101,E,CERMAK RD,132,,,,,,,2,"REPORTED, NOT EVIDENT",1,0,0,0,1,3,0,18,7,11,41.852756576,-87.623767024,POINT (-87.623767023631 41.852756575569)
JB511260,,11/10/2018 06:15:00 PM,35,STOP SIGN/FLASHER,FUNCTIONING PROPERLY,CLEAR,"DARKNESS, LIGHTED ROAD",ANGLE,NOT DIVIDED,,STRAIGHT AND LEVEL,DRY,NO DEFECTS,NOT ON SCENE (DESK REPORT),NO INJURY / DRIVE AWAY,,,,"OVER $1,500",11/10/2018 06:32:00 PM,UNABLE TO DETERMINE,UNABLE TO DETERMINE,6500,S,PULASKI RD,833,,,,,,,2,NO INDICATION OF INJURY,0,0,0,0,0,3,0,18,7,11,41.774964998,-87.722812227,POINT (-87.722812226815 41.774964998435)
JB511259,,11/10/2018 06:13:00 PM,30,NO CONTROLS,FUNCTIONING PROPERLY,CLEAR,DAYLIGHT,TURNING,ONE-WAY,,STRAIGHT AND LEVEL,DRY,NO DEFECTS,ON SCENE,NO INJURY / DRIVE AWAY,Y,,,"OVER $1,500",11/10/2018 06:19:00 PM,IMPROPER OVERTAKING/PASSING,NOT APPLICABLE,333,W,ONTARIO ST,1831,,,,,,,2,NO INDICATION OF INJURY,0,0,0,0,0,2,0,18,7,11,41.893037196,-87.637004223,POINT (-87.637004223232 41.893037195577)
JB511281,,11/10/2018 06:05:00 PM,30,TRAFFIC SIGNAL,FUNCTIONING PROPERLY,CLEAR,DARKNESS,REAR END,NOT DIVIDED,2,STRAIGHT AND LEVEL,UNKNOWN,UNKNOWN,NOT ON SCENE (DESK REPORT),NO INJURY / DRIVE AWAY,,,,"$501 - $1,500",11/10/2018 06:46:00 PM,FOLLOWING TOO CLOSELY,FOLLOWING TOO CLOSELY,1372,N,MILWAUKEE AVE,1424,,,,,,,3,NO INDICATION OF INJURY,0,0,0,0,0,3,0,18,7,11,41.906657377,-87.671871124,POINT (-87.671871124323 41.90665737718)
JB514577,,11/10/2018 06:00:00 PM,30,NO CONTROLS,NO CONTROLS,CLEAR,DAYLIGHT,PARKED MOTOR VEHICLE,NOT DIVIDED,2,STRAIGHT AND LEVEL,DRY,NO DEFECTS,NOT ON SCENE (DESK REPORT),NO INJURY / DRIVE AWAY,,,,"$501 - $1,500",11/13/2018 04:00:00 PM,UNABLE TO DETERMINE,UNABLE TO DETERMINE,3644,W,LAWRENCE AVE,1712,,,,,,,2,NO INDICATION OF INJURY,0,0,0,0,0,1,0,18,7,11,41.968439079,-87.720088003,POINT (-87.72008800316 41.968439078876)
JB512978,,11/10/2018 06:00:00 PM,30,STOP SIGN/FLASHER,FUNCTIONING PROPERLY,CLEAR,DUSK,ANGLE,DIVIDED - W/MEDIAN (NOT RAISED),,STRAIGHT AND LEVEL,DRY,NO DEFECTS,NOT ON SCENE (DESK REPORT),INJURY AND / OR TOW DUE TO CRASH,Y,,,"OVER $1,500",11/12/2018 11:57:00 AM,DISREGARDING STOP SIGN,NOT APPLICABLE,501,W,79TH ST,621,,,,,,,2,NO INDICATION OF INJURY,0,0,0,0,0,3,0,18,7,11,41.750634713,-87.63678527,POINT (-87.636785269884 41.750634713015)
JB511212,,11/10/2018 06:00:00 PM,30,NO CONTROLS,NO CONTROLS,CLEAR,"DARKNESS, LIGHTED ROAD",SIDESWIPE SAME DIRECTION,DIVIDED - W/MEDIAN (NOT RAISED),3,STRAIGHT AND LEVEL,DRY,NO DEFECTS,ON SCENE,NO INJURY / DRIVE AWAY,,,,"OVER $1,500",11/10/2018 06:15:00 PM,IMPROPER BACKING,NOT APPLICABLE,225,N,WABASH AVE,111,,,,,,,2,NO INDICATION OF INJURY,0,0,0,0,0,2,0,18,7,11,41.886424333,-87.626168282,POINT (-87.626168281709 41.886424332564)
JB511203,,11/10/2018 05:55:00 PM,35,NO CONTROLS,OTHER,CLEAR,"DARKNESS, LIGHTED ROAD",SIDESWIPE SAME DIRECTION,NOT DIVIDED,4,STRAIGHT AND LEVEL,DRY,NO DEFECTS,ON SCENE,NO INJURY / DRIVE AWAY,,,,"OVER $1,500",11/10/2018 05:56:00 PM,UNABLE TO DETERMINE,UNABLE TO DETERMINE,4501,S,PULASKI RD,821,,,,,,,2,NO INDICATION OF INJURY,0,0,0,0,0,2,0,17,7,11,41.811451542,-87.723574654,POINT (-87.72357465442 41.811451542236)
JB512180,,11/10/2018 05:45:00 PM,30,TRAFFIC SIGNAL,FUNCTIONING PROPERLY,CLEAR,"DARKNESS, LIGHTED ROAD",TURNING,DIVIDED - W/MEDIAN (NOT RAISED),,STRAIGHT AND LEVEL,DRY,NO DEFECTS,NOT ON SCENE (DESK REPORT),NO INJURY / DRIVE AWAY,Y,,,"OVER $1,500",11/11/2018 04:20:00 PM,IMPROPER TURNING/NO SIGNAL,IMPROPER TURNING/NO SIGNAL,656,N,MICHIGAN AVE,1834,,,,,,,2,NO INDICATION OF INJURY,0,0,0,0,0,2,0,17,7,11,41.894095316,-87.624383571,POINT (-87.624383570948 41.894095316065)
JB511225,,11/10/2018 05:35:00 PM,45,NO CONTROLS,NO CONTROLS,CLEAR,DARKNESS,SIDESWIPE SAME DIRECTION,DIVIDED - W/MEDIAN BARRIER,8,STRAIGHT AND LEVEL,UNKNOWN,UNKNOWN,NOT ON SCENE (DESK REPORT),NO INJURY / DRIVE AWAY,,,,"$501 - $1,500",11/10/2018 05:54:00 PM,IMPROPER LANE USAGE,IMPROPER LANE USAGE,4000,N,LAKE SHORE DR SB,1915,,,,,,,2,NO INDICATION OF INJURY,0,0,0,0,0,3,0,17,7,11,41.954689241,-87.644974644,POINT (-87.644974644209 41.954689241342)
JB511211,,11/10/2018 05:35:00 PM,30,TRAFFIC SIGNAL,FUNCTIONING PROPERLY,CLEAR,"DARKNESS, LIGHTED ROAD",REAR END,NOT DIVIDED,4,STRAIGHT AND LEVEL,DRY,NO DEFECTS,NOT ON SCENE (DESK REPORT),NO INJURY / DRIVE AWAY,,,Y,"$501 - $1,500",11/10/2018 05:50:00 PM,FOLLOWING TOO CLOSELY,FOLLOWING TOO CLOSELY,4000,W,CERMAK RD,1012,,,,,,,2,NO INDICATION OF INJURY,0,0,0,0,0,2,0,17,7,11,41.851654369,-87.724882975,POINT (-87.724882975308 41.851654368676)
JB511215,,11/10/2018 05:33:00 PM,30,STOP SIGN/FLASHER,NO CONTROLS,CLEAR,DARKNESS,SIDESWIPE SAME DIRECTION,NOT DIVIDED,2,STRAIGHT AND LEVEL,DRY,NO DEFECTS,NOT ON SCENE (DESK REPORT),NO INJURY / DRIVE AWAY,Y,,,$500 OR LESS,11/10/2018 05:35:00 PM,IMPROPER LANE USAGE,UNABLE TO DETERMINE,3100,N,AUSTIN AVE,2511,,,,,,,2,NO INDICATION OF INJURY,0,0,0,0,0,6,0,17,7,11,41.936665326,-87.776299866,POINT (-87.776299865752 41.936665325667)
JB511199,,11/10/2018 05:30:00 PM,30,NO CONTROLS,NO CONTROLS,CLEAR,DAYLIGHT,SIDESWIPE SAME DIRECTION,NOT DIVIDED,2,STRAIGHT AND LEVEL,DRY,NO DEFECTS,NOT ON SCENE (DESK REPORT),NO INJURY / DRIVE AWAY,,,,"$501 - $1,500",11/10/2018 06:03:00 PM,IMPROPER OVERTAKING/PASSING,IMPROPER OVERTAKING/PASSING,11900,S,STEWART AVE,522,,,,,,,2,NO INDICATION OF INJURY,0,0,0,0,0,2,0,17,7,11,41.677829099,-87.632419492,POINT (-87.632419491674 41.677829098503)
JB511365,,11/10/2018 05:20:00 PM,30,NO CONTROLS,NO CONTROLS,CLEAR,DARKNESS,SIDESWIPE SAME DIRECTION,NOT DIVIDED,3,STRAIGHT AND LEVEL,DRY,NO DEFECTS,NOT ON SCENE (DESK REPORT),NO INJURY / DRIVE AWAY,,,,"OVER $1,500",11/10/2018 08:35:00 PM,FAILING TO YIELD RIGHT-OF-WAY,NOT APPLICABLE,3900,S,CICERO AVE,1031,,,,,,,2,NO INDICATION OF INJURY,0,0,0,0,0,2,0,17,7,11,41.821944833,-87.743676596,POINT (-87.743676596199 41.821944833083)
JB511201,,11/10/2018 05:17:00 PM,30,TRAFFIC SIGNAL,FUNCTIONING PROPERLY,CLEAR,"DARKNESS, LIGHTED ROAD",TURNING,NOT DIVIDED,,STRAIGHT AND LEVEL,DRY,NO DEFECTS,NOT ON SCENE (DESK REPORT),NO INJURY / DRIVE AWAY,,,,"$501 - $1,500",11/10/2018 05:56:00 PM,FAILING TO YIELD RIGHT-OF-WAY,FAILING TO REDUCE SPEED TO AVOID CRASH,1821,N,CICERO AVE,2533,,,,,,,2,NO INDICATION OF INJURY,0,0,0,0,0,2,0,17,7,11,41.913951894,-87.745844431,POINT (-87.745844430573 41.913951893774)
JB511196,,11/10/2018 05:10:00 PM,30,TRAFFIC SIGNAL,FUNCTIONING PROPERLY,CLEAR,"DARKNESS, LIGHTED ROAD",FIXED OBJECT,NOT DIVIDED,6,STRAIGHT AND LEVEL,DRY,NO DEFECTS,ON SCENE,INJURY AND / OR TOW DUE TO CRASH,,Y,,"OVER $1,500",11/10/2018 05:12:00 PM,PHYSICAL CONDITION OF DRIVER,PHYSICAL CONDITION OF DRIVER,7107,S,VINCENNES AVE,731,,,,,,,1,INCAPACITATING INJURY,1,0,1,0,0,1,0,17,7,11,41.765174335,-87.627899378,POINT (-87.627899377907 41.765174335411)
JB511990,,11/10/2018 05:05:00 PM,30,TRAFFIC SIGNAL,FUNCTIONING PROPERLY,CLOUDY/OVERCAST,DAYLIGHT,REAR END,NOT DIVIDED,,STRAIGHT AND LEVEL,DRY,NO DEFECTS,NOT ON SCENE (DESK REPORT),NO INJURY / DRIVE AWAY,,,,"OVER $1,500",11/11/2018 01:10:00 PM,FOLLOWING TOO CLOSELY,UNABLE TO DETERMINE,6001,W,ADDISON ST,1633,,,,,,,2,NO INDICATION OF INJURY,0,0,0,0,0,2,0,17,7,11,41.945660174,-87.776622418,POINT (-87.776622417734 41.945660174375)
JB511176,,11/10/2018 05:05:00 PM,10,NO CONTROLS,NO CONTROLS,CLEAR,"DARKNESS, LIGHTED ROAD",FIXED OBJECT,PARKING LOT,1,"CURVE, LEVEL",DRY,NO DEFECTS,ON SCENE,NO INJURY / DRIVE AWAY,,Y,,"OVER $1,500",11/10/2018 05:08:00 PM,UNABLE TO DETERMINE,UNABLE TO DETERMINE,3212,W,ADDISON ST,1733,,,,,,,1,NO INDICATION OF INJURY,0,0,0,0,0,1,0,17,7,11,41.946736269,-87.708425979,POINT (-87.708425979206 41.946736269406)
JB512872,,11/10/2018 05:00:00 PM,30,TRAFFIC SIGNAL,FUNCTIONING PROPERLY,CLEAR,DAYLIGHT,REAR END,DIVIDED - W/MEDIAN (NOT RAISED),,STRAIGHT AND LEVEL,DRY,NO DEFECTS,NOT ON SCENE (DESK REPORT),INJURY AND / OR TOW DUE TO CRASH,Y,,,"OVER $1,500",11/12/2018 10:15:00 AM,UNABLE TO DETERMINE,NOT APPLICABLE,8400,S,VINCENNES AVE,622,,,,,,,2,"REPORTED, NOT EVIDENT",2,0,0,0,2,1,0,17,7,11,41.741409589,-87.638431491,POINT (-87.638431490943 41.741409588823)
JB511548,,11/10/2018 05:00:00 PM,25,NO CONTROLS,NO CONTROLS,CLEAR,DARKNESS,REAR END,NOT DIVIDED,,STRAIGHT AND LEVEL,DRY,NO DEFECTS,NOT ON SCENE (DESK REPORT),NO INJURY / DRIVE AWAY,,,,"OVER $1,500",11/11/2018 01:00:00 AM,UNABLE TO DETERMINE,UNABLE TO DETERMINE,951,W,35TH ST,915,,,,,,,2,NO INDICATION OF INJURY,0,0,0,0,0,2,0,17,7,11,41.830592247,-87.649735686,POINT (-87.649735686363 41.83059224657)
JB511262,,11/10/2018 05:00:00 PM,30,NO CONTROLS,NO CONTROLS,CLEAR,"DARKNESS, LIGHTED ROAD",PARKED MOTOR VEHICLE,ONE-WAY,1,STRAIGHT AND LEVEL,DRY,NO DEFECTS,NOT ON SCENE (DESK REPORT),NO INJURY / DRIVE AWAY,,,,"$501 - $1,500",11/10/2018 06:40:00 PM,UNABLE TO DETERMINE,UNABLE TO DETERMINE,434,W,ROSCOE ST,1925,,,,,,,2,NO INDICATION OF INJURY,0,0,0,0,0,4,0,17,7,11,41.943464922,-87.641944813,POINT (-87.641944813111 41.943464921543)
JB511223,,11/10/2018 05:00:00 PM,15,NO CONTROLS,NO CONTROLS,CLEAR,"DARKNESS, LIGHTED ROAD",SIDESWIPE OPPOSITE DIRECTION,ALLEY,,STRAIGHT AND LEVEL,DRY,NO DEFECTS,NOT ON SCENE (DESK REPORT),INJURY AND / OR TOW DUE TO CRASH,,,,"$501 - $1,500",11/10/2018 05:50:00 PM,UNABLE TO DETERMINE,UNABLE TO DETERMINE,5640,S,CHRISTIANA AVE,822,,,,,,,2,INCAPACITATING INJURY,1,0,1,0,0,3,0,17,7,11,41.790422487,-87.70729258,POINT (-87.707292579938 41.790422487022)
JB511202,,11/10/2018 05:00:00 PM,35,NO CONTROLS,NO CONTROLS,CLEAR,"DARKNESS, LIGHTED ROAD",REAR END,CENTER TURN LANE,6,STRAIGHT AND LEVEL,DRY,NO DEFECTS,ON SCENE,INJURY AND / OR TOW DUE TO CRASH,,,Y,"$501 - $1,500",11/10/2018 05:06:00 PM,FAILING TO REDUCE SPEED TO AVOID CRASH,UNABLE TO DETERMINE,3029,N,ASHLAND AVE,1932,,,,,,,2,NONINCAPACITATING INJURY,1,0,0,1,0,1,0,17,7,11,41.936915607,-87.66841538,POINT (-87.668415379688 41.936915606868)
JB511173,,11/10/2018 05:00:00 PM,30,NO CONTROLS,NO CONTROLS,CLEAR,"DARKNESS, LIGHTED ROAD",SIDESWIPE SAME DIRECTION,NOT DIVIDED,4,STRAIGHT AND LEVEL,DRY,NO DEFECTS,ON SCENE,NO INJURY / DRIVE AWAY,,,,"OVER $1,500",11/10/2018 05:02:00 PM,IMPROPER LANE USAGE,UNABLE TO DETERMINE,3655,S,ARCHER AVE,912,,,,,,,2,NO INDICATION OF INJURY,0,0,0,0,0,2,0,17,7,11,41.82737211,-87.682337377,POINT (-87.682337377135 41.827372110053)
JB511163,,11/10/2018 05:00:00 PM,30,TRAFFIC SIGNAL,FUNCTIONING PROPERLY,CLEAR,DARKNESS,REAR END,DIVIDED - W/MEDIAN (NOT RAISED),,STRAIGHT AND LEVEL,DRY,NO DEFECTS,ON SCENE,NO INJURY / DRIVE AWAY,,,,"$501 - $1,500",11/10/2018 05:05:00 PM,FOLLOWING TOO CLOSELY,UNABLE TO DETERMINE,4799,W,GRAND AVE,2533,,,,,,,2,NO INDICATION OF INJURY,0,0,0,0,0,2,0,17,7,11,41.913802675,-87.745994659,POINT (-87.745994659425 41.913802675195)
JB511175,,11/10/2018 04:58:00 PM,30,TRAFFIC SIGNAL,FUNCTIONING PROPERLY,CLEAR,"DARKNESS, LIGHTED ROAD",REAR END,NOT DIVIDED,5,STRAIGHT AND LEVEL,DRY,NO DEFECTS,ON SCENE,NO INJURY / DRIVE AWAY,,,Y,"$501 - $1,500",11/10/2018 05:00:00 PM,UNABLE TO DETERMINE,UNABLE TO DETERMINE,5345,W,NORTH AVE,2532,,,,,,,2,NO INDICATION OF INJURY,0,0,0,0,0,2,0,16,7,11,41.909338965,-87.759794867,POINT (-87.759794867199 41.909338965301)
JB511224,,11/10/2018 04:50:00 PM,30,TRAFFIC SIGNAL,FUNCTIONING PROPERLY,CLEAR,"DARKNESS, LIGHTED ROAD",SIDESWIPE SAME DIRECTION,NOT DIVIDED,,STRAIGHT AND LEVEL,DRY,NO DEFECTS,NOT ON SCENE (DESK REPORT),NO INJURY / DRIVE AWAY,Y,,,"$501 - $1,500",11/10/2018 06:04:00 PM,UNABLE TO DETERMINE,UNABLE TO DETERMINE,500,N,MC CLURG CT,1834,,,,,,,2,NO INDICATION OF INJURY,0,0,0,0,0,2,0,16,7,11,41.891088252,-87.617817089,POINT (-87.617817088506 41.891088251976)
JB511164,,11/10/2018 04:50:00 PM,30,NO CONTROLS,NO CONTROLS,CLEAR,DARKNESS,REAR END,NOT DIVIDED,4,STRAIGHT AND LEVEL,DRY,UNKNOWN,ON SCENE,NO INJURY / DRIVE AWAY,,,,"$501 - $1,500",11/10/2018 04:56:00 PM,DRIVING SKILLS/KNOWLEDGE/EXPERIENCE,UNABLE TO DETERMINE,6500,S,WESTERN AVE,832,,,,,,,3,NO INDICATION OF INJURY,0,0,0,0,0,4,0,16,7,11,41.775505759,-87.683691462,POINT (-87.683691462002 41.775505758518)