RD_NO,CRASH_DATE_EST_I,CRASH_DATE,POSTED_SPEED_LIMIT,TRAFFIC_CONTROL_DEVICE,DEVICE_CONDITION,WEATHER_CONDITION,LIGHTING_CONDITION,FIRST_CRASH_TYPE,TRAFFICWAY_TYPE,LANE_CNT,ALIGNMENT,ROADWAY_SURFACE_COND,ROAD_DEFECT,REPORT_TYPE,CRASH_TYPE,INTERSECTION_RELATED_I,NOT_RIGHT_OF_WAY_I,HIT_AND_RUN_I,DAMAGE,DATE_POLICE_NOTIFIED,PRIM_CONTRIBUTORY_CAUSE,SEC_CONTRIBUTORY_CAUSE,STREET_NO,STREET_DIRECTION,STREET_NAME,BEAT_OF_OCCURRENCE,PHOTOS_TAKEN_I,STATEMENTS_TAKEN_I,DOORING_I,WORK_ZONE_I,WORK_ZONE_TYPE,WORKERS_PRESENT_I,NUM_UNITS,MOST_SEVERE_INJURY,INJURIES_TOTAL,INJURIES_FATAL,INJURIES_INCAPACITATING,INJURIES_NON_INCAPACITATING,INJURIES_REPORTED_NOT_EVIDENT,INJURIES_NO_INDICATION,INJURIES_UNKNOWN,CRASH_HOUR,CRASH_DAY_OF_WEEK,CRASH_MONTH,LATITUDE,LONGITUDE,LOCATION
JB511898,,11/10/2018 04:45:00 PM,30,TRAFFIC SIGNAL,NO CONTROLS,CLEAR,DAYLIGHT,ANGLE,DIVIDED - W/MEDIAN (NOT RAISED),,STRAIGHT AND LEVEL,DRY,NO DEFECTS,NOT ON SCENE (DESK REPORT),NO INJURY / DRIVE AWAY,Y,,,"OVER $1,500",11/11/2018 11:40:00 AM,UNABLE TO DETERMINE,NOT APPLICABLE,2416,N,NARRAGANSETT AVE,2512,,,,,,,2,NO INDICATION OF INJURY,0,0,0,0,0,2,0,16,7,11,41.924283244,-87.785610978,POINT (-87.785610978239 41.924283243691)
JB511204,,11/10/2018 04:42:00 PM,25,NO CONTROLS,NO CONTROLS,CLEAR,DUSK,PARKED MOTOR VEHICLE,NOT DIVIDED,1,STRAIGHT AND LEVEL,DRY,NO DEFECTS,ON SCENE,INJURY AND / OR TOW DUE TO CRASH,,,,"OVER $1,500",11/10/2018 04:42:00 PM,NOT APPLICABLE,NOT APPLICABLE,2109,N,SHEFFIELD AVE,1812,,,,,,,2,NO INDICATION OF INJURY,0,0,0,0,0,1,0,16,7,11,41.920241509,-87.653292636,POINT (-87.653292635936 41.920241508782)
JB511139,,11/10/2018 04:40:00 PM,15,STOP SIGN/FLASHER,FUNCTIONING PROPERLY,CLEAR,DAYLIGHT,TURNING,PARKING LOT,,STRAIGHT AND LEVEL,DRY,NO DEFECTS,NOT ON SCENE (DESK REPORT),NO INJURY / DRIVE AWAY,,,,"$501 - $1,500",11/10/2018 04:40:00 PM,FAILING TO YIELD RIGHT-OF-WAY,IMPROPER TURNING/NO SIGNAL,11520,S,MARSHFIELD AVE,2234,,,,,,,2,NO INDICATION OF INJURY,0,0,0,0,0,2,0,16,7,11,41.684144082,-87.662839238,POINT (-87.662839238183 41.68414408237)
JB511133,,11/10/2018 04:24:00 PM,30,NO CONTROLS,NO CONTROLS,CLEAR,DUSK,TURNING,DIVIDED - W/MEDIAN BARRIER,,STRAIGHT AND LEVEL,DRY,NO DEFECTS,ON SCENE,NO INJURY / DRIVE AWAY,Y,,Y,"$501 - $1,500",11/10/2018 04:28:00 PM,UNABLE TO DETERMINE,UNABLE TO DETERMINE,7900,S,HOMAN AVE,834,,,,,,,2,NO INDICATION OF INJURY,0,0,0,0,0,3,0,16,7,11,41.749573772,-87.707417297,POINT (-87.707417296555 41.749573772135)
JB511148,,11/10/2018 04:17:00 PM,30,NO CONTROLS,NO CONTROLS,CLEAR,DAYLIGHT,SIDESWIPE SAME DIRECTION,ONE-WAY,4,STRAIGHT AND LEVEL,DRY,UNKNOWN,NOT ON SCENE (DESK REPORT),NO INJURY / DRIVE AWAY,,,,"OVER $1,500",11/10/2018 04:55:00 PM,IMPROPER OVERTAKING/PASSING,EXCEEDING AUTHORIZED SPEED LIMIT,600,N,LA SALLE DR,1832,,,,,,,2,NO INDICATION OF INJURY,0,0,0,0,0,3,0,16,7,11,41.892445282,-87.632755374,POINT (-87.632755374411 41.892445282365)
JB511145,,11/10/2018 04:11:00 PM,30,NO CONTROLS,NO CONTROLS,CLEAR,DAYLIGHT,REAR END,NOT DIVIDED,2,STRAIGHT AND LEVEL,DRY,NO DEFECTS,ON SCENE,NO INJURY / DRIVE AWAY,,,,"$501 - $1,500",11/10/2018 04:13:00 PM,DISTRACTION - FROM INSIDE VEHICLE,FOLLOWING TOO CLOSELY,4949,W,ADDISON ST,1634,,,,,,,2,NO INDICATION OF INJURY,0,0,0,0,0,2,0,16,7,11,41.945957864,-87.751525991,POINT (-87.751525991392 41.945957863799)
JB511449,,11/10/2018 04:00:00 PM,30,NO CONTROLS,NO CONTROLS,CLEAR,DAYLIGHT,PARKED MOTOR VEHICLE,ONE-WAY,1,STRAIGHT AND LEVEL,DRY,NO DEFECTS,ON SCENE,NO INJURY / DRIVE AWAY,,,,"OVER $1,500",11/10/2018 09:48:00 PM,IMPROPER BACKING,NOT APPLICABLE,10815,S,ROCKWELL ST,2212,,,,,,,2,NO INDICATION OF INJURY,0,0,0,0,0,1,0,16,7,11,41.696727644,-87.685933422,POINT (-87.685933422208 41.696727643503)
JB511153,,11/10/2018 04:00:00 PM,30,STOP SIGN/FLASHER,FUNCTIONING PROPERLY,CLEAR,DAYLIGHT,TURNING,DIVIDED - W/MEDIAN (NOT RAISED),2,STRAIGHT AND LEVEL,DRY,NO DEFECTS,NOT ON SCENE (DESK REPORT),NO INJURY / DRIVE AWAY,Y,,,"OVER $1,500",11/10/2018 05:00:00 PM,DISTRACTION - FROM OUTSIDE VEHICLE,FOLLOWING TOO CLOSELY,302,E,NORTH WATER ST,1834,,,,,,,2,NO INDICATION OF INJURY,0,0,0,0,0,2,0,16,7,11,41.889672955,-87.620231113,POINT (-87.62023111264 41.889672954809)
JB514542,,11/10/2018 03:45:00 PM,30,UNKNOWN,UNKNOWN,UNKNOWN,UNKNOWN,REAR END,UNKNOWN,,STRAIGHT AND LEVEL,UNKNOWN,UNKNOWN,NOT ON SCENE (DESK REPORT),INJURY AND / OR TOW DUE TO CRASH,Y,,,$500 OR LESS,11/13/2018 03:30:00 PM,UNABLE TO DETERMINE,UNABLE TO DETERMINE,2106,N,LARRABEE ST,1812,,,,,,,2,"REPORTED, NOT EVIDENT",1,0,0,0,1,3,0,15,7,11,41.920328907,-87.643884133,POINT (-87.643884133313 41.920328906724)
JB511108,,11/10/2018 03:43:00 PM,5,NO CONTROLS,NO CONTROLS,CLEAR,DAYLIGHT,PEDESTRIAN,PARKING LOT,,STRAIGHT AND LEVEL,DRY,NO DEFECTS,ON SCENE,INJURY AND / OR TOW DUE TO CRASH,,Y,,$500 OR LESS,11/10/2018 03:43:00 PM,IMPROPER BACKING,FAILING TO REDUCE SPEED TO AVOID CRASH,6421,N,ARTESIAN AVE,2412,,Y,,,,,2,"REPORTED, NOT EVIDENT",1,0,0,0,1,1,0,15,7,11,41.998365342,-87.690975102,POINT (-87.690975102414 41.998365341719)
JB511090,,11/10/2018 03:42:00 PM,35,STOP SIGN/FLASHER,NO CONTROLS,CLEAR,DAWN,ANGLE,DIVIDED - W/MEDIAN BARRIER,4,STRAIGHT AND LEVEL,DRY,NO DEFECTS,ON SCENE,INJURY AND / OR TOW DUE TO CRASH,Y,,,"OVER $1,500",11/10/2018 03:42:00 PM,DRIVING SKILLS/KNOWLEDGE/EXPERIENCE,DRIVING SKILLS/KNOWLEDGE/EXPERIENCE,5898,N,CLARK ST,2012,,N,,,,,2,NO INDICATION OF INJURY,0,0,0,0,0,5,0,15,7,11,41.988370935,-87.66997885,POINT (-87.669978850132 41.988370935411)
JB511107,,11/10/2018 03:40:00 PM,30,STOP SIGN/FLASHER,FUNCTIONING PROPERLY,CLEAR,DAYLIGHT,SIDESWIPE SAME DIRECTION,NOT DIVIDED,2,STRAIGHT AND LEVEL,DRY,NO DEFECTS,ON SCENE,NO INJURY / DRIVE AWAY,,,Y,"OVER $1,500",11/10/2018 03:45:00 PM,UNABLE TO DETERMINE,UNABLE TO DETERMINE,4555,N,KIMBALL AVE,1724,,,,,,,2,NO INDICATION OF INJURY,0,0,0,0,0,2,0,15,7,11,41.964566399,-87.713099145,POINT (-87.71309914536 41.964566398862)
JB511086,,11/10/2018 03:30:00 PM,30,TRAFFIC SIGNAL,FUNCTIONING PROPERLY,CLEAR,DAYLIGHT,TURNING,NOT DIVIDED,2,STRAIGHT AND LEVEL,DRY,NO DEFECTS,ON SCENE,INJURY AND / OR TOW DUE TO CRASH,Y,,,"OVER $1,500",11/10/2018 03:33:00 PM,FAILING TO YIELD RIGHT-OF-WAY,FAILING TO YIELD RIGHT-OF-WAY,6401,N,KEDZIE AVE,2412,,,,,,,2,NO INDICATION OF INJURY,0,0,0,0,0,2,0,15,7,11,41.997481446,-87.70919807,POINT (-87.709198069582 41.997481446282)
JB511129,,11/10/2018 03:25:00 PM,30,TRAFFIC SIGNAL,FUNCTIONING PROPERLY,CLEAR,DAYLIGHT,SIDESWIPE SAME DIRECTION,NOT DIVIDED,4,STRAIGHT AND LEVEL,DRY,NO DEFECTS,ON SCENE,INJURY AND / OR TOW DUE TO CRASH,Y,,,"OVER $1,500",11/10/2018 03:31:00 PM,IMPROPER OVERTAKING/PASSING,FAILING TO REDUCE SPEED TO AVOID CRASH,701,N,FAIRBANKS CT,1834,,,,,,,2,NO INDICATION OF INJURY,0,0,0,0,0,3,0,15,7,11,41.895057503,-87.620176954,POINT (-87.620176954126 41.895057503372)
JB511089,,11/10/2018 03:20:00 PM,20,NO CONTROLS,NO CONTROLS,CLEAR,DAYLIGHT,PARKED MOTOR VEHICLE,ALLEY,,STRAIGHT AND LEVEL,DRY,NO DEFECTS,ON SCENE,NO INJURY / DRIVE AWAY,,,Y,"OVER $1,500",11/10/2018 03:24:00 PM,UNABLE TO DETERMINE,NOT APPLICABLE,4851,S,ST LAWRENCE AVE,223,,,,,,,2,NO INDICATION OF INJURY,0,0,0,0,0,1,0,15,7,11,41.806141316,-87.611230922,POINT (-87.611230922238 41.806141315932)
JB511083,,11/10/2018 03:20:00 PM,15,NO CONTROLS,NO CONTROLS,CLEAR,DAYLIGHT,TURNING,NOT DIVIDED,,STRAIGHT AND LEVEL,DRY,NO DEFECTS,NOT ON SCENE (DESK REPORT),NO INJURY / DRIVE AWAY,,Y,,"OVER $1,500",11/10/2018 03:32:00 PM,FAILING TO YIELD RIGHT-OF-WAY,NOT APPLICABLE,2140,S,WABASH AVE,131,,,,,,,2,NO INDICATION OF INJURY,0,0,0,0,0,2,0,15,7,11,41.852980264,-87.625648472,POINT (-87.625648472423 41.852980264092)
JB511096,,11/10/2018 03:16:00 PM,30,NO CONTROLS,NO CONTROLS,CLEAR,DAYLIGHT,FIXED OBJECT,PARKING LOT,0,STRAIGHT AND LEVEL,DRY,NO DEFECTS,ON SCENE,NO INJURY / DRIVE AWAY,,,Y,"OVER $1,500",11/10/2018 03:30:00 PM,DRIVING SKILLS/KNOWLEDGE/EXPERIENCE,UNABLE TO DETERMINE,2035,W,WARREN BLVD,1223,,,,,,,1,NO INDICATION OF INJURY,0,0,0,0,0,1,0,15,7,11,41.882101262,-87.678068714,POINT (-87.678068714406 41.882101262425)
JB511161,,11/10/2018 03:15:00 PM,30,TRAFFIC SIGNAL,FUNCTIONING PROPERLY,CLEAR,DAYLIGHT,SIDESWIPE SAME DIRECTION,NOT DIVIDED,2,STRAIGHT AND LEVEL,DRY,NO DEFECTS,NOT ON SCENE (DESK REPORT),NO INJURY / DRIVE AWAY,,,,"$501 - $1,500",11/10/2018 05:00:00 PM,IMPROPER OVERTAKING/PASSING,UNABLE TO DETERMINE,2752,N,PAULINA ST,1931,,,,,,,2,NO INDICATION OF INJURY,0,0,0,0,0,2,0,15,7,11,41.93213059,-87.670964752,POINT (-87.67096475188 41.932130589669)
JB511079,,11/10/2018 03:10:00 PM,30,NO CONTROLS,NO CONTROLS,CLEAR,DAYLIGHT,TURNING,DIVIDED - W/MEDIAN (NOT RAISED),,STRAIGHT AND LEVEL,DRY,NO DEFECTS,ON SCENE,NO INJURY / DRIVE AWAY,,,,"$501 - $1,500",11/10/2018 03:15:00 PM,UNABLE TO DETERMINE,UNABLE TO DETERMINE,7830,S,LAFAYETTE AVE,623,,,,,,,2,NO INDICATION OF INJURY,0,0,0,0,0,2,0,15,7,11,41.751793799,-87.625993639,POINT (-87.625993638914 41.751793799162)
JB511091,,11/10/2018 03:08:00 PM,30,NO CONTROLS,NO CONTROLS,CLEAR,DAYLIGHT,PARKED MOTOR VEHICLE,NOT DIVIDED,2,STRAIGHT AND LEVEL,DRY,NO DEFECTS,ON SCENE,NO INJURY / DRIVE AWAY,,,Y,$500 OR LESS,11/10/2018 03:12:00 PM,IMPROPER BACKING,NOT APPLICABLE,118,N,GREEN ST,1224,,,,,,,2,NO INDICATION OF INJURY,0,0,0,0,0,1,0,15,7,11,41.883722304,-87.648730464,POINT (-87.648730463862 41.883722303596)
JB514601,,11/10/2018 03:00:00 PM,30,NO CONTROLS,NO CONTROLS,CLEAR,DAYLIGHT,PARKED MOTOR VEHICLE,NOT DIVIDED,2,STRAIGHT AND LEVEL,DRY,NO DEFECTS,NOT ON SCENE (DESK REPORT),NO INJURY / DRIVE AWAY,,,,$500 OR LESS,11/13/2018 04:10:00 PM,UNABLE TO DETERMINE,UNABLE TO DETERMINE,819,W,WAVELAND AVE,1923,,,,,,,2,NO INDICATION OF INJURY,0,0,0,0,0,1,0,15,7,11,41.948996319,-87.650335563,POINT (-87.650335563188 41.948996318864)
JB511278,Y,11/10/2018 03:00:00 PM,30,NO CONTROLS,NO CONTROLS,UNKNOWN,UNKNOWN,PARKED MOTOR VEHICLE,NOT DIVIDED,2,STRAIGHT AND LEVEL,UNKNOWN,UNKNOWN,ON SCENE,NO INJURY / DRIVE AWAY,,,Y,"OVER $1,500",11/10/2018 06:23:00 PM,UNABLE TO DETERMINE,NOT APPLICABLE,5025,W,DIVISION ST,1531,,,,,,,2,NO INDICATION OF INJURY,0,0,0,0,0,1,0,15,7,11,41.902179544,-87.752036447,POINT (-87.752036446974 41.902179544374)
JB511082,,11/10/2018 02:50:00 PM,30,TRAFFIC SIGNAL,FUNCTIONING PROPERLY,CLEAR,DAYLIGHT,REAR END,DIVIDED - W/MEDIAN (NOT RAISED),2,STRAIGHT AND LEVEL,DRY,NO DEFECTS,ON SCENE,NO INJURY / DRIVE AWAY,Y,,,$500 OR LESS,11/10/2018 02:52:00 PM,UNABLE TO DETERMINE,NOT APPLICABLE,498,W,TAYLOR ST,124,,,,,,,2,NO INDICATION OF INJURY,0,0,0,0,0,2,0,14,7,11,41.869866905,-87.639174796,POINT (-87.639174796456 41.869866904786)
JB511105,Y,11/10/2018 02:45:00 PM,30,TRAFFIC SIGNAL,FUNCTIONING PROPERLY,CLEAR,DAYLIGHT,TURNING,DIVIDED - W/MEDIAN BARRIER,2,STRAIGHT AND LEVEL,DRY,NO DEFECTS,NOT ON SCENE (DESK REPORT),NO INJURY / DRIVE AWAY,,,,$500 OR LESS,11/10/2018 03:30:00 PM,FOLLOWING TOO CLOSELY,DRIVING SKILLS/KNOWLEDGE/EXPERIENCE,11100,S,HALSTED ST,2233,,,,,,,2,NO INDICATION OF INJURY,0,0,0,0,0,2,0,14,7,11,41.692263123,-87.642522688,POINT (-87.642522687627 41.692263123425)
JB511061,,11/10/2018 02:45:00 PM,30,NO CONTROLS,NO CONTROLS,CLEAR,DAYLIGHT,REAR END,NOT DIVIDED,,STRAIGHT AND LEVEL,DRY,NO DEFECTS,NOT ON SCENE (DESK REPORT),NO INJURY / DRIVE AWAY,,,Y,"$501 - $1,500",11/10/2018 03:16:00 PM,UNABLE TO DETERMINE,UNABLE TO DETERMINE,3124,W,CERMAK RD,1022,,,,,,,2,NO INDICATION OF INJURY,0,0,0,0,0,2,0,14,7,11,41.851891288,-87.703975607,POINT (-87.703975606979 41.851891288362)
JB511093,,11/10/2018 02:41:00 PM,35,TRAFFIC SIGNAL,FUNCTIONING PROPERLY,CLEAR,DAYLIGHT,TURNING,DIVIDED - W/MEDIAN (NOT RAISED),2,STRAIGHT AND LEVEL,DRY,NO DEFECTS,NOT ON SCENE (DESK REPORT),INJURY AND / OR TOW DUE TO CRASH,Y,,,"OVER $1,500",11/10/2018 02:41:00 PM,FAILING TO YIELD RIGHT-OF-WAY,IMPROPER OVERTAKING/PASSING,4798,N,CENTRAL AVE,1622,,,,,,,2,NO INDICATION OF INJURY,0,0,0,0,0,3,0,14,7,11,41.967734907,-87.767622627,POINT (-87.767622626845 41.967734907219)
JB511009,,11/10/2018 02:39:00 PM,30,STOP SIGN/FLASHER,FUNCTIONING PROPERLY,CLEAR,DAYLIGHT,TURNING,NOT DIVIDED,,STRAIGHT AND LEVEL,DRY,NO DEFECTS,ON SCENE,NO INJURY / DRIVE AWAY,Y,,,"$501 - $1,500",11/10/2018 02:40:00 PM,UNABLE TO DETERMINE,NOT APPLICABLE,653,N,FRANKLIN ST,1831,,,,,,,2,NO INDICATION OF INJURY,0,0,0,0,0,4,0,14,7,11,41.8939325,-87.635490489,POINT (-87.635490488574 41.893932499917)
JB511060,,11/10/2018 02:30:00 PM,35,TRAFFIC SIGNAL,FUNCTIONING PROPERLY,CLEAR,DAYLIGHT,REAR END,ONE-WAY,,STRAIGHT AND LEVEL,DRY,UNKNOWN,NOT ON SCENE (DESK REPORT),NO INJURY / DRIVE AWAY,,,,"OVER $1,500",11/10/2018 02:30:00 PM,UNABLE TO DETERMINE,UNABLE TO DETERMINE,106,E,35TH ST,211,,,,,,,2,NO INDICATION OF INJURY,0,0,0,0,0,2,0,14,7,11,41.831157289,-87.62291558,POINT (-87.622915579824 41.831157289352)
JB511047,,11/10/2018 02:30:00 PM,30,NO CONTROLS,NO CONTROLS,CLEAR,DAYLIGHT,SIDESWIPE SAME DIRECTION,DIVIDED - W/MEDIAN (NOT RAISED),,STRAIGHT ON GRADE,DRY,NO DEFECTS,NOT ON SCENE (DESK REPORT),NO INJURY / DRIVE AWAY,,,,$500 OR LESS,11/10/2018 03:10:00 PM,IMPROPER LANE USAGE,NOT APPLICABLE,2632,N,LINCOLN AVE,1932,,,,,,,2,NO INDICATION OF INJURY,0,0,0,0,0,2,0,14,7,11,41.929635073,-87.654836958,POINT (-87.654836958398 41.929635073193)
JB511028,,11/10/2018 02:20:00 PM,30,TRAFFIC SIGNAL,FUNCTIONING PROPERLY,CLEAR,DAYLIGHT,SIDESWIPE SAME DIRECTION,NOT DIVIDED,2,STRAIGHT AND LEVEL,DRY,NO DEFECTS,NOT ON SCENE (DESK REPORT),NO INJURY / DRIVE AWAY,Y,,,"OVER $1,500",11/10/2018 02:53:00 PM,UNABLE TO DETERMINE,NOT APPLICABLE,2944,W,DIVERSEY AVE,1411,,,,,,,2,NO INDICATION OF INJURY,0,0,0,0,0,3,0,14,7,11,41.932176391,-87.70191152,POINT (-87.701911519858 41.932176391072)
JB511058,,11/10/2018 02:19:00 PM,30,TRAFFIC SIGNAL,FUNCTIONING PROPERLY,CLEAR,DAYLIGHT,TURNING,DIVIDED - W/MEDIAN (NOT RAISED),6,STRAIGHT AND LEVEL,DRY,NO DEFECTS,ON SCENE,INJURY AND / OR TOW DUE TO CRASH,,,,"OVER $1,500",11/10/2018 02:35:00 PM,IMPROPER TURNING/NO SIGNAL,NOT APPLICABLE,5200,S,CICERO AVE,814,,,,,,,3,NONINCAPACITATING INJURY,1,0,0,1,0,3,0,14,7,11,41.798558278,-87.743071866,POINT (-87.743071866164 41.798558278193)
JB511087,,11/10/2018 02:15:00 PM,30,NO CONTROLS,NO CONTROLS,CLEAR,DAYLIGHT,PEDESTRIAN,DIVIDED - W/MEDIAN (NOT RAISED),2,STRAIGHT AND LEVEL,DRY,NO DEFECTS,ON SCENE,INJURY AND / OR TOW DUE TO CRASH,,,Y,$500 OR LESS,11/10/2018 02:52:00 PM,UNABLE TO DETERMINE,UNABLE TO DETERMINE,2118,W,CERMAK RD,1234,,,,,,,2,NONINCAPACITATING INJURY,1,0,0,1,0,1,0,14,7,11,41.852235132,-87.679102568,POINT (-87.679102568294 41.852235131921)
JB511031,,11/10/2018 02:15:00 PM,30,TRAFFIC SIGNAL,FUNCTIONING PROPERLY,CLEAR,DAYLIGHT,SIDESWIPE SAME DIRECTION,DIVIDED - W/MEDIAN (NOT RAISED),2,STRAIGHT AND LEVEL,DRY,NO DEFECTS,NOT ON SCENE (DESK REPORT),NO INJURY / DRIVE AWAY,,,,"$501 - $1,500",11/10/2018 03:00:00 PM,IMPROPER OVERTAKING/PASSING,UNABLE TO DETERMINE,1958,N,RACINE AVE,1811,,,,,,,2,NO INDICATION OF INJURY,0,0,0,0,0,5,0,14,7,11,41.917658335,-87.658355406,POINT (-87.658355405757 41.917658334885)
JB511036,,11/10/2018 02:10:00 PM,15,NO CONTROLS,NO CONTROLS,CLEAR,DAYLIGHT,TURNING,DIVIDED - W/MEDIAN (NOT RAISED),,STRAIGHT AND LEVEL,DRY,NO DEFECTS,NOT ON SCENE (DESK REPORT),NO INJURY / DRIVE AWAY,,,,"$501 - $1,500",11/10/2018 02:55:00 PM,UNABLE TO DETERMINE,BICYCLE ADVANCING LEGALLY ON RED LIGHT,2320,W,47TH ST,924,,,,,,,2,NO INDICATION OF INJURY,0,0,0,0,0,4,0,14,7,11,41.808532582,-87.682892138,POINT (-87.682892138166 41.808532582036)
JB511077,,11/10/2018 02:05:00 PM,30,STOP SIGN/FLASHER,FUNCTIONING PROPERLY,CLEAR,DAYLIGHT,REAR END,NOT DIVIDED,,STRAIGHT AND LEVEL,DRY,NO DEFECTS,ON SCENE,INJURY AND / OR TOW DUE TO CRASH,Y,,,"OVER $1,500",11/10/2018 02:08:00 PM,UNDER THE INFLUENCE OF ALCOHOL/DRUGS (USE WHEN ARREST IS EFFECTED),FAILING TO REDUCE SPEED TO AVOID CRASH,801,S,CALIFORNIA AVE,1135,,,,,,,2,NONINCAPACITATING INJURY,3,0,0,3,0,0,0,14,7,11,41.871018782,-87.69587741,POINT (-87.69587740984 41.871018782354)
JB511063,,11/10/2018 02:05:00 PM,35,NO CONTROLS,NO CONTROLS,CLEAR,DAYLIGHT,PARKED MOTOR VEHICLE,ONE-WAY,,STRAIGHT AND LEVEL,DRY,NO DEFECTS,NOT ON SCENE (DESK REPORT),NO INJURY / DRIVE AWAY,,,,"OVER $1,500",11/10/2018 03:00:00 PM,UNABLE TO DETERMINE,UNABLE TO DETERMINE,2428,W,62ND ST,825,,,,,,,2,NO INDICATION OF INJURY,0,0,0,0,0,2,0,14,7,11,41.781178086,-87.684852812,POINT (-87.68485281225 41.781178085535)
JB510994,,11/10/2018 02:02:00 PM,20,NO CONTROLS,NO CONTROLS,CLEAR,DAYLIGHT,PARKED MOTOR VEHICLE,ONE-WAY,,STRAIGHT AND LEVEL,DRY,NO DEFECTS,ON SCENE,NO INJURY / DRIVE AWAY,,,,"$501 - $1,500",11/10/2018 02:02:00 PM,NOT APPLICABLE,NOT APPLICABLE,7527,S,ABERDEEN ST,612,,,,,,,2,NO INDICATION OF INJURY,0,0,0,0,0,2,0,14,7,11,41.756888233,-87.651330441,POINT (-87.651330440611 41.756888232629)
JB513298,,11/10/2018 02:00:00 PM,30,NO CONTROLS,NO CONTROLS,CLEAR,DAYLIGHT,PARKED MOTOR VEHICLE,NOT DIVIDED,,STRAIGHT AND LEVEL,DRY,NO DEFECTS,NOT ON SCENE (DESK REPORT),NO INJURY / DRIVE AWAY,,,Y,"OVER $1,500",11/12/2018 03:31:00 PM,NOT APPLICABLE,NOT APPLICABLE,8614,S,COMMERCIAL AVE,423,,,,,,,2,NO INDICATION OF INJURY,0,0,0,0,0,1,0,14,7,11,41.738711751,-87.55160133,POINT (-87.551601329987 41.738711751256)
JB511116,,11/10/2018 02:00:00 PM,30,OTHER,OTHER,CLEAR,DAYLIGHT,PARKED MOTOR VEHICLE,NOT DIVIDED,,STRAIGHT AND LEVEL,DRY,NO DEFECTS,ON SCENE,NO INJURY / DRIVE AWAY,,,Y,"$501 - $1,500",11/10/2018 04:00:00 PM,FAILING TO YIELD RIGHT-OF-WAY,FAILING TO YIELD RIGHT-OF-WAY,7002,W,ADDISON ST,1632,,,,,,,2,NO INDICATION OF INJURY,0,0,0,0,0,1,0,14,7,11,41.945492228,-87.800992775,POINT (-87.800992775256 41.945492228377)
JB511088,,11/10/2018 02:00:00 PM,30,TRAFFIC SIGNAL,FUNCTIONING PROPERLY,CLEAR,DAYLIGHT,PARKED MOTOR VEHICLE,NOT DIVIDED,4,STRAIGHT AND LEVEL,DRY,NO DEFECTS,NOT ON SCENE (DESK REPORT),NO INJURY / DRIVE AWAY,Y,,,"$501 - $1,500",11/10/2018 03:40:00 PM,IMPROPER LANE USAGE,NOT APPLICABLE,3358,W,CHICAGO AVE,1121,,,,,,,2,NO INDICATION OF INJURY,0,0,0,0,0,2,0,14,7,11,41.895618196,-87.711230331,POINT (-87.71123033081 41.895618195667)
JB511068,,11/10/2018 02:00:00 PM,30,TRAFFIC SIGNAL,FUNCTIONING PROPERLY,CLEAR,DAYLIGHT,SIDESWIPE SAME DIRECTION,NOT DIVIDED,,STRAIGHT AND LEVEL,DRY,NO DEFECTS,NOT ON SCENE (DESK REPORT),NO INJURY / DRIVE AWAY,,,,"OVER $1,500",11/10/2018 03:24:00 PM,UNABLE TO DETERMINE,NOT APPLICABLE,5331,W,LAWRENCE AVE,1623,,,,,,,2,NO INDICATION OF INJURY,0,0,0,0,0,2,0,14,7,11,41.967769816,-87.76070343,POINT (-87.760703429685 41.967769815741)
JB510980,,11/10/2018 02:00:00 PM,15,NO CONTROLS,NO CONTROLS,CLEAR,DAYLIGHT,REAR END,PARKING LOT,,STRAIGHT AND LEVEL,DRY,NO DEFECTS,NOT ON SCENE (DESK REPORT),NO INJURY / DRIVE AWAY,,,,"$501 - $1,500",11/10/2018 02:34:00 PM,IMPROPER BACKING,FAILING TO REDUCE SPEED TO AVOID CRASH,2500,N,CENTRAL AVE,2515,,,,,,,2,NO INDICATION OF INJURY,0,0,0,0,0,3,0,14,7,11,41.92589288,-87.766204826,POINT (-87.766204825838 41.925892880213)
JB511046,,11/10/2018 01:50:00 PM,0,NO CONTROLS,NO CONTROLS,CLEAR,DAYLIGHT,TURNING,PARKING LOT,,STRAIGHT AND LEVEL,DRY,NO DEFECTS,NOT ON SCENE (DESK REPORT),NO INJURY / DRIVE AWAY,,Y,,"$501 - $1,500",11/10/2018 03:00:00 PM,UNABLE TO DETERMINE,NOT APPLICABLE,1250,S,ASHLAND AVE,1233,,,,,,,2,NO INDICATION OF INJURY,0,0,0,0,0,3,0,13,7,11,41.865374978,-87.666496464,POINT (-87.666496464466 41.865374978425)
JB511018,,11/10/2018 01:50:00 PM,35,NO CONTROLS,NO CONTROLS,CLEAR,DAYLIGHT,TURNING,NOT DIVIDED,,STRAIGHT AND LEVEL,DRY,NO DEFECTS,NOT ON SCENE (DESK REPORT),NO INJURY / DRIVE AWAY,,,,"OVER $1,500",11/10/2018 02:30:00 PM,UNABLE TO DETERMINE,UNABLE TO DETERMINE,4753,W,47TH ST,815,,,,,,,2,NO INDICATION OF INJURY,0,0,0,0,0,2,0,13,7,11,41.807532744,-87.74290645,POINT (-87.742906449791 41.807532744276)