RD_NO,CRASH_DATE_EST_I,CRASH_DATE,POSTED_SPEED_LIMIT,TRAFFIC_CONTROL_DEVICE,DEVICE_CONDITION,WEATHER_CONDITION,LIGHTING_CONDITION,FIRST_CRASH_TYPE,TRAFFICWAY_TYPE,LANE_CNT,ALIGNMENT,ROADWAY_SURFACE_COND,ROAD_DEFECT,REPORT_TYPE,CRASH_TYPE,INTERSECTION_RELATED_I,NOT_RIGHT_OF_WAY_I,HIT_AND_RUN_I,DAMAGE,DATE_POLICE_NOTIFIED,PRIM_CONTRIBUTORY_CAUSE,SEC_CONTRIBUTORY_CAUSE,STREET_NO,STREET_DIRECTION,STREET_NAME,BEAT_OF_OCCURRENCE,PHOTOS_TAKEN_I,STATEMENTS_TAKEN_I,DOORING_I,WORK_ZONE_I,WORK_ZONE_TYPE,WORKERS_PRESENT_I,NUM_UNITS,MOST_SEVERE_INJURY,INJURIES_TOTAL,INJURIES_FATAL,INJURIES_INCAPACITATING,INJURIES_NON_INCAPACITATING,INJURIES_REPORTED_NOT_EVIDENT,INJURIES_NO_INDICATION,INJURIES_UNKNOWN,CRASH_HOUR,CRASH_DAY_OF_WEEK,CRASH_MONTH,LATITUDE,LONGITUDE,LOCATION
JB510977,,11/10/2018 01:45:00 PM,30,TRAFFIC SIGNAL,FUNCTIONING PROPERLY,CLEAR,DAYLIGHT,REAR END,NOT DIVIDED,2,STRAIGHT AND LEVEL,DRY,NO DEFECTS,NOT ON SCENE (DESK REPORT),NO INJURY / DRIVE AWAY,,,,"OVER $1,500",11/10/2018 02:00:00 PM,DISREGARDING TRAFFIC SIGNALS,NOT APPLICABLE,3541,N,ELSTON AVE,1733,,,,,,,2,NO INDICATION OF INJURY,0,0,0,0,0,2,0,13,7,11,41.945698841,-87.707264821,POINT (-87.707264821479 41.945698840867)
JB510959,,11/10/2018 01:45:00 PM,30,NO CONTROLS,NO CONTROLS,CLEAR,DAYLIGHT,SIDESWIPE SAME DIRECTION,DIVIDED - W/MEDIAN BARRIER,,STRAIGHT AND LEVEL,DRY,NO DEFECTS,NOT ON SCENE (DESK REPORT),NO INJURY / DRIVE AWAY,N,,,$500 OR LESS,11/10/2018 01:55:00 PM,UNABLE TO DETERMINE,NOT APPLICABLE,5540,N,LINCOLN AVE,2011,,,,,,,2,NO INDICATION OF INJURY,0,0,0,0,0,3,0,13,7,11,41.982229793,-87.693839497,POINT (-87.693839497043 41.982229792647)
JB510961,,11/10/2018 01:43:00 PM,30,NO CONTROLS,NO CONTROLS,CLEAR,DAYLIGHT,SIDESWIPE SAME DIRECTION,DIVIDED - W/MEDIAN BARRIER,,STRAIGHT AND LEVEL,DRY,NO DEFECTS,ON SCENE,NO INJURY / DRIVE AWAY,,,,"OVER $1,500",11/10/2018 02:25:00 PM,IMPROPER OVERTAKING/PASSING,UNABLE TO DETERMINE,9420,S,JEFFERY AVE,413,,,,,,,2,NO INDICATION OF INJURY,0,0,0,0,0,3,0,13,7,11,41.723648198,-87.575531607,POINT (-87.575531606656 41.723648198001)
JB511207,,11/10/2018 01:30:00 PM,15,NO CONTROLS,NO CONTROLS,CLEAR,DAYLIGHT,SIDESWIPE OPPOSITE DIRECTION,PARKING LOT,2,STRAIGHT AND LEVEL,DRY,NO DEFECTS,NOT ON SCENE (DESK REPORT),NO INJURY / DRIVE AWAY,,Y,,"$501 - $1,500",11/10/2018 05:50:00 PM,IMPROPER BACKING,NOT APPLICABLE,5209,W,FULLERTON AVE,2515,,,,,,,2,NO INDICATION OF INJURY,0,0,0,0,0,2,0,13,7,11,41.923990888,-87.756519141,POINT (-87.756519141113 41.923990887768)
JB510995,,11/10/2018 01:30:00 PM,30,TRAFFIC SIGNAL,FUNCTIONING PROPERLY,CLEAR,DAYLIGHT,TURNING,OTHER,,STRAIGHT AND LEVEL,DRY,NO DEFECTS,NOT ON SCENE (DESK REPORT),NO INJURY / DRIVE AWAY,Y,,,"OVER $1,500",11/10/2018 02:00:00 PM,FAILING TO YIELD RIGHT-OF-WAY,FAILING TO YIELD RIGHT-OF-WAY,10300,S,STONY ISLAND EXT AVE,512,,,,,,,2,NO INDICATION OF INJURY,0,0,0,0,0,6,0,13,7,11,41.707715064,-87.586249797,POINT (-87.586249797188 41.707715064049)
JB510972,,11/10/2018 01:30:00 PM,15,NO CONTROLS,NO CONTROLS,CLEAR,DAYLIGHT,ANGLE,PARKING LOT,0,STRAIGHT AND LEVEL,DRY,NO DEFECTS,NOT ON SCENE (DESK REPORT),NO INJURY / DRIVE AWAY,,,,"OVER $1,500",11/10/2018 01:55:00 PM,IMPROPER BACKING,UNABLE TO DETERMINE,7001,S,STONY ISLAND AVE,332,,,,,,,2,NO INDICATION OF INJURY,0,0,0,0,0,2,0,13,7,11,41.767797623,-87.585819918,POINT (-87.585819918232 41.767797623038)
JB510954,,11/10/2018 01:30:00 PM,30,NO CONTROLS,NO CONTROLS,CLEAR,DAYLIGHT,PARKED MOTOR VEHICLE,NOT DIVIDED,,STRAIGHT AND LEVEL,DRY,NO DEFECTS,NOT ON SCENE (DESK REPORT),NO INJURY / DRIVE AWAY,,,Y,"OVER $1,500",11/10/2018 01:52:00 PM,UNABLE TO DETERMINE,UNABLE TO DETERMINE,437,W,WISCONSIN ST,1813,,,,,,,2,NO INDICATION OF INJURY,0,0,0,0,0,1,0,13,7,11,41.916379571,-87.640200365,POINT (-87.640200365112 41.916379571045)
JB510946,Y,11/10/2018 01:30:00 PM,35,NO CONTROLS,NO CONTROLS,CLEAR,DAYLIGHT,SIDESWIPE SAME DIRECTION,OTHER,2,STRAIGHT AND LEVEL,DRY,NO DEFECTS,ON SCENE,INJURY AND / OR TOW DUE TO CRASH,,,,$500 OR LESS,11/10/2018 01:35:00 PM,IMPROPER OVERTAKING/PASSING,DRIVING SKILLS/KNOWLEDGE/EXPERIENCE,10000,S,STATE ST,511,,,,,,,2,NO INDICATION OF INJURY,0,0,0,0,0,2,0,13,7,11,41.712578838,-87.623776831,POINT (-87.623776831423 41.712578838415)
JB510939,,11/10/2018 01:20:00 PM,10,NO CONTROLS,NO CONTROLS,CLEAR,DAYLIGHT,ANGLE,PARKING LOT,,STRAIGHT AND LEVEL,DRY,NO DEFECTS,NOT ON SCENE (DESK REPORT),NO INJURY / DRIVE AWAY,,Y,,"$501 - $1,500",11/10/2018 01:35:00 PM,IMPROPER BACKING,UNABLE TO DETERMINE,3200,W,59TH ST,822,,,,,,,2,NO INDICATION OF INJURY,0,0,0,0,0,2,0,13,7,11,41.786357319,-87.703412386,POINT (-87.70341238607 41.786357318651)
JB510967,,11/10/2018 01:15:00 PM,30,NO CONTROLS,NO CONTROLS,CLEAR,DAYLIGHT,SIDESWIPE SAME DIRECTION,NOT DIVIDED,4,STRAIGHT AND LEVEL,DRY,NO DEFECTS,NOT ON SCENE (DESK REPORT),NO INJURY / DRIVE AWAY,Y,,,"OVER $1,500",11/10/2018 02:00:00 PM,UNABLE TO DETERMINE,NOT APPLICABLE,1917,N,CICERO AVE,2533,,,,,,,2,NO INDICATION OF INJURY,0,0,0,0,0,2,0,13,7,11,41.915653419,-87.745905651,POINT (-87.745905650817 41.915653419069)
JB510943,,11/10/2018 01:10:00 PM,30,NO CONTROLS,NO CONTROLS,CLEAR,DAYLIGHT,PARKED MOTOR VEHICLE,NOT DIVIDED,2,STRAIGHT AND LEVEL,UNKNOWN,UNKNOWN,NOT ON SCENE (DESK REPORT),NO INJURY / DRIVE AWAY,,,,"$501 - $1,500",11/10/2018 01:28:00 PM,DRIVING SKILLS/KNOWLEDGE/EXPERIENCE,DRIVING SKILLS/KNOWLEDGE/EXPERIENCE,4546,N,BROADWAY,1913,,,,,,,2,NO INDICATION OF INJURY,0,0,0,0,0,3,0,13,7,11,41.964853581,-87.657287895,POINT (-87.657287894532 41.964853580831)
JB511109,,11/10/2018 01:00:00 PM,30,NO CONTROLS,NO CONTROLS,CLEAR,DAYLIGHT,PEDESTRIAN,ONE-WAY,1,STRAIGHT AND LEVEL,DRY,NO DEFECTS,NOT ON SCENE (DESK REPORT),NO INJURY / DRIVE AWAY,,,,$500 OR LESS,11/10/2018 03:55:00 PM,UNABLE TO DETERMINE,UNABLE TO DETERMINE,224,W,SCOTT ST,1821,,,,,,,2,NO INDICATION OF INJURY,0,0,0,0,0,3,0,13,7,11,41.905041973,-87.635590735,POINT (-87.635590734753 41.905041973374)
JB511014,,11/10/2018 01:00:00 PM,30,TRAFFIC SIGNAL,FUNCTIONING PROPERLY,CLEAR,DAYLIGHT,TURNING,NOT DIVIDED,2,STRAIGHT AND LEVEL,DRY,NO DEFECTS,NOT ON SCENE (DESK REPORT),NO INJURY / DRIVE AWAY,,,,"$501 - $1,500",11/10/2018 02:50:00 PM,UNABLE TO DETERMINE,UNABLE TO DETERMINE,6501,S,CICERO AVE,833,,,,,,,2,NO INDICATION OF INJURY,0,0,0,0,0,2,0,13,7,11,41.774694542,-87.742013301,POINT (-87.742013300808 41.774694541589)
JB510944,,11/10/2018 01:00:00 PM,30,UNKNOWN,NO CONTROLS,CLEAR,DAYLIGHT,PARKED MOTOR VEHICLE,PARKING LOT,,STRAIGHT AND LEVEL,DRY,NO DEFECTS,,NO INJURY / DRIVE AWAY,,,Y,$500 OR LESS,11/10/2018 01:20:00 PM,UNABLE TO DETERMINE,NOT APPLICABLE,5316,N,MILWAUKEE AVE,1622,,,,,,,2,NO INDICATION OF INJURY,0,0,0,0,0,1,0,13,7,11,41.976936888,-87.769074312,POINT (-87.76907431197 41.976936887697)
JB510923,,11/10/2018 01:00:00 PM,30,TRAFFIC SIGNAL,FUNCTIONING PROPERLY,CLEAR,DAYLIGHT,REAR END,NOT DIVIDED,,STRAIGHT AND LEVEL,DRY,NO DEFECTS,NOT ON SCENE (DESK REPORT),INJURY AND / OR TOW DUE TO CRASH,Y,,,"OVER $1,500",11/10/2018 01:15:00 PM,IMPROPER OVERTAKING/PASSING,NOT APPLICABLE,6155,N,WESTERN AVE,2413,,,,,,,2,"REPORTED, NOT EVIDENT",1,0,0,0,1,4,0,13,7,11,41.993891676,-87.689610392,POINT (-87.689610391926 41.993891676212)
JB510935,,11/10/2018 12:58:00 PM,10,NO CONTROLS,NO CONTROLS,CLEAR,DAYLIGHT,TURNING,PARKING LOT,,STRAIGHT AND LEVEL,DRY,NO DEFECTS,NOT ON SCENE (DESK REPORT),NO INJURY / DRIVE AWAY,,,,"$501 - $1,500",11/10/2018 01:30:00 PM,FAILING TO YIELD RIGHT-OF-WAY,UNABLE TO DETERMINE,112,W,87TH ST,622,,,,,,,2,NO INDICATION OF INJURY,0,0,0,0,0,7,0,12,7,11,41.736380046,-87.627509219,POINT (-87.627509219026 41.736380045588)
JB510978,,11/10/2018 12:56:00 PM,30,STOP SIGN/FLASHER,FUNCTIONING PROPERLY,CLEAR,DAYLIGHT,TURNING,NOT DIVIDED,,STRAIGHT AND LEVEL,DRY,NO DEFECTS,NOT ON SCENE (DESK REPORT),NO INJURY / DRIVE AWAY,Y,,,"$501 - $1,500",11/10/2018 02:16:00 PM,UNABLE TO DETERMINE,UNABLE TO DETERMINE,3099,N,DRAKE AVE,1412,,,,,,,2,NO INDICATION OF INJURY,0,0,0,0,0,2,0,12,7,11,41.937353238,-87.715960439,POINT (-87.715960439429 41.937353238278)
JB510956,,11/10/2018 12:55:00 PM,30,NO CONTROLS,NO CONTROLS,CLEAR,DAYLIGHT,SIDESWIPE SAME DIRECTION,NOT DIVIDED,,STRAIGHT AND LEVEL,DRY,NO DEFECTS,NOT ON SCENE (DESK REPORT),NO INJURY / DRIVE AWAY,,,,"$501 - $1,500",11/10/2018 01:53:00 PM,IMPROPER LANE USAGE,NOT APPLICABLE,3963,W,BELMONT AVE,2523,,,,,,,2,NO INDICATION OF INJURY,0,0,0,0,0,2,0,12,7,11,41.938996226,-87.72618337,POINT (-87.726183370135 41.938996225585)
JB510921,,11/10/2018 12:51:00 PM,30,NO CONTROLS,NO CONTROLS,CLEAR,DAYLIGHT,SIDESWIPE SAME DIRECTION,NOT DIVIDED,,STRAIGHT AND LEVEL,DRY,NO DEFECTS,NOT ON SCENE (DESK REPORT),NO INJURY / DRIVE AWAY,,,,"$501 - $1,500",11/10/2018 01:21:00 PM,UNABLE TO DETERMINE,UNABLE TO DETERMINE,169,W,NORTH AVE,1821,,,,,,,2,NO INDICATION OF INJURY,0,0,0,0,0,3,0,12,7,11,41.911051785,-87.634457241,POINT (-87.634457240657 41.911051785347)
JB511024,,11/10/2018 12:50:00 PM,30,TRAFFIC SIGNAL,FUNCTIONING PROPERLY,CLEAR,DAYLIGHT,SIDESWIPE SAME DIRECTION,NOT DIVIDED,2,STRAIGHT AND LEVEL,UNKNOWN,UNKNOWN,NOT ON SCENE (DESK REPORT),NO INJURY / DRIVE AWAY,,,Y,"$501 - $1,500",11/10/2018 02:39:00 PM,FAILING TO YIELD RIGHT-OF-WAY,IMPROPER LANE USAGE,1013,W,LAWRENCE AVE,1914,,,,,,,2,NO INDICATION OF INJURY,0,0,0,0,0,3,0,12,7,11,41.96897251,-87.655392554,POINT (-87.655392554412 41.968972510351)
JB510928,,11/10/2018 12:45:00 PM,25,NO CONTROLS,NO CONTROLS,CLEAR,DAYLIGHT,SIDESWIPE SAME DIRECTION,ONE-WAY,,STRAIGHT AND LEVEL,DRY,NO DEFECTS,NOT ON SCENE (DESK REPORT),NO INJURY / DRIVE AWAY,,,,"OVER $1,500",11/10/2018 01:29:00 PM,IMPROPER LANE USAGE,NOT APPLICABLE,126,W,VAN BUREN ST,122,,,,,,,2,NO INDICATION OF INJURY,0,0,0,0,0,2,0,12,7,11,41.876985666,-87.631656317,POINT (-87.631656317389 41.876985666285)
JB511049,,11/10/2018 12:42:00 PM,30,NO CONTROLS,NO CONTROLS,CLEAR,DAYLIGHT,REAR END,NOT DIVIDED,,STRAIGHT AND LEVEL,DRY,NO DEFECTS,ON SCENE,INJURY AND / OR TOW DUE TO CRASH,,,Y,"OVER $1,500",11/10/2018 02:42:00 PM,FOLLOWING TOO CLOSELY,"OPERATING VEHICLE IN ERRATIC, RECKLESS, CARELESS, NEGLIGENT OR AGGRESSIVE MANNER",812,N,CALIFORNIA AVE,1211,,,,,,,2,NO INDICATION OF INJURY,0,0,0,0,0,2,0,12,7,11,41.896056492,-87.696860868,POINT (-87.696860867528 41.896056492254)
JB511002,,11/10/2018 12:42:00 PM,30,UNKNOWN,UNKNOWN,UNKNOWN,UNKNOWN,SIDESWIPE SAME DIRECTION,UNKNOWN,,STRAIGHT AND LEVEL,UNKNOWN,UNKNOWN,NOT ON SCENE (DESK REPORT),NO INJURY / DRIVE AWAY,,,,"OVER $1,500",11/10/2018 02:40:00 PM,UNABLE TO DETERMINE,NOT APPLICABLE,6000,N,CICERO AVE,1621,,,,,,,2,NO INDICATION OF INJURY,0,0,0,0,0,2,0,12,7,11,41.989973915,-87.748473024,POINT (-87.748473024269 41.989973915146)
JB510896,,11/10/2018 12:35:00 PM,30,NO CONTROLS,NO CONTROLS,CLEAR,DAYLIGHT,REAR END,NOT DIVIDED,,STRAIGHT AND LEVEL,DRY,NO DEFECTS,ON SCENE,NO INJURY / DRIVE AWAY,,,,"OVER $1,500",11/10/2018 12:39:00 PM,IMPROPER LANE USAGE,UNABLE TO DETERMINE,7050,W,ARCHER AVE,811,,,,,,,2,NO INDICATION OF INJURY,0,0,0,0,0,2,0,12,7,11,41.792111158,-87.798584483,POINT (-87.798584482984 41.792111158388)
JB510945,,11/10/2018 12:31:00 PM,30,NO CONTROLS,NO CONTROLS,CLEAR,DAYLIGHT,TURNING,DIVIDED - W/MEDIAN BARRIER,4,STRAIGHT AND LEVEL,DRY,NO DEFECTS,NOT ON SCENE (DESK REPORT),NO INJURY / DRIVE AWAY,,,,"OVER $1,500",11/10/2018 01:25:00 PM,IMPROPER TURNING/NO SIGNAL,FAILING TO YIELD RIGHT-OF-WAY,9400,S,ASHLAND AVE,2221,,,,,,,2,NO INDICATION OF INJURY,0,0,0,0,0,2,0,12,7,11,41.722941218,-87.662862871,POINT (-87.662862871273 41.72294121821)
JB510906,,11/10/2018 12:30:00 PM,15,NO CONTROLS,NO CONTROLS,CLEAR,DAYLIGHT,ANGLE,NOT DIVIDED,,STRAIGHT AND LEVEL,DRY,NO DEFECTS,ON SCENE,NO INJURY / DRIVE AWAY,,,,"OVER $1,500",11/10/2018 12:45:00 PM,FAILING TO YIELD RIGHT-OF-WAY,FAILING TO YIELD RIGHT-OF-WAY,6645,S,KOSTNER AVE,833,,,,,,,2,NO INDICATION OF INJURY,0,0,0,0,0,2,0,12,7,11,41.771748906,-87.732192941,POINT (-87.732192941111 41.771748905573)
JB510902,,11/10/2018 12:30:00 PM,30,TRAFFIC SIGNAL,FUNCTIONING PROPERLY,CLEAR,DAYLIGHT,SIDESWIPE SAME DIRECTION,NOT DIVIDED,2,STRAIGHT AND LEVEL,DRY,NO DEFECTS,NOT ON SCENE (DESK REPORT),NO INJURY / DRIVE AWAY,,,,"OVER $1,500",11/10/2018 01:00:00 PM,UNABLE TO DETERMINE,UNABLE TO DETERMINE,5500,S,COTTAGE GROVE AVE,233,,,,,,,2,NO INDICATION OF INJURY,0,0,0,0,0,2,0,12,7,11,41.794878222,-87.606365814,POINT (-87.606365814304 41.794878221574)
JB510877,,11/10/2018 12:25:00 PM,30,NO CONTROLS,NO CONTROLS,CLEAR,DAYLIGHT,PARKED MOTOR VEHICLE,PARKING LOT,,STRAIGHT AND LEVEL,DRY,NO DEFECTS,ON SCENE,NO INJURY / DRIVE AWAY,,Y,Y,"$501 - $1,500",11/10/2018 12:30:00 PM,DRIVING SKILLS/KNOWLEDGE/EXPERIENCE,"OPERATING VEHICLE IN ERRATIC, RECKLESS, CARELESS, NEGLIGENT OR AGGRESSIVE MANNER",3903,W,MADISON ST,1122,,,,,,,2,NO INDICATION OF INJURY,0,0,0,0,0,1,0,12,7,11,41.880645035,-87.723419294,POINT (-87.72341929387 41.880645035162)
JB510914,Y,11/10/2018 12:20:00 PM,20,NO CONTROLS,NO CONTROLS,CLEAR,DAYLIGHT,PARKED MOTOR VEHICLE,NOT DIVIDED,2,STRAIGHT AND LEVEL,DRY,NO DEFECTS,ON SCENE,NO INJURY / DRIVE AWAY,,,,"$501 - $1,500",11/10/2018 12:25:00 PM,DRIVING SKILLS/KNOWLEDGE/EXPERIENCE,DRIVING SKILLS/KNOWLEDGE/EXPERIENCE,1605,E,50TH ST,222,,,,,,,2,NO INDICATION OF INJURY,0,0,0,0,0,1,0,12,7,11,41.804248136,-87.586241847,POINT (-87.586241846523 41.804248136144)
JB510904,,11/10/2018 12:20:00 PM,35,TRAFFIC SIGNAL,MISSING,CLEAR,DAYLIGHT,REAR END,OTHER,,STRAIGHT AND LEVEL,DRY,NO DEFECTS,ON SCENE,NO INJURY / DRIVE AWAY,Y,,,"OVER $1,500",11/10/2018 12:50:00 PM,FOLLOWING TOO CLOSELY,UNABLE TO DETERMINE,600,S,DAMEN AVE,1225,,,,,,,2,NO INDICATION OF INJURY,0,0,0,0,0,4,0,12,7,11,41.874003638,-87.676602341,POINT (-87.676602341069 41.874003638416)
JB510873,,11/10/2018 12:20:00 PM,20,TRAFFIC SIGNAL,FUNCTIONING PROPERLY,CLEAR,DAYLIGHT,REAR END,OTHER,3,STRAIGHT AND LEVEL,DRY,NO DEFECTS,ON SCENE,NO INJURY / DRIVE AWAY,Y,,,"OVER $1,500",11/10/2018 12:25:00 PM,UNABLE TO DETERMINE,UNABLE TO DETERMINE,5,W,TERMINAL ST,1655,,,,,,,2,NO INDICATION OF INJURY,0,0,0,0,0,4,0,12,7,11,,,
JB510911,,11/10/2018 12:15:00 PM,30,NO CONTROLS,NO CONTROLS,CLEAR,DAYLIGHT,PARKED MOTOR VEHICLE,NOT DIVIDED,1,STRAIGHT AND LEVEL,DRY,NO DEFECTS,ON SCENE,NO INJURY / DRIVE AWAY,,,,"OVER $1,500",11/10/2018 12:55:00 PM,IMPROPER OVERTAKING/PASSING,NOT APPLICABLE,2230,W,HIGHLAND AVE,2413,,,,,,,2,NO INDICATION OF INJURY,0,0,0,0,0,1,0,12,7,11,41.996993514,-87.68613297,POINT (-87.686132969843 41.996993513952)
JB510844,,11/10/2018 12:04:00 PM,30,STOP SIGN/FLASHER,FUNCTIONING PROPERLY,CLEAR,DAYLIGHT,REAR END,DIVIDED - W/MEDIAN (NOT RAISED),2,STRAIGHT AND LEVEL,DRY,NO DEFECTS,ON SCENE,NO INJURY / DRIVE AWAY,,,,"$501 - $1,500",11/10/2018 12:04:00 PM,FOLLOWING TOO CLOSELY,NOT APPLICABLE,308,E,47TH ST,215,,,,,,,2,NO INDICATION OF INJURY,0,0,0,0,0,2,0,12,7,11,41.809452533,-87.619178627,POINT (-87.619178627271 41.809452532541)
JB510881,,11/10/2018 12:00:00 PM,30,NO CONTROLS,NO CONTROLS,CLEAR,DAYLIGHT,SIDESWIPE SAME DIRECTION,NOT DIVIDED,2,STRAIGHT AND LEVEL,DRY,NO DEFECTS,NOT ON SCENE (DESK REPORT),NO INJURY / DRIVE AWAY,,,,"OVER $1,500",11/10/2018 12:30:00 PM,IMPROPER OVERTAKING/PASSING,UNABLE TO DETERMINE,7018,S,WESTERN AVE,832,N,,,,,,2,NO INDICATION OF INJURY,0,0,0,0,0,4,0,12,7,11,41.7659167,-87.683423142,POINT (-87.683423141801 41.765916700362)
JB510880,,11/10/2018 12:00:00 PM,30,TRAFFIC SIGNAL,FUNCTIONING PROPERLY,CLEAR,DAYLIGHT,SIDESWIPE SAME DIRECTION,NOT DIVIDED,4,STRAIGHT AND LEVEL,DRY,NO DEFECTS,NOT ON SCENE (DESK REPORT),NO INJURY / DRIVE AWAY,,,Y,"$501 - $1,500",11/10/2018 12:26:00 PM,UNABLE TO DETERMINE,NOT APPLICABLE,4210,S,ARCHER AVE,921,,,,,,,2,NO INDICATION OF INJURY,0,0,0,0,0,2,0,12,7,11,41.816935288,-87.699840139,POINT (-87.699840138788 41.816935287657)
JB510868,,11/10/2018 12:00:00 PM,10,NO CONTROLS,NO CONTROLS,CLEAR,DAYLIGHT,ANGLE,ALLEY,1,STRAIGHT AND LEVEL,DRY,NO DEFECTS,ON SCENE,INJURY AND / OR TOW DUE TO CRASH,,,,"OVER $1,500",11/10/2018 12:24:00 PM,FAILING TO YIELD RIGHT-OF-WAY,NOT APPLICABLE,616,W,31ST ST,914,,,,,,,2,NO INDICATION OF INJURY,0,0,0,0,0,2,0,12,7,11,41.838205517,-87.642157667,POINT (-87.642157666695 41.838205516741)
JB510897,,11/10/2018 11:45:00 AM,40,TRAFFIC SIGNAL,FUNCTIONING PROPERLY,CLEAR,DAYLIGHT,TURNING,CENTER TURN LANE,2,STRAIGHT ON GRADE,DRY,NO DEFECTS,ON SCENE,INJURY AND / OR TOW DUE TO CRASH,Y,,,"OVER $1,500",11/10/2018 11:50:00 AM,IMPROPER TURNING/NO SIGNAL,IMPROPER OVERTAKING/PASSING,2400,W,87TH ST,835,,Y,,,,,2,NONINCAPACITATING INJURY,2,0,0,1,1,1,0,11,7,11,41.735635329,-87.682650343,POINT (-87.682650342555 41.735635328819)
JB510886,,11/10/2018 11:45:00 AM,30,TRAFFIC SIGNAL,FUNCTIONING PROPERLY,CLEAR,DAYLIGHT,REAR END,NOT DIVIDED,4,STRAIGHT AND LEVEL,DRY,NO DEFECTS,NOT ON SCENE (DESK REPORT),NO INJURY / DRIVE AWAY,,,,"$501 - $1,500",11/10/2018 12:30:00 PM,FOLLOWING TOO CLOSELY,NOT APPLICABLE,7158,W,GUNNISON ST,1613,,,,,,,2,NO INDICATION OF INJURY,0,0,0,0,0,2,0,11,7,11,41.968379928,-87.807101534,POINT (-87.807101533981 41.968379928457)
JB510852,,11/10/2018 11:45:00 AM,30,NO CONTROLS,NO CONTROLS,CLEAR,DAYLIGHT,TURNING,NOT DIVIDED,2,STRAIGHT AND LEVEL,DRY,NO DEFECTS,ON SCENE,INJURY AND / OR TOW DUE TO CRASH,,,Y,"OVER $1,500",11/10/2018 11:50:00 AM,IMPROPER TURNING/NO SIGNAL,UNABLE TO DETERMINE,3801,W,MADISON ST,1122,,,,,,,2,NO INDICATION OF INJURY,0,0,0,0,0,4,0,11,7,11,41.880677794,-87.720874677,POINT (-87.720874676885 41.880677793794)
JB510850,,11/10/2018 11:45:00 AM,35,NO CONTROLS,NO CONTROLS,CLEAR,DAYLIGHT,REAR END,NOT DIVIDED,,STRAIGHT AND LEVEL,DRY,NO DEFECTS,ON SCENE,NO INJURY / DRIVE AWAY,,,,"OVER $1,500",11/10/2018 12:00:00 PM,FOLLOWING TOO CLOSELY,NOT APPLICABLE,175,N,DAMEN AVE,1223,,,,,,,3,NO INDICATION OF INJURY,0,0,0,0,0,3,0,11,7,11,41.884939604,-87.676590637,POINT (-87.676590636604 41.884939604018)
JB510842,,11/10/2018 11:45:00 AM,30,TRAFFIC SIGNAL,FUNCTIONING PROPERLY,CLEAR,DAYLIGHT,TURNING,CENTER TURN LANE,5,STRAIGHT AND LEVEL,DRY,NO DEFECTS,ON SCENE,NO INJURY / DRIVE AWAY,Y,,,"OVER $1,500",11/10/2018 11:48:00 AM,IMPROPER TURNING/NO SIGNAL,UNABLE TO DETERMINE,4700,S,KEDZIE AVE,821,,,,,,,2,NO INDICATION OF INJURY,0,0,0,0,0,2,0,11,7,11,41.808047272,-87.704118822,POINT (-87.704118822299 41.80804727165)
JB510824,,11/10/2018 11:45:00 AM,30,NO CONTROLS,NO CONTROLS,CLEAR,DAYLIGHT,ANGLE,ONE-WAY,,STRAIGHT AND LEVEL,DRY,NO DEFECTS,NOT ON SCENE (DESK REPORT),NO INJURY / DRIVE AWAY,,,Y,"OVER $1,500",11/10/2018 11:50:00 AM,IMPROPER BACKING,UNABLE TO DETERMINE,3457,W,OGDEN AVE,1024,,,,,,,2,NO INDICATION OF INJURY,0,0,0,0,0,2,0,11,7,11,41.855295682,-87.712319656,POINT (-87.712319656343 41.855295682438)
JB510856,Y,11/10/2018 11:40:00 AM,20,LANE USE MARKING,NO CONTROLS,CLEAR,DAYLIGHT,PARKED MOTOR VEHICLE,ONE-WAY,,STRAIGHT AND LEVEL,DRY,NO DEFECTS,ON SCENE,NO INJURY / DRIVE AWAY,,,,"OVER $1,500",11/10/2018 11:53:00 AM,NOT APPLICABLE,NOT APPLICABLE,8000,S,RHODES AVE,631,,Y,,,,,2,NO INDICATION OF INJURY,0,0,0,0,0,1,0,11,7,11,41.749259728,-87.611385014,POINT (-87.61138501436 41.749259728224)
JB510845,,11/10/2018 11:40:00 AM,30,NO CONTROLS,NO CONTROLS,CLEAR,DAYLIGHT,PARKED MOTOR VEHICLE,NOT DIVIDED,,STRAIGHT AND LEVEL,DRY,NO DEFECTS,NOT ON SCENE (DESK REPORT),NO INJURY / DRIVE AWAY,,,,"$501 - $1,500",11/10/2018 12:10:00 PM,DISTRACTION - FROM OUTSIDE VEHICLE,NOT APPLICABLE,5449,N,NORTHWEST HWY,1622,,,,,,,2,NO INDICATION OF INJURY,0,0,0,0,0,1,0,11,7,11,41.979713221,-87.776274427,POINT (-87.776274426884 41.979713220816)
JB510855,,11/10/2018 11:38:00 AM,30,NO CONTROLS,NO CONTROLS,CLEAR,DAYLIGHT,TURNING,NOT DIVIDED,3,STRAIGHT AND LEVEL,DRY,NO DEFECTS,ON SCENE,INJURY AND / OR TOW DUE TO CRASH,,,Y,"OVER $1,500",11/10/2018 11:53:00 AM,UNABLE TO DETERMINE,NOT APPLICABLE,9070,S,SOUTH CHICAGO AVE,423,,,,,,,2,NO INDICATION OF INJURY,0,0,0,0,0,3,0,11,7,11,41.730365374,-87.556425144,POINT (-87.556425144427 41.730365374424)