RD_NO,CRASH_DATE_EST_I,CRASH_DATE,POSTED_SPEED_LIMIT,TRAFFIC_CONTROL_DEVICE,DEVICE_CONDITION,WEATHER_CONDITION,LIGHTING_CONDITION,FIRST_CRASH_TYPE,TRAFFICWAY_TYPE,LANE_CNT,ALIGNMENT,ROADWAY_SURFACE_COND,ROAD_DEFECT,REPORT_TYPE,CRASH_TYPE,INTERSECTION_RELATED_I,NOT_RIGHT_OF_WAY_I,HIT_AND_RUN_I,DAMAGE,DATE_POLICE_NOTIFIED,PRIM_CONTRIBUTORY_CAUSE,SEC_CONTRIBUTORY_CAUSE,STREET_NO,STREET_DIRECTION,STREET_NAME,BEAT_OF_OCCURRENCE,PHOTOS_TAKEN_I,STATEMENTS_TAKEN_I,DOORING_I,WORK_ZONE_I,WORK_ZONE_TYPE,WORKERS_PRESENT_I,NUM_UNITS,MOST_SEVERE_INJURY,INJURIES_TOTAL,INJURIES_FATAL,INJURIES_INCAPACITATING,INJURIES_NON_INCAPACITATING,INJURIES_REPORTED_NOT_EVIDENT,INJURIES_NO_INDICATION,INJURIES_UNKNOWN,CRASH_HOUR,CRASH_DAY_OF_WEEK,CRASH_MONTH,LATITUDE,LONGITUDE,LOCATION
JB511821,,11/10/2018 11:30:00 AM,10,NO CONTROLS,NO CONTROLS,CLEAR,DAYLIGHT,PARKED MOTOR VEHICLE,PARKING LOT,2,STRAIGHT AND LEVEL,DRY,NO DEFECTS,NOT ON SCENE (DESK REPORT),NO INJURY / DRIVE AWAY,,Y,,"OVER $1,500",11/11/2018 10:17:00 AM,DRIVING SKILLS/KNOWLEDGE/EXPERIENCE,DRIVING SKILLS/KNOWLEDGE/EXPERIENCE,7600,S,ASHLAND AVE,611,,,,,,,2,NO INDICATION OF INJURY,0,0,0,0,0,1,0,11,7,11,41.755719441,-87.663717784,POINT (-87.663717784195 41.755719440847)
JB510878,,11/10/2018 11:30:00 AM,35,TRAFFIC SIGNAL,UNKNOWN,UNKNOWN,UNKNOWN,REAR END,NOT DIVIDED,,STRAIGHT AND LEVEL,UNKNOWN,UNKNOWN,NOT ON SCENE (DESK REPORT),NO INJURY / DRIVE AWAY,,,,"OVER $1,500",11/10/2018 12:30:00 PM,FOLLOWING TOO CLOSELY,NOT APPLICABLE,27,W,87TH ST,634,,,,,,,2,NO INDICATION OF INJURY,0,0,0,0,0,2,0,11,7,11,41.73616177,-87.625416189,POINT (-87.625416189243 41.736161770182)
JB510808,,11/10/2018 11:30:00 AM,30,TRAFFIC SIGNAL,FUNCTIONING PROPERLY,CLEAR,DAYLIGHT,SIDESWIPE SAME DIRECTION,NOT DIVIDED,2,STRAIGHT AND LEVEL,DRY,NO DEFECTS,ON SCENE,NO INJURY / DRIVE AWAY,,,Y,"OVER $1,500",11/10/2018 11:32:00 AM,UNABLE TO DETERMINE,UNABLE TO DETERMINE,1949,N,PULASKI RD,2535,,,,,,,2,NO INDICATION OF INJURY,0,0,0,0,0,3,0,11,7,11,41.916794578,-87.726397728,POINT (-87.726397727773 41.916794577942)
JB510804,N,11/10/2018 11:25:00 AM,10,NO CONTROLS,NO CONTROLS,CLEAR,DAYLIGHT,REAR END,PARKING LOT,0,STRAIGHT AND LEVEL,DRY,NO DEFECTS,ON SCENE,NO INJURY / DRIVE AWAY,,,,"OVER $1,500",11/10/2018 11:25:00 AM,IMPROPER BACKING,NOT APPLICABLE,5250,N,LINCOLN AVE,2011,,Y,,,,,2,NO INDICATION OF INJURY,0,0,0,0,0,2,0,11,7,11,41.977393005,-87.692650776,POINT (-87.692650776168 41.977393005421)
JB510822,,11/10/2018 11:20:00 AM,30,NO CONTROLS,NO CONTROLS,CLEAR,DAYLIGHT,REAR END,OTHER,2,STRAIGHT AND LEVEL,DRY,NO DEFECTS,NOT ON SCENE (DESK REPORT),NO INJURY / DRIVE AWAY,,,,"OVER $1,500",11/10/2018 11:40:00 AM,FOLLOWING TOO CLOSELY,UNABLE TO DETERMINE,2609,S,PULASKI RD,1031,,,,,,,2,NO INDICATION OF INJURY,0,0,0,0,0,2,0,11,7,11,41.84393648,-87.724392362,POINT (-87.724392362292 41.843936479629)
JB510809,,11/10/2018 11:20:00 AM,30,NO CONTROLS,NO CONTROLS,CLEAR,DAYLIGHT,SIDESWIPE SAME DIRECTION,NOT DIVIDED,2,STRAIGHT AND LEVEL,DRY,NO DEFECTS,ON SCENE,NO INJURY / DRIVE AWAY,,,Y,"OVER $1,500",11/10/2018 11:30:00 AM,IMPROPER OVERTAKING/PASSING,FOLLOWING TOO CLOSELY,10300,S,WENTWORTH AVE,512,,,,,,,2,NO INDICATION OF INJURY,0,0,0,0,0,2,0,11,7,11,41.707023014,-87.628415719,POINT (-87.6284157193 41.707023014)
JB510948,,11/10/2018 11:15:00 AM,30,NO CONTROLS,NO CONTROLS,CLEAR,DAYLIGHT,TURNING,DIVIDED - W/MEDIAN (NOT RAISED),2,STRAIGHT AND LEVEL,DRY,NO DEFECTS,NOT ON SCENE (DESK REPORT),NO INJURY / DRIVE AWAY,Y,,,$500 OR LESS,11/10/2018 02:50:00 PM,FOLLOWING TOO CLOSELY,UNABLE TO DETERMINE,3301,W,DIVERSEY AVE,1412,,,,,,,2,NO INDICATION OF INJURY,0,0,0,0,0,2,0,11,7,11,41.931891898,-87.709922575,POINT (-87.709922575008 41.931891897997)
JB510800,,11/10/2018 11:08:00 AM,30,TRAFFIC SIGNAL,FUNCTIONING PROPERLY,CLEAR,DAYLIGHT,SIDESWIPE SAME DIRECTION,NOT DIVIDED,2,STRAIGHT AND LEVEL,DRY,NO DEFECTS,NOT ON SCENE (DESK REPORT),NO INJURY / DRIVE AWAY,,,,"OVER $1,500",11/10/2018 11:25:00 AM,IMPROPER TURNING/NO SIGNAL,FAILING TO YIELD RIGHT-OF-WAY,5958,W,FOSTER AVE,1622,,,,,,,2,NO INDICATION OF INJURY,0,0,0,0,0,2,0,11,7,11,41.975779464,-87.778121217,POINT (-87.778121217038 41.97577946416)
JB510797,,11/10/2018 11:07:00 AM,30,TRAFFIC SIGNAL,UNKNOWN,CLEAR,DAYLIGHT,SIDESWIPE SAME DIRECTION,NOT DIVIDED,2,STRAIGHT AND LEVEL,DRY,UNKNOWN,NOT ON SCENE (DESK REPORT),NO INJURY / DRIVE AWAY,,,,"$501 - $1,500",11/10/2018 11:30:00 AM,FAILING TO REDUCE SPEED TO AVOID CRASH,NOT APPLICABLE,1605,N,SEDGWICK ST,1814,,N,,,,,2,NO INDICATION OF INJURY,0,0,0,0,0,2,0,11,7,11,41.911281792,-87.63845095,POINT (-87.63845094957 41.911281792358)
JB510915,,11/10/2018 11:00:00 AM,30,NO CONTROLS,NO CONTROLS,CLEAR,UNKNOWN,PARKED MOTOR VEHICLE,NOT DIVIDED,2,STRAIGHT AND LEVEL,UNKNOWN,NO DEFECTS,NOT ON SCENE (DESK REPORT),NO INJURY / DRIVE AWAY,,,Y,"OVER $1,500",11/10/2018 01:15:00 PM,UNABLE TO DETERMINE,NOT APPLICABLE,2629,N,HAMPDEN CT,1935,,,,,,,2,NO INDICATION OF INJURY,0,0,0,0,0,1,0,11,7,11,41.930101942,-87.640977849,POINT (-87.640977849233 41.930101941885)
JB511899,,11/10/2018 10:50:00 AM,0,NO CONTROLS,NO CONTROLS,CLEAR,DAYLIGHT,PARKED MOTOR VEHICLE,PARKING LOT,0,STRAIGHT AND LEVEL,DRY,NO DEFECTS,NOT ON SCENE (DESK REPORT),NO INJURY / DRIVE AWAY,,,Y,"OVER $1,500",11/11/2018 11:30:00 AM,UNABLE TO DETERMINE,UNABLE TO DETERMINE,5411,W,MONTROSE AVE,1624,,,,,,,2,NO INDICATION OF INJURY,0,0,0,0,0,1,0,10,7,11,41.960426369,-87.762818501,POINT (-87.762818501292 41.960426369475)
JB511238,,11/10/2018 10:50:00 AM,30,TRAFFIC SIGNAL,FUNCTIONING PROPERLY,CLEAR,DAYLIGHT,TURNING,NOT DIVIDED,,STRAIGHT AND LEVEL,DRY,NO DEFECTS,NOT ON SCENE (DESK REPORT),NO INJURY / DRIVE AWAY,Y,,Y,$500 OR LESS,11/10/2018 06:10:00 PM,FAILING TO YIELD RIGHT-OF-WAY,UNABLE TO DETERMINE,2000,E,87TH ST,412,,,,,,,2,NO INDICATION OF INJURY,0,0,0,0,0,2,0,10,7,11,41.737166585,-87.575660632,POINT (-87.575660632484 41.737166584514)
JB510851,,11/10/2018 10:50:00 AM,30,NO CONTROLS,NO CONTROLS,CLEAR,DAYLIGHT,ANGLE,NOT DIVIDED,,STRAIGHT AND LEVEL,DRY,NO DEFECTS,NOT ON SCENE (DESK REPORT),NO INJURY / DRIVE AWAY,,,,"$501 - $1,500",11/10/2018 12:12:00 PM,UNABLE TO DETERMINE,NOT APPLICABLE,2400,N,KEDZIE BLVD,1413,,,,,,,2,NO INDICATION OF INJURY,0,0,0,0,0,2,0,10,7,11,41.924796934,-87.707367725,POINT (-87.707367724723 41.924796933803)
JB510771,,11/10/2018 10:45:00 AM,30,STOP SIGN/FLASHER,NO CONTROLS,CLEAR,DAYLIGHT,REAR END,DIVIDED - W/MEDIAN BARRIER,,STRAIGHT AND LEVEL,DRY,NO DEFECTS,NOT ON SCENE (DESK REPORT),NO INJURY / DRIVE AWAY,,,,"$501 - $1,500",11/10/2018 11:00:00 AM,FOLLOWING TOO CLOSELY,UNABLE TO DETERMINE,3020,W,PETERSON AVE,2413,,,,,,,2,NO INDICATION OF INJURY,0,0,0,0,0,2,0,10,7,11,41.990519355,-87.705224843,POINT (-87.705224842662 41.990519354912)
JB510789,N,11/10/2018 10:35:00 AM,30,NO CONTROLS,NO CONTROLS,CLEAR,DAYLIGHT,PARKED MOTOR VEHICLE,NOT DIVIDED,2,STRAIGHT AND LEVEL,DRY,NO DEFECTS,ON SCENE,NO INJURY / DRIVE AWAY,,,Y,"$501 - $1,500",11/10/2018 11:10:00 AM,UNABLE TO DETERMINE,NOT APPLICABLE,4222,S,ARCHER AVE,921,,,,,,,2,NO INDICATION OF INJURY,0,0,0,0,0,1,0,10,7,11,41.816732128,-87.700171738,POINT (-87.700171737997 41.816732127782)
JB510840,Y,11/10/2018 10:30:00 AM,25,NO CONTROLS,NO CONTROLS,CLEAR,"DARKNESS, LIGHTED ROAD",PARKED MOTOR VEHICLE,ONE-WAY,,STRAIGHT AND LEVEL,DRY,NO DEFECTS,NOT ON SCENE (DESK REPORT),NO INJURY / DRIVE AWAY,,,Y,"OVER $1,500",11/10/2018 12:00:00 PM,DRIVING SKILLS/KNOWLEDGE/EXPERIENCE,NOT APPLICABLE,3335,W,BELLE PLAINE AVE,1724,,,,,,,2,NO INDICATION OF INJURY,0,0,0,0,0,1,0,10,7,11,41.955616243,-87.711933826,POINT (-87.711933825627 41.955616243446)
JB510796,,11/10/2018 10:25:00 AM,30,NO CONTROLS,NO CONTROLS,CLEAR,DAYLIGHT,SIDESWIPE SAME DIRECTION,ONE-WAY,3,STRAIGHT AND LEVEL,DRY,NO DEFECTS,NOT ON SCENE (DESK REPORT),NO INJURY / DRIVE AWAY,,,,"OVER $1,500",11/10/2018 11:00:00 AM,FAILING TO YIELD RIGHT-OF-WAY,NOT APPLICABLE,75,E,WASHINGTON ST,112,,,,,,,2,NO INDICATION OF INJURY,0,0,0,0,0,2,0,10,7,11,41.883115221,-87.625172509,POINT (-87.625172508734 41.883115221385)
JB510792,,11/10/2018 10:25:00 AM,10,NO CONTROLS,NO CONTROLS,CLEAR,DAYLIGHT,ANGLE,PARKING LOT,2,STRAIGHT AND LEVEL,DRY,NO DEFECTS,NOT ON SCENE (DESK REPORT),NO INJURY / DRIVE AWAY,,Y,,$500 OR LESS,11/10/2018 11:10:00 AM,UNABLE TO DETERMINE,NOT APPLICABLE,7338,S,STONY ISLAND AVE,324,,,,,,,2,NO INDICATION OF INJURY,0,0,0,0,0,2,0,10,7,11,41.761264705,-87.586348855,POINT (-87.586348855266 41.761264704807)
JB510779,,11/10/2018 10:20:00 AM,30,NO CONTROLS,NO CONTROLS,CLEAR,DAYLIGHT,REAR END,DIVIDED - W/MEDIAN (NOT RAISED),,STRAIGHT AND LEVEL,DRY,NO DEFECTS,NOT ON SCENE (DESK REPORT),INJURY AND / OR TOW DUE TO CRASH,,,,"$501 - $1,500",11/10/2018 11:10:00 AM,UNABLE TO DETERMINE,UNABLE TO DETERMINE,1040,W,SHERIDAN RD,2432,,,,,,,2,"REPORTED, NOT EVIDENT",1,0,0,0,1,2,0,10,7,11,41.998328036,-87.657861899,POINT (-87.657861899106 41.998328036092)
JB510727,,11/10/2018 10:07:00 AM,30,TRAFFIC SIGNAL,FUNCTIONING PROPERLY,CLEAR,DAYLIGHT,ANGLE,NOT DIVIDED,0,STRAIGHT AND LEVEL,DRY,NO DEFECTS,ON SCENE,INJURY AND / OR TOW DUE TO CRASH,Y,,,"OVER $1,500",11/10/2018 10:08:00 AM,DISREGARDING TRAFFIC SIGNALS,FAILING TO YIELD RIGHT-OF-WAY,301,S,DAMEN AVE,1225,,,,,,,2,NONINCAPACITATING INJURY,2,0,0,2,0,1,0,10,7,11,41.877417111,-87.676397205,POINT (-87.67639720517 41.877417111369)
JB510716,,11/10/2018 10:05:00 AM,30,STOP SIGN/FLASHER,NO CONTROLS,CLEAR,DAYLIGHT,PEDESTRIAN,NOT DIVIDED,,STRAIGHT AND LEVEL,DRY,NO DEFECTS,ON SCENE,NO INJURY / DRIVE AWAY,,,,$500 OR LESS,11/10/2018 10:20:00 AM,FAILING TO REDUCE SPEED TO AVOID CRASH,DRIVING SKILLS/KNOWLEDGE/EXPERIENCE,300,E,35TH ST,211,,,,,,,2,NO INDICATION OF INJURY,0,0,0,0,0,2,0,10,7,11,41.831192409,-87.619289199,POINT (-87.619289199481 41.831192408738)
JB511180,,11/10/2018 10:00:00 AM,30,UNKNOWN,UNKNOWN,CLEAR,DAYLIGHT,PARKED MOTOR VEHICLE,NOT DIVIDED,2,STRAIGHT AND LEVEL,DRY,NO DEFECTS,NOT ON SCENE (DESK REPORT),NO INJURY / DRIVE AWAY,,,Y,"$501 - $1,500",11/10/2018 05:00:00 PM,UNABLE TO DETERMINE,UNABLE TO DETERMINE,1629,E,50TH ST,222,,,,,,,2,NO INDICATION OF INJURY,0,0,0,0,0,1,0,10,7,11,41.804262444,-87.585362834,POINT (-87.585362833906 41.80426244403)
JB510740,,11/10/2018 10:00:00 AM,15,NO CONTROLS,NO CONTROLS,CLEAR,DAYLIGHT,PARKED MOTOR VEHICLE,ONE-WAY,,STRAIGHT AND LEVEL,DRY,NO DEFECTS,NOT ON SCENE (DESK REPORT),NO INJURY / DRIVE AWAY,,,,"OVER $1,500",11/10/2018 10:25:00 AM,UNABLE TO DETERMINE,UNABLE TO DETERMINE,7801,S,ABERDEEN ST,612,,,,,,,2,NO INDICATION OF INJURY,0,0,0,0,0,1,0,10,7,11,41.75226529,-87.651214133,POINT (-87.651214132724 41.752265289797)
JB510724,,11/10/2018 10:00:00 AM,30,STOP SIGN/FLASHER,FUNCTIONING PROPERLY,CLEAR,DAYLIGHT,ANGLE,ONE-WAY,,STRAIGHT AND LEVEL,DRY,NO DEFECTS,ON SCENE,INJURY AND / OR TOW DUE TO CRASH,,,,"OVER $1,500",11/10/2018 10:05:00 AM,FAILING TO YIELD RIGHT-OF-WAY,FAILING TO YIELD RIGHT-OF-WAY,6400,S,KARLOV AVE,813,,,,,,,2,NO INDICATION OF INJURY,0,0,0,0,0,3,0,10,7,11,41.776711514,-87.725299326,POINT (-87.725299325791 41.776711514411)
JB510685,,11/10/2018 10:00:00 AM,30,STOP SIGN/FLASHER,NO CONTROLS,CLEAR,DAYLIGHT,PEDESTRIAN,NOT DIVIDED,2,STRAIGHT AND LEVEL,DRY,NO DEFECTS,ON SCENE,INJURY AND / OR TOW DUE TO CRASH,,,,$500 OR LESS,11/10/2018 10:10:00 AM,FAILING TO YIELD RIGHT-OF-WAY,UNABLE TO DETERMINE,1599,N,ORLEANS ST,1821,,,,,,,2,NONINCAPACITATING INJURY,1,0,0,1,0,2,0,10,7,11,41.911087902,-87.63747569,POINT (-87.63747569034 41.911087902328)
JB510858,,11/10/2018 09:50:00 AM,25,UNKNOWN,UNKNOWN,UNKNOWN,UNKNOWN,PARKED MOTOR VEHICLE,NOT DIVIDED,1,STRAIGHT AND LEVEL,UNKNOWN,UNKNOWN,NOT ON SCENE (DESK REPORT),NO INJURY / DRIVE AWAY,,,Y,"$501 - $1,500",11/10/2018 12:11:00 PM,UNABLE TO DETERMINE,UNABLE TO DETERMINE,5118,W,CARMEN AVE,1623,,,,,,,2,NO INDICATION OF INJURY,0,0,0,0,0,1,0,9,7,11,41.97353042,-87.756023064,POINT (-87.756023064231 41.973530419976)
JB510763,,11/10/2018 09:50:00 AM,30,NO CONTROLS,NO CONTROLS,CLEAR,DAYLIGHT,SIDESWIPE SAME DIRECTION,NOT DIVIDED,,STRAIGHT AND LEVEL,DRY,NO DEFECTS,NOT ON SCENE (DESK REPORT),NO INJURY / DRIVE AWAY,,,,"$501 - $1,500",11/10/2018 10:50:00 AM,UNABLE TO DETERMINE,NOT APPLICABLE,3000,W,LOGAN BLVD,1411,,,,,,,2,NO INDICATION OF INJURY,0,0,0,0,0,2,0,9,7,11,41.928533255,-87.702483159,POINT (-87.702483159303 41.92853325507)
JB510719,,11/10/2018 09:50:00 AM,30,NO CONTROLS,NO CONTROLS,UNKNOWN,UNKNOWN,PARKED MOTOR VEHICLE,NOT DIVIDED,2,STRAIGHT AND LEVEL,UNKNOWN,NO DEFECTS,ON SCENE,NO INJURY / DRIVE AWAY,,,Y,"OVER $1,500",11/10/2018 09:55:00 AM,UNABLE TO DETERMINE,NOT APPLICABLE,65,W,68TH ST,722,,,,,,,2,NO INDICATION OF INJURY,0,0,0,0,0,1,0,9,7,11,41.770798887,-87.6274676,POINT (-87.627467600455 41.770798886802)
JB510720,,11/10/2018 09:49:00 AM,30,TRAFFIC SIGNAL,FUNCTIONING PROPERLY,CLEAR,DAYLIGHT,SIDESWIPE SAME DIRECTION,NOT DIVIDED,4,STRAIGHT AND LEVEL,DRY,NO DEFECTS,ON SCENE,NO INJURY / DRIVE AWAY,,,,$500 OR LESS,11/10/2018 10:04:00 AM,IMPROPER LANE USAGE,NOT APPLICABLE,300,E,ERIE ST,1834,,,,,,,2,NO INDICATION OF INJURY,0,0,0,0,0,2,0,9,7,11,41.8943175,-87.620176995,POINT (-87.620176995336 41.89431749977)
JB510707,,11/10/2018 09:45:00 AM,30,NO CONTROLS,NO CONTROLS,CLEAR,DAYLIGHT,REAR END,DIVIDED - W/MEDIAN BARRIER,2,STRAIGHT AND LEVEL,ICE,NO DEFECTS,ON SCENE,INJURY AND / OR TOW DUE TO CRASH,,,,"$501 - $1,500",11/10/2018 09:45:00 AM,FOLLOWING TOO CLOSELY,NOT APPLICABLE,4100,W,76TH ST,833,,,,N,,,2,"REPORTED, NOT EVIDENT",1,0,0,0,1,2,0,9,7,11,41.7551635,-87.72455957,POINT (-87.724559570174 41.755163500032)
JB510700,,11/10/2018 09:40:00 AM,30,TRAFFIC SIGNAL,FUNCTIONING PROPERLY,CLEAR,DAYLIGHT,TURNING,OTHER,2,STRAIGHT AND LEVEL,DRY,NO DEFECTS,ON SCENE,INJURY AND / OR TOW DUE TO CRASH,Y,,,"OVER $1,500",11/10/2018 09:43:00 AM,FAILING TO YIELD RIGHT-OF-WAY,DRIVING SKILLS/KNOWLEDGE/EXPERIENCE,7459,S,SOUTH CHICAGO AVE,324,,,,,,,2,NONINCAPACITATING INJURY,1,0,0,1,0,1,0,9,7,11,41.759318146,-87.596241716,POINT (-87.596241715766 41.759318146019)
JB517320,,11/10/2018 09:30:00 AM,30,NO CONTROLS,NO CONTROLS,CLEAR,"DARKNESS, LIGHTED ROAD",PARKED MOTOR VEHICLE,DIVIDED - W/MEDIAN (NOT RAISED),,STRAIGHT AND LEVEL,DRY,NO DEFECTS,ON SCENE,NO INJURY / DRIVE AWAY,,,Y,"OVER $1,500",11/10/2018 09:30:00 AM,UNABLE TO DETERMINE,NOT APPLICABLE,7415,W,BELMONT AVE,2511,,,,,,,2,NO INDICATION OF INJURY,0,0,0,0,0,1,0,9,7,11,41.937868043,-87.812283453,POINT (-87.81228345268 41.937868042685)
JB510706,,11/10/2018 09:30:00 AM,0,NO CONTROLS,NO CONTROLS,CLEAR,DAYLIGHT,SIDESWIPE OPPOSITE DIRECTION,NOT DIVIDED,2,STRAIGHT AND LEVEL,DRY,NO DEFECTS,NOT ON SCENE (DESK REPORT),NO INJURY / DRIVE AWAY,,,Y,$500 OR LESS,11/10/2018 10:00:00 AM,IMPROPER OVERTAKING/PASSING,ANIMAL,1564,N,CENTRAL PARK AVE,2535,,,,,,,2,NO INDICATION OF INJURY,0,0,0,0,0,2,0,9,7,11,41.909968562,-87.716856491,POINT (-87.716856491171 41.909968561838)
JB510690,,11/10/2018 09:29:00 AM,30,TRAFFIC SIGNAL,FUNCTIONING PROPERLY,CLEAR,DAYLIGHT,PEDESTRIAN,NOT DIVIDED,4,STRAIGHT AND LEVEL,DRY,NO DEFECTS,ON SCENE,INJURY AND / OR TOW DUE TO CRASH,Y,,Y,"OVER $1,500",11/10/2018 09:30:00 AM,"OPERATING VEHICLE IN ERRATIC, RECKLESS, CARELESS, NEGLIGENT OR AGGRESSIVE MANNER",DISREGARDING TRAFFIC SIGNALS,2201,S,ASHLAND AVE,1235,,,,,,,3,NONINCAPACITATING INJURY,6,0,0,3,3,1,0,9,7,11,41.852219282,-87.665876536,POINT (-87.6658765358 41.852219281567)
JB510692,,11/10/2018 09:28:00 AM,30,NO CONTROLS,NO CONTROLS,CLEAR,DAYLIGHT,REAR END,NOT DIVIDED,4,STRAIGHT AND LEVEL,DRY,"RUT, HOLES",ON SCENE,INJURY AND / OR TOW DUE TO CRASH,,,,"OVER $1,500",11/10/2018 09:29:00 AM,FAILING TO REDUCE SPEED TO AVOID CRASH,FAILING TO REDUCE SPEED TO AVOID CRASH,3506,W,NORTH AVE,1422,,,,Y,CONSTRUCTION,,3,NO INDICATION OF INJURY,0,0,0,0,0,6,0,9,7,11,41.910127572,-87.714584313,POINT (-87.714584313417 41.910127572172)
JB510671,,11/10/2018 09:20:00 AM,30,TRAFFIC SIGNAL,FUNCTIONING PROPERLY,CLEAR,DAYLIGHT,REAR END,CENTER TURN LANE,4,STRAIGHT AND LEVEL,DRY,NO DEFECTS,ON SCENE,INJURY AND / OR TOW DUE TO CRASH,,,,"OVER $1,500",11/10/2018 09:30:00 AM,PHYSICAL CONDITION OF DRIVER,NOT APPLICABLE,1,W,51ST ST,225,,,,,,,2,INCAPACITATING INJURY,1,0,1,0,0,1,0,9,7,11,41.801835154,-87.625935211,POINT (-87.62593521131 41.801835153896)
JB510715,,11/10/2018 09:15:00 AM,30,NO CONTROLS,NO CONTROLS,CLEAR,DAYLIGHT,PARKED MOTOR VEHICLE,PARKING LOT,1,STRAIGHT AND LEVEL,DRY,UNKNOWN,NOT ON SCENE (DESK REPORT),NO INJURY / DRIVE AWAY,,,Y,"OVER $1,500",11/10/2018 10:09:00 AM,IMPROPER BACKING,IMPROPER BACKING,8300,S,STEWART AVE,622,,,,,,,2,NO INDICATION OF INJURY,0,0,0,0,0,1,0,9,7,11,41.743398158,-87.634251774,POINT (-87.634251774458 41.74339815788)
JB510684,,11/10/2018 09:15:00 AM,10,STOP SIGN/FLASHER,FUNCTIONING PROPERLY,CLEAR,DAYLIGHT,SIDESWIPE SAME DIRECTION,PARKING LOT,,STRAIGHT AND LEVEL,DRY,NO DEFECTS,ON SCENE,NO INJURY / DRIVE AWAY,,,,"OVER $1,500",11/10/2018 09:16:00 AM,UNABLE TO DETERMINE,UNABLE TO DETERMINE,524,W,OHARE ST,1654,,,,,,,2,NO INDICATION OF INJURY,0,0,0,0,0,2,0,9,7,11,,,
JB510672,,11/10/2018 09:00:00 AM,30,NO CONTROLS,NO CONTROLS,CLEAR,DAYLIGHT,ANGLE,DIVIDED - W/MEDIAN (NOT RAISED),,STRAIGHT AND LEVEL,DRY,NO DEFECTS,ON SCENE,INJURY AND / OR TOW DUE TO CRASH,,,,"OVER $1,500",11/10/2018 09:05:00 AM,FAILING TO YIELD RIGHT-OF-WAY,IMPROPER TURNING/NO SIGNAL,4912,N,BROADWAY,2033,,,,,,,2,NO INDICATION OF INJURY,0,0,0,0,0,3,0,9,7,11,41.97188312,-87.659896271,POINT (-87.659896271394 41.971883119628)
JB510734,,11/10/2018 08:55:00 AM,30,NO CONTROLS,NO CONTROLS,CLEAR,DAYLIGHT,SIDESWIPE SAME DIRECTION,ONE-WAY,2,STRAIGHT AND LEVEL,DRY,NO DEFECTS,NOT ON SCENE (DESK REPORT),NO INJURY / DRIVE AWAY,,,,"OVER $1,500",11/10/2018 10:35:00 AM,IMPROPER LANE USAGE,IMPROPER LANE USAGE,1948,W,CONGRESS PKWY,1225,,,,,,,2,NO INDICATION OF INJURY,0,0,0,0,0,2,0,8,7,11,41.875139962,-87.67582655,POINT (-87.675826549725 41.875139961654)
JB510843,,11/10/2018 08:49:00 AM,10,NO CONTROLS,NO CONTROLS,CLEAR,DAYLIGHT,FIXED OBJECT,PARKING LOT,1,STRAIGHT AND LEVEL,DRY,NO DEFECTS,ON SCENE,NO INJURY / DRIVE AWAY,,Y,,"OVER $1,500",11/10/2018 11:25:00 AM,"OPERATING VEHICLE IN ERRATIC, RECKLESS, CARELESS, NEGLIGENT OR AGGRESSIVE MANNER",PASSING STOPPED SCHOOL BUS,1057,W,14TH ST,1232,,,,,,,1,NO INDICATION OF INJURY,0,0,0,0,0,1,0,8,7,11,41.863340266,-87.653042778,POINT (-87.65304277811 41.863340265575)
JB512865,,11/10/2018 08:45:00 AM,30,NO CONTROLS,NO CONTROLS,CLEAR,DAYLIGHT,REAR END,DIVIDED - W/MEDIAN BARRIER,2,STRAIGHT AND LEVEL,OTHER,OTHER,NOT ON SCENE (DESK REPORT),NO INJURY / DRIVE AWAY,,,,"OVER $1,500",11/12/2018 10:00:00 AM,FOLLOWING TOO CLOSELY,ROAD CONSTRUCTION/MAINTENANCE,7900,S,STONY ISLAND AVE,411,,,,,,,2,NO INDICATION OF INJURY,0,0,0,0,0,3,0,8,7,11,41.751460603,-87.585971993,POINT (-87.585971992965 41.751460603167)
JB510678,,11/10/2018 08:45:00 AM,30,NO CONTROLS,NO CONTROLS,CLEAR,DAYLIGHT,TURNING,DIVIDED - W/MEDIAN (NOT RAISED),,STRAIGHT AND LEVEL,DRY,NO DEFECTS,NOT ON SCENE (DESK REPORT),NO INJURY / DRIVE AWAY,,,,"$501 - $1,500",11/10/2018 09:15:00 AM,FAILING TO YIELD RIGHT-OF-WAY,NOT APPLICABLE,4429,W,GRAND AVE,2533,,,,,,,2,NO INDICATION OF INJURY,0,0,0,0,0,4,0,8,7,11,41.910348706,-87.737299445,POINT (-87.737299444658 41.910348705826)
JB510653,,11/10/2018 08:36:00 AM,30,NO CONTROLS,NO CONTROLS,CLEAR,DAYLIGHT,REAR END,PARKING LOT,,STRAIGHT AND LEVEL,DRY,NO DEFECTS,ON SCENE,NO INJURY / DRIVE AWAY,,,Y,$500 OR LESS,11/10/2018 08:36:00 AM,FOLLOWING TOO CLOSELY,NOT APPLICABLE,749,S,CICERO AVE,1131,,,,,,,2,NO INDICATION OF INJURY,0,0,0,0,0,3,0,8,7,11,41.870826014,-87.744767639,POINT (-87.744767638847 41.870826014449)
JB510650,,11/10/2018 08:36:00 AM,30,NO CONTROLS,NO CONTROLS,CLEAR,DAYLIGHT,REAR END,DIVIDED - W/MEDIAN (NOT RAISED),,STRAIGHT AND LEVEL,DRY,NO DEFECTS,ON SCENE,INJURY AND / OR TOW DUE TO CRASH,,,,"$501 - $1,500",11/10/2018 08:38:00 AM,FAILING TO REDUCE SPEED TO AVOID CRASH,NOT APPLICABLE,6405,W,IRVING PARK RD,1632,,,,,,,2,NO INDICATION OF INJURY,0,0,0,0,0,2,0,8,7,11,41.952803379,-87.786828909,POINT (-87.786828908922 41.952803379034)