RD_NO,CRASH_DATE_EST_I,CRASH_DATE,POSTED_SPEED_LIMIT,TRAFFIC_CONTROL_DEVICE,DEVICE_CONDITION,WEATHER_CONDITION,LIGHTING_CONDITION,FIRST_CRASH_TYPE,TRAFFICWAY_TYPE,LANE_CNT,ALIGNMENT,ROADWAY_SURFACE_COND,ROAD_DEFECT,REPORT_TYPE,CRASH_TYPE,INTERSECTION_RELATED_I,NOT_RIGHT_OF_WAY_I,HIT_AND_RUN_I,DAMAGE,DATE_POLICE_NOTIFIED,PRIM_CONTRIBUTORY_CAUSE,SEC_CONTRIBUTORY_CAUSE,STREET_NO,STREET_DIRECTION,STREET_NAME,BEAT_OF_OCCURRENCE,PHOTOS_TAKEN_I,STATEMENTS_TAKEN_I,DOORING_I,WORK_ZONE_I,WORK_ZONE_TYPE,WORKERS_PRESENT_I,NUM_UNITS,MOST_SEVERE_INJURY,INJURIES_TOTAL,INJURIES_FATAL,INJURIES_INCAPACITATING,INJURIES_NON_INCAPACITATING,INJURIES_REPORTED_NOT_EVIDENT,INJURIES_NO_INDICATION,INJURIES_UNKNOWN,CRASH_HOUR,CRASH_DAY_OF_WEEK,CRASH_MONTH,LATITUDE,LONGITUDE,LOCATION
LB510648,,11/10/2018 08:30:00 AM,30,NO CONTROLS,NO CONTROLS,CLEAR,DAYLIGHT,ANGLE,DIVIDED - W/MEDIAN (NOT RAISED),4,STRAIGHT AND LEVEL,DRY,NO DEFECTS,ON SCENE,NO INJURY / DRIVE AWAY,,,Y,"$501 - $1,500",11/10/2018 08:45:00 AM,IMPROPER BACKING,UNABLE TO DETERMINE,2355,W,79TH ST,835,,,,,,,2,NO INDICATION OF INJURY,0,0,0,0,0,2,0,8,7,11,41.749991838,-87.68263296,POINT (-87.682632960454 41.749991837513)
JB510688,,11/10/2018 08:30:00 AM,30,NO CONTROLS,NO CONTROLS,CLEAR,UNKNOWN,PARKED MOTOR VEHICLE,NOT DIVIDED,,STRAIGHT AND LEVEL,UNKNOWN,NO DEFECTS,ON SCENE,NO INJURY / DRIVE AWAY,,,Y,"$501 - $1,500",11/10/2018 09:30:00 AM,NOT APPLICABLE,NOT APPLICABLE,3640,N,ARTESIAN AVE,1921,,,,,,,2,NO INDICATION OF INJURY,0,0,0,0,0,1,0,8,7,11,41.947932385,-87.689651708,POINT (-87.689651708169 41.947932384707)
JB511166,,11/10/2018 08:25:00 AM,35,NO CONTROLS,NO CONTROLS,CLEAR,DAYLIGHT,PARKED MOTOR VEHICLE,OTHER,,STRAIGHT AND LEVEL,DRY,UNKNOWN,NOT ON SCENE (DESK REPORT),NO INJURY / DRIVE AWAY,,,Y,"OVER $1,500",11/10/2018 04:50:00 PM,UNABLE TO DETERMINE,UNABLE TO DETERMINE,860,E,59TH ST,235,,,,,,,3,NO INDICATION OF INJURY,0,0,0,0,0,1,0,8,7,11,41.787830279,-87.603745459,POINT (-87.603745458579 41.787830279361)
JB510654,,11/10/2018 08:20:00 AM,30,NO CONTROLS,NO CONTROLS,CLEAR,DAYLIGHT,REAR END,ONE-WAY,4,STRAIGHT AND LEVEL,DRY,NO DEFECTS,ON SCENE,INJURY AND / OR TOW DUE TO CRASH,,,,"OVER $1,500",11/10/2018 09:10:00 AM,FOLLOWING TOO CLOSELY,FAILING TO YIELD RIGHT-OF-WAY,330,W,ONTARIO ST,1831,,,,,,,2,NO INDICATION OF INJURY,0,0,0,0,0,2,0,8,7,11,41.893256711,-87.637007797,POINT (-87.637007797127 41.893256711085)
JB510709,,11/10/2018 08:15:00 AM,30,TRAFFIC SIGNAL,FUNCTIONING PROPERLY,CLEAR,DAYLIGHT,REAR END,NOT DIVIDED,,STRAIGHT AND LEVEL,DRY,NO DEFECTS,NOT ON SCENE (DESK REPORT),NO INJURY / DRIVE AWAY,Y,,,"OVER $1,500",11/10/2018 10:00:00 AM,FAILING TO REDUCE SPEED TO AVOID CRASH,NOT APPLICABLE,420,S,PULASKI RD,1132,,,,,,,2,NO INDICATION OF INJURY,0,0,0,0,0,3,0,8,7,11,41.874537312,-87.725596902,POINT (-87.725596901652 41.874537312209)
JB510656,,11/10/2018 08:15:00 AM,35,STOP SIGN/FLASHER,FUNCTIONING PROPERLY,CLEAR,DAYLIGHT,FIXED OBJECT,NOT DIVIDED,4,STRAIGHT AND LEVEL,DRY,UNKNOWN,ON SCENE,INJURY AND / OR TOW DUE TO CRASH,Y,,,"OVER $1,500",11/10/2018 08:22:00 AM,FAILING TO REDUCE SPEED TO AVOID CRASH,NOT APPLICABLE,200,E,LOWER HUBBARD ST,1834,,,,,,,1,NONINCAPACITATING INJURY,1,0,0,1,0,0,0,8,7,11,41.890257084,-87.624035796,POINT (-87.624035795717 41.890257083917)
JB510668,,11/10/2018 08:09:00 AM,30,STOP SIGN/FLASHER,FUNCTIONING PROPERLY,CLEAR,DAYLIGHT,ANGLE,NOT DIVIDED,2,STRAIGHT AND LEVEL,DRY,NO DEFECTS,ON SCENE,INJURY AND / OR TOW DUE TO CRASH,Y,,,"OVER $1,500",11/10/2018 08:09:00 AM,EXCEEDING SAFE SPEED FOR CONDITIONS,NOT APPLICABLE,150,E,21ST ST,132,,,,,,,3,"REPORTED, NOT EVIDENT",1,0,0,0,1,2,0,8,7,11,41.854418318,-87.622297989,POINT (-87.622297988633 41.854418318214)
JB511306,,11/10/2018 08:00:00 AM,15,UNKNOWN,UNKNOWN,CLEAR,DAWN,PARKED MOTOR VEHICLE,OTHER,1,STRAIGHT AND LEVEL,DRY,UNKNOWN,NOT ON SCENE (DESK REPORT),NO INJURY / DRIVE AWAY,,,Y,"$501 - $1,500",11/10/2018 07:15:00 PM,UNABLE TO DETERMINE,UNABLE TO DETERMINE,6424,S,DR MARTIN LUTHER KING JR DR,312,,,,,,,2,NO INDICATION OF INJURY,0,0,0,0,0,1,0,8,7,11,41.77765248,-87.615707844,POINT (-87.615707843933 41.777652480246)
JB510629,,11/10/2018 08:00:00 AM,20,NO CONTROLS,NO CONTROLS,CLEAR,DAYLIGHT,FIXED OBJECT,ONE-WAY,1,STRAIGHT AND LEVEL,DRY,NO DEFECTS,ON SCENE,INJURY AND / OR TOW DUE TO CRASH,,Y,,"OVER $1,500",11/10/2018 08:08:00 AM,NOT APPLICABLE,NOT APPLICABLE,3459,W,GRENSHAW ST,1133,,,,,,,1,NO INDICATION OF INJURY,0,0,0,0,0,1,0,8,7,11,41.867167717,-87.712885028,POINT (-87.712885028049 41.867167716547)
JB510632,,11/10/2018 07:45:00 AM,30,STOP SIGN/FLASHER,FUNCTIONING PROPERLY,OTHER,DAYLIGHT,PARKED MOTOR VEHICLE,ONE-WAY,3,STRAIGHT AND LEVEL,OTHER,NO DEFECTS,ON SCENE,NO INJURY / DRIVE AWAY,,,,"OVER $1,500",11/10/2018 07:59:00 AM,UNABLE TO DETERMINE,DRIVING ON WRONG SIDE/WRONG WAY,4805,N,SPAULDING AVE,1713,,,,,,,2,NO INDICATION OF INJURY,0,0,0,0,0,1,0,7,7,11,41.968635265,-87.71077941,POINT (-87.710779410055 41.968635264576)
JB510630,,11/10/2018 07:41:00 AM,30,TRAFFIC SIGNAL,FUNCTIONING PROPERLY,CLEAR,DAYLIGHT,PEDESTRIAN,DIVIDED - W/MEDIAN (NOT RAISED),2,STRAIGHT AND LEVEL,DRY,NO DEFECTS,ON SCENE,INJURY AND / OR TOW DUE TO CRASH,Y,,,$500 OR LESS,11/10/2018 07:54:00 AM,FAILING TO YIELD RIGHT-OF-WAY,NOT APPLICABLE,5201,W,BELMONT AVE,2514,,,,,,,2,NONINCAPACITATING INJURY,1,0,0,1,0,1,0,7,7,11,41.938589186,-87.756810045,POINT (-87.756810045169 41.93858918622)
JB510612,,11/10/2018 07:28:00 AM,30,NO CONTROLS,NO CONTROLS,CLEAR,DAYLIGHT,TURNING,NOT DIVIDED,2,STRAIGHT AND LEVEL,DRY,NO DEFECTS,ON SCENE,NO INJURY / DRIVE AWAY,,,,"OVER $1,500",11/10/2018 07:30:00 AM,FAILING TO YIELD RIGHT-OF-WAY,FAILING TO YIELD RIGHT-OF-WAY,603,N,KILBOURN AVE,1111,,,,,,,2,NO INDICATION OF INJURY,0,0,0,0,0,2,0,7,7,11,41.891538043,-87.738155195,POINT (-87.73815519455 41.891538043423)
JB510607,Y,11/10/2018 07:20:00 AM,30,STOP SIGN/FLASHER,FUNCTIONING PROPERLY,CLEAR,DAYLIGHT,ANGLE,ONE-WAY,3,STRAIGHT AND LEVEL,DRY,NO DEFECTS,ON SCENE,INJURY AND / OR TOW DUE TO CRASH,Y,,,"OVER $1,500",11/10/2018 07:23:00 AM,FAILING TO YIELD RIGHT-OF-WAY,EXCEEDING AUTHORIZED SPEED LIMIT,4400,S,MICHIGAN AVE,215,,,,,,,3,NONINCAPACITATING INJURY,1,0,0,1,0,1,0,7,7,11,41.814643226,-87.623126734,POINT (-87.62312673403 41.814643225671)
JB510594,,11/10/2018 06:50:00 AM,30,NO CONTROLS,NO CONTROLS,CLEAR,DAYLIGHT,PEDESTRIAN,DIVIDED - W/MEDIAN (NOT RAISED),2,STRAIGHT AND LEVEL,DRY,NO DEFECTS,ON SCENE,INJURY AND / OR TOW DUE TO CRASH,,,,"OVER $1,500",11/10/2018 06:53:00 AM,FAILING TO YIELD RIGHT-OF-WAY,NOT APPLICABLE,3109,W,LAWRENCE AVE,1713,,,,,,,2,NONINCAPACITATING INJURY,1,0,0,1,0,1,0,6,7,11,41.968362579,-87.706430955,POINT (-87.70643095512 41.968362579474)
JB512554,Y,11/10/2018 06:30:00 AM,30,NO CONTROLS,NO CONTROLS,UNKNOWN,UNKNOWN,PARKED MOTOR VEHICLE,ONE-WAY,1,STRAIGHT AND LEVEL,UNKNOWN,NO DEFECTS,NOT ON SCENE (DESK REPORT),NO INJURY / DRIVE AWAY,,,Y,"OVER $1,500",11/11/2018 11:25:00 PM,UNABLE TO DETERMINE,UNABLE TO DETERMINE,6101,S,FAIRFIELD AVE,825,,,,,,,2,NO INDICATION OF INJURY,0,0,0,0,0,1,0,6,7,11,41.782690033,-87.692127991,POINT (-87.692127990728 41.782690033232)
JB510588,,11/10/2018 06:26:00 AM,30,NO CONTROLS,NO CONTROLS,CLEAR,DAYLIGHT,TURNING,NOT DIVIDED,,STRAIGHT AND LEVEL,DRY,NO DEFECTS,ON SCENE,NO INJURY / DRIVE AWAY,,,Y,"OVER $1,500",11/10/2018 06:26:00 AM,"OPERATING VEHICLE IN ERRATIC, RECKLESS, CARELESS, NEGLIGENT OR AGGRESSIVE MANNER",IMPROPER OVERTAKING/PASSING,4544,W,WASHINGTON BLVD,1113,,,,,,,3,NO INDICATION OF INJURY,0,0,0,0,0,7,0,6,7,11,41.881988822,-87.739805103,POINT (-87.739805103019 41.881988821723)
JB510621,Y,11/10/2018 06:23:00 AM,25,NO CONTROLS,NO CONTROLS,UNKNOWN,UNKNOWN,PARKED MOTOR VEHICLE,NOT DIVIDED,,STRAIGHT AND LEVEL,DRY,NO DEFECTS,ON SCENE,INJURY AND / OR TOW DUE TO CRASH,,,,"$501 - $1,500",11/10/2018 07:57:00 AM,UNABLE TO DETERMINE,UNABLE TO DETERMINE,808,S,TRIPP AVE,1132,,,,,,,2,NO INDICATION OF INJURY,0,0,0,0,0,1,0,6,7,11,41.870523695,-87.731592444,POINT (-87.731592443586 41.870523694942)
JB512363,,11/10/2018 06:00:00 AM,30,NO CONTROLS,NO CONTROLS,CLEAR,DARKNESS,PARKED MOTOR VEHICLE,ONE-WAY,,STRAIGHT AND LEVEL,DRY,NO DEFECTS,NOT ON SCENE (DESK REPORT),NO INJURY / DRIVE AWAY,,,Y,"OVER $1,500",11/11/2018 07:05:00 PM,UNABLE TO DETERMINE,UNABLE TO DETERMINE,520,N,DEARBORN ST,1831,,,,,,,2,NO INDICATION OF INJURY,0,0,0,0,0,1,0,6,7,11,41.891601285,-87.629796705,POINT (-87.629796705231 41.891601284754)
JB510962,Y,11/10/2018 06:00:00 AM,30,NO CONTROLS,NO CONTROLS,CLEAR,"DARKNESS, LIGHTED ROAD",PARKED MOTOR VEHICLE,NOT DIVIDED,,STRAIGHT AND LEVEL,DRY,NO DEFECTS,NOT ON SCENE (DESK REPORT),NO INJURY / DRIVE AWAY,,,Y,"OVER $1,500",11/10/2018 01:45:00 PM,FOLLOWING TOO CLOSELY,NOT APPLICABLE,2024,W,FOSTER AVE,2012,,,,,,,2,NO INDICATION OF INJURY,0,0,0,0,0,1,0,6,7,11,41.976125084,-87.680438589,POINT (-87.68043858923 41.976125084205)
JB510578,,11/10/2018 06:00:00 AM,20,STOP SIGN/FLASHER,NO CONTROLS,CLEAR,DAWN,ANGLE,ONE-WAY,,STRAIGHT AND LEVEL,DRY,NO DEFECTS,ON SCENE,NO INJURY / DRIVE AWAY,,,Y,"$501 - $1,500",11/10/2018 06:25:00 AM,DISREGARDING STOP SIGN,NOT APPLICABLE,6401,S,WHIPPLE ST,823,,,,,,,2,NO INDICATION OF INJURY,0,0,0,0,0,3,0,6,7,11,41.777108863,-87.699284336,POINT (-87.69928433625 41.777108863048)
JB511004,,11/10/2018 05:30:00 AM,30,NO CONTROLS,NO CONTROLS,CLEAR,DAYLIGHT,PARKED MOTOR VEHICLE,ONE-WAY,1,STRAIGHT AND LEVEL,DRY,NO DEFECTS,NOT ON SCENE (DESK REPORT),NO INJURY / DRIVE AWAY,,,Y,"$501 - $1,500",11/10/2018 02:45:00 PM,UNABLE TO DETERMINE,UNABLE TO DETERMINE,146,W,BRAYTON ST,523,,,,,,,2,NO INDICATION OF INJURY,0,0,0,0,0,1,0,5,7,11,41.665052802,-87.625933285,POINT (-87.625933284726 41.665052801876)
JB510565,,11/10/2018 05:25:00 AM,30,NO CONTROLS,NO CONTROLS,CLEAR,"DARKNESS, LIGHTED ROAD",FIXED OBJECT,DIVIDED - W/MEDIAN (NOT RAISED),9,STRAIGHT AND LEVEL,DRY,NO DEFECTS,ON SCENE,INJURY AND / OR TOW DUE TO CRASH,N,,N,"OVER $1,500",11/10/2018 05:30:00 AM,UNABLE TO DETERMINE,UNABLE TO DETERMINE,5818,N,CUMBERLAND AVE,1614,,,,,,,1,NO INDICATION OF INJURY,0,0,0,0,0,4,0,5,7,11,41.985086993,-87.836728143,POINT (-87.836728143 41.985086992819)
JB510563,,11/10/2018 05:15:00 AM,20,UNKNOWN,UNKNOWN,UNKNOWN,UNKNOWN,FIXED OBJECT,DIVIDED - W/MEDIAN BARRIER,,STRAIGHT AND LEVEL,UNKNOWN,UNKNOWN,ON SCENE,INJURY AND / OR TOW DUE TO CRASH,,,N,"OVER $1,500",11/10/2018 05:16:00 AM,UNABLE TO DETERMINE,UNABLE TO DETERMINE,300,N,CENTRAL PARK AVE,1123,,,,,,,1,INCAPACITATING INJURY,1,0,1,0,0,1,0,5,7,11,41.88633641,-87.716203131,POINT (-87.716203130599 41.886336409761)
JB510562,,11/10/2018 05:13:00 AM,30,NO CONTROLS,NO CONTROLS,CLEAR,"DARKNESS, LIGHTED ROAD",FIXED OBJECT,DIVIDED - W/MEDIAN (NOT RAISED),2,STRAIGHT AND LEVEL,DRY,NO DEFECTS,ON SCENE,INJURY AND / OR TOW DUE TO CRASH,,,,"$501 - $1,500",11/10/2018 05:28:00 AM,DISTRACTION - FROM OUTSIDE VEHICLE,NOT APPLICABLE,1410,E,79TH ST,411,,,,Y,CONSTRUCTION,,1,NO INDICATION OF INJURY,0,0,0,0,0,1,0,5,7,11,41.751551937,-87.590170303,POINT (-87.590170303379 41.751551936743)
JB510568,,11/10/2018 05:05:00 AM,35,TRAFFIC SIGNAL,FUNCTIONING PROPERLY,CLEAR,"DARKNESS, LIGHTED ROAD",REAR END,NOT DIVIDED,,STRAIGHT AND LEVEL,DRY,NO DEFECTS,NOT ON SCENE (DESK REPORT),NO INJURY / DRIVE AWAY,,,,"OVER $1,500",11/10/2018 05:40:00 AM,FAILING TO REDUCE SPEED TO AVOID CRASH,NOT APPLICABLE,10500,S,INDIANAPOLIS AVE,432,,,,,,,2,NO INDICATION OF INJURY,0,0,0,0,0,2,0,5,7,11,41.70438329,-87.526488572,POINT (-87.526488572157 41.704383289607)
JB510566,,11/10/2018 05:00:00 AM,30,TRAFFIC SIGNAL,FUNCTIONING PROPERLY,CLEAR,"DARKNESS, LIGHTED ROAD",ANGLE,DIVIDED - W/MEDIAN BARRIER,,STRAIGHT AND LEVEL,DRY,NO DEFECTS,ON SCENE,INJURY AND / OR TOW DUE TO CRASH,Y,,,"OVER $1,500",11/10/2018 05:10:00 AM,DISREGARDING TRAFFIC SIGNALS,NOT APPLICABLE,301,E,LOWER WACKER DR,114,,,,,,,2,"REPORTED, NOT EVIDENT",2,0,0,0,2,1,0,5,7,11,41.887672221,-87.62057394,POINT (-87.620573939863 41.887672220686)
JB510560,Y,11/10/2018 05:00:00 AM,30,NO CONTROLS,NO CONTROLS,CLEAR,"DARKNESS, LIGHTED ROAD",PARKED MOTOR VEHICLE,NOT DIVIDED,2,STRAIGHT AND LEVEL,DRY,NO DEFECTS,ON SCENE,INJURY AND / OR TOW DUE TO CRASH,,,N,"OVER $1,500",11/10/2018 05:12:00 AM,UNABLE TO DETERMINE,NOT APPLICABLE,51,W,CERMAK RD,131,,,,,,,2,NO INDICATION OF INJURY,0,0,0,0,0,1,0,5,7,11,41.852775396,-87.629117596,POINT (-87.62911759622 41.852775395761)
JB510557,,11/10/2018 04:51:00 AM,30,NO CONTROLS,NO CONTROLS,CLEAR,"DARKNESS, LIGHTED ROAD",PARKED MOTOR VEHICLE,ONE-WAY,1,STRAIGHT AND LEVEL,DRY,NO DEFECTS,ON SCENE,INJURY AND / OR TOW DUE TO CRASH,,,Y,"OVER $1,500",11/10/2018 04:51:00 AM,UNABLE TO DETERMINE,UNABLE TO DETERMINE,7906,S,JUSTINE ST,612,,,,,,,2,NO INDICATION OF INJURY,0,0,0,0,0,1,0,4,7,11,41.750074855,-87.662365226,POINT (-87.662365226041 41.750074855249)
JB511170,,11/10/2018 04:15:00 AM,30,TRAFFIC SIGNAL,FUNCTIONING PROPERLY,CLEAR,DAYLIGHT,SIDESWIPE SAME DIRECTION,NOT DIVIDED,2,STRAIGHT AND LEVEL,DRY,NO DEFECTS,NOT ON SCENE (DESK REPORT),NO INJURY / DRIVE AWAY,,,Y,"$501 - $1,500",11/10/2018 05:00:00 PM,UNABLE TO DETERMINE,UNABLE TO DETERMINE,3102,S,KEDZIE AVE,1032,,,,,,,2,NO INDICATION OF INJURY,0,0,0,0,0,3,0,4,7,11,41.837077447,-87.704965709,POINT (-87.704965708605 41.837077446702)
JB510543,,11/10/2018 04:10:00 AM,30,TRAFFIC SIGNAL,FUNCTIONING PROPERLY,CLEAR,"DARKNESS, LIGHTED ROAD",SIDESWIPE OPPOSITE DIRECTION,DIVIDED - W/MEDIAN (NOT RAISED),4,STRAIGHT AND LEVEL,DRY,NO DEFECTS,ON SCENE,INJURY AND / OR TOW DUE TO CRASH,,,,"OVER $1,500",11/10/2018 04:12:00 AM,DRIVING ON WRONG SIDE/WRONG WAY,DISREGARDING ROAD MARKINGS,3258,S,ARCHER AVE,912,,,,,,,2,NO INDICATION OF INJURY,0,0,0,0,0,2,0,4,7,11,41.834915201,-87.670500746,POINT (-87.670500746189 41.834915201263)
JB510540,,11/10/2018 04:07:00 AM,30,NO CONTROLS,NO CONTROLS,CLEAR,"DARKNESS, LIGHTED ROAD",PARKED MOTOR VEHICLE,NOT DIVIDED,2,STRAIGHT AND LEVEL,DRY,NO DEFECTS,ON SCENE,INJURY AND / OR TOW DUE TO CRASH,,,,"OVER $1,500",11/10/2018 04:07:00 AM,PHYSICAL CONDITION OF DRIVER,"OPERATING VEHICLE IN ERRATIC, RECKLESS, CARELESS, NEGLIGENT OR AGGRESSIVE MANNER",1638,W,FOSTER AVE,2012,,,,,,,2,NO INDICATION OF INJURY,0,0,0,0,0,1,0,4,7,11,41.97625908,-87.67119015,POINT (-87.671190150067 41.976259080484)
JB511094,,11/10/2018 04:00:00 AM,30,NO CONTROLS,NO CONTROLS,CLEAR,"DARKNESS, LIGHTED ROAD",PARKED MOTOR VEHICLE,ONE-WAY,,STRAIGHT AND LEVEL,DRY,NO DEFECTS,NOT ON SCENE (DESK REPORT),NO INJURY / DRIVE AWAY,,,Y,"$501 - $1,500",11/10/2018 03:53:00 PM,NOT APPLICABLE,NOT APPLICABLE,1811,N,MAYFIELD AVE,2531,,,,,,,2,NO INDICATION OF INJURY,0,0,0,0,0,1,0,4,7,11,41.913290889,-87.772704202,POINT (-87.772704201624 41.913290888741)
JB510666,,11/10/2018 04:00:00 AM,30,NO CONTROLS,NO CONTROLS,CLEAR,DARKNESS,PARKED MOTOR VEHICLE,NOT DIVIDED,2,STRAIGHT AND LEVEL,DRY,NO DEFECTS,ON SCENE,NO INJURY / DRIVE AWAY,,,Y,"OVER $1,500",11/10/2018 08:30:00 AM,UNABLE TO DETERMINE,UNABLE TO DETERMINE,2612,W,FLOURNOY ST,1135,,,,,,,2,NO INDICATION OF INJURY,0,0,0,0,0,1,0,4,7,11,41.873033804,-87.691783995,POINT (-87.691783995174 41.873033804211)
JB510533,,11/10/2018 03:43:00 AM,30,NO CONTROLS,NO CONTROLS,CLEAR,"DARKNESS, LIGHTED ROAD",ANGLE,PARKING LOT,0,STRAIGHT AND LEVEL,DRY,NO DEFECTS,ON SCENE,NO INJURY / DRIVE AWAY,,,,"OVER $1,500",11/10/2018 03:44:00 AM,UNABLE TO DETERMINE,NOT APPLICABLE,4771,N,ELSTON AVE,1722,,,,,,,2,NO INDICATION OF INJURY,0,0,0,0,0,2,0,3,7,11,41.967682488,-87.739305343,POINT (-87.739305343138 41.96768248849)
JB510536,,11/10/2018 03:40:00 AM,30,TRAFFIC SIGNAL,FUNCTIONING PROPERLY,CLEAR,"DARKNESS, LIGHTED ROAD",REAR END,NOT DIVIDED,4,STRAIGHT AND LEVEL,DRY,NO DEFECTS,NOT ON SCENE (DESK REPORT),NO INJURY / DRIVE AWAY,,,,"OVER $1,500",11/10/2018 04:05:00 AM,FOLLOWING TOO CLOSELY,UNABLE TO DETERMINE,4757,N,DAMEN AVE,1912,,,,,,,2,NO INDICATION OF INJURY,0,0,0,0,0,3,0,3,7,11,41.968648245,-87.679036011,POINT (-87.679036011187 41.968648245393)
JB510542,,11/10/2018 03:36:00 AM,30,STOP SIGN/FLASHER,FUNCTIONING PROPERLY,SNOW,"DARKNESS, LIGHTED ROAD",PARKED MOTOR VEHICLE,NOT DIVIDED,2,STRAIGHT AND LEVEL,WET,NO DEFECTS,ON SCENE,INJURY AND / OR TOW DUE TO CRASH,Y,,N,"OVER $1,500",11/10/2018 03:49:00 AM,UNABLE TO DETERMINE,UNABLE TO DETERMINE,6828,S,NORMAL BLVD,722,,,,,,,2,NO INDICATION OF INJURY,0,0,0,0,0,1,0,3,7,11,41.769943149,-87.63741383,POINT (-87.637413830011 41.769943148693)
JB510546,,11/10/2018 03:15:00 AM,30,NO CONTROLS,NO CONTROLS,CLEAR,"DARKNESS, LIGHTED ROAD",SIDESWIPE SAME DIRECTION,ONE-WAY,4,STRAIGHT AND LEVEL,DRY,NO DEFECTS,NOT ON SCENE (DESK REPORT),NO INJURY / DRIVE AWAY,,,,"OVER $1,500",11/10/2018 04:20:00 AM,IMPROPER LANE USAGE,IMPROPER LANE USAGE,14,W,ELM ST,1824,,,,,,,2,NO INDICATION OF INJURY,0,0,0,0,0,2,0,3,7,11,41.903276414,-87.629214314,POINT (-87.629214313821 41.903276414429)
JB510523,,11/10/2018 03:15:00 AM,39,NO CONTROLS,NO CONTROLS,CLEAR,"DARKNESS, LIGHTED ROAD",FIXED OBJECT,DIVIDED - W/MEDIAN BARRIER,,STRAIGHT AND LEVEL,DRY,NO DEFECTS,ON SCENE,INJURY AND / OR TOW DUE TO CRASH,,,,"OVER $1,500",11/10/2018 03:20:00 AM,DRIVING SKILLS/KNOWLEDGE/EXPERIENCE,NOT APPLICABLE,488,E,LOWER WACKER DR,114,,,,,,,1,NO INDICATION OF INJURY,0,0,0,0,0,1,0,3,7,11,41.887481347,-87.6158676,POINT (-87.61586760009 41.887481347292)
JB510520,,11/10/2018 03:15:00 AM,15,NO CONTROLS,NO CONTROLS,CLEAR,"DARKNESS, LIGHTED ROAD",SIDESWIPE OPPOSITE DIRECTION,DIVIDED - W/MEDIAN (NOT RAISED),2,STRAIGHT AND LEVEL,DRY,NO DEFECTS,ON SCENE,NO INJURY / DRIVE AWAY,,,Y,$500 OR LESS,11/10/2018 03:19:00 AM,EXCEEDING AUTHORIZED SPEED LIMIT,NOT APPLICABLE,3399,N,HALSTED ST,1925,,,,,,,2,NO INDICATION OF INJURY,0,0,0,0,0,2,0,3,7,11,41.943573161,-87.649226641,POINT (-87.649226640959 41.943573161105)
JB510524,Y,11/10/2018 03:14:00 AM,20,NO CONTROLS,NO CONTROLS,CLEAR,DARKNESS,SIDESWIPE OPPOSITE DIRECTION,NOT DIVIDED,,STRAIGHT AND LEVEL,DRY,NO DEFECTS,ON SCENE,INJURY AND / OR TOW DUE TO CRASH,,,Y,"$501 - $1,500",11/10/2018 03:16:00 AM,FOLLOWING TOO CLOSELY,DRIVING SKILLS/KNOWLEDGE/EXPERIENCE,4801,N,MILWAUKEE AVE,1623,,,,,,,2,NO INDICATION OF INJURY,0,0,0,0,0,2,0,3,7,11,41.967965811,-87.760652459,POINT (-87.760652459159 41.967965811139)
JB510682,Y,11/10/2018 03:00:00 AM,5,NO CONTROLS,NO CONTROLS,UNKNOWN,"DARKNESS, LIGHTED ROAD",PARKED MOTOR VEHICLE,ALLEY,1,STRAIGHT AND LEVEL,UNKNOWN,NO DEFECTS,NOT ON SCENE (DESK REPORT),NO INJURY / DRIVE AWAY,,,Y,"OVER $1,500",11/10/2018 09:51:00 AM,UNABLE TO DETERMINE,UNABLE TO DETERMINE,819,W,88TH ST,2223,,,,,,,2,NO INDICATION OF INJURY,0,0,0,0,0,1,0,3,7,11,41.734204021,-87.644389422,POINT (-87.644389421596 41.734204020807)
JB510517,,11/10/2018 02:52:00 AM,30,TRAFFIC SIGNAL,FUNCTIONING PROPERLY,CLEAR,"DARKNESS, LIGHTED ROAD",ANGLE,NOT DIVIDED,,STRAIGHT AND LEVEL,DRY,NO DEFECTS,ON SCENE,NO INJURY / DRIVE AWAY,Y,,,"OVER $1,500",11/10/2018 02:54:00 AM,DISTRACTION - FROM INSIDE VEHICLE,DISTRACTION - FROM INSIDE VEHICLE,2200,N,KOSTNER AVE,2522,,,,,,,2,NO INDICATION OF INJURY,0,0,0,0,0,3,0,2,7,11,41.920794818,-87.736584727,POINT (-87.736584727475 41.92079481781)
JB510515,,11/10/2018 02:50:00 AM,30,NO CONTROLS,FUNCTIONING PROPERLY,CLEAR,"DARKNESS, LIGHTED ROAD",PARKED MOTOR VEHICLE,DIVIDED - W/MEDIAN (NOT RAISED),2,STRAIGHT AND LEVEL,DRY,NO DEFECTS,ON SCENE,INJURY AND / OR TOW DUE TO CRASH,,,,"OVER $1,500",11/10/2018 02:52:00 AM,NOT APPLICABLE,NOT APPLICABLE,9916,S,BEVERLY AVE,2213,,,,,,,2,NO INDICATION OF INJURY,0,0,0,0,0,1,0,2,7,11,41.713426943,-87.659497332,POINT (-87.65949733243 41.713426942621)
JB510514,,11/10/2018 02:40:00 AM,25,UNKNOWN,UNKNOWN,UNKNOWN,UNKNOWN,PARKED MOTOR VEHICLE,ONE-WAY,1,STRAIGHT AND LEVEL,UNKNOWN,UNKNOWN,ON SCENE,NO INJURY / DRIVE AWAY,,,Y,"OVER $1,500",11/10/2018 02:43:00 AM,UNABLE TO DETERMINE,NOT APPLICABLE,2003,N,HAMLIN AVE,2525,,,,,,,3,NO INDICATION OF INJURY,0,0,0,0,0,1,0,2,7,11,41.917330372,-87.721521036,POINT (-87.721521035933 41.917330372455)