RD_NO,CRASH_DATE_EST_I,CRASH_DATE,POSTED_SPEED_LIMIT,TRAFFIC_CONTROL_DEVICE,DEVICE_CONDITION,WEATHER_CONDITION,LIGHTING_CONDITION,FIRST_CRASH_TYPE,TRAFFICWAY_TYPE,LANE_CNT,ALIGNMENT,ROADWAY_SURFACE_COND,ROAD_DEFECT,REPORT_TYPE,CRASH_TYPE,INTERSECTION_RELATED_I,NOT_RIGHT_OF_WAY_I,HIT_AND_RUN_I,DAMAGE,DATE_POLICE_NOTIFIED,PRIM_CONTRIBUTORY_CAUSE,SEC_CONTRIBUTORY_CAUSE,STREET_NO,STREET_DIRECTION,STREET_NAME,BEAT_OF_OCCURRENCE,PHOTOS_TAKEN_I,STATEMENTS_TAKEN_I,DOORING_I,WORK_ZONE_I,WORK_ZONE_TYPE,WORKERS_PRESENT_I,NUM_UNITS,MOST_SEVERE_INJURY,INJURIES_TOTAL,INJURIES_FATAL,INJURIES_INCAPACITATING,INJURIES_NON_INCAPACITATING,INJURIES_REPORTED_NOT_EVIDENT,INJURIES_NO_INDICATION,INJURIES_UNKNOWN,CRASH_HOUR,CRASH_DAY_OF_WEEK,CRASH_MONTH,LATITUDE,LONGITUDE,LOCATION
JB510508,,11/10/2018 02:34:00 AM,30,NO CONTROLS,NO CONTROLS,CLEAR,"DARKNESS, LIGHTED ROAD",REAR END,NOT DIVIDED,2,STRAIGHT AND LEVEL,DRY,UNKNOWN,ON SCENE,NO INJURY / DRIVE AWAY,,,,"OVER $1,500",11/10/2018 02:41:00 AM,UNDER THE INFLUENCE OF ALCOHOL/DRUGS (USE WHEN ARREST IS EFFECTED),FAILING TO REDUCE SPEED TO AVOID CRASH,2849,W,ARMITAGE AVE,1421,,,,,,,3,NO INDICATION OF INJURY,0,0,0,0,0,2,0,2,7,11,41.917360775,-87.699179967,POINT (-87.699179966644 41.917360775448)
JB510512,,11/10/2018 02:25:00 AM,30,NO CONTROLS,NO CONTROLS,CLEAR,DUSK,PARKED MOTOR VEHICLE,NOT DIVIDED,,STRAIGHT AND LEVEL,DRY,NO DEFECTS,ON SCENE,NO INJURY / DRIVE AWAY,,,,"OVER $1,500",11/10/2018 02:31:00 AM,UNABLE TO DETERMINE,UNABLE TO DETERMINE,4518,W,83RD PL,834,,,,,,,2,NO INDICATION OF INJURY,0,0,0,0,0,1,0,2,7,11,41.741328157,-87.734501405,POINT (-87.734501405206 41.741328156656)
JB510505,,11/10/2018 02:25:00 AM,30,STOP SIGN/FLASHER,UNKNOWN,CLEAR,"DARKNESS, LIGHTED ROAD",FIXED OBJECT,ONE-WAY,2,STRAIGHT ON HILLCREST,DRY,NO DEFECTS,ON SCENE,INJURY AND / OR TOW DUE TO CRASH,,,,"OVER $1,500",11/10/2018 02:29:00 AM,FAILING TO REDUCE SPEED TO AVOID CRASH,DRIVING SKILLS/KNOWLEDGE/EXPERIENCE,769,W,JACKSON BLVD,1232,,,,,,,1,NO INDICATION OF INJURY,0,0,0,0,0,4,0,2,7,11,41.877843584,-87.646781834,POINT (-87.646781834111 41.877843584048)
JB513050,,11/10/2018 02:00:00 AM,30,UNKNOWN,UNKNOWN,CLEAR,"DARKNESS, LIGHTED ROAD",PARKED MOTOR VEHICLE,NOT DIVIDED,,STRAIGHT AND LEVEL,UNKNOWN,UNKNOWN,ON SCENE,NO INJURY / DRIVE AWAY,,,Y,"OVER $1,500",11/12/2018 12:45:00 PM,NOT APPLICABLE,NOT APPLICABLE,4829,N,ELSTON AVE,1712,,,,,,,2,NO INDICATION OF INJURY,0,0,0,0,0,1,0,2,7,11,41.968711889,-87.740903104,POINT (-87.740903103938 41.968711889072)
JB511989,Y,11/10/2018 02:00:00 AM,25,UNKNOWN,UNKNOWN,CLEAR,DARKNESS,PARKED MOTOR VEHICLE,DIVIDED - W/MEDIAN (NOT RAISED),,STRAIGHT AND LEVEL,DRY,UNKNOWN,NOT ON SCENE (DESK REPORT),NO INJURY / DRIVE AWAY,,,Y,"$501 - $1,500",11/11/2018 01:00:00 PM,UNABLE TO DETERMINE,NOT APPLICABLE,3707,W,79TH ST,834,,,,,,,2,NO INDICATION OF INJURY,0,0,0,0,0,1,0,2,7,11,41.749437498,-87.714889957,POINT (-87.714889957347 41.749437498177)
JB510484,,11/10/2018 01:48:00 AM,30,NO CONTROLS,NO CONTROLS,CLEAR,"DARKNESS, LIGHTED ROAD",PARKED MOTOR VEHICLE,DIVIDED - W/MEDIAN (NOT RAISED),2,STRAIGHT AND LEVEL,DRY,NO DEFECTS,ON SCENE,INJURY AND / OR TOW DUE TO CRASH,,,,"OVER $1,500",11/10/2018 01:48:00 AM,UNDER THE INFLUENCE OF ALCOHOL/DRUGS (USE WHEN ARREST IS EFFECTED),UNDER THE INFLUENCE OF ALCOHOL/DRUGS (USE WHEN ARREST IS EFFECTED),2355,N,MILWAUKEE AVE,1414,Y,,,,,,7,INCAPACITATING INJURY,2,0,2,0,0,5,0,1,7,11,41.924113444,-87.699090501,POINT (-87.699090500846 41.9241134438)
JB510489,,11/10/2018 01:45:00 AM,30,TRAFFIC SIGNAL,FUNCTIONING PROPERLY,CLEAR,"DARKNESS, LIGHTED ROAD",TURNING,NOT DIVIDED,2,STRAIGHT AND LEVEL,DRY,UNKNOWN,NOT ON SCENE (DESK REPORT),NO INJURY / DRIVE AWAY,Y,,,$500 OR LESS,11/10/2018 02:15:00 AM,EQUIPMENT - VEHICLE CONDITION,NOT APPLICABLE,1649,W,ARMITAGE AVE,1433,,,,,,,2,NO INDICATION OF INJURY,0,0,0,0,0,4,0,1,7,11,41.917804488,-87.669297529,POINT (-87.669297528921 41.917804488206)
JB510476,,11/10/2018 01:25:00 AM,30,NO CONTROLS,NO CONTROLS,CLEAR,"DARKNESS, LIGHTED ROAD",REAR END,PARKING LOT,0,STRAIGHT AND LEVEL,DRY,NO DEFECTS,ON SCENE,NO INJURY / DRIVE AWAY,,,,"OVER $1,500",11/10/2018 01:27:00 AM,UNDER THE INFLUENCE OF ALCOHOL/DRUGS (USE WHEN ARREST IS EFFECTED),FAILING TO REDUCE SPEED TO AVOID CRASH,4412,N,PULASKI RD,1722,,,,,,,2,NO INDICATION OF INJURY,0,0,0,0,0,2,0,1,7,11,41.961366489,-87.727986678,POINT (-87.727986678074 41.961366489024)
JB510986,,11/10/2018 01:15:00 AM,30,NO CONTROLS,NO CONTROLS,CLEAR,"DARKNESS, LIGHTED ROAD",PARKED MOTOR VEHICLE,NOT DIVIDED,2,STRAIGHT AND LEVEL,DRY,NO DEFECTS,ON SCENE,NO INJURY / DRIVE AWAY,,,Y,"OVER $1,500",11/10/2018 01:57:00 PM,UNABLE TO DETERMINE,UNABLE TO DETERMINE,1616,W,CHASE AVE,2423,,,,,,,3,NO INDICATION OF INJURY,0,0,0,0,0,1,0,1,7,11,42.013937364,-87.670950385,POINT (-87.670950384947 42.013937363684)
JB510463,,11/10/2018 01:10:00 AM,30,TRAFFIC SIGNAL,FUNCTIONING PROPERLY,CLEAR,"DARKNESS, LIGHTED ROAD",SIDESWIPE SAME DIRECTION,NOT DIVIDED,4,STRAIGHT AND LEVEL,DRY,NO DEFECTS,ON SCENE,NO INJURY / DRIVE AWAY,,,,"OVER $1,500",11/10/2018 01:11:00 AM,FAILING TO YIELD RIGHT-OF-WAY,UNABLE TO DETERMINE,625,N,DEARBORN ST,1832,,Y,,,,,2,NO INDICATION OF INJURY,0,0,0,0,0,5,0,1,7,11,41.893210594,-87.629548419,POINT (-87.629548419114 41.893210594384)
JB510455,,11/10/2018 12:54:00 AM,30,STOP SIGN/FLASHER,FUNCTIONING PROPERLY,CLEAR,"DARKNESS, LIGHTED ROAD",ANGLE,NOT DIVIDED,2,STRAIGHT AND LEVEL,DRY,NO DEFECTS,ON SCENE,INJURY AND / OR TOW DUE TO CRASH,Y,,,"$501 - $1,500",11/10/2018 12:54:00 AM,FAILING TO REDUCE SPEED TO AVOID CRASH,DRIVING SKILLS/KNOWLEDGE/EXPERIENCE,5633,W,AUGUSTA BLVD,1511,,Y,,N,,,2,NONINCAPACITATING INJURY,1,0,0,1,0,3,0,0,7,11,41.898369324,-87.766793892,POINT (-87.766793891943 41.898369323686)
JB510883,,11/10/2018 12:45:00 AM,5,NO CONTROLS,NO CONTROLS,CLEAR,"DARKNESS, LIGHTED ROAD",FIXED OBJECT,DRIVEWAY,,STRAIGHT AND LEVEL,DRY,NO DEFECTS,NOT ON SCENE (DESK REPORT),NO INJURY / DRIVE AWAY,,Y,Y,"OVER $1,500",11/10/2018 12:45:00 PM,UNABLE TO DETERMINE,NOT APPLICABLE,10901,S,LONGWOOD DR,2212,,,,,,,1,NO INDICATION OF INJURY,0,0,0,0,0,1,0,0,7,11,41.695432458,-87.671460211,POINT (-87.671460211135 41.695432458203)
JB510480,,11/10/2018 12:45:00 AM,30,TRAFFIC SIGNAL,FUNCTIONING PROPERLY,CLEAR,"DARKNESS, LIGHTED ROAD",ANGLE,NOT DIVIDED,,STRAIGHT AND LEVEL,DRY,NO DEFECTS,NOT ON SCENE (DESK REPORT),INJURY AND / OR TOW DUE TO CRASH,,,Y,"OVER $1,500",11/10/2018 02:00:00 AM,UNABLE TO DETERMINE,UNABLE TO DETERMINE,3000,W,WARREN BLVD,1222,,,,,,,2,NO INDICATION OF INJURY,0,0,0,0,0,2,0,0,7,11,41.882049291,-87.701356421,POINT (-87.701356421227 41.882049290742)
JB510937,,11/10/2018 12:30:00 AM,25,NO CONTROLS,NO CONTROLS,UNKNOWN,"DARKNESS, LIGHTED ROAD",PARKED MOTOR VEHICLE,NOT DIVIDED,,STRAIGHT AND LEVEL,UNKNOWN,NO DEFECTS,ON SCENE,INJURY AND / OR TOW DUE TO CRASH,,,Y,"OVER $1,500",11/10/2018 01:17:00 PM,UNABLE TO DETERMINE,UNABLE TO DETERMINE,10310,S,CHARLES ST,2212,,,,,,,2,NO INDICATION OF INJURY,0,0,0,0,0,1,0,0,7,11,41.706406979,-87.65865194,POINT (-87.658651940259 41.706406978743)
JB510766,,11/10/2018 12:30:00 AM,25,NO CONTROLS,NO CONTROLS,CLEAR,"DARKNESS, LIGHTED ROAD",PARKED MOTOR VEHICLE,ONE-WAY,,STRAIGHT AND LEVEL,WET,NO DEFECTS,NOT ON SCENE (DESK REPORT),NO INJURY / DRIVE AWAY,,,Y,"OVER $1,500",11/10/2018 11:00:00 AM,UNABLE TO DETERMINE,NOT APPLICABLE,5223,W,OHIO ST,1523,,,,,,,3,NO INDICATION OF INJURY,0,0,0,0,0,1,0,0,7,11,41.891078928,-87.756387202,POINT (-87.756387201758 41.891078927608)
JB510452,,11/10/2018 12:30:00 AM,30,STOP SIGN/FLASHER,UNKNOWN,CLEAR,"DARKNESS, LIGHTED ROAD",ANGLE,DIVIDED - W/MEDIAN (NOT RAISED),,STRAIGHT AND LEVEL,DRY,NO DEFECTS,NOT ON SCENE (DESK REPORT),NO INJURY / DRIVE AWAY,,,,"OVER $1,500",11/10/2018 12:55:00 AM,DISREGARDING STOP SIGN,NOT APPLICABLE,1700,N,KILDARE AVE,2534,,,,,,,2,NO INDICATION OF INJURY,0,0,0,0,0,2,0,0,7,11,41.911701946,-87.733861275,POINT (-87.733861274568 41.91170194623)
JB510488,,11/10/2018 12:01:00 AM,15,NO CONTROLS,NO CONTROLS,CLEAR,DARKNESS,PARKED MOTOR VEHICLE,PARKING LOT,,STRAIGHT AND LEVEL,DRY,OTHER,NOT ON SCENE (DESK REPORT),NO INJURY / DRIVE AWAY,,,,"OVER $1,500",11/10/2018 01:55:00 AM,IMPROPER BACKING,UNABLE TO DETERMINE,1251,E,87TH ST,412,,,,,,,2,NO INDICATION OF INJURY,0,0,0,0,0,5,0,0,7,11,41.736705257,-87.5930218,POINT (-87.593021800194 41.736705257054)
JB510454,,11/10/2018 12:01:00 AM,30,UNKNOWN,UNKNOWN,UNKNOWN,"DARKNESS, LIGHTED ROAD",REAR END,DIVIDED - W/MEDIAN (NOT RAISED),,STRAIGHT AND LEVEL,UNKNOWN,UNKNOWN,NOT ON SCENE (DESK REPORT),NO INJURY / DRIVE AWAY,,,,"$501 - $1,500",11/10/2018 01:10:00 AM,IMPROPER TURNING/NO SIGNAL,IMPROPER OVERTAKING/PASSING,415,W,BELMONT AVE,1934,,,,,,,2,NO INDICATION OF INJURY,0,0,0,0,0,2,0,0,7,11,41.939996992,-87.640236625,POINT (-87.640236625095 41.93999699191)
JB510889,,11/10/2018 12:00:00 AM,30,NO CONTROLS,NO CONTROLS,CLEAR,"DARKNESS, LIGHTED ROAD",SIDESWIPE SAME DIRECTION,NOT DIVIDED,2,STRAIGHT AND LEVEL,DRY,NO DEFECTS,NOT ON SCENE (DESK REPORT),NO INJURY / DRIVE AWAY,,,,"OVER $1,500",11/10/2018 12:43:00 PM,IMPROPER OVERTAKING/PASSING,FAILING TO YIELD RIGHT-OF-WAY,774,N,DAMEN AVE,1221,,,,,,,2,NO INDICATION OF INJURY,0,0,0,0,0,2,0,0,7,11,41.895874041,-87.677198255,POINT (-87.677198255235 41.895874041067)
JB510606,,11/10/2018 12:00:00 AM,30,NO CONTROLS,NO CONTROLS,CLEAR,DARKNESS,PARKED MOTOR VEHICLE,ONE-WAY,3,STRAIGHT AND LEVEL,DRY,NO DEFECTS,ON SCENE,INJURY AND / OR TOW DUE TO CRASH,,,Y,"OVER $1,500",11/10/2018 07:15:00 AM,UNABLE TO DETERMINE,UNABLE TO DETERMINE,5218,W,OHIO ST,1524,,,,,,,3,NO INDICATION OF INJURY,0,0,0,0,0,1,0,0,7,11,41.891299529,-87.75623296,POINT (-87.756232959511 41.891299529156)
JB510425,,11/09/2018 11:57:00 PM,30,NO CONTROLS,UNKNOWN,CLEAR,"DARKNESS, LIGHTED ROAD",REAR END,ONE-WAY,,STRAIGHT AND LEVEL,DRY,NO DEFECTS,ON SCENE,NO INJURY / DRIVE AWAY,,,Y,"$501 - $1,500",11/10/2018 12:01:00 AM,UNABLE TO DETERMINE,UNABLE TO DETERMINE,3132,W,21ST ST,1022,,,,,,,2,NO INDICATION OF INJURY,0,0,0,0,0,2,0,23,6,11,41.85372431,-87.704041612,POINT (-87.704041611793 41.853724310365)
JB510414,,11/09/2018 11:55:00 PM,30,NO CONTROLS,NO CONTROLS,CLEAR,"DARKNESS, LIGHTED ROAD",PARKED MOTOR VEHICLE,DIVIDED - W/MEDIAN (NOT RAISED),1,STRAIGHT AND LEVEL,DRY,NO DEFECTS,ON SCENE,NO INJURY / DRIVE AWAY,,,Y,"OVER $1,500",11/09/2018 11:58:00 PM,UNABLE TO DETERMINE,"OPERATING VEHICLE IN ERRATIC, RECKLESS, CARELESS, NEGLIGENT OR AGGRESSIVE MANNER",2104,S,KILDARE AVE,1012,,,,,,,3,NO INDICATION OF INJURY,0,0,0,0,0,1,0,23,6,11,41.853212213,-87.732264714,POINT (-87.732264714209 41.853212212598)
JB510420,,11/09/2018 11:52:00 PM,30,NO CONTROLS,NO CONTROLS,CLEAR,"DARKNESS, LIGHTED ROAD",PARKED MOTOR VEHICLE,DIVIDED - W/MEDIAN (NOT RAISED),,STRAIGHT AND LEVEL,DRY,NO DEFECTS,NOT ON SCENE (DESK REPORT),NO INJURY / DRIVE AWAY,,,,"OVER $1,500",11/09/2018 11:52:00 PM,UNABLE TO DETERMINE,NOT APPLICABLE,6600,N,WESTERN AVE,2412,,,,,,,5,NO INDICATION OF INJURY,0,0,0,0,0,2,0,23,6,11,42.001456972,-87.690126179,POINT (-87.690126179374 42.001456972462)
JB510436,Y,11/09/2018 11:45:00 PM,30,NO CONTROLS,NO CONTROLS,CLEAR,"DARKNESS, LIGHTED ROAD",PARKED MOTOR VEHICLE,ONE-WAY,1,STRAIGHT AND LEVEL,DRY,NO DEFECTS,ON SCENE,NO INJURY / DRIVE AWAY,,,Y,"OVER $1,500",11/10/2018 12:25:00 AM,UNABLE TO DETERMINE,NOT APPLICABLE,5203,W,OHIO ST,1523,,,,,,,2,NO INDICATION OF INJURY,0,0,0,0,0,1,0,23,6,11,41.891085459,-87.755602181,POINT (-87.755602180961 41.891085458828)
JB510418,,11/09/2018 11:45:00 PM,30,NO CONTROLS,OTHER,CLEAR,"DARKNESS, LIGHTED ROAD",SIDESWIPE SAME DIRECTION,RAMP,,STRAIGHT ON HILLCREST,DRY,UNKNOWN,ON SCENE,INJURY AND / OR TOW DUE TO CRASH,,,Y,"OVER $1,500",11/10/2018 12:12:00 AM,IMPROPER OVERTAKING/PASSING,"OPERATING VEHICLE IN ERRATIC, RECKLESS, CARELESS, NEGLIGENT OR AGGRESSIVE MANNER",330,E,WACKER DR,114,,,,,,,2,NO INDICATION OF INJURY,0,0,0,0,0,4,0,23,6,11,41.887938649,-87.61925312,POINT (-87.61925311993 41.887938649346)
JB510415,,11/09/2018 11:45:00 PM,30,TRAFFIC SIGNAL,FUNCTIONING PROPERLY,CLEAR,"DARKNESS, LIGHTED ROAD",REAR END,DIVIDED - W/MEDIAN (NOT RAISED),,STRAIGHT AND LEVEL,DRY,NO DEFECTS,NOT ON SCENE (DESK REPORT),NO INJURY / DRIVE AWAY,,,,"OVER $1,500",11/10/2018 12:05:00 AM,"VISION OBSCURED (SIGNS, TREE LIMBS, BUILDINGS, ETC.)","VISION OBSCURED (SIGNS, TREE LIMBS, BUILDINGS, ETC.)",3004,N,MILWAUKEE AVE,2523,,,,,,,2,NO INDICATION OF INJURY,0,0,0,0,0,5,0,23,6,11,41.935751365,-87.718594629,POINT (-87.718594628758 41.935751365388)
JB510421,,11/09/2018 11:40:00 PM,35,TRAFFIC SIGNAL,FUNCTIONING PROPERLY,SNOW,DARKNESS,ANGLE,NOT DIVIDED,2,STRAIGHT AND LEVEL,WET,NO DEFECTS,ON SCENE,NO INJURY / DRIVE AWAY,Y,,,"$501 - $1,500",11/09/2018 11:50:00 PM,FAILING TO YIELD RIGHT-OF-WAY,NOT APPLICABLE,4700,S,LAKE PARK AVE,222,,,,,,,2,NO INDICATION OF INJURY,0,0,0,0,0,2,0,23,6,11,41.809534781,-87.592450223,POINT (-87.592450223394 41.809534780826)
JB510405,,11/09/2018 11:30:00 PM,10,NO CONTROLS,NO CONTROLS,CLEAR,"DARKNESS, LIGHTED ROAD",PARKED MOTOR VEHICLE,PARKING LOT,,STRAIGHT AND LEVEL,DRY,NO DEFECTS,ON SCENE,NO INJURY / DRIVE AWAY,N,Y,Y,"$501 - $1,500",11/09/2018 11:33:00 PM,UNABLE TO DETERMINE,PHYSICAL CONDITION OF DRIVER,4000,S,PULASKI RD,815,,,,,,,2,NO INDICATION OF INJURY,0,0,0,0,0,2,0,23,6,11,41.819052466,-87.724112702,POINT (-87.7241127025 41.819052466282)
JB510382,,11/09/2018 11:22:00 PM,25,STOP SIGN/FLASHER,FUNCTIONING PROPERLY,CLEAR,"DARKNESS, LIGHTED ROAD",REAR END,NOT DIVIDED,2,STRAIGHT AND LEVEL,UNKNOWN,NO DEFECTS,ON SCENE,NO INJURY / DRIVE AWAY,,,,"OVER $1,500",11/09/2018 11:25:00 PM,FOLLOWING TOO CLOSELY,FOLLOWING TOO CLOSELY,200,S,PULASKI RD,1115,,,,,,,2,NO INDICATION OF INJURY,0,0,0,0,0,2,0,23,6,11,41.877932737,-87.725724064,POINT (-87.725724063844 41.877932737326)
JB510411,,11/09/2018 11:20:00 PM,35,TRAFFIC SIGNAL,FUNCTIONING PROPERLY,CLEAR,"DARKNESS, LIGHTED ROAD",TURNING,NOT DIVIDED,6,STRAIGHT AND LEVEL,DRY,NO DEFECTS,NOT ON SCENE (DESK REPORT),NO INJURY / DRIVE AWAY,Y,,,"$501 - $1,500",11/09/2018 11:50:00 PM,IMPROPER LANE USAGE,UNABLE TO DETERMINE,5500,S,CICERO AVE,813,,,,,,,2,NO INDICATION OF INJURY,0,0,0,0,0,3,0,23,6,11,41.792910883,-87.742077343,POINT (-87.742077342959 41.792910883497)
JB510398,,11/09/2018 11:10:00 PM,30,TRAFFIC SIGNAL,FUNCTIONING PROPERLY,CLEAR,"DARKNESS, LIGHTED ROAD",TURNING,NOT DIVIDED,,STRAIGHT AND LEVEL,WET,NO DEFECTS,NOT ON SCENE (DESK REPORT),NO INJURY / DRIVE AWAY,,,Y,"$501 - $1,500",11/09/2018 11:28:00 PM,IMPROPER TURNING/NO SIGNAL,NOT APPLICABLE,2000,N,HALSTED ST,1812,,,,,,,2,NO INDICATION OF INJURY,0,0,0,0,0,2,0,23,6,11,41.918266954,-87.648659603,POINT (-87.648659602931 41.918266954406)
JB510408,,11/09/2018 11:05:00 PM,30,TRAFFIC SIGNAL,FUNCTIONING PROPERLY,CLEAR,"DARKNESS, LIGHTED ROAD",TURNING,NOT DIVIDED,,STRAIGHT AND LEVEL,DRY,NO DEFECTS,NOT ON SCENE (DESK REPORT),NO INJURY / DRIVE AWAY,,,,$500 OR LESS,11/09/2018 11:35:00 PM,FOLLOWING TOO CLOSELY,IMPROPER LANE USAGE,2402,N,WESTERN AVE,1431,,,,,,,2,NO INDICATION OF INJURY,0,0,0,0,0,4,0,23,6,11,41.925004867,-87.687792803,POINT (-87.687792803237 41.925004867257)
JB512829,Y,11/09/2018 11:00:00 PM,30,NO CONTROLS,NO CONTROLS,CLEAR,"DARKNESS, LIGHTED ROAD",REAR END,NOT DIVIDED,4,STRAIGHT AND LEVEL,DRY,NO DEFECTS,NOT ON SCENE (DESK REPORT),NO INJURY / DRIVE AWAY,N,,,"OVER $1,500",11/12/2018 09:50:00 AM,FOLLOWING TOO CLOSELY,UNABLE TO DETERMINE,3500,N,CLARK ST,1924,,,,,,,2,NO INDICATION OF INJURY,0,0,0,0,0,3,0,23,6,11,41.945592917,-87.655391476,POINT (-87.655391475929 41.945592917045)
JB510710,Y,11/09/2018 11:00:00 PM,0,NO CONTROLS,NO CONTROLS,UNKNOWN,DARKNESS,PARKED MOTOR VEHICLE,ONE-WAY,,STRAIGHT AND LEVEL,UNKNOWN,UNKNOWN,NOT ON SCENE (DESK REPORT),NO INJURY / DRIVE AWAY,,,Y,$500 OR LESS,11/10/2018 10:13:00 AM,UNABLE TO DETERMINE,UNABLE TO DETERMINE,1400,E,62ND ST,314,,,,,,,2,NO INDICATION OF INJURY,0,0,0,0,0,1,0,23,6,11,41.782497626,-87.591348889,POINT (-87.59134888915 41.782497625637)
JB510471,Y,11/09/2018 11:00:00 PM,20,NO CONTROLS,NO CONTROLS,UNKNOWN,UNKNOWN,ANGLE,UNKNOWN,,STRAIGHT AND LEVEL,UNKNOWN,UNKNOWN,ON SCENE,NO INJURY / DRIVE AWAY,,,Y,"$501 - $1,500",11/10/2018 01:23:00 AM,IMPROPER BACKING,UNABLE TO DETERMINE,9632,S,NORMAL AVE,2223,,,,,,,2,NO INDICATION OF INJURY,0,0,0,0,0,2,0,23,6,11,41.718724633,-87.636016242,POINT (-87.636016242105 41.718724632983)
JB510383,,11/09/2018 11:00:00 PM,35,TRAFFIC SIGNAL,FUNCTIONING PROPERLY,CLEAR,"DARKNESS, LIGHTED ROAD",SIDESWIPE SAME DIRECTION,DIVIDED - W/MEDIAN (NOT RAISED),2,STRAIGHT AND LEVEL,DRY,UNKNOWN,ON SCENE,INJURY AND / OR TOW DUE TO CRASH,,,,"OVER $1,500",11/09/2018 11:01:00 PM,IMPROPER OVERTAKING/PASSING,EXCEEDING AUTHORIZED SPEED LIMIT,410,W,JACKSON BLVD,121,,,,,,,2,NO INDICATION OF INJURY,0,0,0,0,0,2,0,23,6,11,41.87817183,-87.638273075,POINT (-87.638273075065 41.878171829827)
JB510387,,11/09/2018 10:50:00 PM,30,TRAFFIC SIGNAL,FUNCTIONING PROPERLY,CLEAR,"DARKNESS, LIGHTED ROAD",REAR END,DIVIDED - W/MEDIAN (NOT RAISED),4,STRAIGHT AND LEVEL,DRY,NO DEFECTS,ON SCENE,NO INJURY / DRIVE AWAY,Y,,,$500 OR LESS,11/09/2018 10:56:00 PM,FAILING TO YIELD RIGHT-OF-WAY,IMPROPER TURNING/NO SIGNAL,5601,W,IRVING PARK RD,1633,,,,,,,2,NO INDICATION OF INJURY,0,0,0,0,0,7,0,22,6,11,41.953073424,-87.767056415,POINT (-87.767056414731 41.953073424413)
JB510363,Y,11/09/2018 10:36:00 PM,30,NO CONTROLS,NO CONTROLS,CLEAR,"DARKNESS, LIGHTED ROAD",PARKED MOTOR VEHICLE,ONE-WAY,1,STRAIGHT AND LEVEL,DRY,NO DEFECTS,ON SCENE,INJURY AND / OR TOW DUE TO CRASH,,,Y,"OVER $1,500",11/09/2018 10:36:00 PM,EXCEEDING AUTHORIZED SPEED LIMIT,HAD BEEN DRINKING (USE WHEN ARREST IS NOT MADE),4906,W,RICE ST,1531,,,,,,,4,NO INDICATION OF INJURY,0,0,0,0,0,2,0,22,6,11,41.896039309,-87.748631522,POINT (-87.748631521846 41.896039309275)
JB510401,,11/09/2018 10:15:00 PM,30,NO CONTROLS,NO CONTROLS,CLEAR,"DARKNESS, LIGHTED ROAD",FIXED OBJECT,PARKING LOT,,STRAIGHT AND LEVEL,DRY,NO DEFECTS,ON SCENE,NO INJURY / DRIVE AWAY,,Y,,$500 OR LESS,11/09/2018 10:15:00 PM,UNABLE TO DETERMINE,UNABLE TO DETERMINE,6540,S,PULASKI RD,833,,,,,,,1,NO INDICATION OF INJURY,0,0,0,0,0,2,0,22,6,11,41.773765662,-87.722781154,POINT (-87.72278115402 41.773765661984)
JB510392,,11/09/2018 10:15:00 PM,30,NO CONTROLS,NO CONTROLS,CLEAR,DARKNESS,FIXED OBJECT,NOT DIVIDED,2,STRAIGHT AND LEVEL,DRY,UNKNOWN,ON SCENE,INJURY AND / OR TOW DUE TO CRASH,,,,"OVER $1,500",11/09/2018 10:21:00 PM,UNABLE TO DETERMINE,UNABLE TO DETERMINE,6501,S,MORGAN ST,723,,,,,,,1,NO INDICATION OF INJURY,0,0,0,0,0,1,0,22,6,11,41.775951757,-87.649399543,POINT (-87.649399543402 41.775951756777)
JB510356,,11/09/2018 10:13:00 PM,30,STOP SIGN/FLASHER,FUNCTIONING PROPERLY,CLEAR,"DARKNESS, LIGHTED ROAD",ANGLE,NOT DIVIDED,2,STRAIGHT AND LEVEL,DRY,NO DEFECTS,ON SCENE,INJURY AND / OR TOW DUE TO CRASH,Y,,,"OVER $1,500",11/09/2018 10:14:00 PM,UNDER THE INFLUENCE OF ALCOHOL/DRUGS (USE WHEN ARREST IS EFFECTED),FAILING TO REDUCE SPEED TO AVOID CRASH,1756,N,CENTRAL PARK AVE,2535,,,,,,,2,NONINCAPACITATING INJURY,2,0,0,1,1,3,0,22,6,11,41.91340643,-87.716798943,POINT (-87.716798942656 41.913406430165)
JB510360,,11/09/2018 10:12:00 PM,30,STOP SIGN/FLASHER,FUNCTIONING PROPERLY,SLEET/HAIL,"DARKNESS, LIGHTED ROAD",TURNING,DIVIDED - W/MEDIAN (NOT RAISED),,STRAIGHT AND LEVEL,ICE,NO DEFECTS,ON SCENE,INJURY AND / OR TOW DUE TO CRASH,Y,,Y,"OVER $1,500",11/09/2018 10:16:00 PM,DISREGARDING STOP SIGN,IMPROPER TURNING/NO SIGNAL,700,S,KEELER AVE,1132,,,,,,,2,NO INDICATION OF INJURY,0,0,0,0,0,4,0,22,6,11,41.87235439,-87.730427391,POINT (-87.730427391468 41.872354390408)
JB510403,,11/09/2018 10:10:00 PM,30,TRAFFIC SIGNAL,FUNCTIONING PROPERLY,CLEAR,"DARKNESS, LIGHTED ROAD",SIDESWIPE SAME DIRECTION,NOT DIVIDED,,STRAIGHT AND LEVEL,DRY,NO DEFECTS,NOT ON SCENE (DESK REPORT),NO INJURY / DRIVE AWAY,Y,,,"OVER $1,500",11/09/2018 11:30:00 PM,IMPROPER LANE USAGE,NOT APPLICABLE,150,W,CERMAK RD,914,,,,,,,2,NO INDICATION OF INJURY,0,0,0,0,0,2,0,22,6,11,41.852971384,-87.631396462,POINT (-87.63139646193 41.852971384276)