RD_NO,CRASH_DATE_EST_I,CRASH_DATE,POSTED_SPEED_LIMIT,TRAFFIC_CONTROL_DEVICE,DEVICE_CONDITION,WEATHER_CONDITION,LIGHTING_CONDITION,FIRST_CRASH_TYPE,TRAFFICWAY_TYPE,LANE_CNT,ALIGNMENT,ROADWAY_SURFACE_COND,ROAD_DEFECT,REPORT_TYPE,CRASH_TYPE,INTERSECTION_RELATED_I,NOT_RIGHT_OF_WAY_I,HIT_AND_RUN_I,DAMAGE,DATE_POLICE_NOTIFIED,PRIM_CONTRIBUTORY_CAUSE,SEC_CONTRIBUTORY_CAUSE,STREET_NO,STREET_DIRECTION,STREET_NAME,BEAT_OF_OCCURRENCE,PHOTOS_TAKEN_I,STATEMENTS_TAKEN_I,DOORING_I,WORK_ZONE_I,WORK_ZONE_TYPE,WORKERS_PRESENT_I,NUM_UNITS,MOST_SEVERE_INJURY,INJURIES_TOTAL,INJURIES_FATAL,INJURIES_INCAPACITATING,INJURIES_NON_INCAPACITATING,INJURIES_REPORTED_NOT_EVIDENT,INJURIES_NO_INDICATION,INJURIES_UNKNOWN,CRASH_HOUR,CRASH_DAY_OF_WEEK,CRASH_MONTH,LATITUDE,LONGITUDE,LOCATION
JB512326,,11/09/2018 10:00:00 PM,30,TRAFFIC SIGNAL,FUNCTIONING PROPERLY,CLEAR,"DARKNESS, LIGHTED ROAD",TURNING,DIVIDED - W/MEDIAN (NOT RAISED),2,STRAIGHT AND LEVEL,DRY,NO DEFECTS,NOT ON SCENE (DESK REPORT),NO INJURY / DRIVE AWAY,Y,,,"$501 - $1,500",11/11/2018 06:19:00 PM,TURNING RIGHT ON RED,DRIVING SKILLS/KNOWLEDGE/EXPERIENCE,6300,S,CICERO AVE,813,,,,,,,2,NO INDICATION OF INJURY,0,0,0,0,0,2,0,22,6,11,41.77833539,-87.742436494,POINT (-87.74243649416 41.778335390453)
JB510705,Y,11/09/2018 10:00:00 PM,25,NO CONTROLS,NO CONTROLS,CLEAR,"DARKNESS, LIGHTED ROAD",PARKED MOTOR VEHICLE,ONE-WAY,,STRAIGHT AND LEVEL,DRY,NO DEFECTS,ON SCENE,NO INJURY / DRIVE AWAY,,,Y,"OVER $1,500",11/10/2018 10:00:00 AM,UNABLE TO DETERMINE,NOT APPLICABLE,6610,N,CAMPBELL AVE,2412,,,,,,,4,NO INDICATION OF INJURY,0,0,0,0,0,1,0,22,6,11,42.00169628,-87.692573274,POINT (-87.692573273631 42.001696279741)
JB510665,Y,11/09/2018 10:00:00 PM,30,NO CONTROLS,NO CONTROLS,UNKNOWN,"DARKNESS, LIGHTED ROAD",PARKED MOTOR VEHICLE,ONE-WAY,1,STRAIGHT AND LEVEL,UNKNOWN,NO DEFECTS,ON SCENE,NO INJURY / DRIVE AWAY,,,Y,"OVER $1,500",11/10/2018 08:40:00 AM,NOT APPLICABLE,NOT APPLICABLE,5460,W,OHIO ST,1524,,,,,,,2,NO INDICATION OF INJURY,0,0,0,0,0,1,0,22,6,11,41.891225224,-87.762917088,POINT (-87.762917088197 41.891225223837)
JB510400,Y,11/09/2018 10:00:00 PM,30,NO CONTROLS,NO CONTROLS,CLEAR,"DARKNESS, LIGHTED ROAD",PARKED MOTOR VEHICLE,NOT DIVIDED,,STRAIGHT AND LEVEL,WET,NO DEFECTS,ON SCENE,INJURY AND / OR TOW DUE TO CRASH,,,Y,"OVER $1,500",11/09/2018 11:15:00 PM,UNABLE TO DETERMINE,UNABLE TO DETERMINE,3012,S,ARCHER AVE,913,,,,,,,2,NO INDICATION OF INJURY,0,0,0,0,0,1,0,22,6,11,41.839923517,-87.661798532,POINT (-87.66179853244 41.839923516791)
JB510342,Y,11/09/2018 10:00:00 PM,15,NO CONTROLS,NO CONTROLS,CLEAR,"DARKNESS, LIGHTED ROAD",PARKED MOTOR VEHICLE,ONE-WAY,1,STRAIGHT AND LEVEL,DRY,NO DEFECTS,ON SCENE,NO INJURY / DRIVE AWAY,,,,"$501 - $1,500",11/09/2018 10:00:00 PM,DRIVING ON WRONG SIDE/WRONG WAY,FAILING TO REDUCE SPEED TO AVOID CRASH,3021,W,LEXINGTON ST,1134,Y,,,,,,2,NO INDICATION OF INJURY,0,0,0,0,0,1,0,22,6,11,41.871798534,-87.701835631,POINT (-87.701835630941 41.871798534241)
JB510372,,11/09/2018 09:49:00 PM,30,NO CONTROLS,NO CONTROLS,CLEAR,"DARKNESS, LIGHTED ROAD",REAR END,NOT DIVIDED,4,STRAIGHT AND LEVEL,DRY,UNKNOWN,ON SCENE,INJURY AND / OR TOW DUE TO CRASH,,,Y,"OVER $1,500",11/09/2018 09:50:00 PM,FOLLOWING TOO CLOSELY,NOT APPLICABLE,6400,S,PULASKI RD,813,,,,,,,2,NONINCAPACITATING INJURY,2,0,0,2,0,3,0,21,6,11,41.776778179,-87.722858718,POINT (-87.722858718441 41.77677817895)
JB510333,,11/09/2018 09:47:00 PM,10,NO CONTROLS,NO CONTROLS,CLEAR,"DARKNESS, LIGHTED ROAD",SIDESWIPE SAME DIRECTION,PARKING LOT,1,STRAIGHT AND LEVEL,DRY,NO DEFECTS,ON SCENE,NO INJURY / DRIVE AWAY,,,Y,$500 OR LESS,11/09/2018 09:48:00 PM,IMPROPER LANE USAGE,UNABLE TO DETERMINE,10007,W,BRYN MAWR AVE,1654,,,,,,,2,NO INDICATION OF INJURY,0,0,0,0,0,2,0,21,6,11,41.974847772,-87.87615604,POINT (-87.876156040248 41.974847771724)
JB510359,,11/09/2018 09:45:00 PM,30,TRAFFIC SIGNAL,FUNCTIONING PROPERLY,CLEAR,"DARKNESS, LIGHTED ROAD",SIDESWIPE SAME DIRECTION,ONE-WAY,3,STRAIGHT AND LEVEL,DRY,NO DEFECTS,NOT ON SCENE (DESK REPORT),NO INJURY / DRIVE AWAY,Y,,,"OVER $1,500",11/09/2018 10:10:00 PM,IMPROPER LANE USAGE,NOT APPLICABLE,100,E,CONGRESS DR,114,,,,,,,2,NO INDICATION OF INJURY,0,0,0,0,0,3,0,21,6,11,41.875835082,-87.624212886,POINT (-87.624212886292 41.875835081627)
JB510337,,11/09/2018 09:45:00 PM,30,TRAFFIC SIGNAL,UNKNOWN,CLEAR,"DARKNESS, LIGHTED ROAD",REAR END,NOT DIVIDED,2,STRAIGHT AND LEVEL,DRY,NO DEFECTS,NOT ON SCENE (DESK REPORT),NO INJURY / DRIVE AWAY,Y,,,$500 OR LESS,11/09/2018 10:15:00 PM,FOLLOWING TOO CLOSELY,NOT APPLICABLE,600,N,KINGSBURY ST,1831,,,,,,,2,NO INDICATION OF INJURY,0,0,0,0,0,3,0,21,6,11,41.892233722,-87.640615745,POINT (-87.640615744763 41.892233722224)
JB510327,,11/09/2018 09:30:00 PM,30,NO CONTROLS,NO CONTROLS,CLEAR,"DARKNESS, LIGHTED ROAD",TURNING,NOT DIVIDED,2,STRAIGHT AND LEVEL,DRY,NO DEFECTS,NOT ON SCENE (DESK REPORT),NO INJURY / DRIVE AWAY,,,,"$501 - $1,500",11/09/2018 09:50:00 PM,IMPROPER TURNING/NO SIGNAL,IMPROPER LANE USAGE,2624,W,AUGUSTA BLVD,1211,,,,,,,2,NO INDICATION OF INJURY,0,0,0,0,0,2,0,21,6,11,41.899431571,-87.69290582,POINT (-87.692905819738 41.899431571071)
JB510321,,11/09/2018 09:20:00 PM,30,NO CONTROLS,NO CONTROLS,CLEAR,"DARKNESS, LIGHTED ROAD",SIDESWIPE SAME DIRECTION,ONE-WAY,,STRAIGHT AND LEVEL,UNKNOWN,UNKNOWN,NOT ON SCENE (DESK REPORT),NO INJURY / DRIVE AWAY,,,,"$501 - $1,500",11/09/2018 09:40:00 PM,IMPROPER OVERTAKING/PASSING,IMPROPER BACKING,6313,N,WINTHROP AVE,2433,,,,,,,2,NO INDICATION OF INJURY,0,0,0,0,0,2,0,21,6,11,41.996830683,-87.658274714,POINT (-87.658274714476 41.996830682587)
JB510320,,11/09/2018 09:15:00 PM,30,NO CONTROLS,NO CONTROLS,CLEAR,"DARKNESS, LIGHTED ROAD",FIXED OBJECT,DIVIDED - W/MEDIAN (NOT RAISED),2,STRAIGHT AND LEVEL,DRY,NO DEFECTS,ON SCENE,INJURY AND / OR TOW DUE TO CRASH,,Y,,"OVER $1,500",11/09/2018 09:49:00 PM,UNABLE TO DETERMINE,UNABLE TO DETERMINE,3520,W,55TH ST,822,,,,,,,1,NO INDICATION OF INJURY,0,0,0,0,0,1,0,21,6,11,41.793498848,-87.711780921,POINT (-87.711780920547 41.793498847702)
JB510325,,11/09/2018 09:07:00 PM,30,TRAFFIC SIGNAL,FUNCTIONING PROPERLY,CLEAR,"DARKNESS, LIGHTED ROAD",TURNING,NOT DIVIDED,2,STRAIGHT AND LEVEL,DRY,NO DEFECTS,ON SCENE,INJURY AND / OR TOW DUE TO CRASH,Y,,,"OVER $1,500",11/09/2018 09:39:00 PM,DISREGARDING TRAFFIC SIGNALS,FAILING TO REDUCE SPEED TO AVOID CRASH,300,S,JEFFERSON ST,121,,,,,,,2,"REPORTED, NOT EVIDENT",1,0,0,0,1,5,0,21,6,11,41.877935101,-87.642680587,POINT (-87.64268058698 41.877935101096)
JB510331,Y,11/09/2018 09:05:00 PM,35,TRAFFIC SIGNAL,FUNCTIONING PROPERLY,CLEAR,"DARKNESS, LIGHTED ROAD",REAR END,NOT DIVIDED,,STRAIGHT AND LEVEL,DRY,NO DEFECTS,ON SCENE,INJURY AND / OR TOW DUE TO CRASH,Y,,,"OVER $1,500",11/09/2018 09:32:00 PM,EQUIPMENT - VEHICLE CONDITION,NOT APPLICABLE,6363,N,MILWAUKEE AVE,1611,,,,,,,2,NONINCAPACITATING INJURY,1,0,0,1,0,1,0,21,6,11,41.99660886,-87.786999449,POINT (-87.786999448812 41.996608859821)
JB510289,,11/09/2018 09:03:00 PM,30,NO CONTROLS,NO CONTROLS,CLEAR,DAYLIGHT,SIDESWIPE SAME DIRECTION,DIVIDED - W/MEDIAN (NOT RAISED),,STRAIGHT AND LEVEL,DRY,NO DEFECTS,ON SCENE,NO INJURY / DRIVE AWAY,,,,"OVER $1,500",11/09/2018 09:05:00 PM,IMPROPER LANE USAGE,NOT APPLICABLE,5649,S,HARLEM AVE,811,,,,,,,2,NO INDICATION OF INJURY,0,0,0,0,0,5,0,21,6,11,41.788683604,-87.801242336,POINT (-87.801242335997 41.788683603921)
JB510280,,11/09/2018 08:51:00 PM,30,NO CONTROLS,NO CONTROLS,CLEAR,"DARKNESS, LIGHTED ROAD",SIDESWIPE SAME DIRECTION,NOT DIVIDED,,STRAIGHT AND LEVEL,DRY,NO DEFECTS,ON SCENE,NO INJURY / DRIVE AWAY,,,Y,"OVER $1,500",11/09/2018 09:09:00 PM,"OPERATING VEHICLE IN ERRATIC, RECKLESS, CARELESS, NEGLIGENT OR AGGRESSIVE MANNER",UNABLE TO DETERMINE,5838,S,ARCHER AVE,814,,,,,,,3,NO INDICATION OF INJURY,0,0,0,0,0,4,0,20,6,11,41.796160127,-87.760216731,POINT (-87.760216731358 41.796160126706)
JB510287,,11/09/2018 08:39:00 PM,30,TRAFFIC SIGNAL,FUNCTIONING PROPERLY,SNOW,DARKNESS,REAR END,NOT DIVIDED,,STRAIGHT AND LEVEL,WET,NO DEFECTS,ON SCENE,INJURY AND / OR TOW DUE TO CRASH,Y,,,"OVER $1,500",11/09/2018 08:56:00 PM,FOLLOWING TOO CLOSELY,WEATHER,6801,W,GRAND AVE,2512,,,,,,,2,"REPORTED, NOT EVIDENT",1,0,0,0,1,2,0,20,6,11,41.923488674,-87.795297322,POINT (-87.795297322185 41.92348867384)
JB510274,,11/09/2018 08:38:00 PM,30,NO CONTROLS,NO CONTROLS,CLEAR,"DARKNESS, LIGHTED ROAD",ANGLE,ONE-WAY,,STRAIGHT AND LEVEL,DRY,NO DEFECTS,ON SCENE,NO INJURY / DRIVE AWAY,,,N,"$501 - $1,500",11/09/2018 08:38:00 PM,"OPERATING VEHICLE IN ERRATIC, RECKLESS, CARELESS, NEGLIGENT OR AGGRESSIVE MANNER",IMPROPER BACKING,8810,S,JUSTINE ST,2221,,,,,,,2,NO INDICATION OF INJURY,0,0,0,0,0,3,0,20,6,11,41.733620683,-87.661933066,POINT (-87.661933066315 41.733620683321)
JB510311,,11/09/2018 08:18:00 PM,30,NO CONTROLS,NO CONTROLS,CLEAR,UNKNOWN,SIDESWIPE SAME DIRECTION,DIVIDED - W/MEDIAN BARRIER,3,STRAIGHT AND LEVEL,DRY,NO DEFECTS,NOT ON SCENE (DESK REPORT),NO INJURY / DRIVE AWAY,,,,"OVER $1,500",11/09/2018 09:28:00 PM,IMPROPER OVERTAKING/PASSING,IMPROPER OVERTAKING/PASSING,7558,S,STONY ISLAND AVE,411,,,,,,,2,NO INDICATION OF INJURY,0,0,0,0,0,2,0,20,6,11,41.75698776,-87.586236471,POINT (-87.586236471042 41.756987759581)
JB510870,,11/09/2018 08:15:00 PM,30,UNKNOWN,UNKNOWN,UNKNOWN,"DARKNESS, LIGHTED ROAD",SIDESWIPE SAME DIRECTION,NOT DIVIDED,2,STRAIGHT AND LEVEL,UNKNOWN,UNKNOWN,NOT ON SCENE (DESK REPORT),NO INJURY / DRIVE AWAY,Y,,,$500 OR LESS,11/09/2018 08:30:00 PM,IMPROPER TURNING/NO SIGNAL,UNABLE TO DETERMINE,98,E,CHICAGO AVE,1833,,,,,,,2,NO INDICATION OF INJURY,0,0,0,0,0,2,0,20,6,11,41.89682132,-87.625677074,POINT (-87.625677074001 41.896821320393)
JB510261,,11/09/2018 08:15:00 PM,30,NO CONTROLS,NO CONTROLS,CLEAR,DARKNESS,SIDESWIPE SAME DIRECTION,NOT DIVIDED,2,STRAIGHT AND LEVEL,DRY,NO DEFECTS,NOT ON SCENE (DESK REPORT),NO INJURY / DRIVE AWAY,,,,"OVER $1,500",11/09/2018 08:45:00 PM,FAILING TO YIELD RIGHT-OF-WAY,NOT APPLICABLE,7200,W,HIGGINS AVE,1613,,,,,,,2,NO INDICATION OF INJURY,0,0,0,0,0,2,0,20,6,11,41.981238161,-87.806997368,POINT (-87.806997368434 41.981238161467)
JB510328,,11/09/2018 08:00:00 PM,30,UNKNOWN,UNKNOWN,UNKNOWN,UNKNOWN,REAR END,DIVIDED - W/MEDIAN (NOT RAISED),,STRAIGHT AND LEVEL,UNKNOWN,UNKNOWN,NOT ON SCENE (DESK REPORT),NO INJURY / DRIVE AWAY,,,,"$501 - $1,500",11/09/2018 09:30:00 PM,FAILING TO REDUCE SPEED TO AVOID CRASH,FAILING TO REDUCE SPEED TO AVOID CRASH,3120,W,BELMONT AVE,1733,,,,,,,2,NO INDICATION OF INJURY,0,0,0,0,0,2,0,20,6,11,41.939455869,-87.705764733,POINT (-87.705764732633 41.939455869016)
JB510304,,11/09/2018 07:45:00 PM,35,OTHER REG. SIGN,FUNCTIONING PROPERLY,CLEAR,DARKNESS,FIXED OBJECT,ONE-WAY,1,STRAIGHT AND LEVEL,DRY,NO DEFECTS,NOT ON SCENE (DESK REPORT),INJURY AND / OR TOW DUE TO CRASH,,,,$500 OR LESS,11/09/2018 07:46:00 PM,EXCEEDING AUTHORIZED SPEED LIMIT,DISREGARDING TRAFFIC SIGNALS,859,N,AVERS AVE,1112,,,,,,,1,NO INDICATION OF INJURY,0,0,0,0,0,1,0,19,6,11,41.897138214,-87.722321651,POINT (-87.722321650674 41.89713821434)
JB510669,Y,11/09/2018 07:40:00 PM,30,STOP SIGN/FLASHER,FUNCTIONING PROPERLY,UNKNOWN,UNKNOWN,ANGLE,NOT DIVIDED,2,STRAIGHT AND LEVEL,UNKNOWN,UNKNOWN,NOT ON SCENE (DESK REPORT),NO INJURY / DRIVE AWAY,,,,"$501 - $1,500",11/10/2018 09:25:00 AM,FAILING TO YIELD RIGHT-OF-WAY,NOT APPLICABLE,1127,W,LAKE ST,1224,,Y,,,,,2,NO INDICATION OF INJURY,0,0,0,0,0,3,0,19,6,11,41.885415807,-87.655577533,POINT (-87.65557753334 41.885415807023)
JB510249,,11/09/2018 07:40:00 PM,40,TRAFFIC SIGNAL,FUNCTIONING PROPERLY,SNOW,"DARKNESS, LIGHTED ROAD",REAR END,DIVIDED - W/MEDIAN BARRIER,4,STRAIGHT AND LEVEL,WET,NO DEFECTS,ON SCENE,NO INJURY / DRIVE AWAY,,,,"OVER $1,500",11/09/2018 07:42:00 PM,UNABLE TO DETERMINE,FOLLOWING TOO CLOSELY,300,S,LAKE SHORE DR SB,114,,,,,,,2,NO INDICATION OF INJURY,0,0,0,0,0,3,0,19,6,11,41.878310135,-87.617575903,POINT (-87.617575903416 41.878310134581)
JB510241,,11/09/2018 07:40:00 PM,30,TRAFFIC SIGNAL,UNKNOWN,CLEAR,DARKNESS,REAR END,NOT DIVIDED,2,STRAIGHT AND LEVEL,DRY,UNKNOWN,NOT ON SCENE (DESK REPORT),NO INJURY / DRIVE AWAY,,,,"$501 - $1,500",11/09/2018 08:25:00 PM,UNABLE TO DETERMINE,UNABLE TO DETERMINE,10303,S,PULASKI RD,2211,,,,,,,2,NO INDICATION OF INJURY,0,0,0,0,0,2,0,19,6,11,41.705728712,-87.720764148,POINT (-87.720764147686 41.705728712398)
JB510966,Y,11/09/2018 07:30:00 PM,25,NO CONTROLS,NO CONTROLS,CLEAR,"DARKNESS, LIGHTED ROAD",PARKED MOTOR VEHICLE,ONE-WAY,,STRAIGHT AND LEVEL,DRY,NO DEFECTS,ON SCENE,NO INJURY / DRIVE AWAY,,,Y,"OVER $1,500",11/10/2018 01:31:00 PM,UNABLE TO DETERMINE,UNABLE TO DETERMINE,2442,W,NORTH SHORE AVE,2412,,,,,,,2,NO INDICATION OF INJURY,0,0,0,0,0,1,0,19,6,11,42.003269376,-87.691729774,POINT (-87.691729773865 42.003269376292)
JB510347,Y,11/09/2018 07:30:00 PM,30,TRAFFIC SIGNAL,FUNCTIONING PROPERLY,CLEAR,"DARKNESS, LIGHTED ROAD",PARKED MOTOR VEHICLE,NOT DIVIDED,,STRAIGHT AND LEVEL,DRY,UNKNOWN,NOT ON SCENE (DESK REPORT),NO INJURY / DRIVE AWAY,,,Y,"$501 - $1,500",11/09/2018 10:00:00 PM,UNABLE TO DETERMINE,NOT APPLICABLE,6003,W,DIVERSEY AVE,2512,,,,,,,3,NO INDICATION OF INJURY,0,0,0,0,0,1,0,19,6,11,41.931028342,-87.776102864,POINT (-87.776102863626 41.931028341768)
JB510794,,11/09/2018 07:15:00 PM,30,TRAFFIC SIGNAL,FUNCTIONING PROPERLY,CLEAR,"DARKNESS, LIGHTED ROAD",REAR END,NOT DIVIDED,4,STRAIGHT AND LEVEL,DRY,NO DEFECTS,NOT ON SCENE (DESK REPORT),NO INJURY / DRIVE AWAY,Y,,,"$501 - $1,500",11/10/2018 11:20:00 AM,FOLLOWING TOO CLOSELY,NOT APPLICABLE,2,W,WACKER DR,111,,,,,,,2,NO INDICATION OF INJURY,0,0,0,0,0,2,0,19,6,11,41.88704149,-87.62806208,POINT (-87.628062080102 41.887041490312)
JB510225,,11/09/2018 07:15:00 PM,30,TRAFFIC SIGNAL,FUNCTIONING PROPERLY,CLEAR,DAYLIGHT,SIDESWIPE SAME DIRECTION,NOT DIVIDED,,STRAIGHT AND LEVEL,DRY,NO DEFECTS,NOT ON SCENE (DESK REPORT),NO INJURY / DRIVE AWAY,,,,"$501 - $1,500",11/09/2018 07:59:00 PM,UNABLE TO DETERMINE,UNABLE TO DETERMINE,150,N,WACKER DR,122,,,,,,,2,NO INDICATION OF INJURY,0,0,0,0,0,2,0,19,6,11,41.884525461,-87.637216392,POINT (-87.637216392475 41.884525460956)
JB510975,,11/09/2018 07:14:00 PM,30,TRAFFIC SIGNAL,FUNCTIONING PROPERLY,SNOW,DARKNESS,PEDESTRIAN,DIVIDED - W/MEDIAN (NOT RAISED),4,STRAIGHT AND LEVEL,UNKNOWN,NO DEFECTS,NOT ON SCENE (DESK REPORT),NO INJURY / DRIVE AWAY,Y,,,$500 OR LESS,11/10/2018 02:15:00 PM,DISTRACTION - FROM OUTSIDE VEHICLE,ROAD CONSTRUCTION/MAINTENANCE,999,N,LA SALLE DR,1832,,,,,,,2,NO INDICATION OF INJURY,0,0,0,0,0,2,0,19,6,11,41.900476485,-87.632689526,POINT (-87.632689525736 41.900476485482)
JB510198,,11/09/2018 07:10:00 PM,30,TRAFFIC SIGNAL,FUNCTIONING PROPERLY,CLEAR,"DARKNESS, LIGHTED ROAD",TURNING,NOT DIVIDED,4,STRAIGHT AND LEVEL,DRY,NO DEFECTS,ON SCENE,NO INJURY / DRIVE AWAY,,,,"$501 - $1,500",11/09/2018 07:13:00 PM,FAILING TO YIELD RIGHT-OF-WAY,IMPROPER TURNING/NO SIGNAL,42,E,ADAMS ST,112,,,,,,,2,NO INDICATION OF INJURY,0,0,0,0,0,3,0,19,6,11,41.879629274,-87.626211908,POINT (-87.626211908196 41.879629273605)
JB510197,N,11/09/2018 07:10:00 PM,35,NO CONTROLS,NO CONTROLS,CLEAR,"DARKNESS, LIGHTED ROAD",PEDESTRIAN,ONE-WAY,,STRAIGHT AND LEVEL,UNKNOWN,UNKNOWN,ON SCENE,INJURY AND / OR TOW DUE TO CRASH,,,,$500 OR LESS,11/09/2018 07:30:00 PM,UNABLE TO DETERMINE,UNABLE TO DETERMINE,7501,W,IRVING PARK RD,1631,,,,,,,2,"REPORTED, NOT EVIDENT",1,0,0,0,1,1,0,19,6,11,41.952483085,-87.814691799,POINT (-87.814691799425 41.952483084614)
JB510183,,11/09/2018 07:02:00 PM,35,NO CONTROLS,NO CONTROLS,CLEAR,DUSK,SIDESWIPE SAME DIRECTION,NOT DIVIDED,2,STRAIGHT AND LEVEL,DRY,NO DEFECTS,ON SCENE,NO INJURY / DRIVE AWAY,,,,"OVER $1,500",11/09/2018 07:07:00 PM,IMPROPER OVERTAKING/PASSING,DRIVING SKILLS/KNOWLEDGE/EXPERIENCE,4400,N,MARINE DR,1914,,,,,,,2,NO INDICATION OF INJURY,0,0,0,0,0,2,0,19,6,11,41.961927801,-87.647008824,POINT (-87.647008823696 41.961927800876)
JB511030,Y,11/09/2018 07:00:00 PM,30,UNKNOWN,UNKNOWN,UNKNOWN,UNKNOWN,PARKED MOTOR VEHICLE,UNKNOWN,,STRAIGHT AND LEVEL,UNKNOWN,UNKNOWN,NOT ON SCENE (DESK REPORT),NO INJURY / DRIVE AWAY,,,,"$501 - $1,500",11/10/2018 02:40:00 PM,UNABLE TO DETERMINE,NOT APPLICABLE,459,W,DIVISION ST,1823,,,,,,,2,NO INDICATION OF INJURY,0,0,0,0,0,1,0,19,6,11,41.903648817,-87.640463219,POINT (-87.640463219277 41.903648817129)
JB510335,,11/09/2018 07:00:00 PM,35,NO CONTROLS,NO CONTROLS,CLEAR,DARKNESS,PARKED MOTOR VEHICLE,NOT DIVIDED,2,STRAIGHT AND LEVEL,DRY,NO DEFECTS,NOT ON SCENE (DESK REPORT),NO INJURY / DRIVE AWAY,,,,"OVER $1,500",11/09/2018 10:00:00 PM,NOT APPLICABLE,NOT APPLICABLE,108,N,MORGAN ST,1224,,,,,,,2,NO INDICATION OF INJURY,0,0,0,0,0,1,0,19,6,11,41.883350162,-87.652225494,POINT (-87.652225494429 41.883350162476)
JB510168,,11/09/2018 06:58:00 PM,30,TRAFFIC SIGNAL,FUNCTIONING PROPERLY,CLEAR,"DARKNESS, LIGHTED ROAD",SIDESWIPE SAME DIRECTION,DIVIDED - W/MEDIAN (NOT RAISED),,STRAIGHT AND LEVEL,DRY,NO DEFECTS,ON SCENE,INJURY AND / OR TOW DUE TO CRASH,Y,,,"$501 - $1,500",11/09/2018 06:58:00 PM,DISREGARDING TRAFFIC SIGNALS,FAILING TO YIELD RIGHT-OF-WAY,101,E,CHICAGO AVE,1833,,,,,,,3,NONINCAPACITATING INJURY,1,0,0,1,0,5,0,18,6,11,41.896603205,-87.625470404,POINT (-87.62547040385 41.896603205319)
JB514150,,11/09/2018 06:55:00 PM,30,TRAFFIC SIGNAL,FUNCTIONING PROPERLY,CLEAR,"DARKNESS, LIGHTED ROAD",SIDESWIPE SAME DIRECTION,DIVIDED - W/MEDIAN (NOT RAISED),,STRAIGHT AND LEVEL,DRY,NO DEFECTS,NOT ON SCENE (DESK REPORT),NO INJURY / DRIVE AWAY,,,Y,"$501 - $1,500",11/13/2018 10:30:00 AM,FAILING TO YIELD RIGHT-OF-WAY,FAILING TO YIELD RIGHT-OF-WAY,862,N,LAKE SHORE DR,1833,Y,,,,,,2,NO INDICATION OF INJURY,0,0,0,0,0,2,0,18,6,11,41.898381124,-87.618288017,POINT (-87.618288017243 41.898381124242)
JB510194,,11/09/2018 06:50:00 PM,30,NO CONTROLS,NO CONTROLS,CLEAR,DARKNESS,SIDESWIPE SAME DIRECTION,DIVIDED - W/MEDIAN BARRIER,9,STRAIGHT AND LEVEL,DRY,NO DEFECTS,NOT ON SCENE (DESK REPORT),NO INJURY / DRIVE AWAY,,,,"$501 - $1,500",11/09/2018 07:34:00 PM,IMPROPER OVERTAKING/PASSING,UNABLE TO DETERMINE,150,N,LAKE SHORE DR NB,114,,,,,,,2,NO INDICATION OF INJURY,0,0,0,0,0,3,0,18,6,11,41.884507851,-87.613856867,POINT (-87.613856866829 41.88450785076)
JB510193,,11/09/2018 06:45:00 PM,10,UNKNOWN,UNKNOWN,UNKNOWN,UNKNOWN,PARKED MOTOR VEHICLE,NOT DIVIDED,,STRAIGHT AND LEVEL,UNKNOWN,UNKNOWN,NOT ON SCENE (DESK REPORT),NO INJURY / DRIVE AWAY,,,Y,"OVER $1,500",11/09/2018 07:30:00 PM,UNABLE TO DETERMINE,NOT APPLICABLE,909,W,BELMONT AVE,1933,,,,,,,2,NO INDICATION OF INJURY,0,0,0,0,0,1,0,18,6,11,41.939833319,-87.651954645,POINT (-87.651954645097 41.939833318955)
JB510167,,11/09/2018 06:42:00 PM,30,NO CONTROLS,NO CONTROLS,CLEAR,DARKNESS,ANGLE,NOT DIVIDED,,STRAIGHT AND LEVEL,DRY,NO DEFECTS,ON SCENE,NO INJURY / DRIVE AWAY,Y,,,"$501 - $1,500",11/09/2018 06:49:00 PM,FAILING TO YIELD RIGHT-OF-WAY,NOT APPLICABLE,1700,N,NARRAGANSETT AVE,2513,,,,,,,2,NO INDICATION OF INJURY,0,0,0,0,0,5,0,18,6,11,41.911047057,-87.785210362,POINT (-87.785210361835 41.911047057406)
JB510192,,11/09/2018 06:40:00 PM,30,NO CONTROLS,NO CONTROLS,CLEAR,DAYLIGHT,ANGLE,PARKING LOT,0,STRAIGHT AND LEVEL,DRY,NO DEFECTS,NOT ON SCENE (DESK REPORT),NO INJURY / DRIVE AWAY,,Y,,"OVER $1,500",11/09/2018 07:25:00 PM,IMPROPER BACKING,DRIVING SKILLS/KNOWLEDGE/EXPERIENCE,6300,S,CALIFORNIA AVE,823,,,,,,,2,NO INDICATION OF INJURY,0,0,0,0,0,2,0,18,6,11,41.77901991,-87.693535482,POINT (-87.69353548242 41.779019909594)
JB510150,,11/09/2018 06:35:00 PM,30,TRAFFIC SIGNAL,FUNCTIONING PROPERLY,CLEAR,"DARKNESS, LIGHTED ROAD",TURNING,NOT DIVIDED,2,STRAIGHT AND LEVEL,DRY,NO DEFECTS,ON SCENE,INJURY AND / OR TOW DUE TO CRASH,Y,,,"OVER $1,500",11/09/2018 06:40:00 PM,FAILING TO YIELD RIGHT-OF-WAY,"VISION OBSCURED (SIGNS, TREE LIMBS, BUILDINGS, ETC.)",1740,N,HALSTED ST,1813,,,,,,,2,NONINCAPACITATING INJURY,1,0,0,1,0,1,0,18,6,11,41.913773136,-87.648506953,POINT (-87.648506952981 41.91377313589)