RD_NO,CRASH_DATE_EST_I,CRASH_DATE,POSTED_SPEED_LIMIT,TRAFFIC_CONTROL_DEVICE,DEVICE_CONDITION,WEATHER_CONDITION,LIGHTING_CONDITION,FIRST_CRASH_TYPE,TRAFFICWAY_TYPE,LANE_CNT,ALIGNMENT,ROADWAY_SURFACE_COND,ROAD_DEFECT,REPORT_TYPE,CRASH_TYPE,INTERSECTION_RELATED_I,NOT_RIGHT_OF_WAY_I,HIT_AND_RUN_I,DAMAGE,DATE_POLICE_NOTIFIED,PRIM_CONTRIBUTORY_CAUSE,SEC_CONTRIBUTORY_CAUSE,STREET_NO,STREET_DIRECTION,STREET_NAME,BEAT_OF_OCCURRENCE,PHOTOS_TAKEN_I,STATEMENTS_TAKEN_I,DOORING_I,WORK_ZONE_I,WORK_ZONE_TYPE,WORKERS_PRESENT_I,NUM_UNITS,MOST_SEVERE_INJURY,INJURIES_TOTAL,INJURIES_FATAL,INJURIES_INCAPACITATING,INJURIES_NON_INCAPACITATING,INJURIES_REPORTED_NOT_EVIDENT,INJURIES_NO_INDICATION,INJURIES_UNKNOWN,CRASH_HOUR,CRASH_DAY_OF_WEEK,CRASH_MONTH,LATITUDE,LONGITUDE,LOCATION
JB513410,,11/09/2018 05:00:00 PM,30,NO CONTROLS,NO CONTROLS,UNKNOWN,UNKNOWN,PARKED MOTOR VEHICLE,ONE-WAY,,STRAIGHT AND LEVEL,UNKNOWN,NO DEFECTS,NOT ON SCENE (DESK REPORT),NO INJURY / DRIVE AWAY,,,Y,"OVER $1,500",11/12/2018 04:30:00 PM,UNABLE TO DETERMINE,UNABLE TO DETERMINE,1712,N,MONITOR AVE,2531,,,,,,,2,NO INDICATION OF INJURY,0,0,0,0,0,1,0,17,6,11,41.91152798,-87.771684407,POINT (-87.771684407316 41.911527980343)
JB513254,,11/09/2018 05:00:00 PM,30,UNKNOWN,NO CONTROLS,UNKNOWN,UNKNOWN,PARKED MOTOR VEHICLE,NOT DIVIDED,,STRAIGHT AND LEVEL,UNKNOWN,UNKNOWN,NOT ON SCENE (DESK REPORT),NO INJURY / DRIVE AWAY,,,,"OVER $1,500",11/12/2018 03:30:00 PM,UNABLE TO DETERMINE,NOT APPLICABLE,879,W,LILL AVE,1935,,,,,,,2,NO INDICATION OF INJURY,0,0,0,0,0,1,0,17,6,11,41.928013046,-87.652005309,POINT (-87.652005309244 41.928013045986)
JB510108,,11/09/2018 05:00:00 PM,30,NO CONTROLS,NO CONTROLS,CLEAR,DAYLIGHT,FIXED OBJECT,DIVIDED - W/MEDIAN (NOT RAISED),,STRAIGHT AND LEVEL,OTHER,"RUT, HOLES",NOT ON SCENE (DESK REPORT),NO INJURY / DRIVE AWAY,,,,$500 OR LESS,11/09/2018 06:30:00 PM,UNABLE TO DETERMINE,UNABLE TO DETERMINE,4005,W,WRIGHTWOOD AVE,2524,,,,,,,1,NO INDICATION OF INJURY,0,0,0,0,0,1,0,17,6,11,41.928009195,-87.72714835,POINT (-87.727148349911 41.928009194705)
JB510032,,11/09/2018 05:00:00 PM,35,TRAFFIC SIGNAL,FUNCTIONING PROPERLY,CLEAR,DUSK,SIDESWIPE SAME DIRECTION,NOT DIVIDED,6,"CURVE, LEVEL",WET,NO DEFECTS,,NO INJURY / DRIVE AWAY,,,Y,"OVER $1,500",11/09/2018 05:30:00 PM,UNABLE TO DETERMINE,UNABLE TO DETERMINE,5650,N,LAKE SHORE DR NB,2022,,,,,,,2,NO INDICATION OF INJURY,0,0,0,0,0,2,0,17,6,11,41.985243134,-87.653237593,POINT (-87.653237593002 41.985243133739)
JB510259,,11/09/2018 04:55:00 PM,30,NO CONTROLS,NO CONTROLS,CLEAR,DAYLIGHT,FIXED OBJECT,NOT DIVIDED,,STRAIGHT AND LEVEL,DRY,NO DEFECTS,NOT ON SCENE (DESK REPORT),NO INJURY / DRIVE AWAY,,,,"OVER $1,500",11/09/2018 08:43:00 PM,UNABLE TO DETERMINE,UNABLE TO DETERMINE,4600,S,KOLMAR AVE,815,,,,,,,1,NO INDICATION OF INJURY,0,0,0,0,0,1,0,16,6,11,41.809458641,-87.737235185,POINT (-87.737235185269 41.809458640504)
JB510006,,11/09/2018 04:50:00 PM,30,NO CONTROLS,NO CONTROLS,CLEAR,DARKNESS,REAR END,NOT DIVIDED,,STRAIGHT AND LEVEL,DRY,NO DEFECTS,NOT ON SCENE (DESK REPORT),INJURY AND / OR TOW DUE TO CRASH,,,Y,$500 OR LESS,11/09/2018 05:20:00 PM,FOLLOWING TOO CLOSELY,NOT APPLICABLE,2400,W,ROOSEVELT RD,1135,,,,,,,2,"REPORTED, NOT EVIDENT",1,0,0,0,1,1,0,16,6,11,41.866720691,-87.686162771,POINT (-87.686162771246 41.86672069098)
JB509989,,11/09/2018 04:47:00 PM,30,TRAFFIC SIGNAL,FUNCTIONING PROPERLY,CLEAR,"DARKNESS, LIGHTED ROAD",REAR END,NOT DIVIDED,2,STRAIGHT AND LEVEL,DRY,NO DEFECTS,ON SCENE,NO INJURY / DRIVE AWAY,Y,,,"OVER $1,500",11/09/2018 04:50:00 PM,FOLLOWING TOO CLOSELY,NOT APPLICABLE,2400,W,111TH ST,2212,,,,,,,2,NO INDICATION OF INJURY,0,0,0,0,0,3,0,16,6,11,41.691889469,-87.681217343,POINT (-87.681217342654 41.691889468608)
JB510348,,11/09/2018 04:45:00 PM,30,NO CONTROLS,NO CONTROLS,CLEAR,DAYLIGHT,PARKED MOTOR VEHICLE,NOT DIVIDED,,STRAIGHT AND LEVEL,DRY,NO DEFECTS,NOT ON SCENE (DESK REPORT),NO INJURY / DRIVE AWAY,,,Y,$500 OR LESS,11/09/2018 08:19:00 PM,UNABLE TO DETERMINE,UNABLE TO DETERMINE,516,N,CLARK ST,1831,,,,,,,2,NO INDICATION OF INJURY,0,0,0,0,0,1,0,16,6,11,41.891439309,-87.631268182,POINT (-87.631268181977 41.891439309204)
JB510003,,11/09/2018 04:45:00 PM,30,NO CONTROLS,FUNCTIONING PROPERLY,CLEAR,"DARKNESS, LIGHTED ROAD",SIDESWIPE SAME DIRECTION,NOT DIVIDED,,STRAIGHT AND LEVEL,DRY,NO DEFECTS,NOT ON SCENE (DESK REPORT),NO INJURY / DRIVE AWAY,,,,"$501 - $1,500",11/09/2018 05:05:00 PM,DRIVING SKILLS/KNOWLEDGE/EXPERIENCE,DRIVING SKILLS/KNOWLEDGE/EXPERIENCE,9400,S,JEFFERY AVE,413,,,,,,,2,NO INDICATION OF INJURY,0,0,0,0,0,2,0,16,6,11,41.724244458,-87.575547082,POINT (-87.575547081925 41.724244457942)
JB509985,,11/09/2018 04:32:00 PM,30,TRAFFIC SIGNAL,FUNCTIONING PROPERLY,CLEAR,DAYLIGHT,TURNING,NOT DIVIDED,,STRAIGHT AND LEVEL,DRY,NO DEFECTS,NOT ON SCENE (DESK REPORT),NO INJURY / DRIVE AWAY,,,,"$501 - $1,500",11/09/2018 05:19:00 PM,IMPROPER TURNING/NO SIGNAL,IMPROPER LANE USAGE,198,S,MICHIGAN AVE,112,,,,,,,2,NO INDICATION OF INJURY,0,0,0,0,0,2,0,16,6,11,41.879616961,-87.624499957,POINT (-87.624499957019 41.879616960921)
JB509959,,11/09/2018 04:26:00 PM,30,TRAFFIC SIGNAL,FUNCTIONING PROPERLY,CLEAR,DAYLIGHT,SIDESWIPE SAME DIRECTION,NOT DIVIDED,,STRAIGHT AND LEVEL,WET,UNKNOWN,NOT ON SCENE (DESK REPORT),NO INJURY / DRIVE AWAY,,,,"$501 - $1,500",11/09/2018 05:00:00 PM,IMPROPER OVERTAKING/PASSING,UNABLE TO DETERMINE,400,E,83RD ST,631,,,,,,,2,NO INDICATION OF INJURY,0,0,0,0,0,4,0,16,6,11,41.743922906,-87.614687486,POINT (-87.614687486131 41.743922906387)
JB509986,,11/09/2018 04:23:00 PM,30,NO CONTROLS,NO CONTROLS,CLEAR,DAYLIGHT,SIDESWIPE SAME DIRECTION,NOT DIVIDED,2,STRAIGHT AND LEVEL,DRY,NO DEFECTS,NOT ON SCENE (DESK REPORT),NO INJURY / DRIVE AWAY,,,,"$501 - $1,500",11/09/2018 05:15:00 PM,IMPROPER LANE USAGE,NOT APPLICABLE,4608,W,BELMONT AVE,1731,,,,,,,2,NO INDICATION OF INJURY,0,0,0,0,0,3,0,16,6,11,41.938993824,-87.742698989,POINT (-87.742698989467 41.938993824336)
JB509933,,11/09/2018 04:22:00 PM,30,TRAFFIC SIGNAL,FUNCTIONING PROPERLY,CLEAR,"DARKNESS, LIGHTED ROAD",SIDESWIPE SAME DIRECTION,DIVIDED - W/MEDIAN BARRIER,,STRAIGHT AND LEVEL,DRY,NO DEFECTS,ON SCENE,NO INJURY / DRIVE AWAY,,,,"OVER $1,500",11/09/2018 04:27:00 PM,IMPROPER OVERTAKING/PASSING,UNABLE TO DETERMINE,498,S,MICHIGAN AVE,113,,,,,,,2,NO INDICATION OF INJURY,0,0,0,0,0,2,0,16,6,11,41.87578624,-87.624408679,POINT (-87.624408678665 41.875786239706)
JB509949,,11/09/2018 04:20:00 PM,30,TRAFFIC SIGNAL,FUNCTIONING PROPERLY,CLEAR,DAYLIGHT,TURNING,NOT DIVIDED,4,STRAIGHT AND LEVEL,DRY,NO DEFECTS,NOT ON SCENE (DESK REPORT),NO INJURY / DRIVE AWAY,Y,,,"$501 - $1,500",11/09/2018 04:50:00 PM,FOLLOWING TOO CLOSELY,FAILING TO YIELD RIGHT-OF-WAY,200,W,CERMAK RD,914,,,,,,,2,NO INDICATION OF INJURY,0,0,0,0,0,2,0,16,6,11,41.852959679,-87.632152004,POINT (-87.632152004271 41.852959678693)
JB509946,,11/09/2018 04:20:00 PM,30,NO CONTROLS,NO CONTROLS,CLEAR,DAYLIGHT,ANGLE,PARKING LOT,0,STRAIGHT AND LEVEL,DRY,NO DEFECTS,NOT ON SCENE (DESK REPORT),NO INJURY / DRIVE AWAY,,Y,,"OVER $1,500",11/09/2018 04:45:00 PM,IMPROPER BACKING,DRIVING SKILLS/KNOWLEDGE/EXPERIENCE,4400,S,PULASKI RD,815,,,,,,,2,NO INDICATION OF INJURY,0,0,0,0,0,2,0,16,6,11,41.813271598,-87.723935214,POINT (-87.723935214329 41.813271598175)
JB509940,,11/09/2018 04:20:00 PM,30,STOP SIGN/FLASHER,FUNCTIONING PROPERLY,CLEAR,DAYLIGHT,TURNING,NOT DIVIDED,,STRAIGHT AND LEVEL,DRY,NO DEFECTS,ON SCENE,INJURY AND / OR TOW DUE TO CRASH,Y,,,"OVER $1,500",11/09/2018 04:29:00 PM,"VISION OBSCURED (SIGNS, TREE LIMBS, BUILDINGS, ETC.)",NOT APPLICABLE,1530,N,KEDZIE AVE,1422,,,,,,,2,NO INDICATION OF INJURY,0,0,0,0,0,2,0,16,6,11,41.90923442,-87.707139599,POINT (-87.70713959898 41.909234420266)
JB510042,,11/09/2018 04:17:00 PM,30,TRAFFIC SIGNAL,FUNCTIONING PROPERLY,CLEAR,DUSK,REAR END,NOT DIVIDED,,STRAIGHT AND LEVEL,OTHER,NO DEFECTS,ON SCENE,NO INJURY / DRIVE AWAY,Y,,,"OVER $1,500",11/09/2018 05:03:00 PM,FOLLOWING TOO CLOSELY,FAILING TO REDUCE SPEED TO AVOID CRASH,7201,W,ADDISON ST,1631,,,,,,,2,NO INDICATION OF INJURY,0,0,0,0,0,2,0,16,6,11,41.945153931,-87.807061173,POINT (-87.807061173138 41.945153930827)
JB509956,,11/09/2018 04:15:00 PM,30,NO CONTROLS,NO CONTROLS,CLEAR,DARKNESS,PARKED MOTOR VEHICLE,DIVIDED - W/MEDIAN (NOT RAISED),2,STRAIGHT AND LEVEL,DRY,NO DEFECTS,ON SCENE,NO INJURY / DRIVE AWAY,,,,"OVER $1,500",11/09/2018 04:19:00 PM,DRIVING SKILLS/KNOWLEDGE/EXPERIENCE,IMPROPER LANE USAGE,4443,N,MILWAUKEE AVE,1623,,,,,,,2,NO INDICATION OF INJURY,0,0,0,0,0,1,0,16,6,11,41.961756167,-87.755277458,POINT (-87.755277457583 41.961756167099)
JB509942,,11/09/2018 04:09:00 PM,30,TRAFFIC SIGNAL,FUNCTIONING PROPERLY,CLEAR,DAYLIGHT,REAR END,DIVIDED - W/MEDIAN (NOT RAISED),2,STRAIGHT AND LEVEL,DRY,UNKNOWN,NOT ON SCENE (DESK REPORT),NO INJURY / DRIVE AWAY,,,Y,"OVER $1,500",11/09/2018 04:40:00 PM,NOT APPLICABLE,NOT APPLICABLE,4559,N,KEDZIE AVE,1724,,,,,,,2,NO INDICATION OF INJURY,0,0,0,0,0,3,0,16,6,11,41.964617161,-87.708205383,POINT (-87.708205383412 41.964617160676)
JB509909,,11/09/2018 04:06:00 PM,30,NO CONTROLS,NO CONTROLS,CLEAR,DAYLIGHT,ANGLE,NOT DIVIDED,,STRAIGHT AND LEVEL,DRY,NO DEFECTS,ON SCENE,INJURY AND / OR TOW DUE TO CRASH,,,,"OVER $1,500",11/09/2018 04:27:00 PM,FAILING TO YIELD RIGHT-OF-WAY,NOT APPLICABLE,2299,W,ARMITAGE AVE,1434,,,,,,,2,NO INDICATION OF INJURY,0,0,0,0,0,2,0,16,6,11,41.917507049,-87.684833447,POINT (-87.684833446709 41.917507049407)
JB510349,,11/09/2018 04:05:00 PM,30,NO CONTROLS,NO CONTROLS,CLEAR,DAYLIGHT,SIDESWIPE SAME DIRECTION,NOT DIVIDED,,STRAIGHT AND LEVEL,DRY,NO DEFECTS,NOT ON SCENE (DESK REPORT),NO INJURY / DRIVE AWAY,,,,"$501 - $1,500",11/09/2018 10:00:00 PM,FAILING TO YIELD RIGHT-OF-WAY,UNABLE TO DETERMINE,2616,W,PETERSON AVE,2413,,,,,,,2,NO INDICATION OF INJURY,0,0,0,0,0,3,0,16,6,11,41.990576285,-87.695325436,POINT (-87.695325435638 41.990576284886)
JB512351,,11/09/2018 04:00:00 PM,30,NO CONTROLS,NO CONTROLS,CLEAR,DARKNESS,REAR END,DIVIDED - W/MEDIAN (NOT RAISED),2,STRAIGHT AND LEVEL,DRY,NO DEFECTS,,NO INJURY / DRIVE AWAY,,,,"$501 - $1,500",11/11/2018 07:06:00 PM,UNABLE TO DETERMINE,NOT APPLICABLE,820,E,75TH ST,323,,,,,,,3,NO INDICATION OF INJURY,0,0,0,0,0,3,0,16,6,11,41.758704183,-87.604469262,POINT (-87.604469261745 41.758704182832)
JB510798,,11/09/2018 04:00:00 PM,30,NO CONTROLS,NO CONTROLS,CLEAR,DUSK,ANGLE,NOT DIVIDED,2,STRAIGHT AND LEVEL,DRY,NO DEFECTS,NOT ON SCENE (DESK REPORT),NO INJURY / DRIVE AWAY,,,,"$501 - $1,500",11/10/2018 11:30:00 AM,FAILING TO REDUCE SPEED TO AVOID CRASH,UNABLE TO DETERMINE,2001,N,LONG AVE,2515,,Y,,,,,2,NO INDICATION OF INJURY,0,0,0,0,0,2,0,16,6,11,41.916798295,-87.760698576,POINT (-87.760698576305 41.916798295039)
JB510022,,11/09/2018 04:00:00 PM,30,NO CONTROLS,NO CONTROLS,CLEAR,DARKNESS,ANGLE,NOT DIVIDED,,STRAIGHT AND LEVEL,DRY,NO DEFECTS,NOT ON SCENE (DESK REPORT),NO INJURY / DRIVE AWAY,,,,"OVER $1,500",11/09/2018 04:38:00 PM,UNABLE TO DETERMINE,NOT APPLICABLE,1642,W,59TH ST,715,,,,,,,2,NO INDICATION OF INJURY,0,0,0,0,0,2,0,16,6,11,41.786836833,-87.666138107,POINT (-87.666138106515 41.786836832914)
JB509976,,11/09/2018 04:00:00 PM,30,NO CONTROLS,NO CONTROLS,CLEAR,DAYLIGHT,SIDESWIPE SAME DIRECTION,DIVIDED - W/MEDIAN BARRIER,4,STRAIGHT AND LEVEL,DRY,NO DEFECTS,NOT ON SCENE (DESK REPORT),NO INJURY / DRIVE AWAY,,,,"OVER $1,500",11/09/2018 05:09:00 PM,IMPROPER LANE USAGE,DRIVING SKILLS/KNOWLEDGE/EXPERIENCE,5500,S,CICERO AVE,813,,,,,,,2,NO INDICATION OF INJURY,0,0,0,0,0,2,0,16,6,11,41.792910883,-87.742077343,POINT (-87.742077342959 41.792910883497)
JB509947,,11/09/2018 04:00:00 PM,30,TRAFFIC SIGNAL,FUNCTIONING PROPERLY,CLEAR,"DARKNESS, LIGHTED ROAD",REAR END,DIVIDED - W/MEDIAN (NOT RAISED),2,STRAIGHT AND LEVEL,DRY,NO DEFECTS,NOT ON SCENE (DESK REPORT),NO INJURY / DRIVE AWAY,,,,"$501 - $1,500",11/09/2018 04:45:00 PM,FOLLOWING TOO CLOSELY,NOT APPLICABLE,2600,S,STATE ST,133,,,,,,,2,NO INDICATION OF INJURY,0,0,0,0,0,4,0,16,6,11,41.845520397,-87.627106592,POINT (-87.627106591997 41.845520397465)
JB509945,,11/09/2018 04:00:00 PM,30,TRAFFIC SIGNAL,FUNCTIONING IMPROPERLY,CLEAR,DAYLIGHT,TURNING,NOT DIVIDED,,STRAIGHT AND LEVEL,DRY,NO DEFECTS,ON SCENE,NO INJURY / DRIVE AWAY,Y,,Y,"$501 - $1,500",11/09/2018 04:07:00 PM,IMPROPER LANE USAGE,DISREGARDING ROAD MARKINGS,1,E,69TH ST,322,,,,,,,2,NO INDICATION OF INJURY,0,0,0,0,0,3,0,16,6,11,41.769085199,-87.624862606,POINT (-87.624862606352 41.769085199384)
JB509929,,11/09/2018 04:00:00 PM,30,NO CONTROLS,NO CONTROLS,CLEAR,DAYLIGHT,REAR END,NOT DIVIDED,,STRAIGHT AND LEVEL,DRY,NO DEFECTS,ON SCENE,INJURY AND / OR TOW DUE TO CRASH,,,,"OVER $1,500",11/09/2018 04:04:00 PM,FOLLOWING TOO CLOSELY,NOT APPLICABLE,707,N,PULASKI RD,1112,,,,,,,2,NONINCAPACITATING INJURY,1,0,0,1,0,1,0,16,6,11,41.893798268,-87.725890804,POINT (-87.725890803539 41.893798268479)
JB509917,,11/09/2018 04:00:00 PM,30,NO CONTROLS,NO CONTROLS,CLEAR,DAYLIGHT,PARKED MOTOR VEHICLE,NOT DIVIDED,1,STRAIGHT AND LEVEL,DRY,NO DEFECTS,ON SCENE,INJURY AND / OR TOW DUE TO CRASH,,,,"OVER $1,500",11/09/2018 04:04:00 PM,UNABLE TO DETERMINE,NOT APPLICABLE,1250,N,OAKLEY BLVD,1424,,,,,,,2,NO INDICATION OF INJURY,0,0,0,0,0,1,0,16,6,11,41.90461214,-87.684772355,POINT (-87.684772354832 41.904612140094)
JB509961,,11/09/2018 03:55:00 PM,30,TRAFFIC SIGNAL,FUNCTIONING PROPERLY,CLEAR,DAYLIGHT,TURNING,NOT DIVIDED,,STRAIGHT AND LEVEL,DRY,NO DEFECTS,NOT ON SCENE (DESK REPORT),NO INJURY / DRIVE AWAY,,,Y,"$501 - $1,500",11/09/2018 05:18:00 PM,IMPROPER OVERTAKING/PASSING,FAILING TO REDUCE SPEED TO AVOID CRASH,3959,W,WRIGHTWOOD AVE,2524,,,,,,,2,NO INDICATION OF INJURY,0,0,0,0,0,2,0,15,6,11,41.928026266,-87.726802088,POINT (-87.726802087719 41.928026265841)
JB509912,,11/09/2018 03:50:00 PM,30,NO CONTROLS,NO CONTROLS,CLEAR,DAYLIGHT,SIDESWIPE SAME DIRECTION,NOT DIVIDED,,STRAIGHT AND LEVEL,WET,UNKNOWN,NOT ON SCENE (DESK REPORT),NO INJURY / DRIVE AWAY,,,,"$501 - $1,500",11/09/2018 04:20:00 PM,FAILING TO YIELD RIGHT-OF-WAY,UNABLE TO DETERMINE,1835,E,95TH ST,431,,,,,,,2,NO INDICATION OF INJURY,0,0,0,0,0,2,0,15,6,11,41.722315219,-87.578854323,POINT (-87.578854323402 41.72231521886)
JB509895,,11/09/2018 03:50:00 PM,30,NO CONTROLS,NO CONTROLS,CLEAR,DAYLIGHT,TURNING,NOT DIVIDED,,STRAIGHT AND LEVEL,UNKNOWN,UNKNOWN,,NO INJURY / DRIVE AWAY,Y,,,"OVER $1,500",11/09/2018 04:00:00 PM,UNABLE TO DETERMINE,NOT APPLICABLE,1823,W,43RD ST,924,,,,,,,2,NO INDICATION OF INJURY,0,0,0,0,0,4,0,15,6,11,41.815711333,-87.671078472,POINT (-87.671078472014 41.815711332677)
JB511001,,11/09/2018 03:45:00 PM,30,TRAFFIC SIGNAL,FUNCTIONING PROPERLY,CLEAR,DAYLIGHT,TURNING,NOT DIVIDED,,STRAIGHT AND LEVEL,DRY,NO DEFECTS,NOT ON SCENE (DESK REPORT),NO INJURY / DRIVE AWAY,,,,"OVER $1,500",11/10/2018 02:30:00 PM,IMPROPER TURNING/NO SIGNAL,NOT APPLICABLE,1155,N,LA SALLE DR,1824,,,,,,,2,NO INDICATION OF INJURY,0,0,0,0,0,2,0,15,6,11,41.90338475,-87.632756367,POINT (-87.632756366559 41.903384749706)
JB509922,,11/09/2018 03:45:00 PM,30,NO CONTROLS,NO CONTROLS,CLEAR,DARKNESS,SIDESWIPE SAME DIRECTION,NOT DIVIDED,,STRAIGHT AND LEVEL,DRY,NO DEFECTS,NOT ON SCENE (DESK REPORT),NO INJURY / DRIVE AWAY,,,Y,"OVER $1,500",11/09/2018 04:30:00 PM,DRIVING SKILLS/KNOWLEDGE/EXPERIENCE,NOT APPLICABLE,3502,N,WESTERN AVE,1921,,,,,,,2,NO INDICATION OF INJURY,0,0,0,0,0,2,0,15,6,11,41.94506353,-87.688357885,POINT (-87.688357885444 41.945063529641)
JB509879,,11/09/2018 03:45:00 PM,30,NO CONTROLS,NO CONTROLS,CLEAR,DAYLIGHT,PEDESTRIAN,NOT DIVIDED,2,STRAIGHT AND LEVEL,DRY,NO DEFECTS,ON SCENE,INJURY AND / OR TOW DUE TO CRASH,,,,"OVER $1,500",11/09/2018 03:50:00 PM,NOT APPLICABLE,NOT APPLICABLE,4451,W,BELMONT AVE,2523,,,,,,,2,NONINCAPACITATING INJURY,1,0,0,1,0,2,0,15,6,11,41.938823707,-87.739116819,POINT (-87.739116819391 41.938823707479)
JB509880,,11/09/2018 03:37:00 PM,30,TRAFFIC SIGNAL,FUNCTIONING PROPERLY,CLEAR,DAYLIGHT,TURNING,DIVIDED - W/MEDIAN BARRIER,4,STRAIGHT AND LEVEL,DRY,NO DEFECTS,ON SCENE,INJURY AND / OR TOW DUE TO CRASH,Y,,,"OVER $1,500",11/09/2018 03:37:00 PM,FAILING TO YIELD RIGHT-OF-WAY,UNABLE TO DETERMINE,3400,N,WESTERN AVE,1921,,,,,,,2,NONINCAPACITATING INJURY,1,0,0,1,0,1,0,15,6,11,41.943187373,-87.688302021,POINT (-87.688302020702 41.943187373182)
JB509866,,11/09/2018 03:36:00 PM,30,TRAFFIC SIGNAL,NO CONTROLS,CLEAR,DAYLIGHT,REAR END,DIVIDED - W/MEDIAN (NOT RAISED),,STRAIGHT AND LEVEL,DRY,NO DEFECTS,ON SCENE,INJURY AND / OR TOW DUE TO CRASH,,,,"OVER $1,500",11/09/2018 03:40:00 PM,FAILING TO REDUCE SPEED TO AVOID CRASH,NOT APPLICABLE,5401,S,ARCHER AVE,814,,,,,,,2,INCAPACITATING INJURY,2,0,2,0,0,4,0,15,6,11,41.798543712,-87.742958026,POINT (-87.742958025627 41.798543711795)
JB510023,,11/09/2018 03:30:00 PM,30,TRAFFIC SIGNAL,FUNCTIONING PROPERLY,CLEAR,DAYLIGHT,TURNING,NOT DIVIDED,2,STRAIGHT AND LEVEL,DRY,NO DEFECTS,NOT ON SCENE (DESK REPORT),NO INJURY / DRIVE AWAY,Y,,Y,"$501 - $1,500",11/09/2018 05:30:00 PM,UNABLE TO DETERMINE,UNABLE TO DETERMINE,5558,N,NAGLE AVE,1612,,,,,,,2,NO INDICATION OF INJURY,0,0,0,0,0,2,0,15,6,11,41.982605902,-87.787888016,POINT (-87.787888016295 41.982605902391)
JB509900,,11/09/2018 03:30:00 PM,30,NO CONTROLS,NO CONTROLS,CLEAR,DAYLIGHT,PARKED MOTOR VEHICLE,DIVIDED - W/MEDIAN BARRIER,4,STRAIGHT AND LEVEL,DRY,NO DEFECTS,ON SCENE,NO INJURY / DRIVE AWAY,,,Y,"OVER $1,500",11/09/2018 04:00:00 PM,UNABLE TO DETERMINE,UNABLE TO DETERMINE,4314,S,WESTERN AVE,922,,,,,,,2,NO INDICATION OF INJURY,0,0,0,0,0,1,0,15,6,11,41.815209239,-87.684762089,POINT (-87.684762089198 41.815209238995)
JB509882,,11/09/2018 03:25:00 PM,30,STOP SIGN/FLASHER,FUNCTIONING PROPERLY,CLEAR,DAYLIGHT,PARKED MOTOR VEHICLE,NOT DIVIDED,2,STRAIGHT AND LEVEL,DRY,NO DEFECTS,ON SCENE,NO INJURY / DRIVE AWAY,,,,"$501 - $1,500",11/09/2018 03:30:00 PM,IMPROPER OVERTAKING/PASSING,UNABLE TO DETERMINE,858,W,DICKENS AVE,1812,,,,,,,2,NO INDICATION OF INJURY,0,0,0,0,0,2,0,15,6,11,41.920069656,-87.650941354,POINT (-87.650941354248 41.920069655717)
JB509948,,11/09/2018 03:18:00 PM,30,TRAFFIC SIGNAL,FUNCTIONING PROPERLY,CLEAR,DAYLIGHT,REAR END,NOT DIVIDED,2,STRAIGHT AND LEVEL,WET,NO DEFECTS,ON SCENE,NO INJURY / DRIVE AWAY,Y,,Y,$500 OR LESS,11/09/2018 04:10:00 PM,"OPERATING VEHICLE IN ERRATIC, RECKLESS, CARELESS, NEGLIGENT OR AGGRESSIVE MANNER","OPERATING VEHICLE IN ERRATIC, RECKLESS, CARELESS, NEGLIGENT OR AGGRESSIVE MANNER",1159,N,CENTRAL AVE,1524,,N,,,,,2,NO INDICATION OF INJURY,0,0,0,0,0,4,0,15,6,11,41.90210135,-87.765505587,POINT (-87.765505586971 41.90210135012)
JB509870,,11/09/2018 03:15:00 PM,30,NO CONTROLS,NO CONTROLS,CLEAR,DAYLIGHT,PARKED MOTOR VEHICLE,RAMP,,STRAIGHT AND LEVEL,DRY,NO DEFECTS,ON SCENE,INJURY AND / OR TOW DUE TO CRASH,,Y,,"OVER $1,500",11/09/2018 03:40:00 PM,IMPROPER OVERTAKING/PASSING,NOT APPLICABLE,33,W,KINZIE ST,1831,,,,,,,2,NO INDICATION OF INJURY,0,0,0,0,0,1,0,15,6,11,41.889125488,-87.629422489,POINT (-87.629422488805 41.889125488003)
JB509839,,11/09/2018 03:15:00 PM,30,TRAFFIC SIGNAL,FUNCTIONING PROPERLY,CLEAR,DAYLIGHT,REAR END,NOT DIVIDED,,STRAIGHT AND LEVEL,DRY,NO DEFECTS,NOT ON SCENE (DESK REPORT),NO INJURY / DRIVE AWAY,,,,"OVER $1,500",11/09/2018 03:26:00 PM,FOLLOWING TOO CLOSELY,NOT APPLICABLE,4700,W,IRVING PARK RD,1722,,,,,,,2,NO INDICATION OF INJURY,0,0,0,0,0,2,0,15,6,11,41.953554327,-87.745667551,POINT (-87.745667551162 41.953554327295)
JB510059,,11/09/2018 03:10:00 PM,30,UNKNOWN,UNKNOWN,UNKNOWN,UNKNOWN,SIDESWIPE SAME DIRECTION,NOT DIVIDED,,STRAIGHT AND LEVEL,UNKNOWN,UNKNOWN,NOT ON SCENE (DESK REPORT),NO INJURY / DRIVE AWAY,,,,"OVER $1,500",11/09/2018 05:20:00 PM,UNABLE TO DETERMINE,NOT APPLICABLE,1437,N,WELLS ST,1821,,,,,,,2,NO INDICATION OF INJURY,0,0,0,0,0,2,0,15,6,11,41.908750088,-87.634488554,POINT (-87.63448855416 41.908750088253)