RD_NO,CRASH_DATE_EST_I,CRASH_DATE,POSTED_SPEED_LIMIT,TRAFFIC_CONTROL_DEVICE,DEVICE_CONDITION,WEATHER_CONDITION,LIGHTING_CONDITION,FIRST_CRASH_TYPE,TRAFFICWAY_TYPE,LANE_CNT,ALIGNMENT,ROADWAY_SURFACE_COND,ROAD_DEFECT,REPORT_TYPE,CRASH_TYPE,INTERSECTION_RELATED_I,NOT_RIGHT_OF_WAY_I,HIT_AND_RUN_I,DAMAGE,DATE_POLICE_NOTIFIED,PRIM_CONTRIBUTORY_CAUSE,SEC_CONTRIBUTORY_CAUSE,STREET_NO,STREET_DIRECTION,STREET_NAME,BEAT_OF_OCCURRENCE,PHOTOS_TAKEN_I,STATEMENTS_TAKEN_I,DOORING_I,WORK_ZONE_I,WORK_ZONE_TYPE,WORKERS_PRESENT_I,NUM_UNITS,MOST_SEVERE_INJURY,INJURIES_TOTAL,INJURIES_FATAL,INJURIES_INCAPACITATING,INJURIES_NON_INCAPACITATING,INJURIES_REPORTED_NOT_EVIDENT,INJURIES_NO_INDICATION,INJURIES_UNKNOWN,CRASH_HOUR,CRASH_DAY_OF_WEEK,CRASH_MONTH,LATITUDE,LONGITUDE,LOCATION
JB509893,,11/09/2018 03:10:00 PM,25,NO CONTROLS,NO CONTROLS,CLEAR,DAYLIGHT,SIDESWIPE SAME DIRECTION,NOT DIVIDED,4,STRAIGHT AND LEVEL,DRY,NO DEFECTS,ON SCENE,NO INJURY / DRIVE AWAY,,,,$500 OR LESS,11/09/2018 03:15:00 PM,DRIVING SKILLS/KNOWLEDGE/EXPERIENCE,UNABLE TO DETERMINE,1498,W,IRVING PARK RD,1912,,,,,,,2,NO INDICATION OF INJURY,0,0,0,0,0,3,0,15,6,11,41.954420911,-87.667438103,POINT (-87.667438103216 41.954420910856)
JB509857,,11/09/2018 03:10:00 PM,0,NO CONTROLS,NO CONTROLS,CLEAR,DAYLIGHT,REAR END,UNKNOWN,,STRAIGHT AND LEVEL,UNKNOWN,UNKNOWN,NOT ON SCENE (DESK REPORT),NO INJURY / DRIVE AWAY,,,,"OVER $1,500",11/09/2018 03:40:00 PM,UNABLE TO DETERMINE,NOT APPLICABLE,1630,S,DAMEN AVE,1234,,,,,,,2,NO INDICATION OF INJURY,0,0,0,0,0,2,0,15,6,11,41.858614856,-87.676167369,POINT (-87.676167368693 41.858614856137)
JB509837,,11/09/2018 03:10:00 PM,30,NO CONTROLS,NO CONTROLS,CLEAR,DAYLIGHT,REAR END,NOT DIVIDED,4,STRAIGHT AND LEVEL,DRY,NO DEFECTS,,NO INJURY / DRIVE AWAY,,,,"OVER $1,500",11/09/2018 03:12:00 PM,FOLLOWING TOO CLOSELY,NOT APPLICABLE,4610,S,ASHLAND AVE,924,,,,,,,2,NO INDICATION OF INJURY,0,0,0,0,0,4,0,15,6,11,41.810069743,-87.665158942,POINT (-87.665158942163 41.810069743201)
JB509923,,11/09/2018 03:07:00 PM,30,NO CONTROLS,NO CONTROLS,CLEAR,DUSK,SIDESWIPE SAME DIRECTION,DIVIDED - W/MEDIAN (NOT RAISED),,STRAIGHT AND LEVEL,DRY,NO DEFECTS,NOT ON SCENE (DESK REPORT),NO INJURY / DRIVE AWAY,,,Y,"OVER $1,500",11/09/2018 04:29:00 PM,FOLLOWING TOO CLOSELY,IMPROPER LANE USAGE,7207,S,SAWYER AVE,831,,,,,,,2,NO INDICATION OF INJURY,0,0,0,0,0,2,0,15,6,11,41.762285888,-87.703830341,POINT (-87.703830340934 41.76228588792)
JB510051,,11/09/2018 03:05:00 PM,0,NO CONTROLS,NO CONTROLS,CLEAR,DAYLIGHT,PARKED MOTOR VEHICLE,NOT DIVIDED,2,STRAIGHT AND LEVEL,WET,NO DEFECTS,NOT ON SCENE (DESK REPORT),NO INJURY / DRIVE AWAY,,,Y,"OVER $1,500",11/09/2018 05:46:00 PM,UNABLE TO DETERMINE,UNABLE TO DETERMINE,4000,S,STATE ST,213,,,,,,,2,NO INDICATION OF INJURY,0,0,0,0,0,1,0,15,6,11,41.821725203,-87.626542367,POINT (-87.626542367448 41.821725202603)
JB510934,,11/09/2018 03:00:00 PM,20,NO CONTROLS,NO CONTROLS,CLEAR,DAYLIGHT,SIDESWIPE SAME DIRECTION,NOT DIVIDED,4,STRAIGHT AND LEVEL,DRY,NO DEFECTS,NOT ON SCENE (DESK REPORT),NO INJURY / DRIVE AWAY,,,,"OVER $1,500",11/10/2018 01:30:00 PM,IMPROPER LANE USAGE,NOT APPLICABLE,7150,W,ARCHER AVE,811,,,,,,,2,NO INDICATION OF INJURY,0,0,0,0,0,2,0,15,6,11,41.792056479,-87.801058993,POINT (-87.801058993326 41.792056479464)
JB509962,,11/09/2018 03:00:00 PM,30,NO CONTROLS,NO CONTROLS,CLEAR,DAYLIGHT,PARKED MOTOR VEHICLE,NOT DIVIDED,,STRAIGHT AND LEVEL,DRY,NO DEFECTS,NOT ON SCENE (DESK REPORT),NO INJURY / DRIVE AWAY,,,Y,"OVER $1,500",11/09/2018 05:00:00 PM,UNABLE TO DETERMINE,NOT APPLICABLE,5650,W,BRYN MAWR AVE,1622,,,,,,,2,NO INDICATION OF INJURY,0,0,0,0,0,1,0,15,6,11,41.983040737,-87.770373049,POINT (-87.770373049308 41.983040737153)
JB509950,,11/09/2018 03:00:00 PM,30,NO CONTROLS,NO CONTROLS,CLEAR,DAYLIGHT,REAR END,DIVIDED - W/MEDIAN (NOT RAISED),,STRAIGHT AND LEVEL,DRY,NO DEFECTS,NOT ON SCENE (DESK REPORT),NO INJURY / DRIVE AWAY,,,,"OVER $1,500",11/09/2018 04:49:00 PM,IMPROPER BACKING,NOT APPLICABLE,6900,S,LAWNDALE AVE,833,,,,,,,2,NO INDICATION OF INJURY,0,0,0,0,0,4,0,15,6,11,41.767798233,-87.715280599,POINT (-87.715280599033 41.767798233108)
JB509862,,11/09/2018 03:00:00 PM,30,STOP SIGN/FLASHER,FUNCTIONING PROPERLY,CLEAR,DAYLIGHT,TURNING,NOT DIVIDED,,STRAIGHT AND LEVEL,DRY,NO DEFECTS,NOT ON SCENE (DESK REPORT),NO INJURY / DRIVE AWAY,Y,,,"$501 - $1,500",11/09/2018 03:37:00 PM,IMPROPER TURNING/NO SIGNAL,UNABLE TO DETERMINE,4501,W,16TH ST,1012,,,,,,,2,NO INDICATION OF INJURY,0,0,0,0,0,2,0,15,6,11,41.858582475,-87.737236849,POINT (-87.737236848952 41.858582475242)
JB510092,,11/09/2018 02:50:00 PM,30,TRAFFIC SIGNAL,FUNCTIONING PROPERLY,CLEAR,DAYLIGHT,REAR END,NOT DIVIDED,,STRAIGHT AND LEVEL,DRY,NO DEFECTS,NOT ON SCENE (DESK REPORT),NO INJURY / DRIVE AWAY,,,Y,"OVER $1,500",11/09/2018 06:11:00 PM,UNABLE TO DETERMINE,NOT APPLICABLE,2061,W,NORTH AVE,1424,,,,,,,2,NO INDICATION OF INJURY,0,0,0,0,0,4,0,14,6,11,41.910331927,-87.679787879,POINT (-87.679787879061 41.910331927008)
JB509883,,11/09/2018 02:46:00 PM,30,TRAFFIC SIGNAL,FUNCTIONING PROPERLY,CLOUDY/OVERCAST,DAYLIGHT,SIDESWIPE SAME DIRECTION,NOT DIVIDED,2,STRAIGHT AND LEVEL,DRY,NO DEFECTS,NOT ON SCENE (DESK REPORT),INJURY AND / OR TOW DUE TO CRASH,Y,,Y,"OVER $1,500",11/09/2018 03:50:00 PM,FAILING TO YIELD RIGHT-OF-WAY,UNABLE TO DETERMINE,800,W,111TH ST,2233,,,,,,,2,"REPORTED, NOT EVIDENT",1,0,0,0,1,1,0,14,6,11,41.692465363,-87.642440901,POINT (-87.642440901058 41.692465363422)
JB509889,,11/09/2018 02:45:00 PM,30,TRAFFIC SIGNAL,FUNCTIONING PROPERLY,CLEAR,DAYLIGHT,ANGLE,NOT DIVIDED,,STRAIGHT AND LEVEL,DRY,NO DEFECTS,NOT ON SCENE (DESK REPORT),NO INJURY / DRIVE AWAY,,,,"$501 - $1,500",11/09/2018 04:21:00 PM,IMPROPER OVERTAKING/PASSING,FAILING TO REDUCE SPEED TO AVOID CRASH,5259,N,MILWAUKEE AVE,1623,,,,,,,2,NO INDICATION OF INJURY,0,0,0,0,0,4,0,14,6,11,41.976050495,-87.767908335,POINT (-87.767908334635 41.976050495252)
JB509803,,11/09/2018 02:45:00 PM,30,TRAFFIC SIGNAL,FUNCTIONING PROPERLY,CLEAR,DAYLIGHT,TURNING,NOT DIVIDED,2,STRAIGHT AND LEVEL,DRY,NO DEFECTS,ON SCENE,INJURY AND / OR TOW DUE TO CRASH,Y,,,"OVER $1,500",11/09/2018 02:55:00 PM,DISREGARDING OTHER TRAFFIC SIGNS,NOT APPLICABLE,8700,S,VINCENNES AVE,2222,,,,,,,2,NONINCAPACITATING INJURY,1,0,0,1,0,1,0,14,6,11,41.736006565,-87.645341819,POINT (-87.64534181898 41.736006564585)
JB509902,,11/09/2018 02:40:00 PM,30,TRAFFIC SIGNAL,FUNCTIONING PROPERLY,CLEAR,DAYLIGHT,PEDESTRIAN,DIVIDED - W/MEDIAN (NOT RAISED),,STRAIGHT AND LEVEL,DRY,NO DEFECTS,ON SCENE,INJURY AND / OR TOW DUE TO CRASH,Y,,Y,"OVER $1,500",11/09/2018 04:31:00 PM,FAILING TO YIELD RIGHT-OF-WAY,NOT APPLICABLE,2100,S,ASHLAND AVE,1234,,,,,,,2,NONINCAPACITATING INJURY,1,0,0,1,0,1,0,14,6,11,41.8541165,-87.666195939,POINT (-87.666195939254 41.854116500052)
JB512480,,11/09/2018 02:30:00 PM,5,NO CONTROLS,NO CONTROLS,CLEAR,DAYLIGHT,REAR END,ALLEY,,STRAIGHT AND LEVEL,DRY,UNKNOWN,NOT ON SCENE (DESK REPORT),NO INJURY / DRIVE AWAY,,,Y,"$501 - $1,500",11/11/2018 09:20:00 PM,UNABLE TO DETERMINE,NOT APPLICABLE,17,W,MONROE ST,112,,,,,,,2,NO INDICATION OF INJURY,0,0,0,0,0,2,0,14,6,11,41.880628693,-87.628427536,POINT (-87.628427535584 41.880628692841)
JB509861,,11/09/2018 02:30:00 PM,30,NO CONTROLS,NO CONTROLS,CLEAR,DAYLIGHT,SIDESWIPE SAME DIRECTION,ONE-WAY,,STRAIGHT AND LEVEL,DRY,NO DEFECTS,ON SCENE,NO INJURY / DRIVE AWAY,N,,,"$501 - $1,500",11/09/2018 03:29:00 PM,FAILING TO YIELD RIGHT-OF-WAY,IMPROPER LANE USAGE,135,W,ONTARIO ST,1832,Y,,,Y,CONSTRUCTION,,2,NO INDICATION OF INJURY,0,0,0,0,0,4,0,14,6,11,41.893099523,-87.632560998,POINT (-87.632560998052 41.893099523288)
JB510140,,11/09/2018 02:20:00 PM,30,NO CONTROLS,NO CONTROLS,CLEAR,DAYLIGHT,REAR END,DIVIDED - W/MEDIAN (NOT RAISED),4,STRAIGHT AND LEVEL,DRY,NO DEFECTS,NOT ON SCENE (DESK REPORT),NO INJURY / DRIVE AWAY,,,,"OVER $1,500",11/09/2018 06:40:00 PM,FAILING TO REDUCE SPEED TO AVOID CRASH,DRIVING SKILLS/KNOWLEDGE/EXPERIENCE,4100,S,ASHLAND AVE,924,,,,,,,2,NO INDICATION OF INJURY,0,0,0,0,0,2,0,14,6,11,41.819441426,-87.665375545,POINT (-87.665375544909 41.819441426296)
JB509899,,11/09/2018 02:15:00 PM,30,STOP SIGN/FLASHER,UNKNOWN,CLEAR,DAYLIGHT,TURNING,NOT DIVIDED,2,STRAIGHT AND LEVEL,UNKNOWN,UNKNOWN,NOT ON SCENE (DESK REPORT),NO INJURY / DRIVE AWAY,Y,,,"$501 - $1,500",11/09/2018 02:15:00 PM,FAILING TO YIELD RIGHT-OF-WAY,NOT APPLICABLE,5600,S,STONY ISLAND AVE,235,,,,,,,2,NO INDICATION OF INJURY,0,0,0,0,0,3,0,14,6,11,41.793295722,-87.586788337,POINT (-87.586788336813 41.793295722397)
JB509795,,11/09/2018 02:08:00 PM,30,NO CONTROLS,NO CONTROLS,CLOUDY/OVERCAST,DAYLIGHT,PARKED MOTOR VEHICLE,DIVIDED - W/MEDIAN (NOT RAISED),2,STRAIGHT AND LEVEL,DRY,NO DEFECTS,ON SCENE,INJURY AND / OR TOW DUE TO CRASH,,,,"OVER $1,500",11/09/2018 02:35:00 PM,UNDER THE INFLUENCE OF ALCOHOL/DRUGS (USE WHEN ARREST IS EFFECTED),UNABLE TO DETERMINE,2153,W,111TH ST,2212,,,,,,,2,NO INDICATION OF INJURY,0,0,0,0,0,2,0,14,6,11,41.691747004,-87.676008619,POINT (-87.676008618654 41.691747004237)
JB509939,,11/09/2018 02:00:00 PM,30,TRAFFIC SIGNAL,NO CONTROLS,OTHER,"DARKNESS, LIGHTED ROAD",TURNING,NOT DIVIDED,,STRAIGHT AND LEVEL,DRY,NO DEFECTS,NOT ON SCENE (DESK REPORT),NO INJURY / DRIVE AWAY,Y,,,"$501 - $1,500",11/09/2018 04:53:00 PM,UNABLE TO DETERMINE,UNABLE TO DETERMINE,2000,N,MILWAUKEE AVE,1431,,,,,,,2,NO INDICATION OF INJURY,0,0,0,0,0,2,0,14,6,11,41.917496608,-87.688719608,POINT (-87.688719608399 41.917496607937)
JB509815,,11/09/2018 02:00:00 PM,30,NO CONTROLS,NO CONTROLS,CLOUDY/OVERCAST,DAYLIGHT,SIDESWIPE SAME DIRECTION,DIVIDED - W/MEDIAN (NOT RAISED),2,STRAIGHT AND LEVEL,DRY,NO DEFECTS,ON SCENE,NO INJURY / DRIVE AWAY,,,Y,$500 OR LESS,11/09/2018 02:35:00 PM,UNDER THE INFLUENCE OF ALCOHOL/DRUGS (USE WHEN ARREST IS EFFECTED),IMPROPER OVERTAKING/PASSING,11050,S,WESTERN AVE,2212,,,,,,,2,NO INDICATION OF INJURY,0,0,0,0,0,2,0,14,6,11,41.692383768,-87.681320129,POINT (-87.681320128922 41.692383767557)
JB509814,,11/09/2018 02:00:00 PM,30,TRAFFIC SIGNAL,UNKNOWN,CLEAR,DAYLIGHT,REAR END,NOT DIVIDED,,STRAIGHT AND LEVEL,UNKNOWN,UNKNOWN,NOT ON SCENE (DESK REPORT),NO INJURY / DRIVE AWAY,Y,,,"OVER $1,500",11/09/2018 03:00:00 PM,FOLLOWING TOO CLOSELY,NOT APPLICABLE,4100,S,DR MARTIN LUTHER KING JR DR,213,,,,,,,2,NO INDICATION OF INJURY,0,0,0,0,0,3,0,14,6,11,41.820185923,-87.617042278,POINT (-87.617042278358 41.820185922545)
JB509800,,11/09/2018 01:50:00 PM,30,NO CONTROLS,NO CONTROLS,CLEAR,DAYLIGHT,REAR END,NOT DIVIDED,,STRAIGHT AND LEVEL,DRY,NO DEFECTS,NOT ON SCENE (DESK REPORT),NO INJURY / DRIVE AWAY,,,,"OVER $1,500",11/09/2018 02:40:00 PM,UNABLE TO DETERMINE,UNABLE TO DETERMINE,6103,N,LINCOLN AVE,1711,,,,,,,2,NO INDICATION OF INJURY,0,0,0,0,0,3,0,13,6,11,41.993111793,-87.711574451,POINT (-87.711574451411 41.9931117934)
JB509793,,11/09/2018 01:50:00 PM,30,NO CONTROLS,UNKNOWN,CLEAR,DAYLIGHT,SIDESWIPE SAME DIRECTION,NOT DIVIDED,2,STRAIGHT AND LEVEL,UNKNOWN,UNKNOWN,NOT ON SCENE (DESK REPORT),NO INJURY / DRIVE AWAY,,,Y,"$501 - $1,500",11/09/2018 01:53:00 PM,UNABLE TO DETERMINE,UNABLE TO DETERMINE,601,E,47TH ST,223,,,,,,,2,NO INDICATION OF INJURY,0,0,0,0,0,2,0,13,6,11,41.809353039,-87.61138797,POINT (-87.611387970047 41.809353039133)
JB509812,,11/09/2018 01:45:00 PM,15,NO CONTROLS,NO CONTROLS,CLEAR,DAYLIGHT,REAR END,PARKING LOT,4,STRAIGHT AND LEVEL,WET,UNKNOWN,NOT ON SCENE (DESK REPORT),NO INJURY / DRIVE AWAY,,Y,,"$501 - $1,500",11/09/2018 02:40:00 PM,"VISION OBSCURED (SIGNS, TREE LIMBS, BUILDINGS, ETC.)",UNABLE TO DETERMINE,7535,S,ASHLAND AVE,612,,,,,,,2,NO INDICATION OF INJURY,0,0,0,0,0,2,0,13,6,11,41.756545414,-87.663443853,POINT (-87.663443852852 41.756545414126)
JB509731,,11/09/2018 01:41:00 PM,30,NO CONTROLS,NO CONTROLS,CLEAR,DAYLIGHT,PARKED MOTOR VEHICLE,NOT DIVIDED,2,STRAIGHT AND LEVEL,DRY,NO DEFECTS,ON SCENE,INJURY AND / OR TOW DUE TO CRASH,,,,"$501 - $1,500",11/09/2018 01:41:00 PM,PHYSICAL CONDITION OF DRIVER,UNABLE TO DETERMINE,3805,N,BROADWAY,1925,,,,,,,2,NONINCAPACITATING INJURY,1,0,0,1,0,0,0,13,6,11,41.951390151,-87.649469468,POINT (-87.649469467943 41.951390150874)
JB509953,,11/09/2018 01:40:00 PM,30,TRAFFIC SIGNAL,FUNCTIONING PROPERLY,CLEAR,DAYLIGHT,PARKED MOTOR VEHICLE,ONE-WAY,,STRAIGHT AND LEVEL,DRY,NO DEFECTS,NOT ON SCENE (DESK REPORT),NO INJURY / DRIVE AWAY,,,,"OVER $1,500",11/09/2018 04:55:00 PM,NOT APPLICABLE,NOT APPLICABLE,550,W,JACKSON BLVD,121,,,,,,,2,NO INDICATION OF INJURY,0,0,0,0,0,1,0,13,6,11,41.878131818,-87.641585436,POINT (-87.641585436372 41.878131817732)
JB509733,,11/09/2018 01:39:00 PM,25,TRAFFIC SIGNAL,FUNCTIONING IMPROPERLY,CLEAR,DAYLIGHT,OTHER OBJECT,NOT DIVIDED,4,STRAIGHT AND LEVEL,DRY,NO DEFECTS,ON SCENE,INJURY AND / OR TOW DUE TO CRASH,Y,,Y,"OVER $1,500",11/09/2018 01:48:00 PM,IMPROPER OVERTAKING/PASSING,IMPROPER OVERTAKING/PASSING,7600,S,ASHLAND AVE,611,,,,,,,1,NO INDICATION OF INJURY,0,0,0,0,0,2,0,13,6,11,41.755719441,-87.663717784,POINT (-87.663717784195 41.755719440847)
JB509753,,11/09/2018 01:37:00 PM,30,NO CONTROLS,NO CONTROLS,CLEAR,DAYLIGHT,ANGLE,DIVIDED - W/MEDIAN (NOT RAISED),4,STRAIGHT AND LEVEL,DRY,NO DEFECTS,ON SCENE,INJURY AND / OR TOW DUE TO CRASH,,,,"OVER $1,500",11/09/2018 01:40:00 PM,IMPROPER TURNING/NO SIGNAL,NOT APPLICABLE,3956,W,IRVING PARK RD,1723,,,,,,,2,NONINCAPACITATING INJURY,1,0,0,1,0,1,0,13,6,11,41.953760725,-87.727401748,POINT (-87.727401747606 41.953760724864)
JB509781,,11/09/2018 01:35:00 PM,30,TRAFFIC SIGNAL,FUNCTIONING PROPERLY,CLEAR,DAYLIGHT,PEDESTRIAN,ONE-WAY,,STRAIGHT AND LEVEL,UNKNOWN,UNKNOWN,ON SCENE,INJURY AND / OR TOW DUE TO CRASH,Y,,Y,$500 OR LESS,11/09/2018 02:15:00 PM,NOT APPLICABLE,NOT APPLICABLE,33,W,83RD ST,622,,Y,,,,,2,"REPORTED, NOT EVIDENT",1,0,0,0,1,1,0,13,6,11,41.743524507,-87.625686855,POINT (-87.625686854985 41.743524507387)
JB509736,,11/09/2018 01:35:00 PM,35,OTHER,FUNCTIONING PROPERLY,CLEAR,DAYLIGHT,ANGLE,NOT DIVIDED,2,STRAIGHT AND LEVEL,DRY,UNKNOWN,ON SCENE,NO INJURY / DRIVE AWAY,Y,,,"OVER $1,500",11/09/2018 01:52:00 PM,FAILING TO REDUCE SPEED TO AVOID CRASH,UNABLE TO DETERMINE,1000,N,CLARK ST,1824,,,,,,,2,NO INDICATION OF INJURY,0,0,0,0,0,2,0,13,6,11,41.900615096,-87.631498753,POINT (-87.63149875311 41.900615096028)
JB511041,,11/09/2018 01:30:00 PM,20,NO CONTROLS,NO CONTROLS,CLEAR,DAYLIGHT,TURNING,NOT DIVIDED,1,STRAIGHT AND LEVEL,DRY,UNKNOWN,NOT ON SCENE (DESK REPORT),NO INJURY / DRIVE AWAY,,,,"OVER $1,500",11/10/2018 02:55:00 PM,IMPROPER LANE USAGE,UNABLE TO DETERMINE,6455,N,CAMPBELL AVE,2412,,,,,,,2,NO INDICATION OF INJURY,0,0,0,0,0,2,0,13,6,11,41.999301489,-87.692218693,POINT (-87.69221869275 41.999301489298)
JB509873,,11/09/2018 01:30:00 PM,25,NO CONTROLS,NO CONTROLS,CLEAR,DAYLIGHT,SIDESWIPE SAME DIRECTION,ONE-WAY,,STRAIGHT AND LEVEL,DRY,NO DEFECTS,NOT ON SCENE (DESK REPORT),NO INJURY / DRIVE AWAY,,,,"OVER $1,500",11/09/2018 03:45:00 PM,IMPROPER BACKING,IMPROPER BACKING,6498,N,CAMPBELL AVE,2412,,,,,,,2,NO INDICATION OF INJURY,0,0,0,0,0,3,0,13,6,11,41.999408761,-87.692516539,POINT (-87.692516538848 41.999408761374)
JB509858,,11/09/2018 01:30:00 PM,30,NO CONTROLS,NO CONTROLS,CLEAR,DAYLIGHT,PARKED MOTOR VEHICLE,ONE-WAY,,STRAIGHT AND LEVEL,DRY,UNKNOWN,NOT ON SCENE (DESK REPORT),NO INJURY / DRIVE AWAY,,,Y,"$501 - $1,500",11/09/2018 01:45:00 PM,UNABLE TO DETERMINE,NOT APPLICABLE,7744,S,MARSHFIELD AVE,611,,,,,,,2,NO INDICATION OF INJURY,0,0,0,0,0,1,0,13,6,11,41.752643402,-87.664854072,POINT (-87.664854072415 41.752643401509)
JB509758,,11/09/2018 01:30:00 PM,30,NO CONTROLS,NO CONTROLS,CLEAR,DAYLIGHT,SIDESWIPE SAME DIRECTION,NOT DIVIDED,,STRAIGHT AND LEVEL,DRY,NO DEFECTS,NOT ON SCENE (DESK REPORT),NO INJURY / DRIVE AWAY,,,,"$501 - $1,500",11/09/2018 02:11:00 PM,UNABLE TO DETERMINE,UNABLE TO DETERMINE,1900,W,CHICAGO AVE,1212,,,,,,,2,NO INDICATION OF INJURY,0,0,0,0,0,3,0,13,6,11,41.896059477,-87.67467547,POINT (-87.674675469582 41.896059477376)
JB509747,,11/09/2018 01:30:00 PM,30,TRAFFIC SIGNAL,FUNCTIONING PROPERLY,CLEAR,DAYLIGHT,TURNING,NOT DIVIDED,,STRAIGHT AND LEVEL,DRY,UNKNOWN,NOT ON SCENE (DESK REPORT),NO INJURY / DRIVE AWAY,,,Y,$500 OR LESS,11/09/2018 01:59:00 PM,IMPROPER TURNING/NO SIGNAL,IMPROPER TURNING/NO SIGNAL,3198,W,NORTH AVE,1421,,,,,,,2,NO INDICATION OF INJURY,0,0,0,0,0,2,0,13,6,11,41.910225263,-87.706896058,POINT (-87.706896058295 41.910225262502)
JB509739,,11/09/2018 01:30:00 PM,30,NO CONTROLS,NO CONTROLS,CLEAR,DAYLIGHT,SIDESWIPE SAME DIRECTION,NOT DIVIDED,2,STRAIGHT AND LEVEL,UNKNOWN,UNKNOWN,NOT ON SCENE (DESK REPORT),NO INJURY / DRIVE AWAY,,,,"$501 - $1,500",11/09/2018 01:44:00 PM,IMPROPER BACKING,IMPROPER BACKING,4401,N,HAZEL ST,1914,,,,,,,2,NO INDICATION OF INJURY,0,0,0,0,0,4,0,13,6,11,41.961858453,-87.652182401,POINT (-87.652182401217 41.961858452999)
JB509796,,11/09/2018 01:29:00 PM,20,NO CONTROLS,NO CONTROLS,CLEAR,DAYLIGHT,PARKED MOTOR VEHICLE,PARKING LOT,,STRAIGHT AND LEVEL,WET,UNKNOWN,NOT ON SCENE (DESK REPORT),NO INJURY / DRIVE AWAY,,,,"$501 - $1,500",11/09/2018 02:40:00 PM,IMPROPER OVERTAKING/PASSING,UNABLE TO DETERMINE,2616,E,126TH ST,433,,,,,,,2,NO INDICATION OF INJURY,0,0,0,0,0,1,0,13,6,11,,,
JB509725,,11/09/2018 01:26:00 PM,30,NO CONTROLS,NO CONTROLS,CLEAR,DAYLIGHT,SIDESWIPE SAME DIRECTION,DIVIDED - W/MEDIAN (NOT RAISED),,STRAIGHT AND LEVEL,DRY,NO DEFECTS,ON SCENE,INJURY AND / OR TOW DUE TO CRASH,,,,"OVER $1,500",11/09/2018 01:27:00 PM,FAILING TO YIELD RIGHT-OF-WAY,IMPROPER OVERTAKING/PASSING,3800,S,RACINE AVE,912,,,,,,,2,NO INDICATION OF INJURY,0,0,0,0,0,5,0,13,6,11,41.824978831,-87.655765935,POINT (-87.655765935158 41.824978830509)
JB509783,,11/09/2018 01:10:00 PM,30,TRAFFIC SIGNAL,FUNCTIONING PROPERLY,CLEAR,DAYLIGHT,FIXED OBJECT,NOT DIVIDED,3,"CURVE, LEVEL",DRY,NO DEFECTS,ON SCENE,NO INJURY / DRIVE AWAY,,,,$500 OR LESS,11/09/2018 01:15:00 PM,PHYSICAL CONDITION OF DRIVER,NOT APPLICABLE,5742,N,ASHLAND AVE,2012,,,,,,,1,NO INDICATION OF INJURY,0,0,0,0,0,1,0,13,6,11,41.986345057,-87.669988606,POINT (-87.669988606118 41.986345056788)
JB510029,Y,11/09/2018 01:00:00 PM,30,TRAFFIC SIGNAL,FUNCTIONING PROPERLY,CLEAR,DAYLIGHT,REAR END,NOT DIVIDED,,STRAIGHT AND LEVEL,WET,NO DEFECTS,NOT ON SCENE (DESK REPORT),NO INJURY / DRIVE AWAY,Y,,,"OVER $1,500",11/09/2018 05:41:00 PM,UNABLE TO DETERMINE,UNABLE TO DETERMINE,3000,S,ASHLAND AVE,912,,,,,,,2,NO INDICATION OF INJURY,0,0,0,0,0,2,0,13,6,11,41.839299957,-87.665935242,POINT (-87.665935241919 41.839299957339)
JB509746,,11/09/2018 01:00:00 PM,30,TRAFFIC SIGNAL,FUNCTIONING PROPERLY,CLEAR,DAYLIGHT,SIDESWIPE SAME DIRECTION,ONE-WAY,3,STRAIGHT AND LEVEL,DRY,NO DEFECTS,NOT ON SCENE (DESK REPORT),NO INJURY / DRIVE AWAY,,,,$500 OR LESS,11/09/2018 01:45:00 PM,UNABLE TO DETERMINE,UNABLE TO DETERMINE,50,E,GRAND AVE,1834,,,,,,,2,NO INDICATION OF INJURY,0,0,0,0,0,2,0,13,6,11,41.891805483,-87.626089378,POINT (-87.626089378443 41.891805483488)
JB510735,,11/09/2018 12:53:00 PM,30,TRAFFIC SIGNAL,FUNCTIONING PROPERLY,CLEAR,DAYLIGHT,SIDESWIPE SAME DIRECTION,NOT DIVIDED,,STRAIGHT AND LEVEL,DRY,NO DEFECTS,NOT ON SCENE (DESK REPORT),NO INJURY / DRIVE AWAY,,,,"OVER $1,500",11/10/2018 10:30:00 AM,UNABLE TO DETERMINE,UNABLE TO DETERMINE,4343,N,KEDZIE AVE,1724,,,,,,,2,NO INDICATION OF INJURY,0,0,0,0,0,4,0,12,6,11,41.960645883,-87.708081509,POINT (-87.708081509175 41.960645883331)
JB509751,,11/09/2018 12:50:00 PM,30,NO CONTROLS,NO CONTROLS,CLEAR,DAYLIGHT,REAR END,NOT DIVIDED,2,STRAIGHT AND LEVEL,DRY,NO DEFECTS,NOT ON SCENE (DESK REPORT),NO INJURY / DRIVE AWAY,,,,"OVER $1,500",11/09/2018 02:00:00 PM,FOLLOWING TOO CLOSELY,NOT APPLICABLE,1500,S,DAMEN AVE,1233,,,,,,,2,NO INDICATION OF INJURY,0,0,0,0,0,2,0,12,6,11,41.861228404,-87.676255088,POINT (-87.676255088214 41.861228404437)
JB509729,,11/09/2018 12:50:00 PM,30,TRAFFIC SIGNAL,FUNCTIONING PROPERLY,CLEAR,DAYLIGHT,SIDESWIPE SAME DIRECTION,ONE-WAY,,STRAIGHT AND LEVEL,DRY,UNKNOWN,NOT ON SCENE (DESK REPORT),NO INJURY / DRIVE AWAY,,,Y,$500 OR LESS,11/09/2018 01:30:00 PM,IMPROPER LANE USAGE,NOT APPLICABLE,9900,S,HALSTED ST,2232,,,,,,,2,NO INDICATION OF INJURY,0,0,0,0,0,3,0,12,6,11,41.714118868,-87.643145408,POINT (-87.643145408182 41.71411886809)