RD_NO,CRASH_DATE_EST_I,CRASH_DATE,POSTED_SPEED_LIMIT,TRAFFIC_CONTROL_DEVICE,DEVICE_CONDITION,WEATHER_CONDITION,LIGHTING_CONDITION,FIRST_CRASH_TYPE,TRAFFICWAY_TYPE,LANE_CNT,ALIGNMENT,ROADWAY_SURFACE_COND,ROAD_DEFECT,REPORT_TYPE,CRASH_TYPE,INTERSECTION_RELATED_I,NOT_RIGHT_OF_WAY_I,HIT_AND_RUN_I,DAMAGE,DATE_POLICE_NOTIFIED,PRIM_CONTRIBUTORY_CAUSE,SEC_CONTRIBUTORY_CAUSE,STREET_NO,STREET_DIRECTION,STREET_NAME,BEAT_OF_OCCURRENCE,PHOTOS_TAKEN_I,STATEMENTS_TAKEN_I,DOORING_I,WORK_ZONE_I,WORK_ZONE_TYPE,WORKERS_PRESENT_I,NUM_UNITS,MOST_SEVERE_INJURY,INJURIES_TOTAL,INJURIES_FATAL,INJURIES_INCAPACITATING,INJURIES_NON_INCAPACITATING,INJURIES_REPORTED_NOT_EVIDENT,INJURIES_NO_INDICATION,INJURIES_UNKNOWN,CRASH_HOUR,CRASH_DAY_OF_WEEK,CRASH_MONTH,LATITUDE,LONGITUDE,LOCATION
JB509697,,11/09/2018 12:42:00 PM,30,STOP SIGN/FLASHER,FUNCTIONING PROPERLY,CLEAR,DAYLIGHT,TURNING,DIVIDED - W/MEDIAN BARRIER,2,STRAIGHT AND LEVEL,WET,NO DEFECTS,ON SCENE,INJURY AND / OR TOW DUE TO CRASH,Y,,,"OVER $1,500",11/09/2018 12:48:00 PM,FAILING TO YIELD RIGHT-OF-WAY,FAILING TO YIELD RIGHT-OF-WAY,11700,S,HALSTED ST,524,,Y,,,,,2,NONINCAPACITATING INJURY,2,0,0,2,0,1,0,12,6,11,41.681404566,-87.642175458,POINT (-87.642175457921 41.681404565804)
JB509713,,11/09/2018 12:40:00 PM,30,NO CONTROLS,NO CONTROLS,CLEAR,DAYLIGHT,TURNING,DIVIDED - W/MEDIAN (NOT RAISED),4,STRAIGHT AND LEVEL,DRY,NO DEFECTS,ON SCENE,INJURY AND / OR TOW DUE TO CRASH,,,,"OVER $1,500",11/09/2018 12:46:00 PM,FAILING TO YIELD RIGHT-OF-WAY,IMPROPER LANE USAGE,4108,W,DIVISION ST,2534,,,,,,,2,NONINCAPACITATING INJURY,1,0,0,1,0,1,0,12,6,11,41.902735483,-87.729168241,POINT (-87.72916824106 41.902735483141)
JB509716,,11/09/2018 12:35:00 PM,30,NO CONTROLS,NO CONTROLS,CLEAR,DAYLIGHT,PARKED MOTOR VEHICLE,NOT DIVIDED,2,STRAIGHT AND LEVEL,DRY,UNKNOWN,NOT ON SCENE (DESK REPORT),NO INJURY / DRIVE AWAY,,,,"OVER $1,500",11/09/2018 01:15:00 PM,IMPROPER OVERTAKING/PASSING,NOT APPLICABLE,3030,N,BROADWAY,1934,,,,,,,2,NO INDICATION OF INJURY,0,0,0,0,0,1,0,12,6,11,41.937338437,-87.644456472,POINT (-87.644456471505 41.937338437309)
JB509674,,11/09/2018 12:35:00 PM,30,TRAFFIC SIGNAL,FUNCTIONING PROPERLY,CLOUDY/OVERCAST,DAYLIGHT,REAR END,DIVIDED - W/MEDIAN (NOT RAISED),,STRAIGHT AND LEVEL,WET,NO DEFECTS,ON SCENE,INJURY AND / OR TOW DUE TO CRASH,,,,"OVER $1,500",11/09/2018 12:40:00 PM,FAILING TO REDUCE SPEED TO AVOID CRASH,UNABLE TO DETERMINE,7042,W,FOSTER AVE,1613,,,,,,,2,NONINCAPACITATING INJURY,1,0,0,1,0,1,0,12,6,11,41.975627771,-87.804189192,POINT (-87.804189191523 41.975627771317)
JB509663,,11/09/2018 12:35:00 PM,35,TRAFFIC SIGNAL,FUNCTIONING PROPERLY,CLEAR,DAYLIGHT,REAR END,NOT DIVIDED,5,STRAIGHT ON GRADE,DRY,NO DEFECTS,NOT ON SCENE (DESK REPORT),NO INJURY / DRIVE AWAY,Y,,,"$501 - $1,500",11/09/2018 12:40:00 PM,UNABLE TO DETERMINE,UNABLE TO DETERMINE,6345,N,CLARK ST,2433,,,,,,,2,NO INDICATION OF INJURY,0,0,0,0,0,2,0,12,6,11,41.997586711,-87.670310925,POINT (-87.670310925196 41.997586711061)
JB509719,,11/09/2018 12:30:00 PM,30,TRAFFIC SIGNAL,FUNCTIONING PROPERLY,CLOUDY/OVERCAST,DAYLIGHT,REAR END,NOT DIVIDED,4,STRAIGHT AND LEVEL,DRY,NO DEFECTS,NOT ON SCENE (DESK REPORT),NO INJURY / DRIVE AWAY,Y,,,"$501 - $1,500",11/09/2018 01:12:00 PM,UNABLE TO DETERMINE,FAILING TO REDUCE SPEED TO AVOID CRASH,8300,S,VINCENNES AVE,622,,,,,,,2,NO INDICATION OF INJURY,0,0,0,0,0,2,0,12,6,11,41.743504558,-87.636662798,POINT (-87.636662798126 41.743504557606)
JB509702,,11/09/2018 12:20:00 PM,30,NO CONTROLS,NO CONTROLS,CLEAR,DAYLIGHT,REAR END,NOT DIVIDED,,STRAIGHT AND LEVEL,DRY,NO DEFECTS,NOT ON SCENE (DESK REPORT),NO INJURY / DRIVE AWAY,,,,"OVER $1,500",11/09/2018 01:20:00 PM,DRIVING SKILLS/KNOWLEDGE/EXPERIENCE,NOT APPLICABLE,2159,W,BELMONT AVE,1931,,,,,,,2,NO INDICATION OF INJURY,0,0,0,0,0,2,0,12,6,11,41.939404859,-87.683077146,POINT (-87.68307714602 41.939404858529)
JB509721,,11/09/2018 12:15:00 PM,10,NO CONTROLS,NO CONTROLS,CLEAR,DAYLIGHT,PARKED MOTOR VEHICLE,PARKING LOT,1,STRAIGHT AND LEVEL,DRY,UNKNOWN,NOT ON SCENE (DESK REPORT),NO INJURY / DRIVE AWAY,,Y,,"$501 - $1,500",11/09/2018 01:25:00 PM,IMPROPER OVERTAKING/PASSING,DRIVING SKILLS/KNOWLEDGE/EXPERIENCE,3640,N,HALSTED ST,1923,,,,,,,2,NO INDICATION OF INJURY,0,0,0,0,0,1,0,12,6,11,41.948519803,-87.649670125,POINT (-87.649670124865 41.948519803033)
JB509652,,11/09/2018 12:15:00 PM,30,TRAFFIC SIGNAL,FUNCTIONING PROPERLY,CLOUDY/OVERCAST,DAYLIGHT,PEDESTRIAN,OTHER,0,STRAIGHT AND LEVEL,WET,NO DEFECTS,ON SCENE,INJURY AND / OR TOW DUE TO CRASH,Y,,,"$501 - $1,500",11/09/2018 12:30:00 PM,"VISION OBSCURED (SIGNS, TREE LIMBS, BUILDINGS, ETC.)",UNABLE TO DETERMINE,1000,W,RANDOLPH ST,1224,,,,,,,2,NONINCAPACITATING INJURY,1,0,0,1,0,1,0,12,6,11,41.884434965,-87.652165547,POINT (-87.652165546708 41.884434964928)
JB509629,,11/09/2018 12:07:00 PM,30,NO CONTROLS,NO CONTROLS,CLEAR,DAYLIGHT,TURNING,DIVIDED - W/MEDIAN BARRIER,,STRAIGHT AND LEVEL,WET,NO DEFECTS,ON SCENE,INJURY AND / OR TOW DUE TO CRASH,Y,,,"OVER $1,500",11/09/2018 12:07:00 PM,IMPROPER TURNING/NO SIGNAL,FAILING TO YIELD RIGHT-OF-WAY,1438,W,95TH ST,2222,,,,,,,2,"REPORTED, NOT EVIDENT",1,0,0,0,1,1,0,12,6,11,41.721364144,-87.659415086,POINT (-87.659415085995 41.72136414426)
JB509664,,11/09/2018 12:05:00 PM,30,TRAFFIC SIGNAL,FUNCTIONING PROPERLY,CLEAR,DAYLIGHT,PEDESTRIAN,NOT DIVIDED,,STRAIGHT AND LEVEL,DRY,NO DEFECTS,ON SCENE,INJURY AND / OR TOW DUE TO CRASH,Y,,,$500 OR LESS,11/09/2018 12:05:00 PM,"VISION OBSCURED (SIGNS, TREE LIMBS, BUILDINGS, ETC.)",NOT APPLICABLE,1000,S,CANAL ST,124,,,,,,,2,"REPORTED, NOT EVIDENT",1,0,0,0,1,1,0,12,6,11,41.869714098,-87.63942226,POINT (-87.639422259758 41.869714097949)
JB512225,,11/09/2018 12:00:00 PM,30,TRAFFIC SIGNAL,FUNCTIONING PROPERLY,CLEAR,DAYLIGHT,REAR END,NOT DIVIDED,,STRAIGHT AND LEVEL,DRY,NO DEFECTS,NOT ON SCENE (DESK REPORT),NO INJURY / DRIVE AWAY,,,,"OVER $1,500",11/11/2018 04:52:00 PM,UNABLE TO DETERMINE,UNABLE TO DETERMINE,10301,S,WALDEN PKWY,2212,,,,,,,2,NO INDICATION OF INJURY,0,0,0,0,0,3,0,12,6,11,41.706478317,-87.668977287,POINT (-87.668977286921 41.706478316636)
JB510770,,11/09/2018 12:00:00 PM,30,TRAFFIC SIGNAL,FUNCTIONING PROPERLY,CLEAR,DAYLIGHT,SIDESWIPE SAME DIRECTION,NOT DIVIDED,,STRAIGHT AND LEVEL,DRY,NO DEFECTS,NOT ON SCENE (DESK REPORT),NO INJURY / DRIVE AWAY,Y,,Y,"OVER $1,500",11/10/2018 11:00:00 AM,FAILING TO YIELD RIGHT-OF-WAY,NOT APPLICABLE,3720,W,WINDSOR AVE,1723,,,,,,,2,NO INDICATION OF INJURY,0,0,0,0,0,2,0,12,6,11,41.963868371,-87.721525232,POINT (-87.721525232051 41.96386837102)
JB509639,,11/09/2018 11:50:00 AM,30,NO CONTROLS,NO CONTROLS,CLEAR,DAYLIGHT,SIDESWIPE SAME DIRECTION,NOT DIVIDED,2,STRAIGHT AND LEVEL,WET,NO DEFECTS,NOT ON SCENE (DESK REPORT),NO INJURY / DRIVE AWAY,,,Y,"$501 - $1,500",11/09/2018 12:45:00 PM,UNABLE TO DETERMINE,UNABLE TO DETERMINE,2323,W,111TH ST,2212,,,,,,,2,NO INDICATION OF INJURY,0,0,0,0,0,2,0,11,6,11,41.691679204,-87.679779173,POINT (-87.679779172526 41.691679204031)
JB509626,,11/09/2018 11:47:00 AM,30,TRAFFIC SIGNAL,FUNCTIONING PROPERLY,CLEAR,DAYLIGHT,REAR END,NOT DIVIDED,2,STRAIGHT AND LEVEL,DRY,NO DEFECTS,ON SCENE,NO INJURY / DRIVE AWAY,,,Y,"OVER $1,500",11/09/2018 11:49:00 AM,FAILING TO REDUCE SPEED TO AVOID CRASH,UNABLE TO DETERMINE,1758,W,DIVISION ST,1424,,,,,,,2,NO INDICATION OF INJURY,0,0,0,0,0,2,0,11,6,11,41.903377577,-87.672323559,POINT (-87.67232355948 41.903377577452)
JB509612,N,11/09/2018 11:46:00 AM,20,NO CONTROLS,NO CONTROLS,SNOW,DAYLIGHT,REAR END,NOT DIVIDED,2,STRAIGHT AND LEVEL,SNOW OR SLUSH,NO DEFECTS,ON SCENE,NO INJURY / DRIVE AWAY,,,,$500 OR LESS,11/09/2018 12:01:00 PM,UNABLE TO DETERMINE,NOT APPLICABLE,1848,N,CAMPBELL AVE,1434,,,,,,,2,NO INDICATION OF INJURY,0,0,0,0,0,1,0,11,6,11,41.915401547,-87.689946386,POINT (-87.689946386366 41.915401547479)
JB511074,,11/09/2018 11:40:00 AM,20,NO CONTROLS,NO CONTROLS,RAIN,DAYLIGHT,PARKED MOTOR VEHICLE,NOT DIVIDED,1,STRAIGHT AND LEVEL,WET,NO DEFECTS,NOT ON SCENE (DESK REPORT),NO INJURY / DRIVE AWAY,,,Y,"$501 - $1,500",11/10/2018 03:25:00 PM,UNABLE TO DETERMINE,UNABLE TO DETERMINE,2902,W,86TH PL,835,,,,,,,3,NO INDICATION OF INJURY,0,0,0,0,0,1,0,11,6,11,41.736362174,-87.69488288,POINT (-87.694882879509 41.736362173535)
JB509638,,11/09/2018 11:40:00 AM,30,TRAFFIC SIGNAL,NOT FUNCTIONING,CLEAR,DAYLIGHT,REAR END,DIVIDED - W/MEDIAN (NOT RAISED),2,STRAIGHT AND LEVEL,DRY,NO DEFECTS,ON SCENE,NO INJURY / DRIVE AWAY,,,,"OVER $1,500",11/09/2018 12:12:00 PM,FOLLOWING TOO CLOSELY,NOT APPLICABLE,4758,W,MONTROSE AVE,1722,,,,,,,2,NO INDICATION OF INJURY,0,0,0,0,0,2,0,11,6,11,41.960832971,-87.747485562,POINT (-87.747485561937 41.960832970784)
JB509562,,11/09/2018 11:38:00 AM,30,TRAFFIC SIGNAL,FUNCTIONING PROPERLY,SNOW,DAYLIGHT,PARKED MOTOR VEHICLE,NOT DIVIDED,2,STRAIGHT AND LEVEL,WET,NO DEFECTS,ON SCENE,NO INJURY / DRIVE AWAY,,,Y,"OVER $1,500",11/09/2018 11:38:00 AM,UNABLE TO DETERMINE,UNABLE TO DETERMINE,803,W,29TH ST,913,,,,,,,2,NO INDICATION OF INJURY,0,0,0,0,0,1,0,11,6,11,41.841514908,-87.646568164,POINT (-87.646568164321 41.841514907562)
JB590632,,11/09/2018 11:30:00 AM,30,NO CONTROLS,NO CONTROLS,RAIN,DAYLIGHT,REAR END,ONE-WAY,3,STRAIGHT AND LEVEL,WET,NO DEFECTS,NOT ON SCENE (DESK REPORT),NO INJURY / DRIVE AWAY,,,Y,"OVER $1,500",11/09/2018 12:05:00 PM,FOLLOWING TOO CLOSELY,FOLLOWING TOO CLOSELY,301,N,CLARK ST,1831,,,,,,,2,NO INDICATION OF INJURY,0,0,0,0,0,2,0,11,6,11,41.887498127,-87.63087577,POINT (-87.630875769922 41.887498126511)
JB509768,,11/09/2018 11:30:00 AM,30,NO CONTROLS,NO CONTROLS,SNOW,DAYLIGHT,PARKED MOTOR VEHICLE,NOT DIVIDED,,STRAIGHT AND LEVEL,WET,NO DEFECTS,NOT ON SCENE (DESK REPORT),NO INJURY / DRIVE AWAY,,,,"OVER $1,500",11/09/2018 02:20:00 PM,UNABLE TO DETERMINE,NOT APPLICABLE,8545,W,GREGORY ST,1614,,,,,,,2,NO INDICATION OF INJURY,0,0,0,0,0,1,0,11,6,11,41.980028395,-87.840855832,POINT (-87.840855831603 41.980028394734)
JB509568,,11/09/2018 11:25:00 AM,30,LANE USE MARKING,FUNCTIONING PROPERLY,SNOW,DAYLIGHT,SIDESWIPE OPPOSITE DIRECTION,DIVIDED - W/MEDIAN (NOT RAISED),,"CURVE, LEVEL",SNOW OR SLUSH,NO DEFECTS,ON SCENE,NO INJURY / DRIVE AWAY,,,,"OVER $1,500",11/09/2018 11:35:00 AM,WEATHER,NOT APPLICABLE,2758,W,31ST BLVD,1034,,,,,,,2,NO INDICATION OF INJURY,0,0,0,0,0,3,0,11,6,11,41.838200195,-87.694028551,POINT (-87.694028551358 41.838200194817)
JB509477,,11/09/2018 11:22:00 AM,35,TRAFFIC SIGNAL,FUNCTIONING PROPERLY,RAIN,DAYLIGHT,REAR END,NOT DIVIDED,8,STRAIGHT AND LEVEL,WET,UNKNOWN,ON SCENE,NO INJURY / DRIVE AWAY,,,Y,"$501 - $1,500",11/09/2018 11:35:00 AM,"OPERATING VEHICLE IN ERRATIC, RECKLESS, CARELESS, NEGLIGENT OR AGGRESSIVE MANNER",NOT APPLICABLE,9458,S,STONY ISLAND AVE,413,,,,,,,2,NO INDICATION OF INJURY,0,0,0,0,0,5,0,11,6,11,41.722374362,-87.585276274,POINT (-87.585276274136 41.722374362261)
JB509643,,11/09/2018 11:15:00 AM,35,STOP SIGN/FLASHER,FUNCTIONING PROPERLY,RAIN,DAYLIGHT,REAR END,DIVIDED - W/MEDIAN (NOT RAISED),2,STRAIGHT AND LEVEL,WET,NO DEFECTS,NOT ON SCENE (DESK REPORT),NO INJURY / DRIVE AWAY,,,,$500 OR LESS,11/09/2018 12:00:00 PM,IMPROPER LANE USAGE,NOT APPLICABLE,1909,W,OGDEN AVE,1231,,,,,,,2,NO INDICATION OF INJURY,0,0,0,0,0,2,0,11,6,11,41.874463025,-87.674189566,POINT (-87.674189566435 41.87446302531)
JB509619,,11/09/2018 11:15:00 AM,40,NO CONTROLS,NO CONTROLS,CLOUDY/OVERCAST,DAYLIGHT,REAR END,DIVIDED - W/MEDIAN BARRIER,8,STRAIGHT ON GRADE,WET,NO DEFECTS,ON SCENE,INJURY AND / OR TOW DUE TO CRASH,,,,"OVER $1,500",11/09/2018 11:17:00 AM,FOLLOWING TOO CLOSELY,DRIVING SKILLS/KNOWLEDGE/EXPERIENCE,1600,N,LAKE SHORE DR NB,1814,,,,,,,2,NO INDICATION OF INJURY,0,0,0,0,0,2,0,11,6,11,41.911304488,-87.625878603,POINT (-87.625878603169 41.91130448787)
JB509575,,11/09/2018 11:13:00 AM,30,TRAFFIC SIGNAL,FUNCTIONING PROPERLY,CLEAR,DAYLIGHT,SIDESWIPE SAME DIRECTION,DIVIDED - W/MEDIAN (NOT RAISED),4,STRAIGHT AND LEVEL,WET,NO DEFECTS,NOT ON SCENE (DESK REPORT),NO INJURY / DRIVE AWAY,,,,"OVER $1,500",11/09/2018 11:40:00 AM,IMPROPER OVERTAKING/PASSING,NOT APPLICABLE,10244,S,WESTERN AVE,2211,,,,,,,2,NO INDICATION OF INJURY,0,0,0,0,0,2,0,11,6,11,41.70686105,-87.681781907,POINT (-87.68178190724 41.706861049881)
JB509538,,11/09/2018 11:13:00 AM,30,TRAFFIC SIGNAL,FUNCTIONING PROPERLY,RAIN,DAYLIGHT,REAR END,NOT DIVIDED,2,STRAIGHT AND LEVEL,WET,UNKNOWN,ON SCENE,NO INJURY / DRIVE AWAY,,,,"OVER $1,500",11/09/2018 11:14:00 AM,EQUIPMENT - VEHICLE CONDITION,NOT APPLICABLE,1000,E,43RD ST,214,,,,,,,2,NO INDICATION OF INJURY,0,0,0,0,0,4,0,11,6,11,41.816981196,-87.601794086,POINT (-87.601794086228 41.816981196207)
JB509549,,11/09/2018 11:12:00 AM,5,NO CONTROLS,NO CONTROLS,SNOW,DUSK,PARKED MOTOR VEHICLE,PARKING LOT,,STRAIGHT AND LEVEL,WET,NO DEFECTS,ON SCENE,NO INJURY / DRIVE AWAY,,,,"$501 - $1,500",11/09/2018 11:13:00 AM,NOT APPLICABLE,NOT APPLICABLE,1400,S,LYNN WHITE DR,132,,,,,,,2,NO INDICATION OF INJURY,0,0,0,0,0,1,0,11,6,11,41.863800798,-87.609371664,POINT (-87.609371664482 41.863800797749)
JB509556,,11/09/2018 11:06:00 AM,30,TRAFFIC SIGNAL,FUNCTIONING PROPERLY,RAIN,DAYLIGHT,ANGLE,NOT DIVIDED,2,STRAIGHT AND LEVEL,WET,NO DEFECTS,ON SCENE,NO INJURY / DRIVE AWAY,Y,,,"OVER $1,500",11/09/2018 11:08:00 AM,DISREGARDING TRAFFIC SIGNALS,IMPROPER LANE USAGE,2000,E,71ST ST,331,,,,,,,2,NO INDICATION OF INJURY,0,0,0,0,0,2,0,11,6,11,41.766354157,-87.576243137,POINT (-87.576243136959 41.766354157076)
JB509579,,11/09/2018 11:04:00 AM,35,NO CONTROLS,NO CONTROLS,CLEAR,DAYLIGHT,REAR END,ONE-WAY,3,STRAIGHT AND LEVEL,WET,NO DEFECTS,NOT ON SCENE (DESK REPORT),NO INJURY / DRIVE AWAY,,,,$500 OR LESS,11/09/2018 11:45:00 AM,FOLLOWING TOO CLOSELY,NOT APPLICABLE,558,E,ILLINOIS ST,1834,,,,,,,2,NO INDICATION OF INJURY,0,0,0,0,0,2,0,11,6,11,41.891250544,-87.611681226,POINT (-87.611681225862 41.891250543746)
JB509534,,11/09/2018 11:03:00 AM,30,TRAFFIC SIGNAL,FUNCTIONING PROPERLY,SNOW,DAYLIGHT,SIDESWIPE SAME DIRECTION,DIVIDED - W/MEDIAN (NOT RAISED),,STRAIGHT ON GRADE,WET,NO DEFECTS,ON SCENE,NO INJURY / DRIVE AWAY,,,,"OVER $1,500",11/09/2018 11:03:00 AM,UNABLE TO DETERMINE,NOT APPLICABLE,3602,N,ELSTON AVE,1733,,,,,,,2,NO INDICATION OF INJURY,0,0,0,0,0,2,0,11,6,11,41.946612904,-87.709045926,POINT (-87.709045926433 41.946612903511)
JB509592,,11/09/2018 11:00:00 AM,35,NO CONTROLS,NO CONTROLS,SNOW,DAYLIGHT,REAR END,NOT DIVIDED,4,STRAIGHT AND LEVEL,WET,NO DEFECTS,ON SCENE,INJURY AND / OR TOW DUE TO CRASH,,,,"OVER $1,500",11/09/2018 11:45:00 AM,EQUIPMENT - VEHICLE CONDITION,FAILING TO REDUCE SPEED TO AVOID CRASH,5625,N,BROADWAY,2022,,,,,,,2,"REPORTED, NOT EVIDENT",1,0,0,0,1,2,0,11,6,11,41.98440216,-87.65994556,POINT (-87.659945559696 41.984402160261)
JB509554,,11/09/2018 11:00:00 AM,25,NO CONTROLS,NO CONTROLS,RAIN,DAWN,TURNING,DIVIDED - W/MEDIAN (NOT RAISED),,STRAIGHT AND LEVEL,WET,NO DEFECTS,NOT ON SCENE (DESK REPORT),NO INJURY / DRIVE AWAY,Y,,,"OVER $1,500",11/09/2018 11:30:00 AM,NOT APPLICABLE,NOT APPLICABLE,4860,W,ARMITAGE AVE,2522,,,,,,,2,NO INDICATION OF INJURY,0,0,0,0,0,2,0,11,6,11,41.917011857,-87.748474393,POINT (-87.748474393143 41.917011857123)
JB509545,,11/09/2018 11:00:00 AM,35,STOP SIGN/FLASHER,FUNCTIONING PROPERLY,RAIN,DAYLIGHT,ANGLE,NOT DIVIDED,2,STRAIGHT AND LEVEL,WET,NO DEFECTS,ON SCENE,INJURY AND / OR TOW DUE TO CRASH,Y,,,"OVER $1,500",11/09/2018 11:05:00 AM,DISREGARDING STOP SIGN,EXCEEDING SAFE SPEED FOR CONDITIONS,400,N,HALSTED ST,1214,,,,,,,2,NO INDICATION OF INJURY,0,0,0,0,0,2,0,11,6,11,41.889088352,-87.647730922,POINT (-87.647730922457 41.889088352382)
JB509510,,11/09/2018 10:50:00 AM,15,NO CONTROLS,NO CONTROLS,SNOW,DAYLIGHT,FIXED OBJECT,ALLEY,,STRAIGHT AND LEVEL,WET,NO DEFECTS,NOT ON SCENE (DESK REPORT),NO INJURY / DRIVE AWAY,,Y,,"$501 - $1,500",11/09/2018 11:00:00 AM,NOT APPLICABLE,NOT APPLICABLE,511,N,OAKLEY BLVD,1221,,,,,,,1,NO INDICATION OF INJURY,0,0,0,0,0,1,0,10,6,11,41.891100957,-87.684114893,POINT (-87.684114893354 41.891100957488)
JB509481,,11/09/2018 10:40:00 AM,25,LANE USE MARKING,NO CONTROLS,CLOUDY/OVERCAST,DAYLIGHT,SIDESWIPE SAME DIRECTION,OTHER,5,STRAIGHT AND LEVEL,WET,NO DEFECTS,ON SCENE,INJURY AND / OR TOW DUE TO CRASH,,,,"OVER $1,500",11/09/2018 10:45:00 AM,DISREGARDING ROAD MARKINGS,DISREGARDING ROAD MARKINGS,639,W,OHARE ST,1651,,,,,,,2,"REPORTED, NOT EVIDENT",2,0,0,0,2,2,0,10,6,11,,,
JB509496,,11/09/2018 10:30:00 AM,30,NO CONTROLS,NO CONTROLS,SNOW,DAYLIGHT,TURNING,NOT DIVIDED,4,STRAIGHT AND LEVEL,WET,NO DEFECTS,ON SCENE,NO INJURY / DRIVE AWAY,Y,,,"OVER $1,500",11/09/2018 10:30:00 AM,UNABLE TO DETERMINE,UNABLE TO DETERMINE,7300,W,TOUHY AVE,1611,,,,,,,4,NO INDICATION OF INJURY,0,0,0,0,0,5,0,10,6,11,42.011761011,-87.809165694,POINT (-87.80916569419 42.011761011208)
JB509482,,11/09/2018 10:25:00 AM,35,TRAFFIC SIGNAL,FUNCTIONING PROPERLY,SLEET/HAIL,DAYLIGHT,REAR END,NOT DIVIDED,4,STRAIGHT AND LEVEL,WET,NO DEFECTS,ON SCENE,INJURY AND / OR TOW DUE TO CRASH,N,,Y,"OVER $1,500",11/09/2018 10:35:00 AM,ANIMAL,UNABLE TO DETERMINE,3102,W,PETERSON AVE,2413,,,,,,,4,NO INDICATION OF INJURY,0,0,0,0,0,7,0,10,6,11,41.990507137,-87.706847671,POINT (-87.706847671377 41.990507137269)
JB509546,,11/09/2018 10:15:00 AM,30,TRAFFIC SIGNAL,FUNCTIONING PROPERLY,RAIN,DAYLIGHT,SIDESWIPE SAME DIRECTION,ONE-WAY,,STRAIGHT AND LEVEL,WET,NO DEFECTS,NOT ON SCENE (DESK REPORT),NO INJURY / DRIVE AWAY,,,,"$501 - $1,500",11/09/2018 11:00:00 AM,UNABLE TO DETERMINE,NOT APPLICABLE,4654,S,LA SALLE ST,215,,,,,,,2,NO INDICATION OF INJURY,0,0,0,0,0,2,0,10,6,11,,,
JB509489,,11/09/2018 10:15:00 AM,30,TRAFFIC SIGNAL,FUNCTIONING PROPERLY,SLEET/HAIL,DAYLIGHT,SIDESWIPE SAME DIRECTION,DIVIDED - W/MEDIAN BARRIER,,"CURVE, LEVEL",WET,NO DEFECTS,ON SCENE,NO INJURY / DRIVE AWAY,,,,"OVER $1,500",11/09/2018 10:20:00 AM,IMPROPER LANE USAGE,IMPROPER OVERTAKING/PASSING,5929,N,CLARK ST,2013,,,,,,,2,NO INDICATION OF INJURY,0,0,0,0,0,3,0,10,6,11,41.98929653,-87.669809049,POINT (-87.669809048683 41.989296530396)
JB509467,,11/09/2018 10:12:00 AM,30,TRAFFIC SIGNAL,FUNCTIONING PROPERLY,SNOW,DAYLIGHT,TURNING,NOT DIVIDED,4,STRAIGHT AND LEVEL,WET,NO DEFECTS,ON SCENE,NO INJURY / DRIVE AWAY,,,,"OVER $1,500",11/09/2018 10:18:00 AM,"OPERATING VEHICLE IN ERRATIC, RECKLESS, CARELESS, NEGLIGENT OR AGGRESSIVE MANNER",IMPROPER TURNING/NO SIGNAL,4803,W,LAKE ST,1532,,,,,,,2,NO INDICATION OF INJURY,0,0,0,0,0,2,0,10,6,11,41.886534678,-87.745707896,POINT (-87.745707896296 41.886534678041)
JB509495,,11/09/2018 10:10:00 AM,30,STOP SIGN/FLASHER,FUNCTIONING PROPERLY,SNOW,DAYLIGHT,ANGLE,NOT DIVIDED,2,STRAIGHT AND LEVEL,WET,NO DEFECTS,NOT ON SCENE (DESK REPORT),NO INJURY / DRIVE AWAY,Y,,,"OVER $1,500",11/09/2018 10:55:00 AM,DISREGARDING STOP SIGN,NOT APPLICABLE,500,S,LOOMIS ST,1231,,,,,,,2,NO INDICATION OF INJURY,0,0,0,0,0,2,0,10,6,11,41.875205342,-87.661965934,POINT (-87.661965933749 41.875205341932)
JB509461,,11/09/2018 10:09:00 AM,30,TRAFFIC SIGNAL,FUNCTIONING PROPERLY,SNOW,DAYLIGHT,REAR END,DIVIDED - W/MEDIAN BARRIER,4,STRAIGHT AND LEVEL,SNOW OR SLUSH,UNKNOWN,ON SCENE,INJURY AND / OR TOW DUE TO CRASH,,,,"OVER $1,500",11/09/2018 10:10:00 AM,UNABLE TO DETERMINE,NOT APPLICABLE,2531,N,WESTERN AVE,1432,,,,,,,3,NO INDICATION OF INJURY,0,0,0,0,0,3,0,10,6,11,41.927409392,-87.687581735,POINT (-87.687581735015 41.927409392379)
JB509488,,11/09/2018 10:03:00 AM,30,STOP SIGN/FLASHER,FUNCTIONING PROPERLY,RAIN,DAYLIGHT,TURNING,DIVIDED - W/MEDIAN (NOT RAISED),,STRAIGHT AND LEVEL,WET,NO DEFECTS,NOT ON SCENE (DESK REPORT),NO INJURY / DRIVE AWAY,Y,,,"OVER $1,500",11/09/2018 10:54:00 AM,FAILING TO YIELD RIGHT-OF-WAY,NOT APPLICABLE,3022,S,BROAD ST,913,,,,,,,2,NO INDICATION OF INJURY,0,0,0,0,0,3,0,10,6,11,41.838975042,-87.661769086,POINT (-87.661769086263 41.838975042217)