RD_NO,CRASH_DATE_EST_I,CRASH_DATE,POSTED_SPEED_LIMIT,TRAFFIC_CONTROL_DEVICE,DEVICE_CONDITION,WEATHER_CONDITION,LIGHTING_CONDITION,FIRST_CRASH_TYPE,TRAFFICWAY_TYPE,LANE_CNT,ALIGNMENT,ROADWAY_SURFACE_COND,ROAD_DEFECT,REPORT_TYPE,CRASH_TYPE,INTERSECTION_RELATED_I,NOT_RIGHT_OF_WAY_I,HIT_AND_RUN_I,DAMAGE,DATE_POLICE_NOTIFIED,PRIM_CONTRIBUTORY_CAUSE,SEC_CONTRIBUTORY_CAUSE,STREET_NO,STREET_DIRECTION,STREET_NAME,BEAT_OF_OCCURRENCE,PHOTOS_TAKEN_I,STATEMENTS_TAKEN_I,DOORING_I,WORK_ZONE_I,WORK_ZONE_TYPE,WORKERS_PRESENT_I,NUM_UNITS,MOST_SEVERE_INJURY,INJURIES_TOTAL,INJURIES_FATAL,INJURIES_INCAPACITATING,INJURIES_NON_INCAPACITATING,INJURIES_REPORTED_NOT_EVIDENT,INJURIES_NO_INDICATION,INJURIES_UNKNOWN,CRASH_HOUR,CRASH_DAY_OF_WEEK,CRASH_MONTH,LATITUDE,LONGITUDE,LOCATION
JB512987,,11/09/2018 10:00:00 AM,20,NO CONTROLS,NO CONTROLS,SNOW,DAYLIGHT,FIXED OBJECT,NOT DIVIDED,2,STRAIGHT AND LEVEL,WET,OTHER,NOT ON SCENE (DESK REPORT),NO INJURY / DRIVE AWAY,,Y,Y,"OVER $1,500",11/12/2018 12:00:00 PM,DRIVING SKILLS/KNOWLEDGE/EXPERIENCE,UNABLE TO DETERMINE,11148,S,HOMAN AVE,2211,,,,,,,1,NO INDICATION OF INJURY,0,0,0,0,0,1,0,10,6,11,41.690077074,-87.705791364,POINT (-87.705791364088 41.690077074184)
JB509851,,11/09/2018 10:00:00 AM,30,NO CONTROLS,NO CONTROLS,CLEAR,DAYLIGHT,SIDESWIPE SAME DIRECTION,NOT DIVIDED,4,STRAIGHT AND LEVEL,WET,NO DEFECTS,NOT ON SCENE (DESK REPORT),NO INJURY / DRIVE AWAY,Y,,,"OVER $1,500",11/09/2018 03:25:00 PM,UNABLE TO DETERMINE,NOT APPLICABLE,3316,W,NORTH AVE,1422,,,,,,,2,NO INDICATION OF INJURY,0,0,0,0,0,2,0,10,6,11,41.910183791,-87.710041909,POINT (-87.710041909354 41.910183791434)
JB509524,,11/09/2018 10:00:00 AM,30,NO CONTROLS,NO CONTROLS,RAIN,DAYLIGHT,PARKED MOTOR VEHICLE,PARKING LOT,1,STRAIGHT AND LEVEL,WET,UNKNOWN,NOT ON SCENE (DESK REPORT),NO INJURY / DRIVE AWAY,,,Y,$500 OR LESS,11/09/2018 11:15:00 AM,UNABLE TO DETERMINE,UNABLE TO DETERMINE,5600,S,KEDZIE AVE,822,,,,,,,2,NO INDICATION OF INJURY,0,0,0,0,0,1,0,10,6,11,41.791605035,-87.703648882,POINT (-87.703648882176 41.791605035051)
JB509487,Y,11/09/2018 10:00:00 AM,25,NO CONTROLS,NO CONTROLS,SNOW,DAYLIGHT,PARKED MOTOR VEHICLE,ONE-WAY,1,STRAIGHT AND LEVEL,SNOW OR SLUSH,NO DEFECTS,ON SCENE,INJURY AND / OR TOW DUE TO CRASH,,,Y,"OVER $1,500",11/09/2018 10:15:00 AM,UNABLE TO DETERMINE,NOT APPLICABLE,71,E,101ST PL,511,,,,,,,2,NO INDICATION OF INJURY,0,0,0,0,0,1,0,10,6,11,41.709827558,-87.620860663,POINT (-87.620860663414 41.709827557889)
JB509447,,11/09/2018 09:50:00 AM,30,NO CONTROLS,NO CONTROLS,SNOW,DAYLIGHT,PARKED MOTOR VEHICLE,ONE-WAY,,STRAIGHT AND LEVEL,WET,NO DEFECTS,ON SCENE,INJURY AND / OR TOW DUE TO CRASH,,,N,"OVER $1,500",11/09/2018 09:57:00 AM,UNDER THE INFLUENCE OF ALCOHOL/DRUGS (USE WHEN ARREST IS EFFECTED),DRIVING ON WRONG SIDE/WRONG WAY,1646,N,LINDER AVE,2532,,,,,,,2,NO INDICATION OF INJURY,0,0,0,0,0,1,0,9,6,11,41.910801888,-87.763192997,POINT (-87.763192996548 41.910801888386)
JB509544,,11/09/2018 09:47:00 AM,30,TRAFFIC SIGNAL,FUNCTIONING PROPERLY,CLEAR,DAYLIGHT,SIDESWIPE SAME DIRECTION,NOT DIVIDED,,STRAIGHT AND LEVEL,SNOW OR SLUSH,NO DEFECTS,NOT ON SCENE (DESK REPORT),NO INJURY / DRIVE AWAY,,,,"$501 - $1,500",11/09/2018 11:30:00 AM,UNABLE TO DETERMINE,UNABLE TO DETERMINE,2398,W,TOUHY AVE,2411,,,,,,,2,NO INDICATION OF INJURY,0,0,0,0,0,2,0,9,6,11,42.012390108,-87.6901809,POINT (-87.690180900477 42.012390107854)
JB509432,Y,11/09/2018 09:45:00 AM,30,NO CONTROLS,NO CONTROLS,UNKNOWN,UNKNOWN,PARKED MOTOR VEHICLE,NOT DIVIDED,2,STRAIGHT AND LEVEL,UNKNOWN,NO DEFECTS,ON SCENE,INJURY AND / OR TOW DUE TO CRASH,,,Y,"OVER $1,500",11/09/2018 09:45:00 AM,UNABLE TO DETERMINE,UNABLE TO DETERMINE,2828,W,ROSCOE ST,1733,,,,,,,2,NO INDICATION OF INJURY,0,0,0,0,0,1,0,9,6,11,41.942893732,-87.699040363,POINT (-87.699040363257 41.942893731595)
JB509449,,11/09/2018 09:40:00 AM,30,NO CONTROLS,NO CONTROLS,SNOW,DAYLIGHT,REAR END,NOT DIVIDED,,STRAIGHT AND LEVEL,WET,NO DEFECTS,NOT ON SCENE (DESK REPORT),NO INJURY / DRIVE AWAY,,,,"$501 - $1,500",11/09/2018 10:20:00 AM,UNABLE TO DETERMINE,DRIVING SKILLS/KNOWLEDGE/EXPERIENCE,2455,W,GRAND AVE,1221,,,,,,,2,NO INDICATION OF INJURY,0,0,0,0,0,2,0,9,6,11,41.89101681,-87.688658991,POINT (-87.6886589908 41.891016809657)
JB514349,,11/09/2018 09:34:00 AM,30,NO CONTROLS,NO CONTROLS,CLEAR,"DARKNESS, LIGHTED ROAD",PARKED MOTOR VEHICLE,NOT DIVIDED,2,STRAIGHT AND LEVEL,DRY,NO DEFECTS,NOT ON SCENE (DESK REPORT),NO INJURY / DRIVE AWAY,,,,"OVER $1,500",11/13/2018 01:20:00 PM,IMPROPER TURNING/NO SIGNAL,"VISION OBSCURED (SIGNS, TREE LIMBS, BUILDINGS, ETC.)",23,W,ERIE ST,1832,,,,,,,2,NO INDICATION OF INJURY,0,0,0,0,0,1,0,9,6,11,41.893949045,-87.629132819,POINT (-87.629132819377 41.89394904536)
JB509522,,11/09/2018 09:30:00 AM,15,NO CONTROLS,NO CONTROLS,SNOW,DAYLIGHT,SIDESWIPE SAME DIRECTION,ONE-WAY,1,STRAIGHT AND LEVEL,WET,NO DEFECTS,NOT ON SCENE (DESK REPORT),NO INJURY / DRIVE AWAY,,,,"$501 - $1,500",11/09/2018 11:28:00 AM,IMPROPER OVERTAKING/PASSING,IMPROPER OVERTAKING/PASSING,2650,S,CALIFORNIA BLVD,1034,,,,,,,2,NO INDICATION OF INJURY,0,0,0,0,0,2,0,9,6,11,41.843238354,-87.694764544,POINT (-87.69476454437 41.84323835355)
JB509424,,11/09/2018 09:30:00 AM,3,TRAFFIC SIGNAL,FUNCTIONING PROPERLY,SNOW,DAYLIGHT,REAR END,NOT DIVIDED,5,STRAIGHT AND LEVEL,WET,NO DEFECTS,ON SCENE,NO INJURY / DRIVE AWAY,Y,,,$500 OR LESS,11/09/2018 09:40:00 AM,FOLLOWING TOO CLOSELY,DRIVING SKILLS/KNOWLEDGE/EXPERIENCE,5959,N,WESTERN AVE,2012,,,,,,,2,NO INDICATION OF INJURY,0,0,0,0,0,2,0,9,6,11,41.990409231,-87.689522484,POINT (-87.689522483886 41.990409230886)
JB509419,Y,11/09/2018 09:30:00 AM,30,NO CONTROLS,NO CONTROLS,RAIN,DAYLIGHT,PARKED MOTOR VEHICLE,DIVIDED - W/MEDIAN (NOT RAISED),2,STRAIGHT AND LEVEL,WET,NO DEFECTS,ON SCENE,NO INJURY / DRIVE AWAY,,,Y,"OVER $1,500",11/09/2018 09:46:00 AM,UNABLE TO DETERMINE,NOT APPLICABLE,2927,W,MARQUETTE RD,831,,,,,,,2,NO INDICATION OF INJURY,0,0,0,0,0,1,0,9,6,11,41.771659249,-87.696801724,POINT (-87.696801724227 41.771659248573)
JB509418,,11/09/2018 09:30:00 AM,30,STOP SIGN/FLASHER,FUNCTIONING PROPERLY,SNOW,DAYLIGHT,TURNING,ONE-WAY,,STRAIGHT AND LEVEL,SNOW OR SLUSH,NO DEFECTS,ON SCENE,INJURY AND / OR TOW DUE TO CRASH,Y,,,"OVER $1,500",11/09/2018 09:30:00 AM,DISREGARDING STOP SIGN,NOT APPLICABLE,939,S,INDEPENDENCE BLVD,1133,,,,,,,2,NONINCAPACITATING INJURY,2,0,0,2,0,3,0,9,6,11,41.869021385,-87.719467423,POINT (-87.71946742254 41.869021385429)
JB509423,,11/09/2018 09:20:00 AM,30,NO CONTROLS,NO CONTROLS,SNOW,DAYLIGHT,SIDESWIPE SAME DIRECTION,DIVIDED - W/MEDIAN (NOT RAISED),,STRAIGHT AND LEVEL,SNOW OR SLUSH,NO DEFECTS,ON SCENE,NO INJURY / DRIVE AWAY,,,,"$501 - $1,500",11/09/2018 09:25:00 AM,"OPERATING VEHICLE IN ERRATIC, RECKLESS, CARELESS, NEGLIGENT OR AGGRESSIVE MANNER",IMPROPER OVERTAKING/PASSING,911,W,63RD ST,723,,,,,,,2,NO INDICATION OF INJURY,0,0,0,0,0,5,0,9,6,11,41.779592668,-87.647710277,POINT (-87.647710277015 41.77959266807)
JB509414,,11/09/2018 09:15:00 AM,30,TRAFFIC SIGNAL,FUNCTIONING PROPERLY,SNOW,DAYLIGHT,TURNING,DIVIDED - W/MEDIAN BARRIER,2,STRAIGHT AND LEVEL,DRY,NO DEFECTS,ON SCENE,INJURY AND / OR TOW DUE TO CRASH,Y,,Y,"OVER $1,500",11/09/2018 09:19:00 AM,FAILING TO REDUCE SPEED TO AVOID CRASH,DISREGARDING TRAFFIC SIGNALS,2398,W,GARFIELD BLVD,923,,,,,,,2,NO INDICATION OF INJURY,0,0,0,0,0,7,0,9,6,11,41.793987573,-87.684023813,POINT (-87.684023813454 41.793987572705)
JB510633,,11/09/2018 09:10:00 AM,35,UNKNOWN,UNKNOWN,UNKNOWN,UNKNOWN,REAR END,DIVIDED - W/MEDIAN BARRIER,,"CURVE, LEVEL",UNKNOWN,UNKNOWN,NOT ON SCENE (DESK REPORT),NO INJURY / DRIVE AWAY,,,,"OVER $1,500",11/10/2018 08:15:00 AM,FOLLOWING TOO CLOSELY,NOT APPLICABLE,6304,S,STATE ST,312,,,,,,,2,NO INDICATION OF INJURY,0,0,0,0,0,2,0,9,6,11,41.77989891,-87.625524691,POINT (-87.625524690837 41.779898910367)
JB509387,,11/09/2018 09:10:00 AM,30,NO CONTROLS,NO CONTROLS,RAIN,DAYLIGHT,SIDESWIPE SAME DIRECTION,DIVIDED - W/MEDIAN (NOT RAISED),4,STRAIGHT AND LEVEL,DRY,NO DEFECTS,ON SCENE,NO INJURY / DRIVE AWAY,,,Y,"OVER $1,500",11/09/2018 09:15:00 AM,IMPROPER OVERTAKING/PASSING,NOT APPLICABLE,3601,W,ROOSEVELT RD,1011,,,,,,,2,NO INDICATION OF INJURY,0,0,0,0,0,3,0,9,6,11,41.866179381,-87.715479324,POINT (-87.715479324302 41.866179381243)
JB509515,,11/09/2018 09:01:00 AM,10,NO CONTROLS,NO CONTROLS,SNOW,DAYLIGHT,PARKED MOTOR VEHICLE,DRIVEWAY,,STRAIGHT AND LEVEL,SNOW OR SLUSH,NO DEFECTS,NOT ON SCENE (DESK REPORT),NO INJURY / DRIVE AWAY,,,Y,"OVER $1,500",11/09/2018 11:00:00 AM,UNABLE TO DETERMINE,UNABLE TO DETERMINE,4646,N,MARINE DR,1914,,,,,,,2,NO INDICATION OF INJURY,0,0,0,0,0,1,0,9,6,11,41.966859551,-87.649135042,POINT (-87.649135042071 41.966859550699)
JB509442,,11/09/2018 09:00:00 AM,30,NO CONTROLS,NO CONTROLS,SNOW,DAYLIGHT,PARKED MOTOR VEHICLE,ONE-WAY,1,STRAIGHT AND LEVEL,WET,NO DEFECTS,NOT ON SCENE (DESK REPORT),NO INJURY / DRIVE AWAY,,,,$500 OR LESS,11/09/2018 10:00:00 AM,WEATHER,UNABLE TO DETERMINE,3152,W,EASTWOOD AVE,1713,,,,,,,2,NO INDICATION OF INJURY,0,0,0,0,0,1,0,9,6,11,41.965700416,-87.707699799,POINT (-87.707699798554 41.965700416384)
JB509368,,11/09/2018 09:00:00 AM,20,NO CONTROLS,NO CONTROLS,SNOW,DAYLIGHT,PARKED MOTOR VEHICLE,ONE-WAY,1,STRAIGHT AND LEVEL,WET,NO DEFECTS,NOT ON SCENE (DESK REPORT),NO INJURY / DRIVE AWAY,,,Y,"OVER $1,500",11/09/2018 09:15:00 AM,UNABLE TO DETERMINE,NOT APPLICABLE,202,N,LOCKWOOD AVE,1523,,,,,,,2,NO INDICATION OF INJURY,0,0,0,0,0,1,0,9,6,11,41.884521091,-87.757811128,POINT (-87.757811128122 41.884521091149)
JB509366,,11/09/2018 09:00:00 AM,30,TRAFFIC SIGNAL,FUNCTIONING PROPERLY,SNOW,DAYLIGHT,REAR END,DIVIDED - W/MEDIAN (NOT RAISED),4,STRAIGHT AND LEVEL,WET,NO DEFECTS,ON SCENE,NO INJURY / DRIVE AWAY,Y,,Y,"OVER $1,500",11/09/2018 09:11:00 AM,FOLLOWING TOO CLOSELY,UNABLE TO DETERMINE,3719,S,WESTERN BLVD,912,,,,,,,2,NO INDICATION OF INJURY,0,0,0,0,0,2,0,9,6,11,41.825907894,-87.684190722,POINT (-87.684190722346 41.82590789431)
JB509458,,11/09/2018 08:59:00 AM,15,NO CONTROLS,NO CONTROLS,SNOW,DAWN,TURNING,PARKING LOT,1,STRAIGHT AND LEVEL,SNOW OR SLUSH,NO DEFECTS,NOT ON SCENE (DESK REPORT),NO INJURY / DRIVE AWAY,,,Y,"$501 - $1,500",11/09/2018 10:20:00 AM,IMPROPER OVERTAKING/PASSING,IMPROPER OVERTAKING/PASSING,777,S,STATE ST,123,,,,,,,2,NO INDICATION OF INJURY,0,0,0,0,0,2,0,8,6,11,41.871853332,-87.627380218,POINT (-87.627380217624 41.871853331708)
JB510133,,11/09/2018 08:50:00 AM,0,NO CONTROLS,NO CONTROLS,UNKNOWN,UNKNOWN,REAR END,UNKNOWN,,STRAIGHT AND LEVEL,UNKNOWN,UNKNOWN,NOT ON SCENE (DESK REPORT),NO INJURY / DRIVE AWAY,N,,,"OVER $1,500",11/09/2018 04:40:00 PM,UNABLE TO DETERMINE,NOT APPLICABLE,1653,W,CONGRESS PKWY,1231,,,,,,,2,NO INDICATION OF INJURY,0,0,0,0,0,2,0,8,6,11,41.875033341,-87.668753001,POINT (-87.668753001303 41.875033341441)
JB509362,,11/09/2018 08:48:00 AM,30,NO CONTROLS,NO CONTROLS,SNOW,DAYLIGHT,SIDESWIPE SAME DIRECTION,ONE-WAY,2,STRAIGHT AND LEVEL,WET,NO DEFECTS,ON SCENE,NO INJURY / DRIVE AWAY,,,Y,"OVER $1,500",11/09/2018 08:52:00 AM,IMPROPER LANE USAGE,NOT APPLICABLE,342,S,DEARBORN ST,113,,,,,,,2,NO INDICATION OF INJURY,0,0,0,0,0,2,0,8,6,11,41.877142899,-87.629414931,POINT (-87.629414930671 41.877142898625)
JB509379,,11/09/2018 08:45:00 AM,30,NO CONTROLS,NO CONTROLS,CLEAR,DAYLIGHT,SIDESWIPE SAME DIRECTION,ONE-WAY,1,STRAIGHT AND LEVEL,WET,NO DEFECTS,NOT ON SCENE (DESK REPORT),NO INJURY / DRIVE AWAY,,,,$500 OR LESS,11/09/2018 10:00:00 AM,UNABLE TO DETERMINE,NOT APPLICABLE,5201,W,GRAND AVE,2515,,,,,,,2,NO INDICATION OF INJURY,0,0,0,0,0,3,0,8,6,11,41.916839914,-87.756035951,POINT (-87.756035950733 41.916839914318)
JB509352,,11/09/2018 08:45:00 AM,30,NO CONTROLS,NO CONTROLS,SNOW,DAYLIGHT,REAR END,DIVIDED - W/MEDIAN (NOT RAISED),2,STRAIGHT AND LEVEL,WET,NO DEFECTS,NOT ON SCENE (DESK REPORT),NO INJURY / DRIVE AWAY,,,,$500 OR LESS,11/09/2018 09:05:00 AM,UNABLE TO DETERMINE,NOT APPLICABLE,52,W,79TH ST,623,,,,,,,2,NO INDICATION OF INJURY,0,0,0,0,0,4,0,8,6,11,41.751032712,-87.626735374,POINT (-87.62673537394 41.751032711982)
JB509334,,11/09/2018 08:45:00 AM,30,TRAFFIC SIGNAL,FUNCTIONING PROPERLY,SNOW,DAYLIGHT,SIDESWIPE SAME DIRECTION,NOT DIVIDED,2,STRAIGHT AND LEVEL,WET,NO DEFECTS,ON SCENE,NO INJURY / DRIVE AWAY,,,,$500 OR LESS,11/09/2018 08:50:00 AM,IMPROPER LANE USAGE,IMPROPER TURNING/NO SIGNAL,200,S,RACINE AVE,1231,,N,,,,,2,NO INDICATION OF INJURY,0,0,0,0,0,2,0,8,6,11,41.879010723,-87.657200592,POINT (-87.657200591996 41.879010723339)
JB509374,,11/09/2018 08:43:00 AM,30,NO CONTROLS,NO CONTROLS,SNOW,DAYLIGHT,TURNING,CENTER TURN LANE,4,STRAIGHT AND LEVEL,WET,NO DEFECTS,ON SCENE,NO INJURY / DRIVE AWAY,,,,"OVER $1,500",11/09/2018 09:04:00 AM,IMPROPER TURNING/NO SIGNAL,NOT APPLICABLE,509,N,ORLEANS ST,1831,,,,,,,2,NO INDICATION OF INJURY,0,0,0,0,0,2,0,8,6,11,41.891075408,-87.636872677,POINT (-87.636872677188 41.891075407639)
JB509402,,11/09/2018 08:40:00 AM,30,NO CONTROLS,NO CONTROLS,SNOW,DAYLIGHT,ANGLE,NOT DIVIDED,2,STRAIGHT AND LEVEL,WET,NO DEFECTS,NOT ON SCENE (DESK REPORT),NO INJURY / DRIVE AWAY,,,,"OVER $1,500",11/09/2018 09:40:00 AM,FAILING TO YIELD RIGHT-OF-WAY,UNABLE TO DETERMINE,1335,S,WOOD ST,1233,,,,,,,2,NO INDICATION OF INJURY,0,0,0,0,0,2,0,8,6,11,41.863998397,-87.671126053,POINT (-87.671126052651 41.863998396972)
JB509367,,11/09/2018 08:40:00 AM,30,STOP SIGN/FLASHER,FUNCTIONING PROPERLY,SNOW,DAYLIGHT,ANGLE,DIVIDED - W/MEDIAN (NOT RAISED),2,STRAIGHT AND LEVEL,WET,NO DEFECTS,ON SCENE,INJURY AND / OR TOW DUE TO CRASH,Y,,,"OVER $1,500",11/09/2018 08:51:00 AM,FAILING TO YIELD RIGHT-OF-WAY,DISREGARDING STOP SIGN,3200,N,LOCKWOOD AVE,1634,,,,,,,3,NO INDICATION OF INJURY,0,0,0,0,0,6,0,8,6,11,41.938708138,-87.759286629,POINT (-87.759286628642 41.938708138436)
JB509350,,11/09/2018 08:40:00 AM,30,STOP SIGN/FLASHER,FUNCTIONING PROPERLY,SNOW,DAYLIGHT,TURNING,DIVIDED - W/MEDIAN (NOT RAISED),4,STRAIGHT AND LEVEL,WET,NO DEFECTS,ON SCENE,INJURY AND / OR TOW DUE TO CRASH,Y,,,"OVER $1,500",11/09/2018 08:45:00 AM,UNABLE TO DETERMINE,UNABLE TO DETERMINE,1159,W,GRAND AVE,1214,,,,,,,2,NO INDICATION OF INJURY,0,0,0,0,0,2,0,8,6,11,41.890974848,-87.656966418,POINT (-87.65696641828 41.890974848481)
JB509346,,11/09/2018 08:40:00 AM,30,NO CONTROLS,NO CONTROLS,SNOW,DAYLIGHT,PARKED MOTOR VEHICLE,NOT DIVIDED,,STRAIGHT AND LEVEL,SNOW OR SLUSH,NO DEFECTS,NOT ON SCENE (DESK REPORT),NO INJURY / DRIVE AWAY,,,,"OVER $1,500",11/09/2018 09:00:00 AM,FAILING TO YIELD RIGHT-OF-WAY,FOLLOWING TOO CLOSELY,4399,N,MELVINA AVE,1624,,,,,,,2,NO INDICATION OF INJURY,0,0,0,0,0,1,0,8,6,11,41.960199598,-87.781757387,POINT (-87.781757386663 41.960199598292)
JB509389,,11/09/2018 08:35:00 AM,10,NO CONTROLS,NO CONTROLS,SNOW,DAYLIGHT,TURNING,ALLEY,1,STRAIGHT AND LEVEL,WET,NO DEFECTS,NOT ON SCENE (DESK REPORT),INJURY AND / OR TOW DUE TO CRASH,,,,"OVER $1,500",11/09/2018 09:14:00 AM,DRIVING SKILLS/KNOWLEDGE/EXPERIENCE,UNABLE TO DETERMINE,2100,N,MAJOR AVE,2515,,,,,,,2,"REPORTED, NOT EVIDENT",1,0,0,0,1,1,0,8,6,11,41.918107459,-87.768349347,POINT (-87.768349347408 41.918107458933)
JB509785,,11/09/2018 08:30:00 AM,30,TRAFFIC SIGNAL,FUNCTIONING PROPERLY,SNOW,DAYLIGHT,REAR END,DIVIDED - W/MEDIAN (NOT RAISED),,STRAIGHT AND LEVEL,SNOW OR SLUSH,NO DEFECTS,NOT ON SCENE (DESK REPORT),NO INJURY / DRIVE AWAY,Y,,,"OVER $1,500",11/09/2018 02:35:00 PM,IMPROPER LANE USAGE,WEATHER,4800,W,63RD ST,813,,,,,,,2,NO INDICATION OF INJURY,0,0,0,0,0,2,0,8,6,11,41.778538071,-87.742355878,POINT (-87.74235587842 41.778538071066)
JB509364,,11/09/2018 08:30:00 AM,30,NO CONTROLS,NO CONTROLS,SNOW,DAYLIGHT,TURNING,NOT DIVIDED,2,STRAIGHT AND LEVEL,SNOW OR SLUSH,NO DEFECTS,ON SCENE,NO INJURY / DRIVE AWAY,,,,"$501 - $1,500",11/09/2018 08:40:00 AM,FAILING TO YIELD RIGHT-OF-WAY,NOT APPLICABLE,1200,N,WOLCOTT AVE,1424,,,,,,,2,NO INDICATION OF INJURY,0,0,0,0,0,2,0,8,6,11,41.903272831,-87.674971079,POINT (-87.674971079408 41.903272830615)
JB509363,,11/09/2018 08:30:00 AM,25,NO CONTROLS,NO CONTROLS,SNOW,DAYLIGHT,REAR END,NOT DIVIDED,,STRAIGHT AND LEVEL,WET,NO DEFECTS,NOT ON SCENE (DESK REPORT),NO INJURY / DRIVE AWAY,,,,"$501 - $1,500",11/09/2018 09:15:00 AM,FAILING TO REDUCE SPEED TO AVOID CRASH,WEATHER,410,N,WOOD ST,1221,,,,,,,2,NO INDICATION OF INJURY,0,0,0,0,0,2,0,8,6,11,41.889149606,-87.6721188,POINT (-87.672118799894 41.889149605743)
JB509353,,11/09/2018 08:30:00 AM,30,TRAFFIC SIGNAL,FUNCTIONING PROPERLY,SNOW,DAYLIGHT,TURNING,CENTER TURN LANE,,STRAIGHT AND LEVEL,WET,NO DEFECTS,NOT ON SCENE (DESK REPORT),NO INJURY / DRIVE AWAY,Y,,,"OVER $1,500",11/09/2018 09:05:00 AM,UNABLE TO DETERMINE,EXCEEDING AUTHORIZED SPEED LIMIT,6633,N,SHERIDAN RD,2432,,,,,,,2,NO INDICATION OF INJURY,0,0,0,0,0,3,0,8,6,11,42.003677332,-87.660673608,POINT (-87.66067360845 42.003677332408)
JB509347,,11/09/2018 08:30:00 AM,30,NO CONTROLS,NO CONTROLS,SNOW,DAYLIGHT,SIDESWIPE SAME DIRECTION,DIVIDED - W/MEDIAN (NOT RAISED),,STRAIGHT AND LEVEL,WET,NO DEFECTS,NOT ON SCENE (DESK REPORT),NO INJURY / DRIVE AWAY,,,,$500 OR LESS,11/09/2018 09:00:00 AM,UNABLE TO DETERMINE,UNABLE TO DETERMINE,1746,W,GRAND AVE,1215,,,,,,,2,NO INDICATION OF INJURY,0,0,0,0,0,2,0,8,6,11,41.891023844,-87.671438061,POINT (-87.671438061306 41.891023843867)
JB509322,,11/09/2018 08:30:00 AM,30,TRAFFIC SIGNAL,FUNCTIONING PROPERLY,SNOW,DAYLIGHT,SIDESWIPE SAME DIRECTION,NOT DIVIDED,3,STRAIGHT AND LEVEL,WET,NO DEFECTS,NOT ON SCENE (DESK REPORT),NO INJURY / DRIVE AWAY,,,,"OVER $1,500",11/09/2018 08:45:00 AM,FAILING TO YIELD RIGHT-OF-WAY,IMPROPER OVERTAKING/PASSING,7154,W,HIGGINS AVE,1613,,,,,,,2,NO INDICATION OF INJURY,0,0,0,0,0,2,0,8,6,11,41.981172834,-87.80670113,POINT (-87.806701130199 41.981172834058)
JB509341,,11/09/2018 08:29:00 AM,30,NO CONTROLS,NO CONTROLS,RAIN,DAYLIGHT,PARKED MOTOR VEHICLE,NOT DIVIDED,,STRAIGHT AND LEVEL,WET,NO DEFECTS,ON SCENE,NO INJURY / DRIVE AWAY,,,,$500 OR LESS,11/09/2018 08:29:00 AM,FOLLOWING TOO CLOSELY,EXCEEDING AUTHORIZED SPEED LIMIT,33,N,LA SALLE ST,122,,,,,,,2,NO INDICATION OF INJURY,0,0,0,0,0,1,0,8,6,11,41.882797707,-87.632242081,POINT (-87.632242081405 41.88279770705)
JB509318,,11/09/2018 08:25:00 AM,30,TRAFFIC SIGNAL,FUNCTIONING PROPERLY,SLEET/HAIL,DAYLIGHT,REAR END,DIVIDED - W/MEDIAN (NOT RAISED),4,STRAIGHT AND LEVEL,WET,NO DEFECTS,ON SCENE,NO INJURY / DRIVE AWAY,Y,,,"OVER $1,500",11/09/2018 08:28:00 AM,WEATHER,NOT APPLICABLE,8658,S,PULASKI RD,834,,,,,,,3,NO INDICATION OF INJURY,0,0,0,0,0,3,0,8,6,11,41.734894282,-87.721586419,POINT (-87.721586418622 41.734894281755)
JB509932,,11/09/2018 08:20:00 AM,30,NO CONTROLS,NO CONTROLS,CLEAR,DAYLIGHT,REAR END,NOT DIVIDED,2,STRAIGHT AND LEVEL,WET,NO DEFECTS,NOT ON SCENE (DESK REPORT),NO INJURY / DRIVE AWAY,,,,"$501 - $1,500",11/09/2018 04:35:00 PM,FOLLOWING TOO CLOSELY,NOT APPLICABLE,3120,N,AUSTIN AVE,2511,,,,,,,2,NO INDICATION OF INJURY,0,0,0,0,0,2,0,8,6,11,41.937252171,-87.776320528,POINT (-87.776320528037 41.937252170984)
JB509325,Y,11/09/2018 08:20:00 AM,30,NO CONTROLS,NO CONTROLS,UNKNOWN,UNKNOWN,PARKED MOTOR VEHICLE,ONE-WAY,1,STRAIGHT AND LEVEL,UNKNOWN,NO DEFECTS,NOT ON SCENE (DESK REPORT),NO INJURY / DRIVE AWAY,,,Y,"$501 - $1,500",11/09/2018 08:47:00 AM,UNABLE TO DETERMINE,UNABLE TO DETERMINE,4920,W,WRIGHTWOOD AVE,2521,,,,,,,2,NO INDICATION OF INJURY,0,0,0,0,0,1,0,8,6,11,41.927977373,-87.749801215,POINT (-87.749801214771 41.927977373498)
JB511043,,11/09/2018 08:15:00 AM,15,NO CONTROLS,NO CONTROLS,CLEAR,DAYLIGHT,ANGLE,NOT DIVIDED,2,STRAIGHT AND LEVEL,DRY,NO DEFECTS,NOT ON SCENE (DESK REPORT),NO INJURY / DRIVE AWAY,,,,"OVER $1,500",11/10/2018 03:00:00 PM,IMPROPER BACKING,NOT APPLICABLE,6400,S,FRANCISCO AVE,823,,,,,,,2,NO INDICATION OF INJURY,0,0,0,0,0,2,0,8,6,11,41.777162089,-87.695932749,POINT (-87.695932748854 41.777162089358)