RD_NO,CRASH_DATE_EST_I,CRASH_DATE,POSTED_SPEED_LIMIT,TRAFFIC_CONTROL_DEVICE,DEVICE_CONDITION,WEATHER_CONDITION,LIGHTING_CONDITION,FIRST_CRASH_TYPE,TRAFFICWAY_TYPE,LANE_CNT,ALIGNMENT,ROADWAY_SURFACE_COND,ROAD_DEFECT,REPORT_TYPE,CRASH_TYPE,INTERSECTION_RELATED_I,NOT_RIGHT_OF_WAY_I,HIT_AND_RUN_I,DAMAGE,DATE_POLICE_NOTIFIED,PRIM_CONTRIBUTORY_CAUSE,SEC_CONTRIBUTORY_CAUSE,STREET_NO,STREET_DIRECTION,STREET_NAME,BEAT_OF_OCCURRENCE,PHOTOS_TAKEN_I,STATEMENTS_TAKEN_I,DOORING_I,WORK_ZONE_I,WORK_ZONE_TYPE,WORKERS_PRESENT_I,NUM_UNITS,MOST_SEVERE_INJURY,INJURIES_TOTAL,INJURIES_FATAL,INJURIES_INCAPACITATING,INJURIES_NON_INCAPACITATING,INJURIES_REPORTED_NOT_EVIDENT,INJURIES_NO_INDICATION,INJURIES_UNKNOWN,CRASH_HOUR,CRASH_DAY_OF_WEEK,CRASH_MONTH,LATITUDE,LONGITUDE,LOCATION
JB509354,,11/09/2018 08:15:00 AM,30,NO CONTROLS,NO CONTROLS,CLOUDY/OVERCAST,DAYLIGHT,TURNING,NOT DIVIDED,,STRAIGHT AND LEVEL,WET,NO DEFECTS,NOT ON SCENE (DESK REPORT),NO INJURY / DRIVE AWAY,,,,$500 OR LESS,11/09/2018 09:00:00 AM,UNABLE TO DETERMINE,NOT APPLICABLE,2800,W,FULLERTON AVE,1414,,,,,,,2,NO INDICATION OF INJURY,0,0,0,0,0,2,0,8,6,11,41.924916416,-87.697475871,POINT (-87.697475870517 41.924916415661)
JB509302,,11/09/2018 08:15:00 AM,30,STOP SIGN/FLASHER,FUNCTIONING PROPERLY,SNOW,DAYLIGHT,TURNING,NOT DIVIDED,,STRAIGHT AND LEVEL,WET,NO DEFECTS,NOT ON SCENE (DESK REPORT),NO INJURY / DRIVE AWAY,Y,,,"OVER $1,500",11/09/2018 08:28:00 AM,UNABLE TO DETERMINE,UNABLE TO DETERMINE,4033,W,LAWRENCE AVE,1722,,,,,,,2,NO INDICATION OF INJURY,0,0,0,0,0,2,0,8,6,11,41.968116789,-87.729397532,POINT (-87.729397532499 41.968116788757)
JB509319,,11/09/2018 08:10:00 AM,30,TRAFFIC SIGNAL,FUNCTIONING PROPERLY,SNOW,DAYLIGHT,REAR END,DIVIDED - W/MEDIAN BARRIER,2,STRAIGHT AND LEVEL,SNOW OR SLUSH,NO DEFECTS,ON SCENE,INJURY AND / OR TOW DUE TO CRASH,N,,,"OVER $1,500",11/09/2018 08:18:00 AM,WEATHER,NOT APPLICABLE,6166,N,SHERIDAN RD,2433,,,,,,,2,NO INDICATION OF INJURY,0,0,0,0,0,2,0,8,6,11,41.994218839,-87.655661513,POINT (-87.655661512784 41.994218839282)
JB509303,,11/09/2018 08:10:00 AM,30,NO CONTROLS,NO CONTROLS,SNOW,DAYLIGHT,REAR END,DIVIDED - W/MEDIAN (NOT RAISED),,STRAIGHT AND LEVEL,WET,NO DEFECTS,NOT ON SCENE (DESK REPORT),NO INJURY / DRIVE AWAY,,,,"OVER $1,500",11/09/2018 08:20:00 AM,FOLLOWING TOO CLOSELY,UNABLE TO DETERMINE,6299,N,LINCOLN AVE,1711,,,,,,,2,NO INDICATION OF INJURY,0,0,0,0,0,2,0,8,6,11,41.995870353,-87.716056729,POINT (-87.716056728808 41.995870353061)
JB509871,,11/09/2018 08:07:00 AM,30,TRAFFIC SIGNAL,FUNCTIONING PROPERLY,RAIN,DAYLIGHT,PEDALCYCLIST,DIVIDED - W/MEDIAN (NOT RAISED),,STRAIGHT AND LEVEL,WET,NO DEFECTS,NOT ON SCENE (DESK REPORT),NO INJURY / DRIVE AWAY,,,Y,$500 OR LESS,11/09/2018 04:00:00 PM,UNABLE TO DETERMINE,UNABLE TO DETERMINE,1345,N,PULASKI RD,2535,,,,,,,2,NO INDICATION OF INJURY,0,0,0,0,0,2,0,8,6,11,41.90579384,-87.726251137,POINT (-87.726251137072 41.905793840339)
JB509420,,11/09/2018 08:05:00 AM,30,TRAFFIC SIGNAL,NO CONTROLS,CLEAR,DAYLIGHT,SIDESWIPE SAME DIRECTION,DIVIDED - W/MEDIAN (NOT RAISED),,STRAIGHT ON HILLCREST,DRY,NO DEFECTS,NOT ON SCENE (DESK REPORT),INJURY AND / OR TOW DUE TO CRASH,,,Y,"OVER $1,500",11/09/2018 09:51:00 AM,FAILING TO YIELD RIGHT-OF-WAY,FAILING TO YIELD RIGHT-OF-WAY,7900,S,ASHLAND AVE,611,,,,,,,2,"REPORTED, NOT EVIDENT",1,0,0,0,1,1,0,8,6,11,41.75026224,-87.663580117,POINT (-87.663580117092 41.750262240415)
JB509393,,11/09/2018 08:01:00 AM,30,NO CONTROLS,NO CONTROLS,SNOW,DAYLIGHT,PARKED MOTOR VEHICLE,ONE-WAY,1,STRAIGHT AND LEVEL,WET,NO DEFECTS,ON SCENE,NO INJURY / DRIVE AWAY,,,Y,"$501 - $1,500",11/09/2018 09:38:00 AM,UNABLE TO DETERMINE,NOT APPLICABLE,1941,N,ALBANY AVE,1421,,,,,,,2,NO INDICATION OF INJURY,0,0,0,0,0,1,0,8,6,11,41.916854304,-87.705114451,POINT (-87.705114450902 41.91685430444)
JB510041,,11/09/2018 08:00:00 AM,30,STOP SIGN/FLASHER,FUNCTIONING PROPERLY,RAIN,DAYLIGHT,ANGLE,NOT DIVIDED,2,STRAIGHT AND LEVEL,WET,NO DEFECTS,NOT ON SCENE (DESK REPORT),NO INJURY / DRIVE AWAY,,,,"OVER $1,500",11/09/2018 05:50:00 PM,UNABLE TO DETERMINE,NOT APPLICABLE,1099,S,OAKLEY BLVD,1225,,,,,,,2,NO INDICATION OF INJURY,0,0,0,0,0,2,0,8,6,11,41.867584424,-87.683468146,POINT (-87.683468146317 41.867584424097)
JB509623,,11/09/2018 08:00:00 AM,30,NO CONTROLS,NO CONTROLS,SNOW,DAYLIGHT,REAR END,NOT DIVIDED,,STRAIGHT AND LEVEL,SNOW OR SLUSH,NO DEFECTS,NOT ON SCENE (DESK REPORT),NO INJURY / DRIVE AWAY,,,,"OVER $1,500",11/09/2018 12:24:00 PM,FOLLOWING TOO CLOSELY,FOLLOWING TOO CLOSELY,1700,S,DAMEN AVE,1234,,,,,,,2,NO INDICATION OF INJURY,0,0,0,0,0,2,0,8,6,11,41.858524247,-87.676164872,POINT (-87.676164872073 41.858524246754)
JB509460,Y,11/09/2018 08:00:00 AM,30,NO CONTROLS,NO CONTROLS,UNKNOWN,UNKNOWN,PARKED MOTOR VEHICLE,NOT DIVIDED,2,STRAIGHT AND LEVEL,UNKNOWN,UNKNOWN,NOT ON SCENE (DESK REPORT),NO INJURY / DRIVE AWAY,,,Y,"OVER $1,500",11/09/2018 09:00:00 AM,UNABLE TO DETERMINE,UNABLE TO DETERMINE,3125,N,BROADWAY,1934,,,,,,,2,NO INDICATION OF INJURY,0,0,0,0,0,1,0,8,6,11,41.938489635,-87.644200098,POINT (-87.644200097597 41.938489635284)
JB509427,,11/09/2018 08:00:00 AM,35,STOP SIGN/FLASHER,UNKNOWN,SNOW,DAYLIGHT,PARKED MOTOR VEHICLE,ONE-WAY,1,STRAIGHT AND LEVEL,WET,NO DEFECTS,NOT ON SCENE (DESK REPORT),NO INJURY / DRIVE AWAY,,,Y,"OVER $1,500",11/09/2018 09:40:00 AM,UNABLE TO DETERMINE,UNABLE TO DETERMINE,6559,S,TALMAN AVE,831,,,,,,,2,NO INDICATION OF INJURY,0,0,0,0,0,1,0,8,6,11,41.773774716,-87.689451675,POINT (-87.68945167548 41.77377471557)
JB509421,Y,11/09/2018 08:00:00 AM,30,NO CONTROLS,NO CONTROLS,SNOW,DAYLIGHT,PARKED MOTOR VEHICLE,NOT DIVIDED,4,STRAIGHT AND LEVEL,WET,NO DEFECTS,ON SCENE,NO INJURY / DRIVE AWAY,,,Y,"OVER $1,500",11/09/2018 09:30:00 AM,NOT APPLICABLE,NOT APPLICABLE,4222,W,BELMONT AVE,1731,,,,,,,2,NO INDICATION OF INJURY,0,0,0,0,0,1,0,8,6,11,41.939125175,-87.733047594,POINT (-87.733047594398 41.939125174645)
JB509404,,11/09/2018 08:00:00 AM,30,NO CONTROLS,NO CONTROLS,RAIN,DAYLIGHT,PARKED MOTOR VEHICLE,ONE-WAY,1,STRAIGHT AND LEVEL,WET,NO DEFECTS,NOT ON SCENE (DESK REPORT),NO INJURY / DRIVE AWAY,,,Y,"OVER $1,500",11/09/2018 09:35:00 AM,UNABLE TO DETERMINE,UNABLE TO DETERMINE,3623,W,62ND PL,823,,,,,,,2,NO INDICATION OF INJURY,0,0,0,0,0,1,0,8,6,11,41.77959885,-87.714070138,POINT (-87.714070138086 41.779598850214)
JB509377,,11/09/2018 08:00:00 AM,20,NO CONTROLS,NO CONTROLS,SNOW,DAYLIGHT,ANGLE,NOT DIVIDED,4,STRAIGHT ON GRADE,SNOW OR SLUSH,NO DEFECTS,ON SCENE,INJURY AND / OR TOW DUE TO CRASH,Y,,Y,"OVER $1,500",11/09/2018 08:05:00 AM,UNABLE TO DETERMINE,NOT APPLICABLE,810,N,HAMLIN AVE,1112,,,,,,,2,NO INDICATION OF INJURY,0,0,0,0,0,2,0,8,6,11,41.895784449,-87.721352746,POINT (-87.72135274599 41.895784448963)
JB509292,,11/09/2018 08:00:00 AM,30,STOP SIGN/FLASHER,FUNCTIONING PROPERLY,SNOW,DAYLIGHT,ANGLE,NOT DIVIDED,0,STRAIGHT AND LEVEL,WET,NO DEFECTS,ON SCENE,INJURY AND / OR TOW DUE TO CRASH,Y,,,"OVER $1,500",11/09/2018 08:03:00 AM,"VISION OBSCURED (SIGNS, TREE LIMBS, BUILDINGS, ETC.)",DRIVING SKILLS/KNOWLEDGE/EXPERIENCE,2525,W,PETERSON AVE,2011,,,,,,,2,NO INDICATION OF INJURY,0,0,0,0,0,2,0,8,6,11,41.990366832,-87.693254663,POINT (-87.693254662669 41.990366832291)
JB509321,,11/09/2018 07:50:00 AM,20,NO CONTROLS,NO CONTROLS,SNOW,DAWN,REAR END,DIVIDED - W/MEDIAN (NOT RAISED),,STRAIGHT AND LEVEL,SNOW OR SLUSH,OTHER,NOT ON SCENE (DESK REPORT),NO INJURY / DRIVE AWAY,,,,$500 OR LESS,11/09/2018 08:25:00 AM,NOT APPLICABLE,NOT APPLICABLE,3515,N,AUSTIN AVE,1633,,,,,,,2,NO INDICATION OF INJURY,0,0,0,0,0,2,0,7,6,11,41.944402862,-87.776297523,POINT (-87.776297522769 41.944402862111)
JB509306,,11/09/2018 07:50:00 AM,30,TRAFFIC SIGNAL,FUNCTIONING PROPERLY,SNOW,DAYLIGHT,TURNING,NOT DIVIDED,,STRAIGHT AND LEVEL,WET,NO DEFECTS,NOT ON SCENE (DESK REPORT),NO INJURY / DRIVE AWAY,Y,,,"OVER $1,500",11/09/2018 08:29:00 AM,UNABLE TO DETERMINE,NOT APPLICABLE,2800,W,PERSHING RD,911,,,,,,,2,NO INDICATION OF INJURY,0,0,0,0,0,2,0,7,6,11,41.822893166,-87.694754716,POINT (-87.694754716034 41.82289316555)
JB509287,,11/09/2018 07:50:00 AM,30,TRAFFIC SIGNAL,FUNCTIONING PROPERLY,SNOW,DAYLIGHT,REAR END,NOT DIVIDED,,STRAIGHT AND LEVEL,SNOW OR SLUSH,NO DEFECTS,ON SCENE,NO INJURY / DRIVE AWAY,,,Y,"OVER $1,500",11/09/2018 07:56:00 AM,NOT APPLICABLE,NOT APPLICABLE,1400,E,71ST ST,332,,,,,,,3,NO INDICATION OF INJURY,0,0,0,0,0,5,0,7,6,11,41.766125086,-87.590964247,POINT (-87.590964246665 41.766125086072)
JB509273,,11/09/2018 07:50:00 AM,35,NO CONTROLS,NO CONTROLS,SNOW,DAYLIGHT,SIDESWIPE OPPOSITE DIRECTION,NOT DIVIDED,,STRAIGHT AND LEVEL,WET,NO DEFECTS,ON SCENE,NO INJURY / DRIVE AWAY,,,Y,$500 OR LESS,11/09/2018 08:00:00 AM,IMPROPER LANE USAGE,IMPROPER LANE USAGE,3550,W,COLUMBUS AVE,834,,,,,,,2,NO INDICATION OF INJURY,0,0,0,0,0,2,0,7,6,11,41.744083402,-87.710986496,POINT (-87.710986496144 41.744083401846)
JB509281,,11/09/2018 07:49:00 AM,20,NO CONTROLS,NO CONTROLS,SNOW,DAYLIGHT,TURNING,NOT DIVIDED,2,STRAIGHT AND LEVEL,WET,NO DEFECTS,ON SCENE,NO INJURY / DRIVE AWAY,,,,"OVER $1,500",11/09/2018 08:00:00 AM,IMPROPER BACKING,NOT APPLICABLE,3729,S,STATE ST,213,,,,,,,2,NO INDICATION OF INJURY,0,0,0,0,0,2,0,7,6,11,41.826506006,-87.626307445,POINT (-87.626307445406 41.826506005506)
JB509290,,11/09/2018 07:45:00 AM,30,NO CONTROLS,NO CONTROLS,CLEAR,DAYLIGHT,REAR END,NOT DIVIDED,,STRAIGHT AND LEVEL,WET,NO DEFECTS,ON SCENE,INJURY AND / OR TOW DUE TO CRASH,,,,"OVER $1,500",11/09/2018 07:48:00 AM,EQUIPMENT - VEHICLE CONDITION,FAILING TO REDUCE SPEED TO AVOID CRASH,1647,W,99TH ST,2213,,,,,,,2,NO INDICATION OF INJURY,0,0,0,0,0,2,0,7,6,11,41.713817485,-87.664976769,POINT (-87.664976768993 41.71381748547)
JB509289,,11/09/2018 07:45:00 AM,30,NO CONTROLS,NO CONTROLS,SNOW,DAYLIGHT,TURNING,NOT DIVIDED,2,STRAIGHT AND LEVEL,WET,NO DEFECTS,NOT ON SCENE (DESK REPORT),NO INJURY / DRIVE AWAY,,,,"OVER $1,500",11/09/2018 08:15:00 AM,UNABLE TO DETERMINE,UNABLE TO DETERMINE,3621,W,FIFTH AVE,1133,,,,,,,2,NO INDICATION OF INJURY,0,0,0,0,0,3,0,7,6,11,41.875321354,-87.71660028,POINT (-87.716600279642 41.875321354423)
JB510049,,11/09/2018 07:42:00 AM,30,NO CONTROLS,NO CONTROLS,CLEAR,DAYLIGHT,REAR END,DIVIDED - W/MEDIAN (NOT RAISED),,STRAIGHT AND LEVEL,DRY,NO DEFECTS,NOT ON SCENE (DESK REPORT),NO INJURY / DRIVE AWAY,,,,"$501 - $1,500",11/09/2018 05:45:00 PM,UNABLE TO DETERMINE,UNABLE TO DETERMINE,5225,W,DIVERSEY AVE,2514,,,,,,,2,NO INDICATION OF INJURY,0,0,0,0,0,3,0,7,6,11,41.931277618,-87.757453378,POINT (-87.757453378251 41.931277618258)
JB509308,,11/09/2018 07:42:00 AM,30,NO CONTROLS,NO CONTROLS,SNOW,DAYLIGHT,SIDESWIPE SAME DIRECTION,ONE-WAY,,STRAIGHT AND LEVEL,SNOW OR SLUSH,NO DEFECTS,NOT ON SCENE (DESK REPORT),NO INJURY / DRIVE AWAY,,,,"OVER $1,500",11/09/2018 08:45:00 AM,FAILING TO YIELD RIGHT-OF-WAY,UNABLE TO DETERMINE,9350,S,LAFAYETTE AVE,634,Y,Y,,,,,2,NO INDICATION OF INJURY,0,0,0,0,0,2,0,7,6,11,41.723852245,-87.625234787,POINT (-87.625234786897 41.723852245377)
JB509297,,11/09/2018 07:36:00 AM,30,TRAFFIC SIGNAL,UNKNOWN,SNOW,DAYLIGHT,ANGLE,NOT DIVIDED,2,STRAIGHT AND LEVEL,WET,NO DEFECTS,ON SCENE,NO INJURY / DRIVE AWAY,Y,,,"OVER $1,500",11/09/2018 07:40:00 AM,DISREGARDING TRAFFIC SIGNALS,FAILING TO REDUCE SPEED TO AVOID CRASH,5400,W,CHICAGO AVE,1524,,,,,,,2,NO INDICATION OF INJURY,0,0,0,0,0,3,0,7,6,11,41.894999463,-87.760719121,POINT (-87.760719120668 41.894999462566)
JB511906,,11/09/2018 07:35:00 AM,30,TRAFFIC SIGNAL,FUNCTIONING PROPERLY,RAIN,DAYLIGHT,SIDESWIPE SAME DIRECTION,NOT DIVIDED,4,STRAIGHT AND LEVEL,WET,NO DEFECTS,NOT ON SCENE (DESK REPORT),NO INJURY / DRIVE AWAY,,,,"OVER $1,500",11/11/2018 11:42:00 AM,IMPROPER OVERTAKING/PASSING,FOLLOWING TOO CLOSELY,5210,N,NORTHWEST HWY,1622,,,,,,,2,NO INDICATION OF INJURY,0,0,0,0,0,2,0,7,6,11,41.975258067,-87.768806567,POINT (-87.768806567279 41.975258067213)
JB509293,,11/09/2018 07:33:00 AM,10,STOP SIGN/FLASHER,NO CONTROLS,SNOW,DAYLIGHT,TURNING,NOT DIVIDED,1,STRAIGHT AND LEVEL,WET,NO DEFECTS,NOT ON SCENE (DESK REPORT),NO INJURY / DRIVE AWAY,,,,"$501 - $1,500",11/09/2018 08:11:00 AM,IMPROPER OVERTAKING/PASSING,IMPROPER LANE USAGE,4141,S,PULASKI RD,821,,,,,,,2,NO INDICATION OF INJURY,0,0,0,0,0,2,0,7,6,11,41.817232128,-87.723764722,POINT (-87.72376472236 41.817232128476)
JB509791,,11/09/2018 07:31:00 AM,0,NO CONTROLS,NO CONTROLS,SNOW,DAYLIGHT,FIXED OBJECT,PARKING LOT,,STRAIGHT AND LEVEL,WET,NO DEFECTS,ON SCENE,NO INJURY / DRIVE AWAY,,Y,,"OVER $1,500",11/09/2018 02:20:00 PM,UNABLE TO DETERMINE,NOT APPLICABLE,2357,S,WOOD ST,1034,,,,,,,1,NO INDICATION OF INJURY,0,0,0,0,0,1,0,7,6,11,41.848749828,-87.670686613,POINT (-87.670686612902 41.848749827939)
JB510819,,11/09/2018 07:30:00 AM,30,NO CONTROLS,UNKNOWN,UNKNOWN,DAYLIGHT,REAR END,DIVIDED - W/MEDIAN (NOT RAISED),6,STRAIGHT AND LEVEL,UNKNOWN,NO DEFECTS,NOT ON SCENE (DESK REPORT),NO INJURY / DRIVE AWAY,,,,"$501 - $1,500",11/10/2018 11:40:00 AM,UNABLE TO DETERMINE,NOT APPLICABLE,7101,W,63RD ST,812,,,,,,,2,NO INDICATION OF INJURY,0,0,0,0,0,4,0,7,6,11,41.77723196,-87.798483179,POINT (-87.798483178651 41.777231960452)
JB509578,,11/09/2018 07:30:00 AM,30,NO CONTROLS,NO CONTROLS,CLOUDY/OVERCAST,DAYLIGHT,PARKED MOTOR VEHICLE,DIVIDED - W/MEDIAN BARRIER,4,STRAIGHT AND LEVEL,UNKNOWN,UNKNOWN,NOT ON SCENE (DESK REPORT),NO INJURY / DRIVE AWAY,,,Y,"OVER $1,500",11/09/2018 11:45:00 AM,UNABLE TO DETERMINE,UNABLE TO DETERMINE,159,W,95TH ST,511,,,,,,,2,NO INDICATION OF INJURY,0,0,0,0,0,1,0,7,6,11,41.721550831,-87.628602425,POINT (-87.628602424555 41.721550830769)
JB509378,,11/09/2018 07:30:00 AM,20,TRAFFIC SIGNAL,FUNCTIONING PROPERLY,RAIN,DAYLIGHT,ANGLE,NOT DIVIDED,2,STRAIGHT AND LEVEL,WET,NO DEFECTS,ON SCENE,NO INJURY / DRIVE AWAY,,,Y,"OVER $1,500",11/09/2018 07:54:00 AM,UNABLE TO DETERMINE,UNABLE TO DETERMINE,4459,S,KEDZIE AVE,922,,,,,,,2,NO INDICATION OF INJURY,0,0,0,0,0,3,0,7,6,11,41.811853275,-87.703975055,POINT (-87.70397505463 41.811853274577)
JB509313,N,11/09/2018 07:30:00 AM,30,STOP SIGN/FLASHER,FUNCTIONING PROPERLY,SNOW,DAYLIGHT,SIDESWIPE SAME DIRECTION,NOT DIVIDED,,STRAIGHT AND LEVEL,WET,NO DEFECTS,NOT ON SCENE (DESK REPORT),NO INJURY / DRIVE AWAY,Y,,,"OVER $1,500",11/09/2018 08:44:00 AM,WEATHER,UNABLE TO DETERMINE,2201,W,JACKSON BLVD,1225,,,,,,,2,NO INDICATION OF INJURY,0,0,0,0,0,2,0,7,6,11,41.877497438,-87.681503059,POINT (-87.681503058998 41.877497438254)
JB509285,,11/09/2018 07:30:00 AM,20,STOP SIGN/FLASHER,FUNCTIONING PROPERLY,RAIN,DAYLIGHT,PEDESTRIAN,NOT DIVIDED,1,STRAIGHT AND LEVEL,WET,NO DEFECTS,ON SCENE,INJURY AND / OR TOW DUE TO CRASH,Y,,,"OVER $1,500",11/09/2018 07:57:00 AM,FAILING TO YIELD RIGHT-OF-WAY,NOT APPLICABLE,2233,W,34TH ST,912,,,,,,,2,INCAPACITATING INJURY,1,0,1,0,0,1,0,7,6,11,41.832027538,-87.681495199,POINT (-87.68149519896 41.832027537871)
JB509269,,11/09/2018 07:30:00 AM,30,TRAFFIC SIGNAL,FUNCTIONING PROPERLY,SNOW,DAYLIGHT,REAR END,NOT DIVIDED,4,STRAIGHT AND LEVEL,WET,NO DEFECTS,NOT ON SCENE (DESK REPORT),NO INJURY / DRIVE AWAY,Y,,,"OVER $1,500",11/09/2018 07:45:00 AM,EXCEEDING SAFE SPEED FOR CONDITIONS,FOLLOWING TOO CLOSELY,4230,W,FOSTER AVE,1712,,,,,,,3,NO INDICATION OF INJURY,0,0,0,0,0,3,0,7,6,11,41.975574642,-87.73463839,POINT (-87.734638389987 41.975574642408)
JB509878,,11/09/2018 07:15:00 AM,30,TRAFFIC SIGNAL,FUNCTIONING PROPERLY,CLEAR,DAYLIGHT,REAR END,DIVIDED - W/MEDIAN (NOT RAISED),2,STRAIGHT AND LEVEL,DRY,UNKNOWN,NOT ON SCENE (DESK REPORT),NO INJURY / DRIVE AWAY,Y,,,"OVER $1,500",11/09/2018 03:45:00 PM,FOLLOWING TOO CLOSELY,UNABLE TO DETERMINE,1069,W,SHERIDAN RD,2433,,,,,,,2,NO INDICATION OF INJURY,0,0,0,0,0,2,0,7,6,11,41.99809976,-87.658574914,POINT (-87.658574914139 41.998099759733)
JB509258,Y,11/09/2018 07:15:00 AM,30,NO CONTROLS,NO CONTROLS,SNOW,DAYLIGHT,ANGLE,DIVIDED - W/MEDIAN (NOT RAISED),2,STRAIGHT AND LEVEL,SNOW OR SLUSH,NO DEFECTS,ON SCENE,INJURY AND / OR TOW DUE TO CRASH,Y,,,"OVER $1,500",11/09/2018 07:18:00 AM,FAILING TO YIELD RIGHT-OF-WAY,NOT APPLICABLE,5300,W,CHICAGO AVE,1524,,,,,,,2,NONINCAPACITATING INJURY,4,0,0,4,0,1,0,7,6,11,41.895019202,-87.758117876,POINT (-87.758117875797 41.895019202356)
JB509252,,11/09/2018 07:10:00 AM,30,STOP SIGN/FLASHER,FUNCTIONING PROPERLY,SNOW,DAYLIGHT,ANGLE,DIVIDED - W/MEDIAN (NOT RAISED),,STRAIGHT AND LEVEL,WET,NO DEFECTS,ON SCENE,INJURY AND / OR TOW DUE TO CRASH,Y,,,"OVER $1,500",11/09/2018 07:12:00 AM,FAILING TO YIELD RIGHT-OF-WAY,NOT APPLICABLE,6234,W,55TH ST,811,,,,,,,2,NO INDICATION OF INJURY,0,0,0,0,0,2,0,7,6,11,41.792526288,-87.778287687,POINT (-87.778287687284 41.792526287894)
JB509476,,11/09/2018 07:00:00 AM,30,NO CONTROLS,NO CONTROLS,UNKNOWN,UNKNOWN,OTHER OBJECT,UNKNOWN,,STRAIGHT AND LEVEL,UNKNOWN,UNKNOWN,NOT ON SCENE (DESK REPORT),NO INJURY / DRIVE AWAY,,,Y,"OVER $1,500",11/09/2018 10:30:00 AM,UNABLE TO DETERMINE,UNABLE TO DETERMINE,6850,W,63RD ST,812,,,,,,,1,NO INDICATION OF INJURY,0,0,0,0,0,1,0,7,6,11,41.777586076,-87.793007506,POINT (-87.793007505988 41.777586075804)
JB509259,,11/09/2018 07:00:00 AM,30,TRAFFIC SIGNAL,FUNCTIONING PROPERLY,SLEET/HAIL,DAYLIGHT,REAR END,DIVIDED - W/MEDIAN (NOT RAISED),,STRAIGHT AND LEVEL,WET,NO DEFECTS,NOT ON SCENE (DESK REPORT),NO INJURY / DRIVE AWAY,,,,"$501 - $1,500",11/09/2018 07:20:00 AM,UNABLE TO DETERMINE,NOT APPLICABLE,1,W,CERMAK RD,131,,,,,,,2,NO INDICATION OF INJURY,0,0,0,0,0,2,0,7,6,11,41.852766166,-87.627153963,POINT (-87.627153963097 41.85276616608)
JB509248,,11/09/2018 06:54:00 AM,30,TRAFFIC SIGNAL,FUNCTIONING PROPERLY,SNOW,DAYLIGHT,REAR END,NOT DIVIDED,2,STRAIGHT AND LEVEL,WET,NO DEFECTS,ON SCENE,NO INJURY / DRIVE AWAY,N,,,"$501 - $1,500",11/09/2018 06:55:00 AM,FOLLOWING TOO CLOSELY,FAILING TO REDUCE SPEED TO AVOID CRASH,4357,N,AUSTIN AVE,1624,,,,,,,2,NO INDICATION OF INJURY,0,0,0,0,0,2,0,6,6,11,41.960206005,-87.776868218,POINT (-87.776868218105 41.960206004505)
JB509247,,11/09/2018 06:50:00 AM,15,NO CONTROLS,NO CONTROLS,SNOW,DUSK,PEDESTRIAN,DRIVEWAY,1,STRAIGHT AND LEVEL,WET,NO DEFECTS,ON SCENE,INJURY AND / OR TOW DUE TO CRASH,,,,$500 OR LESS,11/09/2018 07:00:00 AM,FAILING TO YIELD RIGHT-OF-WAY,NOT APPLICABLE,320,N,DEARBORN ST,1831,,,,,,,2,"REPORTED, NOT EVIDENT",1,0,0,0,1,1,0,6,6,11,41.888070378,-87.629692257,POINT (-87.629692256722 41.888070377638)
JB509240,,11/09/2018 06:45:00 AM,30,STOP SIGN/FLASHER,FUNCTIONING PROPERLY,SNOW,DAYLIGHT,REAR END,NOT DIVIDED,2,STRAIGHT AND LEVEL,WET,NO DEFECTS,NOT ON SCENE (DESK REPORT),NO INJURY / DRIVE AWAY,,,,"$501 - $1,500",11/09/2018 07:00:00 AM,FAILING TO REDUCE SPEED TO AVOID CRASH,WEATHER,5202,N,NORTHWEST HWY,1622,,,,,,,2,NO INDICATION OF INJURY,0,0,0,0,0,2,0,6,6,11,41.975153719,-87.76862036,POINT (-87.76862036015 41.975153718867)
JB511244,,11/09/2018 06:30:00 AM,30,NO CONTROLS,NO CONTROLS,RAIN,DAYLIGHT,REAR END,NOT DIVIDED,2,STRAIGHT AND LEVEL,WET,UNKNOWN,NOT ON SCENE (DESK REPORT),INJURY AND / OR TOW DUE TO CRASH,,,,"$501 - $1,500",11/10/2018 06:07:00 PM,UNABLE TO DETERMINE,UNABLE TO DETERMINE,13298,S,BRAINARD AVE,433,,,,,,,2,"REPORTED, NOT EVIDENT",1,0,0,0,1,1,0,6,6,11,41.653577878,-87.552785829,POINT (-87.552785828989 41.653577877734)
JB509245,,11/09/2018 06:30:00 AM,30,OTHER,NO CONTROLS,SNOW,DAYLIGHT,ANGLE,DIVIDED - W/MEDIAN (NOT RAISED),2,STRAIGHT AND LEVEL,SNOW OR SLUSH,NO DEFECTS,ON SCENE,INJURY AND / OR TOW DUE TO CRASH,Y,,Y,"OVER $1,500",11/09/2018 06:37:00 AM,"OPERATING VEHICLE IN ERRATIC, RECKLESS, CARELESS, NEGLIGENT OR AGGRESSIVE MANNER",WEATHER,7001,S,DAMEN AVE,735,,,,,,,2,NO INDICATION OF INJURY,0,0,0,0,0,2,0,6,6,11,41.766580259,-87.673432399,POINT (-87.673432399351 41.766580259005)
JB509238,,11/09/2018 06:28:00 AM,25,LANE USE MARKING,FUNCTIONING PROPERLY,SNOW,DAWN,FIXED OBJECT,DIVIDED - W/MEDIAN BARRIER,8,"CURVE, LEVEL",SNOW OR SLUSH,NO DEFECTS,ON SCENE,INJURY AND / OR TOW DUE TO CRASH,,,,"OVER $1,500",11/09/2018 06:29:00 AM,EXCEEDING SAFE SPEED FOR CONDITIONS,DRIVING SKILLS/KNOWLEDGE/EXPERIENCE,1000,N,LAKE SHORE DR NB,1824,,,,,,,1,NONINCAPACITATING INJURY,1,0,0,1,0,0,0,6,6,11,41.901002863,-87.619779806,POINT (-87.619779806193 41.901002863094)