RD_NO,CRASH_DATE_EST_I,CRASH_DATE,POSTED_SPEED_LIMIT,TRAFFIC_CONTROL_DEVICE,DEVICE_CONDITION,WEATHER_CONDITION,LIGHTING_CONDITION,FIRST_CRASH_TYPE,TRAFFICWAY_TYPE,LANE_CNT,ALIGNMENT,ROADWAY_SURFACE_COND,ROAD_DEFECT,REPORT_TYPE,CRASH_TYPE,INTERSECTION_RELATED_I,NOT_RIGHT_OF_WAY_I,HIT_AND_RUN_I,DAMAGE,DATE_POLICE_NOTIFIED,PRIM_CONTRIBUTORY_CAUSE,SEC_CONTRIBUTORY_CAUSE,STREET_NO,STREET_DIRECTION,STREET_NAME,BEAT_OF_OCCURRENCE,PHOTOS_TAKEN_I,STATEMENTS_TAKEN_I,DOORING_I,WORK_ZONE_I,WORK_ZONE_TYPE,WORKERS_PRESENT_I,NUM_UNITS,MOST_SEVERE_INJURY,INJURIES_TOTAL,INJURIES_FATAL,INJURIES_INCAPACITATING,INJURIES_NON_INCAPACITATING,INJURIES_REPORTED_NOT_EVIDENT,INJURIES_NO_INDICATION,INJURIES_UNKNOWN,CRASH_HOUR,CRASH_DAY_OF_WEEK,CRASH_MONTH,LATITUDE,LONGITUDE,LOCATION
JB509237,,11/09/2018 06:15:00 AM,30,TRAFFIC SIGNAL,FUNCTIONING PROPERLY,SNOW,DAWN,TURNING,CENTER TURN LANE,4,STRAIGHT AND LEVEL,WET,NO DEFECTS,ON SCENE,INJURY AND / OR TOW DUE TO CRASH,Y,,,"OVER $1,500",11/09/2018 06:20:00 AM,FAILING TO YIELD RIGHT-OF-WAY,WEATHER,1,S,CICERO AVE,1113,,,,,,,2,NO INDICATION OF INJURY,0,0,0,0,0,3,0,6,6,11,41.880451176,-87.745128878,POINT (-87.745128877552 41.880451176199)
JB509241,,11/09/2018 06:00:00 AM,30,TRAFFIC SIGNAL,FUNCTIONING PROPERLY,RAIN,DAWN,TURNING,NOT DIVIDED,4,STRAIGHT ON GRADE,WET,NO DEFECTS,ON SCENE,NO INJURY / DRIVE AWAY,Y,,Y,"OVER $1,500",11/09/2018 06:05:00 AM,FAILING TO REDUCE SPEED TO AVOID CRASH,UNABLE TO DETERMINE,849,S,KOSTNER AVE,1131,,,,,,,2,NO INDICATION OF INJURY,0,0,0,0,0,2,0,6,6,11,41.869809555,-87.734948228,POINT (-87.734948227783 41.869809554887)
JB509908,,11/09/2018 05:50:00 AM,20,NO CONTROLS,NO CONTROLS,SNOW,DARKNESS,SIDESWIPE SAME DIRECTION,OTHER,1,STRAIGHT AND LEVEL,WET,UNKNOWN,NOT ON SCENE (DESK REPORT),NO INJURY / DRIVE AWAY,,,,"$501 - $1,500",11/09/2018 04:20:00 PM,UNABLE TO DETERMINE,UNABLE TO DETERMINE,5700,S,CICERO AVE,813,,,,,,,2,NO INDICATION OF INJURY,0,0,0,0,0,3,0,5,6,11,41.789329323,-87.741645644,POINT (-87.741645644196 41.789329323265)
JB510769,,11/09/2018 05:45:00 AM,30,TRAFFIC SIGNAL,FUNCTIONING PROPERLY,RAIN,DAWN,REAR END,NOT DIVIDED,,STRAIGHT AND LEVEL,WET,NO DEFECTS,NOT ON SCENE (DESK REPORT),NO INJURY / DRIVE AWAY,,,,"OVER $1,500",11/10/2018 11:00:00 AM,WEATHER,WEATHER,753,W,35TH ST,915,,,,,,,2,NO INDICATION OF INJURY,0,0,0,0,0,2,0,5,6,11,41.830644425,-87.64579032,POINT (-87.645790320204 41.830644424664)
JB509225,,11/09/2018 05:45:00 AM,35,TRAFFIC SIGNAL,FUNCTIONING PROPERLY,RAIN,"DARKNESS, LIGHTED ROAD",ANGLE,ONE-WAY,4,STRAIGHT AND LEVEL,WET,NO DEFECTS,NOT ON SCENE (DESK REPORT),NO INJURY / DRIVE AWAY,Y,,,"OVER $1,500",11/09/2018 06:00:00 AM,EXCEEDING SAFE SPEED FOR CONDITIONS,FAILING TO REDUCE SPEED TO AVOID CRASH,300,W,ONTARIO ST,1831,,,,,,,3,NO INDICATION OF INJURY,0,0,0,0,0,3,0,5,6,11,41.893276703,-87.635689442,POINT (-87.635689442435 41.893276703421)
JB509876,,11/09/2018 05:30:00 AM,30,TRAFFIC SIGNAL,FUNCTIONING PROPERLY,SNOW,DAYLIGHT,REAR END,DIVIDED - W/MEDIAN (NOT RAISED),6,STRAIGHT AND LEVEL,WET,NO DEFECTS,NOT ON SCENE (DESK REPORT),NO INJURY / DRIVE AWAY,Y,,,"OVER $1,500",11/09/2018 03:40:00 PM,UNABLE TO DETERMINE,NOT APPLICABLE,2628,E,130TH ST,434,,,,,,,2,NO INDICATION OF INJURY,0,0,0,0,0,2,0,5,6,11,41.659295266,-87.55938125,POINT (-87.559381249676 41.659295266313)
JB509223,,11/09/2018 05:28:00 AM,30,NO CONTROLS,NO CONTROLS,SNOW,DAWN,TURNING,DIVIDED - W/MEDIAN (NOT RAISED),2,STRAIGHT AND LEVEL,WET,NO DEFECTS,ON SCENE,NO INJURY / DRIVE AWAY,,,,"$501 - $1,500",11/09/2018 05:38:00 AM,FOLLOWING TOO CLOSELY,FAILING TO REDUCE SPEED TO AVOID CRASH,4644,N,LAMON AVE,1623,,,,,,,2,NO INDICATION OF INJURY,0,0,0,0,0,2,0,5,6,11,41.965721436,-87.750283856,POINT (-87.750283855997 41.96572143632)
JB509219,,11/09/2018 05:20:00 AM,25,NO CONTROLS,NO CONTROLS,RAIN,DUSK,PARKED MOTOR VEHICLE,ONE-WAY,,STRAIGHT AND LEVEL,WET,NO DEFECTS,ON SCENE,INJURY AND / OR TOW DUE TO CRASH,,,Y,"OVER $1,500",11/09/2018 05:22:00 AM,WEATHER,WEATHER,96,E,104TH ST,512,,,,,,,2,NO INDICATION OF INJURY,0,0,0,0,0,1,0,5,6,11,41.705496183,-87.620585274,POINT (-87.620585273881 41.70549618331)
JB509215,N,11/09/2018 05:16:00 AM,30,TRAFFIC SIGNAL,FUNCTIONING PROPERLY,RAIN,"DARKNESS, LIGHTED ROAD",TURNING,NOT DIVIDED,4,STRAIGHT AND LEVEL,WET,NO DEFECTS,ON SCENE,NO INJURY / DRIVE AWAY,Y,,Y,"OVER $1,500",11/09/2018 05:37:00 AM,IMPROPER OVERTAKING/PASSING,DISREGARDING ROAD MARKINGS,4758,W,JACKSON BLVD,1113,,,,,,,2,NO INDICATION OF INJURY,0,0,0,0,0,2,0,5,6,11,41.876926589,-87.745039137,POINT (-87.745039137038 41.876926588953)
JB509218,,11/09/2018 05:15:00 AM,30,NO CONTROLS,NO CONTROLS,RAIN,"DARKNESS, LIGHTED ROAD",REAR END,DIVIDED - W/MEDIAN (NOT RAISED),2,STRAIGHT AND LEVEL,WET,NO DEFECTS,NOT ON SCENE (DESK REPORT),NO INJURY / DRIVE AWAY,,,,"OVER $1,500",11/09/2018 05:40:00 AM,DRIVING SKILLS/KNOWLEDGE/EXPERIENCE,UNABLE TO DETERMINE,5656,S,KEDZIE AVE,822,,,,,,,2,NO INDICATION OF INJURY,0,0,0,0,0,2,0,5,6,11,41.790028857,-87.703604288,POINT (-87.703604288284 41.790028856917)
JB509212,,11/09/2018 05:10:00 AM,30,TRAFFIC SIGNAL,FUNCTIONING PROPERLY,SNOW,"DARKNESS, LIGHTED ROAD",ANGLE,NOT DIVIDED,,STRAIGHT AND LEVEL,WET,NO DEFECTS,ON SCENE,NO INJURY / DRIVE AWAY,Y,,,"OVER $1,500",11/09/2018 05:11:00 AM,DISREGARDING TRAFFIC SIGNALS,NOT APPLICABLE,8700,S,COMMERCIAL AVE,423,,Y,,,,,2,NO INDICATION OF INJURY,0,0,0,0,0,2,0,5,6,11,41.737285572,-87.551575144,POINT (-87.551575144327 41.73728557189)
JB509210,,11/09/2018 05:10:00 AM,25,TRAFFIC SIGNAL,FUNCTIONING PROPERLY,SNOW,"DARKNESS, LIGHTED ROAD",REAR END,NOT DIVIDED,,STRAIGHT AND LEVEL,WET,NO DEFECTS,NOT ON SCENE (DESK REPORT),NO INJURY / DRIVE AWAY,,,,"$501 - $1,500",11/09/2018 05:25:00 AM,FOLLOWING TOO CLOSELY,WEATHER,1165,N,DEARBORN ST,1824,,,,,,,2,NO INDICATION OF INJURY,0,0,0,0,0,2,0,5,6,11,41.903761326,-87.629834408,POINT (-87.629834407516 41.903761326492)
JB509207,,11/09/2018 05:00:00 AM,30,STOP SIGN/FLASHER,FUNCTIONING PROPERLY,RAIN,"DARKNESS, LIGHTED ROAD",ANGLE,DIVIDED - W/MEDIAN (NOT RAISED),2,STRAIGHT AND LEVEL,WET,NO DEFECTS,ON SCENE,INJURY AND / OR TOW DUE TO CRASH,Y,,,"OVER $1,500",11/09/2018 05:02:00 AM,DISREGARDING STOP SIGN,FAILING TO REDUCE SPEED TO AVOID CRASH,3700,S,WOOD ST,912,,,,,,,4,NO INDICATION OF INJURY,0,0,0,0,0,2,0,5,6,11,41.826702741,-87.670450221,POINT (-87.670450220802 41.826702740897)
JB509203,,11/09/2018 04:45:00 AM,30,UNKNOWN,UNKNOWN,RAIN,"DARKNESS, LIGHTED ROAD",REAR END,DIVIDED - W/MEDIAN (NOT RAISED),2,STRAIGHT AND LEVEL,WET,UNKNOWN,ON SCENE,NO INJURY / DRIVE AWAY,,,Y,"$501 - $1,500",11/09/2018 05:12:00 AM,FOLLOWING TOO CLOSELY,NOT APPLICABLE,440,W,NORTH AVE,1813,,,,,,,2,NO INDICATION OF INJURY,0,0,0,0,0,2,0,4,6,11,41.911200814,-87.640204833,POINT (-87.640204833318 41.911200813643)
JB509200,,11/09/2018 04:40:00 AM,35,NO CONTROLS,NO CONTROLS,CLOUDY/OVERCAST,"DARKNESS, LIGHTED ROAD",FIXED OBJECT,OTHER,,STRAIGHT AND LEVEL,WET,NO DEFECTS,ON SCENE,INJURY AND / OR TOW DUE TO CRASH,,Y,,"OVER $1,500",11/09/2018 04:40:00 AM,UNDER THE INFLUENCE OF ALCOHOL/DRUGS (USE WHEN ARREST IS EFFECTED),FAILING TO REDUCE SPEED TO AVOID CRASH,9155,S,STONY ISLAND AVE,413,Y,,,,,,1,"REPORTED, NOT EVIDENT",1,0,0,0,1,0,0,4,6,11,41.728038494,-87.584867224,POINT (-87.584867223924 41.72803849373)
JB509195,,11/09/2018 04:34:00 AM,25,NO CONTROLS,FUNCTIONING PROPERLY,RAIN,DARKNESS,PARKED MOTOR VEHICLE,NOT DIVIDED,,STRAIGHT AND LEVEL,WET,NO DEFECTS,NOT ON SCENE (DESK REPORT),NO INJURY / DRIVE AWAY,,,,$500 OR LESS,11/09/2018 04:35:00 AM,WEATHER,UNABLE TO DETERMINE,1531,N,KINGSBURY ST,1822,,,,,,,2,NO INDICATION OF INJURY,0,0,0,0,0,1,0,4,6,11,41.909054754,-87.652422204,POINT (-87.652422204366 41.909054754457)
JB509194,,11/09/2018 04:00:00 AM,30,NO CONTROLS,NO CONTROLS,SNOW,"DARKNESS, LIGHTED ROAD",FIXED OBJECT,DIVIDED - W/MEDIAN BARRIER,,CURVE ON GRADE,WET,NO DEFECTS,ON SCENE,INJURY AND / OR TOW DUE TO CRASH,,,,"OVER $1,500",11/09/2018 04:15:00 AM,WEATHER,DRIVING SKILLS/KNOWLEDGE/EXPERIENCE,5699,N,LAKE SHORE DR NB,2022,,Y,,,,,1,NO INDICATION OF INJURY,0,0,0,0,0,1,0,4,6,11,41.985556767,-87.65336148,POINT (-87.653361480328 41.985556766551)
JB509197,,11/09/2018 03:50:00 AM,35,NO CONTROLS,NO CONTROLS,SNOW,"DARKNESS, LIGHTED ROAD",FIXED OBJECT,DIVIDED - W/MEDIAN BARRIER,8,STRAIGHT AND LEVEL,WET,NO DEFECTS,ON SCENE,INJURY AND / OR TOW DUE TO CRASH,,,,"OVER $1,500",11/09/2018 04:44:00 AM,EXCEEDING SAFE SPEED FOR CONDITIONS,DRIVING SKILLS/KNOWLEDGE/EXPERIENCE,1000,N,LAKE SHORE DR,1824,,,,,,,1,NO INDICATION OF INJURY,0,0,0,0,0,2,0,3,6,11,41.900752974,-87.624235,POINT (-87.62423499978 41.900752974042)
JB509356,Y,11/09/2018 03:00:00 AM,30,NO CONTROLS,NO CONTROLS,UNKNOWN,UNKNOWN,PARKED MOTOR VEHICLE,DIVIDED - W/MEDIAN (NOT RAISED),,STRAIGHT AND LEVEL,UNKNOWN,NO DEFECTS,ON SCENE,NO INJURY / DRIVE AWAY,,,Y,"OVER $1,500",11/09/2018 08:45:00 AM,UNABLE TO DETERMINE,NOT APPLICABLE,3624,W,BELMONT AVE,1732,,,,,,,2,NO INDICATION OF INJURY,0,0,0,0,0,1,0,3,6,11,41.939309516,-87.718539941,POINT (-87.718539940519 41.939309516006)
JB509177,,11/09/2018 02:40:00 AM,30,TRAFFIC SIGNAL,FUNCTIONING PROPERLY,RAIN,"DARKNESS, LIGHTED ROAD",SIDESWIPE OPPOSITE DIRECTION,NOT DIVIDED,,STRAIGHT AND LEVEL,WET,NO DEFECTS,ON SCENE,INJURY AND / OR TOW DUE TO CRASH,,,Y,"$501 - $1,500",11/09/2018 02:45:00 AM,NOT APPLICABLE,NOT APPLICABLE,410,E,83RD ST,631,,,,,,,2,NONINCAPACITATING INJURY,3,0,0,3,0,3,0,2,6,11,41.743928775,-87.614290161,POINT (-87.614290161283 41.743928775191)
JB509137,Y,11/09/2018 01:14:00 AM,30,NO CONTROLS,NO CONTROLS,CLEAR,DARKNESS,PARKED MOTOR VEHICLE,NOT DIVIDED,,STRAIGHT AND LEVEL,DRY,NO DEFECTS,ON SCENE,NO INJURY / DRIVE AWAY,,,Y,"OVER $1,500",11/09/2018 01:20:00 AM,UNABLE TO DETERMINE,UNABLE TO DETERMINE,532,W,45TH PL,925,,,,,,,2,NO INDICATION OF INJURY,0,0,0,0,0,1,0,1,6,11,41.81182643,-87.639651012,POINT (-87.639651012228 41.811826429915)
JB509147,N,11/09/2018 01:08:00 AM,35,NO CONTROLS,NO CONTROLS,CLEAR,"DARKNESS, LIGHTED ROAD",PARKED MOTOR VEHICLE,DIVIDED - W/MEDIAN BARRIER,2,STRAIGHT AND LEVEL,DRY,NO DEFECTS,ON SCENE,INJURY AND / OR TOW DUE TO CRASH,,,,"OVER $1,500",11/09/2018 01:08:00 AM,UNDER THE INFLUENCE OF ALCOHOL/DRUGS (USE WHEN ARREST IS EFFECTED),NOT APPLICABLE,1514,S,STATE ST,131,,,,,,,3,NONINCAPACITATING INJURY,1,0,0,1,0,0,0,1,6,11,41.861482286,-87.627422444,POINT (-87.627422444015 41.861482286294)
JB509136,,11/09/2018 12:42:00 AM,30,TRAFFIC SIGNAL,FUNCTIONING PROPERLY,CLEAR,"DARKNESS, LIGHTED ROAD",FIXED OBJECT,DIVIDED - W/MEDIAN (NOT RAISED),2,STRAIGHT AND LEVEL,DRY,UNKNOWN,ON SCENE,INJURY AND / OR TOW DUE TO CRASH,,,,"OVER $1,500",11/09/2018 12:44:00 AM,FAILING TO YIELD RIGHT-OF-WAY,NOT APPLICABLE,1000,E,73RD ST,324,,,,,,,1,NO INDICATION OF INJURY,0,0,0,0,0,1,0,0,6,11,41.762395418,-87.600512166,POINT (-87.600512166437 41.762395418197)
JB509131,,11/09/2018 12:40:00 AM,30,TRAFFIC SIGNAL,FUNCTIONING PROPERLY,CLEAR,"DARKNESS, LIGHTED ROAD",FIXED OBJECT,DIVIDED - W/MEDIAN BARRIER,,STRAIGHT AND LEVEL,DRY,NO DEFECTS,ON SCENE,NO INJURY / DRIVE AWAY,N,,,"$501 - $1,500",11/09/2018 12:42:00 AM,UNABLE TO DETERMINE,UNABLE TO DETERMINE,400,E,35TH ST,211,,,,,,,1,NO INDICATION OF INJURY,0,0,0,0,0,1,0,0,6,11,41.831243113,-87.616940536,POINT (-87.616940535573 41.831243112549)
JB509124,,11/09/2018 12:40:00 AM,25,NO CONTROLS,UNKNOWN,CLEAR,"DARKNESS, LIGHTED ROAD",PARKED MOTOR VEHICLE,ONE-WAY,1,STRAIGHT AND LEVEL,DRY,NO DEFECTS,ON SCENE,INJURY AND / OR TOW DUE TO CRASH,,,,"OVER $1,500",11/09/2018 12:44:00 AM,UNABLE TO DETERMINE,NOT APPLICABLE,4826,N,KEYSTONE AVE,1712,,,,,,,2,NO INDICATION OF INJURY,0,0,0,0,0,1,0,0,6,11,41.969026433,-87.729434697,POINT (-87.729434696956 41.969026432878)
JB513238,,11/09/2018 12:30:00 AM,30,NO CONTROLS,NO CONTROLS,CLEAR,DARKNESS,PARKED MOTOR VEHICLE,NOT DIVIDED,,STRAIGHT AND LEVEL,DRY,NO DEFECTS,NOT ON SCENE (DESK REPORT),NO INJURY / DRIVE AWAY,,,Y,"OVER $1,500",11/12/2018 02:46:00 PM,NOT APPLICABLE,NOT APPLICABLE,1511,E,73RD ST,324,,,,,,,2,NO INDICATION OF INJURY,0,0,0,0,0,1,0,0,6,11,41.762286739,-87.588001779,POINT (-87.58800177902 41.762286739255)
JB509105,,11/09/2018 12:13:00 AM,30,NO CONTROLS,NO CONTROLS,CLEAR,"DARKNESS, LIGHTED ROAD",TURNING,NOT DIVIDED,2,STRAIGHT AND LEVEL,DRY,NO DEFECTS,ON SCENE,INJURY AND / OR TOW DUE TO CRASH,,,,"OVER $1,500",11/09/2018 12:14:00 AM,IMPROPER TURNING/NO SIGNAL,NOT APPLICABLE,4645,W,63RD ST,813,,,,,,,2,NO INDICATION OF INJURY,0,0,0,0,0,7,0,0,6,11,41.778354614,-87.739186302,POINT (-87.739186302246 41.778354613601)
JB509152,,11/09/2018 12:01:00 AM,30,TRAFFIC SIGNAL,FUNCTIONING PROPERLY,CLEAR,"DARKNESS, LIGHTED ROAD",REAR END,DIVIDED - W/MEDIAN BARRIER,4,STRAIGHT AND LEVEL,DRY,NO DEFECTS,NOT ON SCENE (DESK REPORT),NO INJURY / DRIVE AWAY,,,Y,"$501 - $1,500",11/09/2018 01:00:00 AM,UNABLE TO DETERMINE,UNABLE TO DETERMINE,11900,S,HALSTED ST,524,,,,,,,2,NO INDICATION OF INJURY,0,0,0,0,0,4,0,0,6,11,41.677720829,-87.642051845,POINT (-87.642051844982 41.677720829248)
JB509099,,11/09/2018 12:00:00 AM,30,NO CONTROLS,NO CONTROLS,CLEAR,DARKNESS,REAR END,NOT DIVIDED,2,STRAIGHT AND LEVEL,DRY,NO DEFECTS,ON SCENE,INJURY AND / OR TOW DUE TO CRASH,,,Y,"$501 - $1,500",11/09/2018 12:00:00 AM,UNABLE TO DETERMINE,NOT APPLICABLE,3051,N,PULASKI RD,2523,,,,,,,3,NO INDICATION OF INJURY,0,0,0,0,0,2,0,0,6,11,41.936930135,-87.726977166,POINT (-87.72697716622 41.936930134887)
JB509114,Y,11/08/2018 11:50:00 PM,30,SCHOOL ZONE,NO CONTROLS,CLEAR,"DARKNESS, LIGHTED ROAD",FIXED OBJECT,NOT DIVIDED,2,STRAIGHT AND LEVEL,DRY,NO DEFECTS,ON SCENE,INJURY AND / OR TOW DUE TO CRASH,,,Y,"OVER $1,500",11/08/2018 11:50:00 PM,EXCEEDING SAFE SPEED FOR CONDITIONS,DISREGARDING STOP SIGN,5659,S,LOWE AVE,711,,,,,,,1,NO INDICATION OF INJURY,0,0,0,0,0,3,0,23,5,11,41.790821264,-87.641271103,POINT (-87.641271103071 41.790821264172)
JB509095,,11/08/2018 11:38:00 PM,30,NO CONTROLS,NO CONTROLS,CLEAR,"DARKNESS, LIGHTED ROAD",PARKED MOTOR VEHICLE,ONE-WAY,1,STRAIGHT AND LEVEL,DRY,NO DEFECTS,ON SCENE,INJURY AND / OR TOW DUE TO CRASH,,,,"OVER $1,500",11/08/2018 11:38:00 PM,EXCEEDING AUTHORIZED SPEED LIMIT,UNABLE TO DETERMINE,8630,S,SAGINAW AVE,423,,,,,,,2,NO INDICATION OF INJURY,0,0,0,0,0,2,0,23,5,11,41.738153015,-87.560095038,POINT (-87.560095037881 41.738153015022)
JB509088,,11/08/2018 11:25:00 PM,30,STOP SIGN/FLASHER,NO CONTROLS,CLEAR,"DARKNESS, LIGHTED ROAD",FIXED OBJECT,NOT DIVIDED,1,STRAIGHT AND LEVEL,DRY,NO DEFECTS,ON SCENE,INJURY AND / OR TOW DUE TO CRASH,Y,,,"OVER $1,500",11/08/2018 11:44:00 PM,EXCEEDING AUTHORIZED SPEED LIMIT,DISREGARDING STOP SIGN,6928,W,ALTGELD ST,2512,,,,,,,1,NO INDICATION OF INJURY,0,0,0,0,0,1,0,23,5,11,41.925496528,-87.798906126,POINT (-87.798906126276 41.925496527824)
JB509073,,11/08/2018 11:09:00 PM,30,STOP SIGN/FLASHER,FUNCTIONING PROPERLY,CLEAR,"DARKNESS, LIGHTED ROAD",ANGLE,DIVIDED - W/MEDIAN BARRIER,3,STRAIGHT AND LEVEL,DRY,NO DEFECTS,ON SCENE,NO INJURY / DRIVE AWAY,Y,,,"$501 - $1,500",11/08/2018 11:22:00 PM,DRIVING SKILLS/KNOWLEDGE/EXPERIENCE,UNABLE TO DETERMINE,531,W,87TH ST,2223,,,,,,,2,NO INDICATION OF INJURY,0,0,0,0,0,6,0,23,5,11,41.735935555,-87.637474001,POINT (-87.63747400056 41.735935555264)
JB509072,,11/08/2018 10:50:00 PM,30,NO CONTROLS,NO CONTROLS,CLEAR,"DARKNESS, LIGHTED ROAD",REAR END,DIVIDED - W/MEDIAN (NOT RAISED),2,STRAIGHT AND LEVEL,DRY,NO DEFECTS,NOT ON SCENE (DESK REPORT),NO INJURY / DRIVE AWAY,,,,"OVER $1,500",11/08/2018 11:24:00 PM,FOLLOWING TOO CLOSELY,UNABLE TO DETERMINE,2500,N,CALIFORNIA AVE,1414,,,,,,,2,NO INDICATION OF INJURY,0,0,0,0,0,3,0,22,5,11,41.926679631,-87.697612342,POINT (-87.697612341975 41.926679631114)
JB509428,,11/08/2018 10:45:00 PM,30,NO CONTROLS,NO CONTROLS,UNKNOWN,DARKNESS,PARKED MOTOR VEHICLE,PARKING LOT,1,STRAIGHT AND LEVEL,UNKNOWN,UNKNOWN,NOT ON SCENE (DESK REPORT),NO INJURY / DRIVE AWAY,,,,"OVER $1,500",11/09/2018 10:00:00 AM,UNABLE TO DETERMINE,UNABLE TO DETERMINE,1545,W,79TH ST,612,,,,,,,2,NO INDICATION OF INJURY,0,0,0,0,0,1,0,22,5,11,41.750259009,-87.662794759,POINT (-87.662794759171 41.750259009213)
JB509050,,11/08/2018 10:29:00 PM,20,NO CONTROLS,NO CONTROLS,CLEAR,DARKNESS,PARKED MOTOR VEHICLE,ONE-WAY,1,STRAIGHT AND LEVEL,DRY,NO DEFECTS,ON SCENE,NO INJURY / DRIVE AWAY,,,Y,"$501 - $1,500",11/08/2018 10:33:00 PM,"OPERATING VEHICLE IN ERRATIC, RECKLESS, CARELESS, NEGLIGENT OR AGGRESSIVE MANNER",IMPROPER BACKING,1615,N,KILDARE AVE,2534,,,,,,,4,NO INDICATION OF INJURY,0,0,0,0,0,2,0,22,5,11,41.910278357,-87.733522598,POINT (-87.733522597669 41.910278356893)
JB509037,,11/08/2018 10:28:00 PM,30,UNKNOWN,UNKNOWN,UNKNOWN,"DARKNESS, LIGHTED ROAD",SIDESWIPE SAME DIRECTION,DIVIDED - W/MEDIAN (NOT RAISED),,STRAIGHT AND LEVEL,UNKNOWN,UNKNOWN,NOT ON SCENE (DESK REPORT),NO INJURY / DRIVE AWAY,,,,"$501 - $1,500",11/08/2018 10:45:00 PM,IMPROPER TURNING/NO SIGNAL,IMPROPER TURNING/NO SIGNAL,2452,W,BELMONT AVE,1921,,,,,,,2,NO INDICATION OF INJURY,0,0,0,0,0,2,0,22,5,11,41.939552078,-87.689956586,POINT (-87.68995658557 41.939552078133)
JB509070,,11/08/2018 10:15:00 PM,30,NO CONTROLS,NO CONTROLS,CLEAR,"DARKNESS, LIGHTED ROAD",PARKED MOTOR VEHICLE,ONE-WAY,1,STRAIGHT AND LEVEL,DRY,UNKNOWN,ON SCENE,NO INJURY / DRIVE AWAY,,,N,"OVER $1,500",11/08/2018 10:24:00 PM,UNABLE TO DETERMINE,UNABLE TO DETERMINE,3759,W,LE MOYNE ST,2535,,,,,,,2,NO INDICATION OF INJURY,0,0,0,0,0,1,0,22,5,11,41.908015935,-87.721542091,POINT (-87.721542091085 41.908015935021)
JB509036,,11/08/2018 10:00:00 PM,30,STOP SIGN/FLASHER,FUNCTIONING PROPERLY,CLEAR,"DARKNESS, LIGHTED ROAD",ANGLE,ONE-WAY,3,STRAIGHT AND LEVEL,DRY,NO DEFECTS,ON SCENE,INJURY AND / OR TOW DUE TO CRASH,Y,,,"OVER $1,500",11/08/2018 10:20:00 PM,FAILING TO YIELD RIGHT-OF-WAY,UNABLE TO DETERMINE,4200,S,MICHIGAN AVE,213,,,,,,,3,NONINCAPACITATING INJURY,1,0,0,1,0,1,0,22,5,11,41.818251625,-87.623220008,POINT (-87.623220008107 41.818251624789)
JB510096,,11/08/2018 09:25:00 PM,30,NO CONTROLS,NO CONTROLS,CLEAR,"DARKNESS, LIGHTED ROAD",PARKED MOTOR VEHICLE,NOT DIVIDED,,STRAIGHT AND LEVEL,DRY,NO DEFECTS,NOT ON SCENE (DESK REPORT),NO INJURY / DRIVE AWAY,,,Y,$500 OR LESS,11/09/2018 06:30:00 PM,NOT APPLICABLE,NOT APPLICABLE,1650,W,71ST ST,735,,,,,,,2,NO INDICATION OF INJURY,0,0,0,0,0,1,0,21,5,11,41.764994723,-87.665851378,POINT (-87.665851377808 41.764994722887)
JB509021,,11/08/2018 09:25:00 PM,30,NO CONTROLS,NO CONTROLS,CLEAR,"DARKNESS, LIGHTED ROAD",PARKED MOTOR VEHICLE,NOT DIVIDED,4,STRAIGHT AND LEVEL,DRY,NO DEFECTS,ON SCENE,INJURY AND / OR TOW DUE TO CRASH,,,,"OVER $1,500",11/08/2018 09:26:00 PM,DISTRACTION - FROM OUTSIDE VEHICLE,DISTRACTION - FROM OUTSIDE VEHICLE,159,W,DIVISION ST,1824,,,,,,,2,NO INDICATION OF INJURY,0,0,0,0,0,1,0,21,5,11,41.903755731,-87.633696042,POINT (-87.633696041615 41.903755731021)
JB508998,,11/08/2018 09:17:00 PM,30,TRAFFIC SIGNAL,FUNCTIONING PROPERLY,CLEAR,"DARKNESS, LIGHTED ROAD",PEDALCYCLIST,NOT DIVIDED,2,STRAIGHT AND LEVEL,DRY,NO DEFECTS,ON SCENE,INJURY AND / OR TOW DUE TO CRASH,Y,,Y,"OVER $1,500",11/08/2018 09:17:00 PM,UNABLE TO DETERMINE,UNABLE TO DETERMINE,5199,W,MAYPOLE AVE,1532,,,,,,,2,NONINCAPACITATING INJURY,1,0,0,1,0,1,0,21,5,11,41.884211788,-87.755144314,POINT (-87.755144313674 41.884211788137)
JB508991,,11/08/2018 09:15:00 PM,30,TRAFFIC SIGNAL,FUNCTIONING PROPERLY,CLEAR,DARKNESS,TURNING,NOT DIVIDED,2,STRAIGHT AND LEVEL,DRY,NO DEFECTS,ON SCENE,NO INJURY / DRIVE AWAY,Y,,,"OVER $1,500",11/08/2018 09:29:00 PM,UNABLE TO DETERMINE,NOT APPLICABLE,1598,W,AUGUSTA BLVD,1213,,,,,,,2,NO INDICATION OF INJURY,0,0,0,0,0,2,0,21,5,11,41.899818211,-87.667368914,POINT (-87.66736891433 41.899818211488)
JB509001,,11/08/2018 09:05:00 PM,30,NO CONTROLS,NO CONTROLS,CLEAR,"DARKNESS, LIGHTED ROAD",REAR END,DIVIDED - W/MEDIAN (NOT RAISED),,STRAIGHT AND LEVEL,DRY,NO DEFECTS,NOT ON SCENE (DESK REPORT),NO INJURY / DRIVE AWAY,,,Y,"$501 - $1,500",11/08/2018 09:30:00 PM,FOLLOWING TOO CLOSELY,FAILING TO REDUCE SPEED TO AVOID CRASH,6300,S,HALSTED ST,723,,,,,,,2,NO INDICATION OF INJURY,0,0,0,0,0,2,0,21,5,11,41.7796575,-87.644930993,POINT (-87.644930992789 41.779657500363)