RD_NO,CRASH_DATE_EST_I,CRASH_DATE,POSTED_SPEED_LIMIT,TRAFFIC_CONTROL_DEVICE,DEVICE_CONDITION,WEATHER_CONDITION,LIGHTING_CONDITION,FIRST_CRASH_TYPE,TRAFFICWAY_TYPE,LANE_CNT,ALIGNMENT,ROADWAY_SURFACE_COND,ROAD_DEFECT,REPORT_TYPE,CRASH_TYPE,INTERSECTION_RELATED_I,NOT_RIGHT_OF_WAY_I,HIT_AND_RUN_I,DAMAGE,DATE_POLICE_NOTIFIED,PRIM_CONTRIBUTORY_CAUSE,SEC_CONTRIBUTORY_CAUSE,STREET_NO,STREET_DIRECTION,STREET_NAME,BEAT_OF_OCCURRENCE,PHOTOS_TAKEN_I,STATEMENTS_TAKEN_I,DOORING_I,WORK_ZONE_I,WORK_ZONE_TYPE,WORKERS_PRESENT_I,NUM_UNITS,MOST_SEVERE_INJURY,INJURIES_TOTAL,INJURIES_FATAL,INJURIES_INCAPACITATING,INJURIES_NON_INCAPACITATING,INJURIES_REPORTED_NOT_EVIDENT,INJURIES_NO_INDICATION,INJURIES_UNKNOWN,CRASH_HOUR,CRASH_DAY_OF_WEEK,CRASH_MONTH,LATITUDE,LONGITUDE,LOCATION
JB508698,,11/08/2018 04:30:00 PM,30,NO CONTROLS,NO CONTROLS,CLEAR,DARKNESS,SIDESWIPE SAME DIRECTION,NOT DIVIDED,2,STRAIGHT AND LEVEL,DRY,NO DEFECTS,NOT ON SCENE (DESK REPORT),NO INJURY / DRIVE AWAY,,,,"OVER $1,500",11/08/2018 05:10:00 PM,IMPROPER LANE USAGE,UNABLE TO DETERMINE,33,N,SACRAMENTO BLVD,1222,,,,,,,2,NO INDICATION OF INJURY,0,0,0,0,0,2,0,16,5,11,41.881897511,-87.701083089,POINT (-87.701083088542 41.881897511339)
JB508680,,11/08/2018 04:30:00 PM,30,TRAFFIC SIGNAL,FUNCTIONING PROPERLY,CLEAR,DAYLIGHT,HEAD ON,NOT DIVIDED,4,STRAIGHT AND LEVEL,DRY,NO DEFECTS,ON SCENE,INJURY AND / OR TOW DUE TO CRASH,Y,,,"OVER $1,500",11/08/2018 04:32:00 PM,DRIVING ON WRONG SIDE/WRONG WAY,UNABLE TO DETERMINE,4401,S,ASHLAND AVE,924,,,,,,,2,INCAPACITATING INJURY,3,0,3,0,0,0,0,16,5,11,41.813969782,-87.664960509,POINT (-87.664960509109 41.813969782477)
JB508683,,11/08/2018 04:20:00 PM,30,NO CONTROLS,UNKNOWN,CLEAR,DAYLIGHT,FIXED OBJECT,DIVIDED - W/MEDIAN BARRIER,2,STRAIGHT AND LEVEL,DRY,NO DEFECTS,ON SCENE,NO INJURY / DRIVE AWAY,,,,"OVER $1,500",11/08/2018 04:27:00 PM,UNABLE TO DETERMINE,NOT APPLICABLE,330,W,31ST ST,914,,,,,,,1,NO INDICATION OF INJURY,0,0,0,0,0,1,0,16,5,11,41.83829904,-87.63526008,POINT (-87.63526008043 41.838299040082)
JB508658,,11/08/2018 04:20:00 PM,20,NO CONTROLS,NO CONTROLS,CLEAR,DAYLIGHT,PARKED MOTOR VEHICLE,NOT DIVIDED,,STRAIGHT AND LEVEL,DRY,NO DEFECTS,,NO INJURY / DRIVE AWAY,,,N,"$501 - $1,500",11/08/2018 04:25:00 PM,UNABLE TO DETERMINE,NOT APPLICABLE,13228,S,ELLIS AVE,533,,,,,,,2,NO INDICATION OF INJURY,0,0,0,0,0,1,0,16,5,11,41.655124762,-87.596901808,POINT (-87.596901808391 41.655124761951)
JB508696,,11/08/2018 04:08:00 PM,30,NO CONTROLS,NO CONTROLS,CLEAR,"DARKNESS, LIGHTED ROAD",REAR END,NOT DIVIDED,4,STRAIGHT AND LEVEL,DRY,NO DEFECTS,ON SCENE,INJURY AND / OR TOW DUE TO CRASH,,,,"$501 - $1,500",11/08/2018 04:12:00 PM,UNABLE TO DETERMINE,NOT APPLICABLE,298,S,CICERO AVE,1533,,,,,,,2,INCAPACITATING INJURY,1,0,1,0,0,1,0,16,5,11,41.876850226,-87.745293891,POINT (-87.745293891422 41.876850225901)
JB512151,,11/08/2018 04:00:00 PM,30,NO CONTROLS,NO CONTROLS,CLEAR,DAYLIGHT,PARKED MOTOR VEHICLE,NOT DIVIDED,,STRAIGHT AND LEVEL,DRY,NO DEFECTS,NOT ON SCENE (DESK REPORT),NO INJURY / DRIVE AWAY,,,,$500 OR LESS,11/11/2018 03:52:00 PM,UNABLE TO DETERMINE,UNABLE TO DETERMINE,921,N,ASHLAND AVE,1213,,,,,,,2,NO INDICATION OF INJURY,0,0,0,0,0,2,0,16,5,11,41.898540346,-87.667213072,POINT (-87.667213072452 41.898540346128)
JB510010,,11/08/2018 04:00:00 PM,30,TRAFFIC SIGNAL,FUNCTIONING PROPERLY,CLEAR,"DARKNESS, LIGHTED ROAD",REAR END,NOT DIVIDED,2,STRAIGHT AND LEVEL,DRY,NO DEFECTS,NOT ON SCENE (DESK REPORT),NO INJURY / DRIVE AWAY,Y,,,"OVER $1,500",11/09/2018 05:10:00 PM,UNABLE TO DETERMINE,NOT APPLICABLE,1105,W,FULLERTON AVE,1811,,,,,,,2,NO INDICATION OF INJURY,0,0,0,0,0,2,0,16,5,11,41.925226131,-87.656250706,POINT (-87.656250706132 41.925226131457)
JB508665,,11/08/2018 04:00:00 PM,30,TRAFFIC SIGNAL,FUNCTIONING PROPERLY,CLEAR,DAYLIGHT,TURNING,NOT DIVIDED,,STRAIGHT AND LEVEL,DRY,NO DEFECTS,NOT ON SCENE (DESK REPORT),NO INJURY / DRIVE AWAY,,,,"$501 - $1,500",11/08/2018 04:32:00 PM,NOT APPLICABLE,NOT APPLICABLE,5100,S,KEDZIE AVE,822,,,,,,,2,NO INDICATION OF INJURY,0,0,0,0,0,3,0,16,5,11,41.80072726,-87.703910217,POINT (-87.703910217369 41.800727259896)
JB508630,,11/08/2018 04:00:00 PM,30,LANE USE MARKING,WORN REFLECTIVE MATERIAL,CLEAR,DAYLIGHT,SIDESWIPE SAME DIRECTION,DIVIDED - W/MEDIAN BARRIER,4,STRAIGHT ON GRADE,DRY,NO DEFECTS,ON SCENE,NO INJURY / DRIVE AWAY,,,,"OVER $1,500",11/08/2018 04:15:00 PM,FAILING TO YIELD RIGHT-OF-WAY,IMPROPER OVERTAKING/PASSING,1836,N,CICERO AVE,2533,,,,,,,2,NO INDICATION OF INJURY,0,0,0,0,0,2,0,16,5,11,41.91440338,-87.746153692,POINT (-87.746153691904 41.91440338049)
JB508728,,11/08/2018 03:45:00 PM,30,NO CONTROLS,NO CONTROLS,CLEAR,DAYLIGHT,PARKED MOTOR VEHICLE,PARKING LOT,,STRAIGHT AND LEVEL,DRY,NO DEFECTS,NOT ON SCENE (DESK REPORT),NO INJURY / DRIVE AWAY,,,Y,"$501 - $1,500",11/08/2018 05:30:00 PM,UNABLE TO DETERMINE,NOT APPLICABLE,25,N,MICHIGAN AVE,114,,,,,,,2,NO INDICATION OF INJURY,0,0,0,0,0,1,0,15,5,11,41.882670497,-87.624241539,POINT (-87.624241538569 41.882670496958)
JB508810,,11/08/2018 03:40:00 PM,45,NO CONTROLS,NO CONTROLS,CLOUDY/OVERCAST,DUSK,SIDESWIPE SAME DIRECTION,ONE-WAY,4,STRAIGHT AND LEVEL,DRY,NO DEFECTS,NOT ON SCENE (DESK REPORT),NO INJURY / DRIVE AWAY,,,,$500 OR LESS,11/08/2018 06:10:00 PM,IMPROPER LANE USAGE,UNABLE TO DETERMINE,3800,S,LAKE SHORE DR SB,212,,,,,,,2,NO INDICATION OF INJURY,0,0,0,0,0,3,0,15,5,11,41.827544577,-87.602678876,POINT (-87.602678875548 41.827544576776)
JB508645,,11/08/2018 03:33:00 PM,30,TRAFFIC SIGNAL,NO CONTROLS,CLEAR,DUSK,REAR END,DIVIDED - W/MEDIAN (NOT RAISED),4,STRAIGHT AND LEVEL,DRY,NO DEFECTS,ON SCENE,INJURY AND / OR TOW DUE TO CRASH,,,Y,"OVER $1,500",11/08/2018 03:58:00 PM,FOLLOWING TOO CLOSELY,FAILING TO REDUCE SPEED TO AVOID CRASH,6442,N,CALDWELL AVE,1621,,,,,,,3,NO INDICATION OF INJURY,0,0,0,0,0,3,0,15,5,11,41.997967907,-87.768419737,POINT (-87.768419737254 41.997967907122)
JB508668,,11/08/2018 03:30:00 PM,30,TRAFFIC SIGNAL,FUNCTIONING PROPERLY,CLEAR,DAYLIGHT,TURNING,DIVIDED - W/MEDIAN (NOT RAISED),,STRAIGHT AND LEVEL,DRY,NO DEFECTS,ON SCENE,NO INJURY / DRIVE AWAY,,,,$500 OR LESS,11/08/2018 03:40:00 PM,DRIVING SKILLS/KNOWLEDGE/EXPERIENCE,UNABLE TO DETERMINE,2022,W,119TH ST,2234,,,,,,,2,NO INDICATION OF INJURY,0,0,0,0,0,2,0,15,5,11,41.677456949,-87.671629971,POINT (-87.671629971291 41.677456949352)
JB508657,,11/08/2018 03:30:00 PM,30,NO CONTROLS,NO CONTROLS,CLEAR,DAYLIGHT,ANGLE,PARKING LOT,,STRAIGHT AND LEVEL,DRY,NO DEFECTS,NOT ON SCENE (DESK REPORT),NO INJURY / DRIVE AWAY,,Y,Y,$500 OR LESS,11/08/2018 04:25:00 PM,IMPROPER BACKING,FAILING TO REDUCE SPEED TO AVOID CRASH,4159,W,MADISON ST,1115,,,,,,,2,NO INDICATION OF INJURY,0,0,0,0,0,2,0,15,5,11,41.88055896,-87.730449126,POINT (-87.730449125825 41.880558960134)
JB508634,,11/08/2018 03:30:00 PM,10,NO CONTROLS,NO CONTROLS,CLEAR,DAYLIGHT,HEAD ON,PARKING LOT,1,STRAIGHT AND LEVEL,DRY,NO DEFECTS,NOT ON SCENE (DESK REPORT),NO INJURY / DRIVE AWAY,,Y,,"OVER $1,500",11/08/2018 04:20:00 PM,FAILING TO YIELD RIGHT-OF-WAY,UNABLE TO DETERMINE,1649,W,BELMONT AVE,1931,,,,,,,2,NO INDICATION OF INJURY,0,0,0,0,0,3,0,15,5,11,41.939560546,-87.670592694,POINT (-87.670592693852 41.939560545664)
JB508611,,11/08/2018 03:30:00 PM,35,TRAFFIC SIGNAL,FUNCTIONING PROPERLY,CLEAR,DAYLIGHT,REAR END,DIVIDED - W/MEDIAN (NOT RAISED),6,STRAIGHT AND LEVEL,DRY,NO DEFECTS,NOT ON SCENE (DESK REPORT),NO INJURY / DRIVE AWAY,,,,"OVER $1,500",11/08/2018 04:00:00 PM,FOLLOWING TOO CLOSELY,UNABLE TO DETERMINE,8290,S,STONY ISLAND AVE,411,,,,,,,2,NO INDICATION OF INJURY,0,0,0,0,0,3,0,15,5,11,41.744288303,-87.585947011,POINT (-87.585947011459 41.744288303496)
JB508575,,11/08/2018 03:30:00 PM,35,NO CONTROLS,NO CONTROLS,CLEAR,DAYLIGHT,TURNING,DIVIDED - W/MEDIAN (NOT RAISED),,STRAIGHT AND LEVEL,DRY,NO DEFECTS,NOT ON SCENE (DESK REPORT),NO INJURY / DRIVE AWAY,,,,"OVER $1,500",11/08/2018 03:40:00 PM,FOLLOWING TOO CLOSELY,NOT APPLICABLE,2650,S,CALIFORNIA BLVD,1034,,,,,,,3,NO INDICATION OF INJURY,0,0,0,0,0,3,0,15,5,11,41.843238354,-87.694764544,POINT (-87.69476454437 41.84323835355)
JB508603,,11/08/2018 03:27:00 PM,30,TRAFFIC SIGNAL,FUNCTIONING PROPERLY,CLEAR,DAYLIGHT,PEDESTRIAN,DIVIDED - W/MEDIAN BARRIER,2,STRAIGHT AND LEVEL,DRY,NO DEFECTS,ON SCENE,NO INJURY / DRIVE AWAY,Y,,,$500 OR LESS,11/08/2018 03:29:00 PM,UNABLE TO DETERMINE,NOT APPLICABLE,1001,W,HARRISON ST,1232,,,,,,,2,NO INDICATION OF INJURY,0,0,0,0,0,2,0,15,5,11,41.874257233,-87.651880359,POINT (-87.651880358516 41.874257233013)
JB508759,,11/08/2018 03:20:00 PM,30,NO CONTROLS,NO CONTROLS,CLEAR,DAYLIGHT,ANGLE,ONE-WAY,,STRAIGHT AND LEVEL,DRY,NO DEFECTS,NOT ON SCENE (DESK REPORT),NO INJURY / DRIVE AWAY,,,,"$501 - $1,500",11/08/2018 05:45:00 PM,UNABLE TO DETERMINE,UNABLE TO DETERMINE,3945,N,MEADE AVE,1633,,,,,,,2,NO INDICATION OF INJURY,0,0,0,0,0,2,0,15,5,11,41.952514891,-87.7790551,POINT (-87.779055100026 41.952514890569)
JB508641,,11/08/2018 03:20:00 PM,30,OTHER,OTHER,CLEAR,DAYLIGHT,REAR END,DIVIDED - W/MEDIAN (NOT RAISED),,STRAIGHT AND LEVEL,DRY,NO DEFECTS,NOT ON SCENE (DESK REPORT),NO INJURY / DRIVE AWAY,Y,,,"$501 - $1,500",11/08/2018 04:15:00 PM,IMPROPER LANE USAGE,IMPROPER LANE USAGE,2898,W,PETERSON AVE,2413,,,,,,,2,NO INDICATION OF INJURY,0,0,0,0,0,2,0,15,5,11,41.990539424,-87.701766627,POINT (-87.701766626845 41.990539423809)
JB508623,,11/08/2018 03:15:00 PM,30,TRAFFIC SIGNAL,FUNCTIONING PROPERLY,CLEAR,DUSK,REAR END,DIVIDED - W/MEDIAN BARRIER,6,STRAIGHT AND LEVEL,DRY,NO DEFECTS,ON SCENE,INJURY AND / OR TOW DUE TO CRASH,,,,"OVER $1,500",11/08/2018 03:55:00 PM,FOLLOWING TOO CLOSELY,NOT APPLICABLE,5658,S,LAKE SHORE DR SB,331,,,,,,,3,NO INDICATION OF INJURY,0,0,0,0,0,4,0,15,5,11,41.791533917,-87.580208735,POINT (-87.580208735455 41.791533916538)
JB508613,,11/08/2018 03:15:00 PM,30,NO CONTROLS,NO CONTROLS,CLEAR,DAYLIGHT,SIDESWIPE SAME DIRECTION,DIVIDED - W/MEDIAN (NOT RAISED),2,STRAIGHT AND LEVEL,DRY,NO DEFECTS,NOT ON SCENE (DESK REPORT),NO INJURY / DRIVE AWAY,,,,"OVER $1,500",11/08/2018 04:00:00 PM,UNABLE TO DETERMINE,UNABLE TO DETERMINE,3851,S,ROCKWELL ST,911,,,,,,,2,NO INDICATION OF INJURY,0,0,0,0,0,2,0,15,5,11,41.823054771,-87.689581473,POINT (-87.689581472885 41.823054771407)
JB508919,,11/08/2018 03:10:00 PM,30,TRAFFIC SIGNAL,FUNCTIONING PROPERLY,CLEAR,DAYLIGHT,PARKED MOTOR VEHICLE,NOT DIVIDED,2,STRAIGHT AND LEVEL,DRY,UNKNOWN,NOT ON SCENE (DESK REPORT),NO INJURY / DRIVE AWAY,,,,"OVER $1,500",11/08/2018 08:05:00 PM,UNABLE TO DETERMINE,UNABLE TO DETERMINE,1425,N,CLEAVER ST,1433,,,,,,,2,NO INDICATION OF INJURY,0,0,0,0,0,1,0,15,5,11,41.907808783,-87.663815591,POINT (-87.663815590987 41.907808782674)
JB508551,,11/08/2018 03:10:00 PM,30,TRAFFIC SIGNAL,FUNCTIONING PROPERLY,CLEAR,DAYLIGHT,SIDESWIPE SAME DIRECTION,NOT DIVIDED,2,STRAIGHT AND LEVEL,DRY,NO DEFECTS,NOT ON SCENE (DESK REPORT),NO INJURY / DRIVE AWAY,,,,"$501 - $1,500",11/08/2018 03:25:00 PM,IMPROPER LANE USAGE,NOT APPLICABLE,898,N,CLARK ST,1832,,,,,,,2,NO INDICATION OF INJURY,0,0,0,0,0,2,0,15,5,11,41.899237406,-87.631460876,POINT (-87.631460876265 41.899237405774)
JB508805,,11/08/2018 03:05:00 PM,30,TRAFFIC SIGNAL,FUNCTIONING PROPERLY,CLEAR,"DARKNESS, LIGHTED ROAD",PEDALCYCLIST,NOT DIVIDED,,STRAIGHT AND LEVEL,DRY,NO DEFECTS,NOT ON SCENE (DESK REPORT),NO INJURY / DRIVE AWAY,,,Y,"OVER $1,500",11/08/2018 06:20:00 PM,IMPROPER OVERTAKING/PASSING,NOT APPLICABLE,340,N,MICHIGAN AVE,111,,,,,,,2,NO INDICATION OF INJURY,0,0,0,0,0,2,0,15,5,11,41.887705769,-87.624703858,POINT (-87.624703858025 41.88770576912)
JB508606,,11/08/2018 03:05:00 PM,30,NO CONTROLS,NO CONTROLS,CLEAR,DAYLIGHT,SIDESWIPE SAME DIRECTION,NOT DIVIDED,,STRAIGHT AND LEVEL,DRY,NO DEFECTS,NOT ON SCENE (DESK REPORT),NO INJURY / DRIVE AWAY,,,,"$501 - $1,500",11/08/2018 04:05:00 PM,UNABLE TO DETERMINE,UNABLE TO DETERMINE,1199,N,WOLCOTT AVE,1212,,,,,,,2,NO INDICATION OF INJURY,0,0,0,0,0,2,0,15,5,11,41.903209486,-87.674674058,POINT (-87.674674058486 41.903209485917)
JB508674,Y,11/08/2018 02:59:00 PM,30,TRAFFIC SIGNAL,FUNCTIONING PROPERLY,CLEAR,DAYLIGHT,TURNING,NOT DIVIDED,2,STRAIGHT AND LEVEL,DRY,NO DEFECTS,ON SCENE,INJURY AND / OR TOW DUE TO CRASH,Y,,,"OVER $1,500",11/08/2018 04:06:00 PM,IMPROPER LANE USAGE,UNABLE TO DETERMINE,524,S,SACRAMENTO BLVD,1134,,,,,,,2,NO INDICATION OF INJURY,0,0,0,0,0,2,0,14,5,11,41.874084793,-87.701168046,POINT (-87.701168045627 41.874084793072)
JB509528,,11/08/2018 02:53:00 PM,30,NO CONTROLS,NO CONTROLS,CLEAR,DAYLIGHT,REAR END,NOT DIVIDED,2,STRAIGHT AND LEVEL,DRY,NO DEFECTS,NOT ON SCENE (DESK REPORT),NO INJURY / DRIVE AWAY,,,,"OVER $1,500",11/09/2018 11:10:00 AM,UNABLE TO DETERMINE,UNABLE TO DETERMINE,6600,S,WENTWORTH AVE,722,,,,,,,2,NO INDICATION OF INJURY,0,0,0,0,0,3,0,14,5,11,41.774440601,-87.630160395,POINT (-87.630160395493 41.774440600511)
JB508517,,11/08/2018 02:52:00 PM,30,NO CONTROLS,UNKNOWN,CLEAR,DAYLIGHT,PARKED MOTOR VEHICLE,NOT DIVIDED,2,STRAIGHT AND LEVEL,UNKNOWN,UNKNOWN,ON SCENE,INJURY AND / OR TOW DUE TO CRASH,,,,"OVER $1,500",11/08/2018 02:58:00 PM,FAILING TO REDUCE SPEED TO AVOID CRASH,UNABLE TO DETERMINE,10226,S,STATE ST,511,,,,,,,2,NONINCAPACITATING INJURY,1,0,0,1,0,0,0,14,5,11,41.708172856,-87.623688054,POINT (-87.623688054052 41.708172855981)
JB508675,,11/08/2018 02:45:00 PM,35,NO CONTROLS,NO CONTROLS,CLEAR,DAYLIGHT,PARKED MOTOR VEHICLE,NOT DIVIDED,,STRAIGHT AND LEVEL,DRY,NO DEFECTS,ON SCENE,NO INJURY / DRIVE AWAY,,,Y,$500 OR LESS,11/08/2018 05:00:00 PM,UNABLE TO DETERMINE,UNABLE TO DETERMINE,2330,W,81ST ST,835,,,,,,,2,NO INDICATION OF INJURY,0,0,0,0,0,1,0,14,5,11,41.746604778,-87.681644124,POINT (-87.681644123764 41.74660477768)
JB508567,,11/08/2018 02:45:00 PM,30,TRAFFIC SIGNAL,UNKNOWN,UNKNOWN,UNKNOWN,SIDESWIPE SAME DIRECTION,NOT DIVIDED,4,STRAIGHT AND LEVEL,UNKNOWN,UNKNOWN,NOT ON SCENE (DESK REPORT),NO INJURY / DRIVE AWAY,,,,"OVER $1,500",11/08/2018 03:30:00 PM,UNABLE TO DETERMINE,UNABLE TO DETERMINE,1412,E,47TH DR,222,,,,,,,2,NO INDICATION OF INJURY,0,0,0,0,0,2,0,14,5,11,41.809841017,-87.59197648,POINT (-87.591976479935 41.809841017013)
JB508595,,11/08/2018 02:44:00 PM,5,OTHER,FUNCTIONING PROPERLY,CLEAR,DAYLIGHT,FIXED OBJECT,PARKING LOT,,CURVE ON HILLCREST,DRY,NO DEFECTS,ON SCENE,INJURY AND / OR TOW DUE TO CRASH,,Y,,"OVER $1,500",11/08/2018 03:03:00 PM,EXCEEDING AUTHORIZED SPEED LIMIT,PHYSICAL CONDITION OF DRIVER,259,E,ERIE ST,1834,,Y,,,,,2,NONINCAPACITATING INJURY,2,0,0,1,1,0,0,14,5,11,41.894085381,-87.62040431,POINT (-87.620404310022 41.894085380663)
JB508502,,11/08/2018 02:40:00 PM,25,NO CONTROLS,NO CONTROLS,CLEAR,DAYLIGHT,SIDESWIPE SAME DIRECTION,NOT DIVIDED,2,STRAIGHT AND LEVEL,DRY,UNKNOWN,ON SCENE,NO INJURY / DRIVE AWAY,,,,"$501 - $1,500",11/08/2018 02:47:00 PM,FAILING TO YIELD RIGHT-OF-WAY,NOT APPLICABLE,1926,W,PRATT BLVD,2424,,,,,,,2,NO INDICATION OF INJURY,0,0,0,0,0,2,0,14,5,11,42.00534369,-87.679016346,POINT (-87.679016346244 42.005343689604)
JB508518,,11/08/2018 02:35:00 PM,30,NO CONTROLS,NO CONTROLS,CLEAR,DAYLIGHT,SIDESWIPE SAME DIRECTION,DIVIDED - W/MEDIAN (NOT RAISED),4,STRAIGHT AND LEVEL,DRY,NO DEFECTS,ON SCENE,NO INJURY / DRIVE AWAY,,,Y,"OVER $1,500",11/08/2018 02:40:00 PM,FOLLOWING TOO CLOSELY,UNABLE TO DETERMINE,710,N,FAIRBANKS CT,1834,,Y,,,,,2,NO INDICATION OF INJURY,0,0,0,0,0,2,0,14,5,11,41.895403599,-87.620482608,POINT (-87.620482607643 41.895403599474)
JB508536,,11/08/2018 02:30:00 PM,30,NO CONTROLS,NO CONTROLS,CLEAR,DAYLIGHT,SIDESWIPE SAME DIRECTION,NOT DIVIDED,,STRAIGHT AND LEVEL,DRY,NO DEFECTS,NOT ON SCENE (DESK REPORT),NO INJURY / DRIVE AWAY,,,,"$501 - $1,500",11/08/2018 03:16:00 PM,NOT APPLICABLE,NOT APPLICABLE,4200,W,MARQUETTE RD,833,,,,,,,2,NO INDICATION OF INJURY,0,0,0,0,0,2,0,14,5,11,41.771425802,-87.727515881,POINT (-87.727515880858 41.771425801915)
JB508520,,11/08/2018 02:30:00 PM,15,NO CONTROLS,NO CONTROLS,CLEAR,DAYLIGHT,PARKED MOTOR VEHICLE,PARKING LOT,3,STRAIGHT AND LEVEL,DRY,UNKNOWN,NOT ON SCENE (DESK REPORT),NO INJURY / DRIVE AWAY,,Y,,"$501 - $1,500",11/08/2018 02:50:00 PM,DRIVING SKILLS/KNOWLEDGE/EXPERIENCE,UNABLE TO DETERMINE,112,W,87TH ST,622,,,,,,,2,NO INDICATION OF INJURY,0,0,0,0,0,1,0,14,5,11,41.736380046,-87.627509219,POINT (-87.627509219026 41.736380045588)
JB508514,,11/08/2018 02:15:00 PM,35,TRAFFIC SIGNAL,FUNCTIONING PROPERLY,CLEAR,DAYLIGHT,TURNING,OTHER,3,STRAIGHT ON HILLCREST,DRY,NO DEFECTS,NOT ON SCENE (DESK REPORT),NO INJURY / DRIVE AWAY,,,,$500 OR LESS,11/08/2018 03:00:00 PM,UNABLE TO DETERMINE,UNABLE TO DETERMINE,2350,W,OGDEN AVE,1233,,,,,,,2,NO INDICATION OF INJURY,0,0,0,0,0,2,0,14,5,11,41.865507443,-87.68529587,POINT (-87.685295870247 41.865507443214)
JB508489,,11/08/2018 02:15:00 PM,30,TRAFFIC SIGNAL,FUNCTIONING PROPERLY,CLEAR,DAYLIGHT,REAR END,NOT DIVIDED,4,STRAIGHT AND LEVEL,DRY,NO DEFECTS,NOT ON SCENE (DESK REPORT),NO INJURY / DRIVE AWAY,Y,,,"$501 - $1,500",11/08/2018 02:42:00 PM,FAILING TO REDUCE SPEED TO AVOID CRASH,FOLLOWING TOO CLOSELY,759,N,ASHLAND AVE,1215,,,,,,,2,NO INDICATION OF INJURY,0,0,0,0,0,2,0,14,5,11,41.896030052,-87.667143359,POINT (-87.66714335863 41.896030051806)
JB508608,,11/08/2018 02:01:00 PM,30,NO CONTROLS,NO CONTROLS,CLEAR,DAYLIGHT,TURNING,NOT DIVIDED,2,STRAIGHT AND LEVEL,DRY,NO DEFECTS,ON SCENE,INJURY AND / OR TOW DUE TO CRASH,,,,"$501 - $1,500",11/08/2018 03:38:00 PM,FAILING TO YIELD RIGHT-OF-WAY,CELL PHONE USE OTHER THAN TEXTING,1535,W,HUBBARD ST,1215,,,,,,,2,NONINCAPACITATING INJURY,1,0,0,1,0,3,0,14,5,11,41.88977888,-87.666946479,POINT (-87.666946478979 41.889778880312)
JB508467,,11/08/2018 02:00:00 PM,30,NO CONTROLS,NO CONTROLS,CLEAR,DAYLIGHT,PARKED MOTOR VEHICLE,DIVIDED - W/MEDIAN BARRIER,4,STRAIGHT AND LEVEL,DRY,NO DEFECTS,ON SCENE,NO INJURY / DRIVE AWAY,,,,$500 OR LESS,11/08/2018 02:00:00 PM,NOT APPLICABLE,NOT APPLICABLE,1301,N,ASHLAND AVE,1433,,,,,,,2,NO INDICATION OF INJURY,0,0,0,0,0,1,0,14,5,11,41.905136244,-87.667395409,POINT (-87.667395408935 41.905136243993)
JB508444,,11/08/2018 01:59:00 PM,15,NO CONTROLS,NO CONTROLS,CLEAR,DAYLIGHT,SIDESWIPE SAME DIRECTION,ONE-WAY,1,STRAIGHT AND LEVEL,DRY,NO DEFECTS,ON SCENE,NO INJURY / DRIVE AWAY,,,,"OVER $1,500",11/08/2018 02:00:00 PM,UNABLE TO DETERMINE,NOT APPLICABLE,2401,W,CHARLESTON ST,1431,,,,,,,2,NO INDICATION OF INJURY,0,0,0,0,0,2,0,13,5,11,41.919869949,-87.687573346,POINT (-87.687573346003 41.91986994921)
JB509668,,11/08/2018 01:45:00 PM,35,NO CONTROLS,NO CONTROLS,CLEAR,DAYLIGHT,PARKED MOTOR VEHICLE,NOT DIVIDED,,STRAIGHT AND LEVEL,DRY,NO DEFECTS,NOT ON SCENE (DESK REPORT),NO INJURY / DRIVE AWAY,,,Y,"$501 - $1,500",11/09/2018 12:43:00 PM,UNABLE TO DETERMINE,UNABLE TO DETERMINE,3739,W,GEORGE ST,2523,,,,,,,2,NO INDICATION OF INJURY,0,0,0,0,0,1,0,13,5,11,41.93358062,-87.72120853,POINT (-87.721208529863 41.93358062042)
JB508560,,11/08/2018 01:45:00 PM,30,NO CONTROLS,NO CONTROLS,CLEAR,DAYLIGHT,TURNING,NOT DIVIDED,4,STRAIGHT AND LEVEL,DRY,NO DEFECTS,NOT ON SCENE (DESK REPORT),NO INJURY / DRIVE AWAY,,,,"OVER $1,500",11/08/2018 03:30:00 PM,IMPROPER TURNING/NO SIGNAL,FAILING TO YIELD RIGHT-OF-WAY,153,N,WESTERN AVE,1223,,,,,,,2,NO INDICATION OF INJURY,0,0,0,0,0,2,0,13,5,11,41.884597431,-87.686380553,POINT (-87.686380552536 41.8845974308)
JB508516,,11/08/2018 01:45:00 PM,30,TRAFFIC SIGNAL,FUNCTIONING PROPERLY,CLEAR,DAYLIGHT,REAR END,NOT DIVIDED,,STRAIGHT AND LEVEL,DRY,NO DEFECTS,NOT ON SCENE (DESK REPORT),NO INJURY / DRIVE AWAY,Y,,,"OVER $1,500",11/08/2018 03:00:00 PM,FOLLOWING TOO CLOSELY,UNABLE TO DETERMINE,3700,W,87TH ST,834,,,,,,,2,NO INDICATION OF INJURY,0,0,0,0,0,2,0,13,5,11,41.735091909,-87.71426814,POINT (-87.714268140404 41.735091909479)
JB508204,,11/08/2018 01:45:00 PM,30,NO CONTROLS,NO CONTROLS,CLEAR,DAWN,FIXED OBJECT,NOT DIVIDED,,STRAIGHT ON GRADE,DRY,NO DEFECTS,ON SCENE,NO INJURY / DRIVE AWAY,,,,"$501 - $1,500",11/08/2018 02:14:00 PM,ROAD CONSTRUCTION/MAINTENANCE,NOT APPLICABLE,1325,E,50TH ST,222,,,,,,,1,NO INDICATION OF INJURY,0,0,0,0,0,1,0,13,5,11,41.804098645,-87.594141702,POINT (-87.594141701559 41.8040986447)