RD_NO,CRASH_DATE_EST_I,CRASH_DATE,POSTED_SPEED_LIMIT,TRAFFIC_CONTROL_DEVICE,DEVICE_CONDITION,WEATHER_CONDITION,LIGHTING_CONDITION,FIRST_CRASH_TYPE,TRAFFICWAY_TYPE,LANE_CNT,ALIGNMENT,ROADWAY_SURFACE_COND,ROAD_DEFECT,REPORT_TYPE,CRASH_TYPE,INTERSECTION_RELATED_I,NOT_RIGHT_OF_WAY_I,HIT_AND_RUN_I,DAMAGE,DATE_POLICE_NOTIFIED,PRIM_CONTRIBUTORY_CAUSE,SEC_CONTRIBUTORY_CAUSE,STREET_NO,STREET_DIRECTION,STREET_NAME,BEAT_OF_OCCURRENCE,PHOTOS_TAKEN_I,STATEMENTS_TAKEN_I,DOORING_I,WORK_ZONE_I,WORK_ZONE_TYPE,WORKERS_PRESENT_I,NUM_UNITS,MOST_SEVERE_INJURY,INJURIES_TOTAL,INJURIES_FATAL,INJURIES_INCAPACITATING,INJURIES_NON_INCAPACITATING,INJURIES_REPORTED_NOT_EVIDENT,INJURIES_NO_INDICATION,INJURIES_UNKNOWN,CRASH_HOUR,CRASH_DAY_OF_WEEK,CRASH_MONTH,LATITUDE,LONGITUDE,LOCATION
JB508546,,11/08/2018 01:40:00 PM,30,NO CONTROLS,NO CONTROLS,CLEAR,DAYLIGHT,TURNING,NOT DIVIDED,,STRAIGHT AND LEVEL,DRY,NO DEFECTS,ON SCENE,INJURY AND / OR TOW DUE TO CRASH,,,,"OVER $1,500",11/08/2018 01:42:00 PM,IMPROPER LANE USAGE,FAILING TO YIELD RIGHT-OF-WAY,147,N,WESTERN AVE,1223,,,,,,,2,NO INDICATION OF INJURY,0,0,0,0,0,2,0,13,5,11,41.884455053,-87.686376911,POINT (-87.686376911241 41.884455053242)
JB508461,,11/08/2018 01:35:00 PM,35,NO CONTROLS,NO CONTROLS,CLEAR,DAYLIGHT,ANGLE,NOT DIVIDED,,STRAIGHT AND LEVEL,DRY,NO DEFECTS,NOT ON SCENE (DESK REPORT),NO INJURY / DRIVE AWAY,,,,$500 OR LESS,11/08/2018 02:05:00 PM,UNABLE TO DETERMINE,UNABLE TO DETERMINE,3328,W,LAWRENCE AVE,1713,,,,,,,2,NO INDICATION OF INJURY,0,0,0,0,0,2,0,13,5,11,41.968526354,-87.712089104,POINT (-87.712089104288 41.96852635431)
JB508433,,11/08/2018 01:35:00 PM,30,TRAFFIC SIGNAL,FUNCTIONING PROPERLY,CLEAR,DAYLIGHT,SIDESWIPE SAME DIRECTION,DIVIDED - W/MEDIAN (NOT RAISED),8,STRAIGHT AND LEVEL,DRY,NO DEFECTS,ON SCENE,NO INJURY / DRIVE AWAY,,,,$500 OR LESS,11/08/2018 01:42:00 PM,IMPROPER OVERTAKING/PASSING,NOT APPLICABLE,6003,W,IRVING PARK RD,1633,,,,,,,2,NO INDICATION OF INJURY,0,0,0,0,0,2,0,13,5,11,41.952941844,-87.77690831,POINT (-87.776908309752 41.952941843563)
JB513114,,11/08/2018 01:30:00 PM,30,NO CONTROLS,NO CONTROLS,CLEAR,DAYLIGHT,PARKED MOTOR VEHICLE,DIVIDED - W/MEDIAN (NOT RAISED),2,STRAIGHT AND LEVEL,DRY,NO DEFECTS,NOT ON SCENE (DESK REPORT),NO INJURY / DRIVE AWAY,,,Y,"$501 - $1,500",11/12/2018 01:09:00 PM,UNABLE TO DETERMINE,UNABLE TO DETERMINE,5100,S,HOMAN AVE,822,,,,,,,2,NO INDICATION OF INJURY,0,0,0,0,0,1,0,13,5,11,41.800658168,-87.708814454,POINT (-87.708814453886 41.800658168433)
JB509453,,11/08/2018 01:30:00 PM,30,TRAFFIC SIGNAL,FUNCTIONING PROPERLY,CLEAR,DAYLIGHT,REAR END,DIVIDED - W/MEDIAN (NOT RAISED),4,STRAIGHT AND LEVEL,DRY,NO DEFECTS,NOT ON SCENE (DESK REPORT),NO INJURY / DRIVE AWAY,,,,"$501 - $1,500",11/09/2018 10:15:00 AM,UNABLE TO DETERMINE,DRIVING SKILLS/KNOWLEDGE/EXPERIENCE,2401,W,51ST ST,923,,,,,,,2,NO INDICATION OF INJURY,0,0,0,0,0,2,0,13,5,11,41.801038087,-87.684291259,POINT (-87.684291259135 41.801038086801)
JB508507,,11/08/2018 01:30:00 PM,30,TRAFFIC SIGNAL,FUNCTIONING PROPERLY,CLEAR,DAYLIGHT,REAR END,NOT DIVIDED,,STRAIGHT AND LEVEL,DRY,UNKNOWN,NOT ON SCENE (DESK REPORT),NO INJURY / DRIVE AWAY,,,Y,"OVER $1,500",11/08/2018 02:27:00 PM,FAILING TO REDUCE SPEED TO AVOID CRASH,NOT APPLICABLE,301,S,AUSTIN BLVD,1513,,,,,,,2,NO INDICATION OF INJURY,0,0,0,0,0,5,0,13,5,11,41.876381736,-87.77437817,POINT (-87.774378170193 41.876381735655)
JB508438,,11/08/2018 01:30:00 PM,30,NO CONTROLS,NO CONTROLS,CLEAR,DAYLIGHT,SIDESWIPE OPPOSITE DIRECTION,NOT DIVIDED,2,STRAIGHT AND LEVEL,DRY,NO DEFECTS,NOT ON SCENE (DESK REPORT),NO INJURY / DRIVE AWAY,,,,"OVER $1,500",11/08/2018 01:55:00 PM,UNABLE TO DETERMINE,UNABLE TO DETERMINE,2300,W,HARRISON ST,1225,,,,,,,2,NO INDICATION OF INJURY,0,0,0,0,0,2,0,13,5,11,41.874035559,-87.683845361,POINT (-87.68384536064 41.874035559277)
JB508622,,11/08/2018 01:22:00 PM,35,TRAFFIC SIGNAL,FUNCTIONING PROPERLY,CLEAR,DAYLIGHT,TURNING,NOT DIVIDED,4,STRAIGHT AND LEVEL,DRY,NO DEFECTS,NOT ON SCENE (DESK REPORT),NO INJURY / DRIVE AWAY,,,,"OVER $1,500",11/08/2018 04:20:00 PM,IMPROPER LANE USAGE,UNABLE TO DETERMINE,2333,N,ASHLAND AVE,1811,,,,,,,2,NO INDICATION OF INJURY,0,0,0,0,0,2,0,13,5,11,41.924324863,-87.667966428,POINT (-87.667966427682 41.924324862983)
JB508463,,11/08/2018 01:15:00 PM,30,TRAFFIC SIGNAL,FUNCTIONING PROPERLY,CLEAR,DAYLIGHT,TURNING,NOT DIVIDED,4,STRAIGHT AND LEVEL,DRY,NO DEFECTS,ON SCENE,INJURY AND / OR TOW DUE TO CRASH,Y,,,"OVER $1,500",11/08/2018 02:05:00 PM,FAILING TO YIELD RIGHT-OF-WAY,NOT APPLICABLE,1600,W,IRVING PARK RD,1912,,,,,,,2,NO INDICATION OF INJURY,0,0,0,0,0,2,0,13,5,11,41.954399304,-87.669112865,POINT (-87.669112865433 41.954399303703)
JB508428,,11/08/2018 01:15:00 PM,15,STOP SIGN/FLASHER,NO CONTROLS,CLEAR,DAYLIGHT,TURNING,NOT DIVIDED,2,STRAIGHT AND LEVEL,DRY,NO DEFECTS,ON SCENE,INJURY AND / OR TOW DUE TO CRASH,,,,"$501 - $1,500",11/08/2018 01:34:00 PM,IMPROPER TURNING/NO SIGNAL,FAILING TO YIELD RIGHT-OF-WAY,1224,S,CLINTON ST,124,,,,,,,2,NO INDICATION OF INJURY,0,0,0,0,0,2,0,13,5,11,41.866533364,-87.640849439,POINT (-87.640849438867 41.866533364436)
JB509660,,11/08/2018 01:00:00 PM,30,NO CONTROLS,NO CONTROLS,CLEAR,DAYLIGHT,REAR END,NOT DIVIDED,2,STRAIGHT AND LEVEL,DRY,NO DEFECTS,NOT ON SCENE (DESK REPORT),NO INJURY / DRIVE AWAY,,,,"OVER $1,500",11/09/2018 12:45:00 PM,UNABLE TO DETERMINE,UNABLE TO DETERMINE,2029,W,LAWRENCE AVE,1911,,,,,,,2,NO INDICATION OF INJURY,0,0,0,0,0,2,0,13,5,11,41.968629228,-87.680425153,POINT (-87.680425153004 41.968629228281)
JB508460,,11/08/2018 01:00:00 PM,30,TRAFFIC SIGNAL,FUNCTIONING PROPERLY,CLEAR,DAYLIGHT,TURNING,UNKNOWN,3,STRAIGHT AND LEVEL,DRY,NO DEFECTS,NOT ON SCENE (DESK REPORT),NO INJURY / DRIVE AWAY,Y,,,"OVER $1,500",11/08/2018 02:40:00 PM,IMPROPER TURNING/NO SIGNAL,NOT APPLICABLE,530,E,PERSHING RD,212,,,,,,,2,NO INDICATION OF INJURY,0,0,0,0,0,3,0,13,5,11,41.823988033,-87.613608395,POINT (-87.613608395222 41.823988032858)
JB508423,,11/08/2018 01:00:00 PM,30,TRAFFIC SIGNAL,FUNCTIONING PROPERLY,CLEAR,DAYLIGHT,REAR END,NOT DIVIDED,2,STRAIGHT AND LEVEL,DRY,NO DEFECTS,NOT ON SCENE (DESK REPORT),NO INJURY / DRIVE AWAY,,,,"OVER $1,500",11/08/2018 01:45:00 PM,FAILING TO REDUCE SPEED TO AVOID CRASH,UNABLE TO DETERMINE,3621,N,ELSTON AVE,1733,,,,,,,2,NO INDICATION OF INJURY,0,0,0,0,0,2,0,13,5,11,41.947118992,-87.709351148,POINT (-87.709351148075 41.947118991777)
JB508397,,11/08/2018 01:00:00 PM,30,NO CONTROLS,NO CONTROLS,CLEAR,DAYLIGHT,REAR END,NOT DIVIDED,4,STRAIGHT AND LEVEL,DRY,NO DEFECTS,ON SCENE,NO INJURY / DRIVE AWAY,,,,"OVER $1,500",11/08/2018 01:14:00 PM,FOLLOWING TOO CLOSELY,NOT APPLICABLE,750,S,CANAL ST,124,,,,,,,2,NO INDICATION OF INJURY,0,0,0,0,0,2,0,13,5,11,41.872101631,-87.639501846,POINT (-87.639501845975 41.872101630719)
JB508470,,11/08/2018 12:58:00 PM,30,NO CONTROLS,NO CONTROLS,CLEAR,DAYLIGHT,REAR END,NOT DIVIDED,,STRAIGHT AND LEVEL,DRY,NO DEFECTS,NOT ON SCENE (DESK REPORT),NO INJURY / DRIVE AWAY,,,Y,"$501 - $1,500",11/08/2018 02:18:00 PM,NOT APPLICABLE,NOT APPLICABLE,4700,S,KEDZIE AVE,821,,,,,,,2,NO INDICATION OF INJURY,0,0,0,0,0,2,0,12,5,11,41.808047272,-87.704118822,POINT (-87.704118822299 41.80804727165)
JB508386,,11/08/2018 12:58:00 PM,35,TRAFFIC SIGNAL,FUNCTIONING PROPERLY,CLEAR,DAYLIGHT,PEDESTRIAN,DIVIDED - W/MEDIAN (NOT RAISED),2,STRAIGHT AND LEVEL,DRY,NO DEFECTS,ON SCENE,INJURY AND / OR TOW DUE TO CRASH,Y,,Y,"OVER $1,500",11/08/2018 12:58:00 PM,UNABLE TO DETERMINE,UNABLE TO DETERMINE,1200,S,PULASKI RD,1011,,,,,,,2,INCAPACITATING INJURY,1,0,1,0,0,2,0,12,5,11,41.866079337,-87.725305995,POINT (-87.725305994876 41.866079337222)
JB508363,,11/08/2018 12:55:00 PM,30,NO CONTROLS,NO CONTROLS,CLEAR,DAYLIGHT,PARKED MOTOR VEHICLE,NOT DIVIDED,,STRAIGHT AND LEVEL,DRY,NO DEFECTS,ON SCENE,INJURY AND / OR TOW DUE TO CRASH,,,,"OVER $1,500",11/08/2018 01:05:00 PM,FAILING TO YIELD RIGHT-OF-WAY,NOT APPLICABLE,9508,S,WENTWORTH AVE,511,,,,,,,2,NO INDICATION OF INJURY,0,0,0,0,0,1,0,12,5,11,41.721340022,-87.628804588,POINT (-87.628804588015 41.721340021802)
JB512812,,11/08/2018 12:45:00 PM,30,NO CONTROLS,NO CONTROLS,CLEAR,DAYLIGHT,PARKED MOTOR VEHICLE,NOT DIVIDED,2,STRAIGHT AND LEVEL,DRY,NO DEFECTS,NOT ON SCENE (DESK REPORT),NO INJURY / DRIVE AWAY,,,,"OVER $1,500",11/12/2018 09:34:00 AM,UNABLE TO DETERMINE,UNABLE TO DETERMINE,3941,W,FLOURNOY ST,1132,,,,,,,2,NO INDICATION OF INJURY,0,0,0,0,0,2,0,12,5,11,41.872436153,-87.72458756,POINT (-87.724587560024 41.872436153088)
JB508385,,11/08/2018 12:40:00 PM,30,TRAFFIC SIGNAL,UNKNOWN,CLEAR,DAYLIGHT,REAR END,UNKNOWN,,STRAIGHT AND LEVEL,UNKNOWN,UNKNOWN,NOT ON SCENE (DESK REPORT),NO INJURY / DRIVE AWAY,Y,,,$500 OR LESS,11/08/2018 01:00:00 PM,FAILING TO REDUCE SPEED TO AVOID CRASH,FOLLOWING TOO CLOSELY,2100,S,ASHLAND AVE,1234,,,,,,,2,NO INDICATION OF INJURY,0,0,0,0,0,2,0,12,5,11,41.8541165,-87.666195939,POINT (-87.666195939254 41.854116500052)
JB508365,,11/08/2018 12:40:00 PM,30,NO CONTROLS,NO CONTROLS,CLEAR,DAYLIGHT,SIDESWIPE SAME DIRECTION,ONE-WAY,,STRAIGHT AND LEVEL,DRY,NO DEFECTS,ON SCENE,NO INJURY / DRIVE AWAY,,,,"OVER $1,500",11/08/2018 12:43:00 PM,FAILING TO YIELD RIGHT-OF-WAY,NOT APPLICABLE,299,E,ERIE ST,1834,,,,,,,2,NO INDICATION OF INJURY,0,0,0,0,0,2,0,12,5,11,41.894085381,-87.62040431,POINT (-87.620404310022 41.894085380663)
JB508332,,11/08/2018 12:28:00 PM,30,TRAFFIC SIGNAL,FUNCTIONING PROPERLY,CLEAR,DAYLIGHT,SIDESWIPE OPPOSITE DIRECTION,NOT DIVIDED,2,STRAIGHT ON GRADE,DRY,NO DEFECTS,ON SCENE,INJURY AND / OR TOW DUE TO CRASH,Y,,,"OVER $1,500",11/08/2018 12:31:00 PM,UNABLE TO DETERMINE,NOT APPLICABLE,3758,W,LAKE ST,1122,,,,,,,2,NO INDICATION OF INJURY,0,0,0,0,0,2,0,12,5,11,41.885301637,-87.72071527,POINT (-87.720715270179 41.885301636742)
JB508319,,11/08/2018 12:17:00 PM,30,NO CONTROLS,NO CONTROLS,CLEAR,DAYLIGHT,PARKED MOTOR VEHICLE,DIVIDED - W/MEDIAN BARRIER,6,STRAIGHT AND LEVEL,DRY,NO DEFECTS,ON SCENE,INJURY AND / OR TOW DUE TO CRASH,,,,"$501 - $1,500",11/08/2018 12:17:00 PM,PHYSICAL CONDITION OF DRIVER,NOT APPLICABLE,8933,S,STONY ISLAND AVE,413,,,,,,,3,INCAPACITATING INJURY,1,0,1,0,0,0,0,12,5,11,41.732369904,-87.584959138,POINT (-87.584959138013 41.732369904039)
JB508409,,11/08/2018 12:15:00 PM,30,TRAFFIC SIGNAL,FUNCTIONING PROPERLY,CLEAR,DAYLIGHT,SIDESWIPE SAME DIRECTION,DIVIDED - W/MEDIAN (NOT RAISED),,STRAIGHT AND LEVEL,DRY,NO DEFECTS,NOT ON SCENE (DESK REPORT),NO INJURY / DRIVE AWAY,,,,"OVER $1,500",11/08/2018 01:44:00 PM,FAILING TO YIELD RIGHT-OF-WAY,NOT APPLICABLE,150,N,MICHIGAN AVE,111,,,,,,,2,NO INDICATION OF INJURY,0,0,0,0,0,2,0,12,5,11,41.884530964,-87.624602045,POINT (-87.624602044601 41.884530963783)
JB508321,,11/08/2018 12:15:00 PM,30,NO CONTROLS,NO CONTROLS,CLEAR,DAYLIGHT,PEDESTRIAN,NOT DIVIDED,2,STRAIGHT AND LEVEL,DRY,NO DEFECTS,ON SCENE,INJURY AND / OR TOW DUE TO CRASH,,,,"OVER $1,500",11/08/2018 12:19:00 PM,UNABLE TO DETERMINE,NOT APPLICABLE,1232,S,PULASKI RD,1011,,,,,,,2,"REPORTED, NOT EVIDENT",1,0,0,0,1,1,0,12,5,11,41.865169752,-87.725285856,POINT (-87.725285856084 41.865169751727)
JB508374,,11/08/2018 12:14:00 PM,30,TRAFFIC SIGNAL,FUNCTIONING PROPERLY,CLEAR,DAYLIGHT,PARKED MOTOR VEHICLE,OTHER,2,STRAIGHT ON GRADE,DRY,UNKNOWN,NOT ON SCENE (DESK REPORT),NO INJURY / DRIVE AWAY,,,,"OVER $1,500",11/08/2018 01:13:00 PM,IMPROPER OVERTAKING/PASSING,NOT APPLICABLE,151,E,WACKER DR,114,,,,,,,2,NO INDICATION OF INJURY,0,0,0,0,0,1,0,12,5,11,41.887999887,-87.622565133,POINT (-87.62256513256 41.887999887349)
JB508373,,11/08/2018 12:00:00 PM,30,NO CONTROLS,NO CONTROLS,CLEAR,DAYLIGHT,SIDESWIPE SAME DIRECTION,DIVIDED - W/MEDIAN (NOT RAISED),,STRAIGHT AND LEVEL,DRY,NO DEFECTS,ON SCENE,INJURY AND / OR TOW DUE TO CRASH,,,,"OVER $1,500",11/08/2018 12:30:00 PM,IMPROPER OVERTAKING/PASSING,NOT APPLICABLE,3225,W,47TH ST,821,,Y,,,,,2,NO INDICATION OF INJURY,0,0,0,0,0,3,0,12,5,11,41.80799588,-87.705037624,POINT (-87.705037624433 41.807995880322)
JB508359,,11/08/2018 11:59:00 AM,30,STOP SIGN/FLASHER,FUNCTIONING PROPERLY,CLEAR,DAYLIGHT,ANGLE,NOT DIVIDED,2,STRAIGHT AND LEVEL,DRY,NO DEFECTS,ON SCENE,INJURY AND / OR TOW DUE TO CRASH,Y,,Y,"OVER $1,500",11/08/2018 12:01:00 PM,DISREGARDING STOP SIGN,FAILING TO YIELD RIGHT-OF-WAY,7700,S,YATES BLVD,414,,,,,,,2,NONINCAPACITATING INJURY,1,0,0,1,0,2,0,11,5,11,41.755268487,-87.566447775,POINT (-87.56644777476 41.755268486532)
JB508306,,11/08/2018 11:55:00 AM,30,NO CONTROLS,NO CONTROLS,CLEAR,DAYLIGHT,SIDESWIPE SAME DIRECTION,NOT DIVIDED,4,STRAIGHT AND LEVEL,DRY,NO DEFECTS,ON SCENE,NO INJURY / DRIVE AWAY,,,,$500 OR LESS,11/08/2018 12:05:00 PM,UNABLE TO DETERMINE,UNABLE TO DETERMINE,3544,N,KIMBALL AVE,1732,,,,,,,2,NO INDICATION OF INJURY,0,0,0,0,0,3,0,11,5,11,41.946049495,-87.712843271,POINT (-87.712843271118 41.946049494827)
JB508297,,11/08/2018 11:55:00 AM,30,TRAFFIC SIGNAL,FUNCTIONING PROPERLY,CLEAR,DAYLIGHT,PEDESTRIAN,NOT DIVIDED,4,STRAIGHT AND LEVEL,DRY,NO DEFECTS,ON SCENE,INJURY AND / OR TOW DUE TO CRASH,Y,,,"OVER $1,500",11/08/2018 12:05:00 PM,NOT APPLICABLE,NOT APPLICABLE,1199,S,CENTRAL AVE,1522,,,,,,,2,INCAPACITATING INJURY,1,0,1,0,0,1,0,11,5,11,41.865639054,-87.764164581,POINT (-87.764164581141 41.865639054076)
JB508418,,11/08/2018 11:45:00 AM,30,NO CONTROLS,NO CONTROLS,CLEAR,DAYLIGHT,SIDESWIPE SAME DIRECTION,NOT DIVIDED,,STRAIGHT AND LEVEL,DRY,NO DEFECTS,NOT ON SCENE (DESK REPORT),NO INJURY / DRIVE AWAY,,,Y,"$501 - $1,500",11/08/2018 01:49:00 PM,UNABLE TO DETERMINE,UNABLE TO DETERMINE,2399,W,CONGRESS PKWY,1225,,,,,,,2,NO INDICATION OF INJURY,0,0,0,0,0,4,0,11,5,11,41.874884466,-87.686198983,POINT (-87.686198982869 41.874884466242)
JB508296,,11/08/2018 11:40:00 AM,30,NO CONTROLS,NO CONTROLS,CLEAR,DAYLIGHT,FIXED OBJECT,NOT DIVIDED,,STRAIGHT AND LEVEL,DRY,NO DEFECTS,ON SCENE,INJURY AND / OR TOW DUE TO CRASH,,Y,,"OVER $1,500",11/08/2018 12:40:00 PM,UNABLE TO DETERMINE,UNABLE TO DETERMINE,3331,W,GRAND AVE,1121,,,,,,,1,NO INDICATION OF INJURY,0,0,0,0,0,1,0,11,5,11,41.899482111,-87.709906402,POINT (-87.709906402085 41.899482111061)
JB508293,,11/08/2018 11:38:00 AM,30,NO CONTROLS,NO CONTROLS,CLEAR,DAYLIGHT,REAR END,DIVIDED - W/MEDIAN (NOT RAISED),,STRAIGHT AND LEVEL,DRY,NO DEFECTS,NOT ON SCENE (DESK REPORT),NO INJURY / DRIVE AWAY,,,,"OVER $1,500",11/08/2018 12:00:00 PM,UNABLE TO DETERMINE,UNABLE TO DETERMINE,1633,W,95TH ST,2213,,,,,,,2,NO INDICATION OF INJURY,0,0,0,0,0,3,0,11,5,11,41.721082791,-87.664185961,POINT (-87.66418596077 41.721082791424)
JB508650,,11/08/2018 11:35:00 AM,30,TRAFFIC SIGNAL,FUNCTIONING PROPERLY,CLEAR,DAYLIGHT,ANGLE,NOT DIVIDED,,STRAIGHT AND LEVEL,DRY,NO DEFECTS,NOT ON SCENE (DESK REPORT),NO INJURY / DRIVE AWAY,,,,"OVER $1,500",11/08/2018 04:33:00 PM,FAILING TO YIELD RIGHT-OF-WAY,NOT APPLICABLE,8700,S,EXCHANGE AVE,423,,,,,,,2,NO INDICATION OF INJURY,0,0,0,0,0,2,0,11,5,11,41.73726991,-87.55295547,POINT (-87.552955469901 41.737269910387)
JB508281,,11/08/2018 11:30:00 AM,30,NO CONTROLS,NO CONTROLS,CLEAR,DAYLIGHT,TURNING,DIVIDED - W/MEDIAN (NOT RAISED),,STRAIGHT AND LEVEL,DRY,NO DEFECTS,NOT ON SCENE (DESK REPORT),NO INJURY / DRIVE AWAY,,,,"$501 - $1,500",11/08/2018 11:45:00 AM,UNABLE TO DETERMINE,NOT APPLICABLE,2121,S,PRAIRIE AVE,132,,,,,,,2,NO INDICATION OF INJURY,0,0,0,0,0,2,0,11,5,11,41.853650885,-87.620533581,POINT (-87.620533581142 41.853650885041)
JB508312,,11/08/2018 11:20:00 AM,30,TRAFFIC SIGNAL,UNKNOWN,CLEAR,DAYLIGHT,REAR END,DIVIDED - W/MEDIAN (NOT RAISED),2,STRAIGHT AND LEVEL,UNKNOWN,UNKNOWN,NOT ON SCENE (DESK REPORT),NO INJURY / DRIVE AWAY,,,,"OVER $1,500",11/08/2018 12:20:00 PM,FAILING TO REDUCE SPEED TO AVOID CRASH,NOT APPLICABLE,7235,W,DEVON AVE,1612,,,,,,,2,NO INDICATION OF INJURY,0,0,0,0,0,2,0,11,5,11,41.997436413,-87.808014644,POINT (-87.808014643928 41.997436413108)
JB508289,,11/08/2018 11:15:00 AM,35,NO CONTROLS,NO CONTROLS,CLEAR,DAYLIGHT,TURNING,DIVIDED - W/MEDIAN (NOT RAISED),,STRAIGHT AND LEVEL,DRY,NO DEFECTS,NOT ON SCENE (DESK REPORT),NO INJURY / DRIVE AWAY,,,,"OVER $1,500",11/08/2018 12:00:00 PM,UNABLE TO DETERMINE,NOT APPLICABLE,2402,W,80TH ST,835,,,,,,,2,NO INDICATION OF INJURY,0,0,0,0,0,2,0,11,5,11,41.748394946,-87.682962104,POINT (-87.682962103561 41.748394946087)
JB508276,,11/08/2018 11:15:00 AM,30,NO CONTROLS,NO CONTROLS,CLEAR,DAYLIGHT,PARKED MOTOR VEHICLE,NOT DIVIDED,2,STRAIGHT AND LEVEL,DRY,NO DEFECTS,NOT ON SCENE (DESK REPORT),NO INJURY / DRIVE AWAY,,,Y,"OVER $1,500",11/08/2018 12:02:00 PM,IMPROPER OVERTAKING/PASSING,IMPROPER OVERTAKING/PASSING,1242,W,19TH ST,1233,,,,,,,2,NO INDICATION OF INJURY,0,0,0,0,0,1,0,11,5,11,41.856219175,-87.658079968,POINT (-87.65807996818 41.856219175079)
JB508234,,11/08/2018 11:14:00 AM,30,TRAFFIC SIGNAL,FUNCTIONING PROPERLY,CLEAR,DAYLIGHT,TURNING,NOT DIVIDED,,STRAIGHT AND LEVEL,DRY,NO DEFECTS,ON SCENE,INJURY AND / OR TOW DUE TO CRASH,,,Y,"OVER $1,500",11/08/2018 11:16:00 AM,DISREGARDING TRAFFIC SIGNALS,FAILING TO REDUCE SPEED TO AVOID CRASH,3600,W,WASHINGTON BLVD,1122,,,,,,,2,NO INDICATION OF INJURY,0,0,0,0,0,4,0,11,5,11,41.881671576,-87.715938208,POINT (-87.715938208222 41.881671575671)
JB508267,,11/08/2018 11:09:00 AM,30,NO CONTROLS,NO CONTROLS,CLEAR,DAYLIGHT,TURNING,NOT DIVIDED,4,STRAIGHT AND LEVEL,DRY,NO DEFECTS,ON SCENE,INJURY AND / OR TOW DUE TO CRASH,,,,"OVER $1,500",11/08/2018 11:19:00 AM,FAILING TO YIELD RIGHT-OF-WAY,UNABLE TO DETERMINE,6451,W,DEVON AVE,1611,,,,,,,4,INCAPACITATING INJURY,1,0,1,0,0,1,0,11,5,11,41.997231609,-87.789461802,POINT (-87.789461801508 41.997231608644)
JB508228,,11/08/2018 11:07:00 AM,30,TRAFFIC SIGNAL,FUNCTIONING PROPERLY,CLEAR,DAYLIGHT,ANGLE,DIVIDED - W/MEDIAN (NOT RAISED),3,STRAIGHT AND LEVEL,DRY,NO DEFECTS,ON SCENE,INJURY AND / OR TOW DUE TO CRASH,Y,,,"OVER $1,500",11/08/2018 11:15:00 AM,DISREGARDING TRAFFIC SIGNALS,FAILING TO REDUCE SPEED TO AVOID CRASH,99,E,GARFIELD BLVD,225,,,,,,,2,NONINCAPACITATING INJURY,1,0,0,1,0,1,0,11,5,11,41.794255374,-87.622523916,POINT (-87.622523915687 41.794255374101)
JB508320,,11/08/2018 11:00:00 AM,30,NO CONTROLS,NO CONTROLS,CLEAR,DAYLIGHT,TURNING,NOT DIVIDED,,STRAIGHT AND LEVEL,DRY,NO DEFECTS,NOT ON SCENE (DESK REPORT),NO INJURY / DRIVE AWAY,,,,$500 OR LESS,11/08/2018 12:28:00 PM,FAILING TO YIELD RIGHT-OF-WAY,FAILING TO YIELD RIGHT-OF-WAY,2294,N,MILWAUKEE AVE,1431,,,,,,,2,NO INDICATION OF INJURY,0,0,0,0,0,2,0,11,5,11,41.922597466,-87.697097629,POINT (-87.697097629101 41.922597465675)
JB508264,,11/08/2018 11:00:00 AM,30,TRAFFIC SIGNAL,FUNCTIONING PROPERLY,CLEAR,DAYLIGHT,SIDESWIPE SAME DIRECTION,OTHER,,STRAIGHT AND LEVEL,DRY,NO DEFECTS,NOT ON SCENE (DESK REPORT),NO INJURY / DRIVE AWAY,,,,"OVER $1,500",11/08/2018 11:18:00 AM,IMPROPER LANE USAGE,NOT APPLICABLE,9500,S,JEFFERY AVE,431,,,,,,,2,NO INDICATION OF INJURY,0,0,0,0,0,2,0,11,5,11,41.722375907,-87.575499903,POINT (-87.575499903328 41.722375907041)
JB508222,,11/08/2018 11:00:00 AM,30,NO CONTROLS,NO CONTROLS,CLOUDY/OVERCAST,DAYLIGHT,SIDESWIPE SAME DIRECTION,DIVIDED - W/MEDIAN (NOT RAISED),4,STRAIGHT ON GRADE,DRY,NO DEFECTS,ON SCENE,NO INJURY / DRIVE AWAY,,,Y,$500 OR LESS,11/08/2018 11:06:00 AM,UNABLE TO DETERMINE,UNABLE TO DETERMINE,6262,W,NORTH AVE,2513,,,,,,,2,NO INDICATION OF INJURY,0,0,0,0,0,2,0,11,5,11,41.90928654,-87.782628841,POINT (-87.782628841147 41.909286540199)
JB508196,,11/08/2018 10:55:00 AM,35,NO CONTROLS,NO CONTROLS,CLEAR,DAYLIGHT,FIXED OBJECT,DIVIDED - W/MEDIAN (NOT RAISED),4,STRAIGHT AND LEVEL,DRY,NO DEFECTS,ON SCENE,INJURY AND / OR TOW DUE TO CRASH,,,,"OVER $1,500",11/08/2018 10:56:00 AM,UNABLE TO DETERMINE,UNABLE TO DETERMINE,1129,E,71ST ST,324,,,,,,,1,NONINCAPACITATING INJURY,1,0,0,1,0,0,0,10,5,11,41.765774586,-87.597120683,POINT (-87.597120682672 41.765774585898)