RD_NO,CRASH_DATE_EST_I,CRASH_DATE,POSTED_SPEED_LIMIT,TRAFFIC_CONTROL_DEVICE,DEVICE_CONDITION,WEATHER_CONDITION,LIGHTING_CONDITION,FIRST_CRASH_TYPE,TRAFFICWAY_TYPE,LANE_CNT,ALIGNMENT,ROADWAY_SURFACE_COND,ROAD_DEFECT,REPORT_TYPE,CRASH_TYPE,INTERSECTION_RELATED_I,NOT_RIGHT_OF_WAY_I,HIT_AND_RUN_I,DAMAGE,DATE_POLICE_NOTIFIED,PRIM_CONTRIBUTORY_CAUSE,SEC_CONTRIBUTORY_CAUSE,STREET_NO,STREET_DIRECTION,STREET_NAME,BEAT_OF_OCCURRENCE,PHOTOS_TAKEN_I,STATEMENTS_TAKEN_I,DOORING_I,WORK_ZONE_I,WORK_ZONE_TYPE,WORKERS_PRESENT_I,NUM_UNITS,MOST_SEVERE_INJURY,INJURIES_TOTAL,INJURIES_FATAL,INJURIES_INCAPACITATING,INJURIES_NON_INCAPACITATING,INJURIES_REPORTED_NOT_EVIDENT,INJURIES_NO_INDICATION,INJURIES_UNKNOWN,CRASH_HOUR,CRASH_DAY_OF_WEEK,CRASH_MONTH,LATITUDE,LONGITUDE,LOCATION
JB509078,,11/08/2018 10:40:00 AM,30,TRAFFIC SIGNAL,FUNCTIONING PROPERLY,CLEAR,"DARKNESS, LIGHTED ROAD",SIDESWIPE SAME DIRECTION,DIVIDED - W/MEDIAN (NOT RAISED),2,STRAIGHT AND LEVEL,DRY,NO DEFECTS,ON SCENE,NO INJURY / DRIVE AWAY,,,N,$500 OR LESS,11/08/2018 11:13:00 PM,IMPROPER OVERTAKING/PASSING,IMPROPER LANE USAGE,504,W,31ST ST,914,,,,,,,2,NO INDICATION OF INJURY,0,0,0,0,0,2,0,10,5,11,41.83824631,-87.639207246,POINT (-87.63920724636 41.838246309922)
JB508455,,11/08/2018 10:40:00 AM,30,TRAFFIC SIGNAL,FUNCTIONING PROPERLY,CLEAR,DAYLIGHT,TURNING,NOT DIVIDED,,STRAIGHT AND LEVEL,DRY,NO DEFECTS,NOT ON SCENE (DESK REPORT),NO INJURY / DRIVE AWAY,Y,,,"OVER $1,500",11/08/2018 02:26:00 PM,FOLLOWING TOO CLOSELY,UNABLE TO DETERMINE,7400,S,WESTERN AVE,835,,,,,,,2,NO INDICATION OF INJURY,0,0,0,0,0,3,0,10,5,11,41.759158602,-87.683246407,POINT (-87.683246407317 41.759158602213)
JB508259,,11/08/2018 10:30:00 AM,5,NO CONTROLS,NO CONTROLS,CLEAR,DAYLIGHT,PARKED MOTOR VEHICLE,PARKING LOT,,STRAIGHT AND LEVEL,DRY,NO DEFECTS,ON SCENE,NO INJURY / DRIVE AWAY,,Y,Y,"OVER $1,500",11/08/2018 11:40:00 AM,UNABLE TO DETERMINE,NOT APPLICABLE,5710,N,LINCOLN AVE,2011,,,,,,,2,NO INDICATION OF INJURY,0,0,0,0,0,1,0,10,5,11,41.985159828,-87.698818299,POINT (-87.698818298516 41.985159828419)
JB508164,,11/08/2018 10:05:00 AM,30,NO CONTROLS,NO CONTROLS,CLOUDY/OVERCAST,DAYLIGHT,SIDESWIPE SAME DIRECTION,NOT DIVIDED,,STRAIGHT AND LEVEL,DRY,NO DEFECTS,NOT ON SCENE (DESK REPORT),NO INJURY / DRIVE AWAY,,,,"$501 - $1,500",11/08/2018 10:25:00 AM,FAILING TO YIELD RIGHT-OF-WAY,NOT APPLICABLE,3639,W,79TH ST,834,,,,,,,2,NO INDICATION OF INJURY,0,0,0,0,0,2,0,10,5,11,41.749458309,-87.713626753,POINT (-87.713626753429 41.749458309131)
JB508252,Y,11/08/2018 10:00:00 AM,30,NO CONTROLS,NO CONTROLS,UNKNOWN,UNKNOWN,PARKED MOTOR VEHICLE,NOT DIVIDED,1,STRAIGHT AND LEVEL,UNKNOWN,NO DEFECTS,NOT ON SCENE (DESK REPORT),NO INJURY / DRIVE AWAY,,,Y,"OVER $1,500",11/08/2018 11:39:00 AM,UNABLE TO DETERMINE,UNABLE TO DETERMINE,4876,W,WABANSIA AVE,2533,,,,,,,2,NO INDICATION OF INJURY,0,0,0,0,0,1,0,10,5,11,41.911530135,-87.748850313,POINT (-87.748850313175 41.911530134915)
JB508190,,11/08/2018 10:00:00 AM,35,STOP SIGN/FLASHER,FUNCTIONING PROPERLY,CLEAR,DAYLIGHT,TURNING,DIVIDED - W/MEDIAN (NOT RAISED),,STRAIGHT AND LEVEL,DRY,NO DEFECTS,NOT ON SCENE (DESK REPORT),NO INJURY / DRIVE AWAY,Y,,,$500 OR LESS,11/08/2018 10:40:00 AM,IMPROPER TURNING/NO SIGNAL,IMPROPER TURNING/NO SIGNAL,11100,S,DR MARTIN LUTHER KING JR DR,531,,,,,,,2,NO INDICATION OF INJURY,0,0,0,0,0,3,0,10,5,11,41.692643962,-87.613520126,POINT (-87.613520125989 41.692643962206)
JB508155,,11/08/2018 10:00:00 AM,30,NO CONTROLS,NO CONTROLS,CLEAR,DAYLIGHT,REAR END,NOT DIVIDED,,STRAIGHT AND LEVEL,DRY,NO DEFECTS,ON SCENE,INJURY AND / OR TOW DUE TO CRASH,,,,"OVER $1,500",11/08/2018 10:07:00 AM,FOLLOWING TOO CLOSELY,"OPERATING VEHICLE IN ERRATIC, RECKLESS, CARELESS, NEGLIGENT OR AGGRESSIVE MANNER",11400,S,WESTERN AVE,2212,,,,,,,3,NO INDICATION OF INJURY,0,0,0,0,0,3,0,10,5,11,41.686013637,-87.681122294,POINT (-87.681122293957 41.686013637099)
JB508140,Y,11/08/2018 10:00:00 AM,30,NO CONTROLS,NO CONTROLS,CLEAR,DAYLIGHT,SIDESWIPE SAME DIRECTION,NOT DIVIDED,,STRAIGHT AND LEVEL,DRY,UNKNOWN,ON SCENE,INJURY AND / OR TOW DUE TO CRASH,,,,"OVER $1,500",11/08/2018 10:05:00 AM,UNABLE TO DETERMINE,DRIVING SKILLS/KNOWLEDGE/EXPERIENCE,3915,W,ROOSEVELT RD,1011,,,,,,,3,NONINCAPACITATING INJURY,2,0,0,1,1,0,0,10,5,11,41.86608689,-87.723429729,POINT (-87.723429728529 41.866086890488)
JB508145,,11/08/2018 09:56:00 AM,25,NO CONTROLS,NO CONTROLS,CLEAR,DAYLIGHT,FIXED OBJECT,PARKING LOT,,STRAIGHT AND LEVEL,DRY,NO DEFECTS,ON SCENE,NO INJURY / DRIVE AWAY,,Y,,"OVER $1,500",11/08/2018 09:56:00 AM,DRIVING SKILLS/KNOWLEDGE/EXPERIENCE,UNABLE TO DETERMINE,5401,W,BELMONT AVE,2514,,,,,,,1,NO INDICATION OF INJURY,0,0,0,0,0,1,0,9,5,11,41.938527051,-87.761654806,POINT (-87.761654806449 41.938527050659)
JB508144,,11/08/2018 09:55:00 AM,30,STOP SIGN/FLASHER,FUNCTIONING PROPERLY,CLEAR,DAYLIGHT,TURNING,DIVIDED - W/MEDIAN BARRIER,4,STRAIGHT AND LEVEL,DRY,NO DEFECTS,ON SCENE,INJURY AND / OR TOW DUE TO CRASH,,,,"OVER $1,500",11/08/2018 10:00:00 AM,FAILING TO YIELD RIGHT-OF-WAY,NOT APPLICABLE,1135,N,LA SALLE DR,1824,,,,,,,2,NO INDICATION OF INJURY,0,0,0,0,0,3,0,9,5,11,41.902930312,-87.63274208,POINT (-87.632742079839 41.902930312417)
JB508131,,11/08/2018 09:45:00 AM,30,NO CONTROLS,NO CONTROLS,CLEAR,DAYLIGHT,SIDESWIPE SAME DIRECTION,NOT DIVIDED,2,STRAIGHT AND LEVEL,DRY,NO DEFECTS,ON SCENE,NO INJURY / DRIVE AWAY,,,,$500 OR LESS,11/08/2018 09:47:00 AM,DRIVING SKILLS/KNOWLEDGE/EXPERIENCE,UNABLE TO DETERMINE,735,N,HAMLIN AVE,1112,,,,,,,2,NO INDICATION OF INJURY,0,0,0,0,0,2,0,9,5,11,41.894675942,-87.721018819,POINT (-87.721018818935 41.894675942423)
JB508149,,11/08/2018 09:40:00 AM,30,TRAFFIC SIGNAL,FUNCTIONING PROPERLY,CLEAR,DAYLIGHT,TURNING,NOT DIVIDED,4,STRAIGHT AND LEVEL,DRY,NO DEFECTS,NOT ON SCENE (DESK REPORT),NO INJURY / DRIVE AWAY,,,,"OVER $1,500",11/08/2018 10:20:00 AM,UNABLE TO DETERMINE,NOT APPLICABLE,3900,S,VINCENNES AVE,214,,,,,,,2,NO INDICATION OF INJURY,0,0,0,0,0,2,0,9,5,11,41.823849644,-87.612783143,POINT (-87.61278314307 41.823849643736)
JB508128,,11/08/2018 09:40:00 AM,30,TRAFFIC SIGNAL,FUNCTIONING PROPERLY,CLEAR,DAYLIGHT,TURNING,ONE-WAY,2,STRAIGHT AND LEVEL,DRY,NO DEFECTS,ON SCENE,NO INJURY / DRIVE AWAY,Y,,,"$501 - $1,500",11/08/2018 09:42:00 AM,IMPROPER LANE USAGE,NOT APPLICABLE,100,E,OHIO ST,1834,,,,,,,2,NO INDICATION OF INJURY,0,0,0,0,0,2,0,9,5,11,41.892637896,-87.625341406,POINT (-87.625341405856 41.89263789576)
JB508142,,11/08/2018 09:30:00 AM,30,NO CONTROLS,NO CONTROLS,CLEAR,DAYLIGHT,SIDESWIPE SAME DIRECTION,DIVIDED - W/MEDIAN BARRIER,,STRAIGHT AND LEVEL,DRY,NO DEFECTS,NOT ON SCENE (DESK REPORT),NO INJURY / DRIVE AWAY,,,,"OVER $1,500",11/08/2018 10:15:00 AM,UNABLE TO DETERMINE,UNABLE TO DETERMINE,401,N,WABASH AVE,1834,,,,,,,2,NO INDICATION OF INJURY,0,0,0,0,0,2,0,9,5,11,41.889284014,-87.626548548,POINT (-87.626548547941 41.889284013529)
JB508119,,11/08/2018 09:25:00 AM,25,NO CONTROLS,NO CONTROLS,CLEAR,DAYLIGHT,PARKED MOTOR VEHICLE,ONE-WAY,1,STRAIGHT AND LEVEL,DRY,NO DEFECTS,NOT ON SCENE (DESK REPORT),NO INJURY / DRIVE AWAY,,,,"$501 - $1,500",11/08/2018 09:40:00 AM,IMPROPER BACKING,NOT APPLICABLE,2840,N,SPRINGFIELD AVE,2523,,,,,,,2,NO INDICATION OF INJURY,0,0,0,0,0,1,0,9,5,11,41.933043783,-87.724714025,POINT (-87.724714024514 41.93304378305)
JB508117,Y,11/08/2018 09:11:00 AM,30,NO CONTROLS,NO CONTROLS,CLEAR,DAYLIGHT,PARKED MOTOR VEHICLE,NOT DIVIDED,2,STRAIGHT AND LEVEL,"SAND, MUD, DIRT",WORN SURFACE,ON SCENE,NO INJURY / DRIVE AWAY,,,,"$501 - $1,500",11/08/2018 09:11:00 AM,UNABLE TO DETERMINE,UNABLE TO DETERMINE,4111,N,KEELER AVE,1722,,N,,Y,CONSTRUCTION,Y,2,NO INDICATION OF INJURY,0,0,0,0,0,1,0,9,5,11,41.955794426,-87.732390371,POINT (-87.732390370568 41.955794425823)
JB508150,,11/08/2018 09:10:00 AM,5,NO CONTROLS,NO CONTROLS,CLOUDY/OVERCAST,DAYLIGHT,PARKED MOTOR VEHICLE,OTHER,,STRAIGHT AND LEVEL,DRY,NO DEFECTS,ON SCENE,NO INJURY / DRIVE AWAY,,Y,,"OVER $1,500",11/08/2018 09:30:00 AM,IMPROPER BACKING,NOT APPLICABLE,936,W,FOSTER AVE,2023,,,,,,,2,NO INDICATION OF INJURY,0,0,0,0,0,1,0,9,5,11,41.976520471,-87.654032472,POINT (-87.654032472338 41.976520471)
JB508090,,11/08/2018 09:05:00 AM,30,STOP SIGN/FLASHER,FUNCTIONING PROPERLY,CLOUDY/OVERCAST,DAYLIGHT,ANGLE,DIVIDED - W/MEDIAN (NOT RAISED),,STRAIGHT AND LEVEL,DRY,NO DEFECTS,ON SCENE,INJURY AND / OR TOW DUE TO CRASH,,,,"OVER $1,500",11/08/2018 09:07:00 AM,FAILING TO YIELD RIGHT-OF-WAY,NOT APPLICABLE,2432,W,63RD ST,825,,,,,,,2,NONINCAPACITATING INJURY,1,0,0,1,0,2,0,9,5,11,41.779349363,-87.684927289,POINT (-87.684927289078 41.779349363084)
JB509009,,11/08/2018 09:00:00 AM,35,NO CONTROLS,NO CONTROLS,CLEAR,DAYLIGHT,SIDESWIPE SAME DIRECTION,NOT DIVIDED,,STRAIGHT AND LEVEL,DRY,UNKNOWN,NOT ON SCENE (DESK REPORT),NO INJURY / DRIVE AWAY,,,,$500 OR LESS,11/08/2018 09:45:00 PM,UNABLE TO DETERMINE,UNABLE TO DETERMINE,4344,N,ELSTON AVE,1722,,,,,,,2,NO INDICATION OF INJURY,0,0,0,0,0,3,0,9,5,11,41.95966972,-87.728087345,POINT (-87.728087344545 41.959669720045)
JB508392,,11/08/2018 09:00:00 AM,30,NO CONTROLS,NO CONTROLS,CLEAR,DAYLIGHT,SIDESWIPE SAME DIRECTION,NOT DIVIDED,2,STRAIGHT AND LEVEL,DRY,NO DEFECTS,NOT ON SCENE (DESK REPORT),NO INJURY / DRIVE AWAY,,,Y,"$501 - $1,500",11/08/2018 01:25:00 PM,IMPROPER OVERTAKING/PASSING,IMPROPER OVERTAKING/PASSING,1654,W,CHICAGO AVE,1213,,,,,,,2,NO INDICATION OF INJURY,0,0,0,0,0,2,0,9,5,11,41.89614811,-87.669418428,POINT (-87.669418428448 41.896148110034)
JB508318,,11/08/2018 09:00:00 AM,25,NO CONTROLS,NO CONTROLS,CLEAR,DAYLIGHT,REAR END,NOT DIVIDED,,STRAIGHT AND LEVEL,DRY,NO DEFECTS,NOT ON SCENE (DESK REPORT),NO INJURY / DRIVE AWAY,,,,$500 OR LESS,11/08/2018 12:30:00 PM,UNABLE TO DETERMINE,UNABLE TO DETERMINE,933,N,STATE ST,1833,,,,,,,2,NO INDICATION OF INJURY,0,0,0,0,0,2,0,9,5,11,41.90003788,-87.628145847,POINT (-87.628145846664 41.900037880284)
JB508108,,11/08/2018 09:00:00 AM,30,TRAFFIC SIGNAL,FUNCTIONING PROPERLY,CLEAR,DAYLIGHT,TURNING,CENTER TURN LANE,2,STRAIGHT AND LEVEL,DRY,NO DEFECTS,ON SCENE,INJURY AND / OR TOW DUE TO CRASH,Y,,,"OVER $1,500",11/08/2018 09:12:00 AM,UNABLE TO DETERMINE,ROAD CONSTRUCTION/MAINTENANCE,1600,W,VAN BUREN ST,1231,,,,,,,2,NO INDICATION OF INJURY,0,0,0,0,0,5,0,9,5,11,41.876460927,-87.666707651,POINT (-87.666707650735 41.876460927341)
JB508093,,11/08/2018 09:00:00 AM,30,TRAFFIC SIGNAL,FUNCTIONING PROPERLY,CLEAR,DAYLIGHT,TURNING,NOT DIVIDED,4,STRAIGHT AND LEVEL,DRY,NO DEFECTS,ON SCENE,INJURY AND / OR TOW DUE TO CRASH,Y,,,"OVER $1,500",11/08/2018 09:05:00 AM,FAILING TO YIELD RIGHT-OF-WAY,DRIVING SKILLS/KNOWLEDGE/EXPERIENCE,1200,N,CENTRAL AVE,2531,,,,,,,2,NONINCAPACITATING INJURY,1,0,0,1,0,2,0,9,5,11,41.902188313,-87.765801497,POINT (-87.765801496951 41.902188313458)
JB508092,,11/08/2018 09:00:00 AM,30,NO CONTROLS,NO CONTROLS,CLEAR,DAYLIGHT,FIXED OBJECT,NOT DIVIDED,2,STRAIGHT AND LEVEL,DRY,NO DEFECTS,ON SCENE,NO INJURY / DRIVE AWAY,,,,"$501 - $1,500",11/08/2018 09:04:00 AM,"VISION OBSCURED (SIGNS, TREE LIMBS, BUILDINGS, ETC.)",NOT APPLICABLE,756,W,112TH ST,2233,,,,,,,1,NO INDICATION OF INJURY,0,0,0,0,0,1,0,9,5,11,41.690648256,-87.642181947,POINT (-87.642181947452 41.690648255693)
JB508081,,11/08/2018 09:00:00 AM,30,NO CONTROLS,NO CONTROLS,CLEAR,DAYLIGHT,REAR END,NOT DIVIDED,3,STRAIGHT ON GRADE,DRY,NO DEFECTS,ON SCENE,NO INJURY / DRIVE AWAY,,,Y,$500 OR LESS,11/08/2018 09:05:00 AM,FAILING TO REDUCE SPEED TO AVOID CRASH,UNABLE TO DETERMINE,401,S,KOSTNER AVE,1131,,,,,,,2,NO INDICATION OF INJURY,0,0,0,0,0,2,0,9,5,11,41.875099945,-87.735136223,POINT (-87.735136222894 41.875099944975)
JB508103,,11/08/2018 08:55:00 AM,30,TRAFFIC SIGNAL,FUNCTIONING PROPERLY,CLEAR,DAYLIGHT,TURNING,NOT DIVIDED,2,STRAIGHT AND LEVEL,DRY,NO DEFECTS,ON SCENE,INJURY AND / OR TOW DUE TO CRASH,Y,,,"$501 - $1,500",11/08/2018 08:58:00 AM,IMPROPER OVERTAKING/PASSING,IMPROPER LANE USAGE,1254,S,WABASH AVE,131,,Y,,,,,2,NO INDICATION OF INJURY,0,0,0,0,0,2,0,8,5,11,41.86594781,-87.625944644,POINT (-87.625944643945 41.865947810491)
JB508977,,11/08/2018 08:45:00 AM,30,NO CONTROLS,NO CONTROLS,CLEAR,DAYLIGHT,TURNING,NOT DIVIDED,,STRAIGHT AND LEVEL,DRY,NO DEFECTS,NOT ON SCENE (DESK REPORT),NO INJURY / DRIVE AWAY,Y,,,"OVER $1,500",11/08/2018 09:00:00 PM,"VISION OBSCURED (SIGNS, TREE LIMBS, BUILDINGS, ETC.)",DRIVING SKILLS/KNOWLEDGE/EXPERIENCE,6300,N,PULASKI RD,1711,,,,,,,2,NO INDICATION OF INJURY,0,0,0,0,0,2,0,8,5,11,41.99555005,-87.729047408,POINT (-87.729047408368 41.995550049907)
JB508895,,11/08/2018 08:45:00 AM,30,TRAFFIC SIGNAL,FUNCTIONING PROPERLY,CLEAR,DAYLIGHT,REAR END,NOT DIVIDED,,STRAIGHT AND LEVEL,DRY,NO DEFECTS,NOT ON SCENE (DESK REPORT),NO INJURY / DRIVE AWAY,Y,,,"$501 - $1,500",11/08/2018 07:43:00 PM,UNABLE TO DETERMINE,UNABLE TO DETERMINE,1599,N,ASHLAND AVE,1433,,,,,,,2,NO INDICATION OF INJURY,0,0,0,0,0,2,0,8,5,11,41.910594122,-87.667543744,POINT (-87.667543744403 41.910594121877)
JB508098,,11/08/2018 08:45:00 AM,40,TRAFFIC SIGNAL,FUNCTIONING PROPERLY,CLOUDY/OVERCAST,DAYLIGHT,REAR END,NOT DIVIDED,2,STRAIGHT AND LEVEL,DRY,NO DEFECTS,ON SCENE,NO INJURY / DRIVE AWAY,Y,,,$500 OR LESS,11/08/2018 08:51:00 AM,FOLLOWING TOO CLOSELY,FAILING TO REDUCE SPEED TO AVOID CRASH,1699,W,BELMONT AVE,1931,,,,,,,2,NO INDICATION OF INJURY,0,0,0,0,0,2,0,8,5,11,41.939555639,-87.670970186,POINT (-87.670970186362 41.93955563858)
JB508063,,11/08/2018 08:40:00 AM,30,NO CONTROLS,NO CONTROLS,CLEAR,DAYLIGHT,ANGLE,ALLEY,1,STRAIGHT AND LEVEL,DRY,NO DEFECTS,ON SCENE,INJURY AND / OR TOW DUE TO CRASH,,,,"OVER $1,500",11/08/2018 08:45:00 AM,FAILING TO YIELD RIGHT-OF-WAY,EXCEEDING AUTHORIZED SPEED LIMIT,1710,W,WABANSIA AVE,1433,,,,,,,2,NO INDICATION OF INJURY,0,0,0,0,0,2,0,8,5,11,41.912524931,-87.670667281,POINT (-87.670667281334 41.912524931357)
JB508053,,11/08/2018 08:40:00 AM,30,NO CONTROLS,NO CONTROLS,CLEAR,DAYLIGHT,SIDESWIPE SAME DIRECTION,DIVIDED - W/MEDIAN BARRIER,,CURVE ON GRADE,DRY,NO DEFECTS,ON SCENE,NO INJURY / DRIVE AWAY,,,Y,$500 OR LESS,11/08/2018 08:44:00 AM,IMPROPER OVERTAKING/PASSING,IMPROPER OVERTAKING/PASSING,5530,N,LINCOLN AVE,2011,,,,,,,2,NO INDICATION OF INJURY,0,0,0,0,0,2,0,8,5,11,41.98205255,-87.693541211,POINT (-87.693541211304 41.982052549586)
JB508062,,11/08/2018 08:25:00 AM,30,STOP SIGN/FLASHER,OTHER,CLEAR,DAYLIGHT,SIDESWIPE SAME DIRECTION,NOT DIVIDED,2,STRAIGHT AND LEVEL,DRY,NO DEFECTS,ON SCENE,NO INJURY / DRIVE AWAY,,,Y,"$501 - $1,500",11/08/2018 08:25:00 AM,UNABLE TO DETERMINE,UNABLE TO DETERMINE,758,S,OAKLEY BLVD,1225,,,,,,,2,NO INDICATION OF INJURY,0,0,0,0,0,2,0,8,5,11,41.871424206,-87.683868016,POINT (-87.683868015842 41.871424205957)
JB508030,,11/08/2018 08:15:00 AM,30,NO CONTROLS,FUNCTIONING PROPERLY,CLEAR,DAYLIGHT,REAR END,DIVIDED - W/MEDIAN (NOT RAISED),,STRAIGHT AND LEVEL,DRY,NO DEFECTS,ON SCENE,NO INJURY / DRIVE AWAY,N,,,"$501 - $1,500",11/08/2018 08:20:00 AM,EQUIPMENT - VEHICLE CONDITION,NOT APPLICABLE,3200,S,WESTERN AVE,911,,,,,,,2,NO INDICATION OF INJURY,0,0,0,0,0,2,0,8,5,11,41.835189744,-87.685369035,POINT (-87.685369035365 41.835189744358)
JB509829,,11/08/2018 08:10:00 AM,30,NO CONTROLS,NO CONTROLS,CLEAR,DAYLIGHT,SIDESWIPE SAME DIRECTION,NOT DIVIDED,2,STRAIGHT AND LEVEL,DRY,NO DEFECTS,NOT ON SCENE (DESK REPORT),NO INJURY / DRIVE AWAY,,,,"OVER $1,500",11/09/2018 03:10:00 PM,FAILING TO YIELD RIGHT-OF-WAY,NOT APPLICABLE,7171,W,IRVING PARK RD,1632,,,,,,,2,NO INDICATION OF INJURY,0,0,0,0,0,2,0,8,5,11,41.952657446,-87.806288474,POINT (-87.806288473524 41.952657445968)
JB508055,,11/08/2018 08:10:00 AM,30,NO CONTROLS,NO CONTROLS,CLEAR,DAYLIGHT,PARKED MOTOR VEHICLE,NOT DIVIDED,1,STRAIGHT AND LEVEL,DRY,NO DEFECTS,NOT ON SCENE (DESK REPORT),NO INJURY / DRIVE AWAY,,,,"$501 - $1,500",11/08/2018 09:00:00 AM,UNABLE TO DETERMINE,UNABLE TO DETERMINE,1328,W,ERIE ST,1215,,,,,,,2,NO INDICATION OF INJURY,0,0,0,0,0,2,0,8,5,11,41.893553221,-87.660701018,POINT (-87.660701017834 41.893553221278)
JB508633,,11/08/2018 08:07:00 AM,30,NO CONTROLS,NO CONTROLS,CLEAR,DAYLIGHT,HEAD ON,NOT DIVIDED,,STRAIGHT AND LEVEL,DRY,NO DEFECTS,NOT ON SCENE (DESK REPORT),INJURY AND / OR TOW DUE TO CRASH,,,,"OVER $1,500",11/08/2018 04:20:00 PM,UNABLE TO DETERMINE,UNABLE TO DETERMINE,3135,W,ADDISON ST,1733,,,,,,,2,"REPORTED, NOT EVIDENT",2,0,0,0,2,1,0,8,5,11,41.946529051,-87.706812713,POINT (-87.706812713126 41.946529050537)
JB508019,,11/08/2018 08:01:00 AM,30,NO CONTROLS,NO CONTROLS,CLEAR,DAYLIGHT,PEDALCYCLIST,NOT DIVIDED,2,STRAIGHT AND LEVEL,DRY,NO DEFECTS,ON SCENE,INJURY AND / OR TOW DUE TO CRASH,,,,"$501 - $1,500",11/08/2018 08:01:00 AM,DRIVING SKILLS/KNOWLEDGE/EXPERIENCE,NOT APPLICABLE,2626,N,CLYBOURN AVE,1931,,,Y,,,,2,NONINCAPACITATING INJURY,1,0,0,1,0,1,0,8,5,11,41.929192989,-87.674765909,POINT (-87.674765909384 41.929192989382)
JB509507,,11/08/2018 08:00:00 AM,35,NO CONTROLS,NO CONTROLS,CLEAR,DAYLIGHT,REAR END,ONE-WAY,,STRAIGHT AND LEVEL,DRY,NO DEFECTS,NOT ON SCENE (DESK REPORT),NO INJURY / DRIVE AWAY,,,,$500 OR LESS,11/09/2018 11:00:00 AM,UNABLE TO DETERMINE,NOT APPLICABLE,2600,W,WASHINGTON BLVD,1222,,,,,,,2,NO INDICATION OF INJURY,0,0,0,0,0,2,0,8,5,11,41.883064891,-87.691186483,POINT (-87.691186482599 41.883064890808)
JB308186,,11/08/2018 08:00:00 AM,30,STOP SIGN/FLASHER,FUNCTIONING PROPERLY,CLEAR,DAYLIGHT,ANGLE,NOT DIVIDED,,STRAIGHT AND LEVEL,DRY,NO DEFECTS,NOT ON SCENE (DESK REPORT),NO INJURY / DRIVE AWAY,Y,,,"$501 - $1,500",11/08/2018 08:00:00 AM,UNABLE TO DETERMINE,UNABLE TO DETERMINE,3100,W,ADDISON ST,1733,,,,,,,2,NO INDICATION OF INJURY,0,0,0,0,0,2,0,8,5,11,41.946755376,-87.70543091,POINT (-87.705430910497 41.946755376241)
JB508040,,11/08/2018 07:59:00 AM,30,NO CONTROLS,NO CONTROLS,CLOUDY/OVERCAST,DAYLIGHT,FIXED OBJECT,DIVIDED - W/MEDIAN (NOT RAISED),,STRAIGHT AND LEVEL,DRY,NO DEFECTS,ON SCENE,INJURY AND / OR TOW DUE TO CRASH,,Y,,"OVER $1,500",11/08/2018 08:00:00 AM,PHYSICAL CONDITION OF DRIVER,NOT APPLICABLE,4640,S,PULASKI RD,815,,,,,,,1,NO INDICATION OF INJURY,0,0,0,0,0,1,0,7,5,11,41.808479612,-87.723753587,POINT (-87.723753587176 41.808479611722)
JB508686,,11/08/2018 07:57:00 AM,30,NO CONTROLS,NO CONTROLS,CLEAR,DAYLIGHT,ANGLE,DIVIDED - W/MEDIAN (NOT RAISED),,STRAIGHT AND LEVEL,DRY,NO DEFECTS,NOT ON SCENE (DESK REPORT),NO INJURY / DRIVE AWAY,,,,"$501 - $1,500",11/08/2018 04:45:00 PM,UNABLE TO DETERMINE,UNABLE TO DETERMINE,2700,N,OAK PARK AVE,2512,,,,,,,2,NO INDICATION OF INJURY,0,0,0,0,0,2,0,7,5,11,41.929150184,-87.795560025,POINT (-87.795560024922 41.929150184187)
JB508034,,11/08/2018 07:53:00 AM,30,STOP SIGN/FLASHER,FUNCTIONING PROPERLY,CLEAR,DAYLIGHT,ANGLE,DIVIDED - W/MEDIAN (NOT RAISED),2,STRAIGHT AND LEVEL,DRY,NO DEFECTS,ON SCENE,NO INJURY / DRIVE AWAY,Y,,,"OVER $1,500",11/08/2018 07:57:00 AM,FAILING TO REDUCE SPEED TO AVOID CRASH,NOT APPLICABLE,5200,W,WARWICK AVE,1634,,,,,,,2,NO INDICATION OF INJURY,0,0,0,0,0,8,0,7,5,11,41.948847372,-87.757128803,POINT (-87.757128803169 41.948847372457)
JB508079,,11/08/2018 07:45:00 AM,25,TRAFFIC SIGNAL,UNKNOWN,CLEAR,DAYLIGHT,REAR END,DIVIDED - W/MEDIAN (NOT RAISED),2,STRAIGHT AND LEVEL,DRY,NO DEFECTS,ON SCENE,INJURY AND / OR TOW DUE TO CRASH,,,Y,$500 OR LESS,11/08/2018 08:31:00 AM,UNABLE TO DETERMINE,UNABLE TO DETERMINE,1801,W,LAWRENCE AVE,1912,,,,,,,2,"REPORTED, NOT EVIDENT",1,0,0,0,1,1,0,7,5,11,41.968704058,-87.67481803,POINT (-87.674818030072 41.96870405799)
JB508032,,11/08/2018 07:41:00 AM,20,OTHER,FUNCTIONING PROPERLY,CLEAR,DAYLIGHT,REAR END,ONE-WAY,2,STRAIGHT AND LEVEL,DRY,NO DEFECTS,ON SCENE,NO INJURY / DRIVE AWAY,,,,$500 OR LESS,11/08/2018 08:30:00 AM,IMPROPER LANE USAGE,DISREGARDING OTHER TRAFFIC SIGNS,257,E,HURON ST,1834,,,,,,,2,NO INDICATION OF INJURY,0,0,0,0,0,2,0,7,5,11,41.894905816,-87.620520448,POINT (-87.620520448028 41.894905815894)
JB508136,,11/08/2018 07:40:00 AM,30,NO CONTROLS,NO CONTROLS,CLEAR,DAYLIGHT,TURNING,DIVIDED - W/MEDIAN (NOT RAISED),4,STRAIGHT AND LEVEL,DRY,NO DEFECTS,NOT ON SCENE (DESK REPORT),NO INJURY / DRIVE AWAY,,,,"$501 - $1,500",11/08/2018 07:50:00 AM,FAILING TO YIELD RIGHT-OF-WAY,FAILING TO YIELD RIGHT-OF-WAY,5336,N,WESTERN AVE,2011,,,,,,,2,NO INDICATION OF INJURY,0,0,0,0,0,3,0,7,5,11,41.978810139,-87.689411352,POINT (-87.689411352478 41.978810138845)