RD_NO,CRASH_DATE_EST_I,CRASH_DATE,POSTED_SPEED_LIMIT,TRAFFIC_CONTROL_DEVICE,DEVICE_CONDITION,WEATHER_CONDITION,LIGHTING_CONDITION,FIRST_CRASH_TYPE,TRAFFICWAY_TYPE,LANE_CNT,ALIGNMENT,ROADWAY_SURFACE_COND,ROAD_DEFECT,REPORT_TYPE,CRASH_TYPE,INTERSECTION_RELATED_I,NOT_RIGHT_OF_WAY_I,HIT_AND_RUN_I,DAMAGE,DATE_POLICE_NOTIFIED,PRIM_CONTRIBUTORY_CAUSE,SEC_CONTRIBUTORY_CAUSE,STREET_NO,STREET_DIRECTION,STREET_NAME,BEAT_OF_OCCURRENCE,PHOTOS_TAKEN_I,STATEMENTS_TAKEN_I,DOORING_I,WORK_ZONE_I,WORK_ZONE_TYPE,WORKERS_PRESENT_I,NUM_UNITS,MOST_SEVERE_INJURY,INJURIES_TOTAL,INJURIES_FATAL,INJURIES_INCAPACITATING,INJURIES_NON_INCAPACITATING,INJURIES_REPORTED_NOT_EVIDENT,INJURIES_NO_INDICATION,INJURIES_UNKNOWN,CRASH_HOUR,CRASH_DAY_OF_WEEK,CRASH_MONTH,LATITUDE,LONGITUDE,LOCATION
JB508003,,11/08/2018 07:40:00 AM,30,NO CONTROLS,NO CONTROLS,CLEAR,DAYLIGHT,REAR END,DIVIDED - W/MEDIAN BARRIER,,STRAIGHT AND LEVEL,DRY,NO DEFECTS,ON SCENE,NO INJURY / DRIVE AWAY,,,,$500 OR LESS,11/08/2018 07:50:00 AM,FOLLOWING TOO CLOSELY,FOLLOWING TOO CLOSELY,10048,S,INDIANAPOLIS AVE,432,,,,,,,2,NO INDICATION OF INJURY,0,0,0,0,0,2,0,7,5,11,41.712327581,-87.534940346,POINT (-87.534940346287 41.712327580955)
JB508004,,11/08/2018 07:32:00 AM,30,TRAFFIC SIGNAL,FUNCTIONING PROPERLY,CLEAR,DAYLIGHT,SIDESWIPE SAME DIRECTION,DIVIDED - W/MEDIAN (NOT RAISED),4,STRAIGHT AND LEVEL,DRY,NO DEFECTS,ON SCENE,INJURY AND / OR TOW DUE TO CRASH,,,,"OVER $1,500",11/08/2018 07:33:00 AM,IMPROPER OVERTAKING/PASSING,IMPROPER OVERTAKING/PASSING,103,S,CLARK ST,112,,,,,,,2,"REPORTED, NOT EVIDENT",1,0,0,0,1,2,0,7,5,11,41.880609143,-87.630704271,POINT (-87.630704271149 41.880609142968)
JB512905,,11/08/2018 07:30:00 AM,30,NO CONTROLS,NO CONTROLS,CLOUDY/OVERCAST,DAYLIGHT,SIDESWIPE SAME DIRECTION,DIVIDED - W/MEDIAN (NOT RAISED),,STRAIGHT AND LEVEL,DRY,NO DEFECTS,NOT ON SCENE (DESK REPORT),NO INJURY / DRIVE AWAY,,,,"OVER $1,500",11/12/2018 10:35:00 AM,UNABLE TO DETERMINE,UNABLE TO DETERMINE,2152,W,111TH ST,2212,,,,,,,2,NO INDICATION OF INJURY,0,0,0,0,0,2,0,7,5,11,41.691966478,-87.676015839,POINT (-87.67601583854 41.691966477929)
JB508230,,11/08/2018 07:30:00 AM,30,NO CONTROLS,NO CONTROLS,CLEAR,DAYLIGHT,OTHER OBJECT,DIVIDED - W/MEDIAN (NOT RAISED),,STRAIGHT AND LEVEL,DRY,NO DEFECTS,NOT ON SCENE (DESK REPORT),NO INJURY / DRIVE AWAY,,,,"OVER $1,500",11/08/2018 11:25:00 AM,NOT APPLICABLE,NOT APPLICABLE,500,W,GARFIELD BLVD,935,,,,,,,1,NO INDICATION OF INJURY,0,0,0,0,0,1,0,7,5,11,41.794541105,-87.637971842,POINT (-87.637971842206 41.794541104775)
JB508013,,11/08/2018 07:30:00 AM,30,STOP SIGN/FLASHER,FUNCTIONING PROPERLY,CLEAR,DAYLIGHT,REAR END,NOT DIVIDED,,STRAIGHT AND LEVEL,DRY,NO DEFECTS,NOT ON SCENE (DESK REPORT),NO INJURY / DRIVE AWAY,,,,$500 OR LESS,11/08/2018 08:30:00 AM,FOLLOWING TOO CLOSELY,FOLLOWING TOO CLOSELY,2800,N,MILWAUKEE AVE,1412,,,,,,,2,NO INDICATION OF INJURY,0,0,0,0,0,3,0,7,5,11,41.931924344,-87.712381386,POINT (-87.712381385897 41.931924343765)
JB510072,Y,11/08/2018 07:02:00 AM,20,STOP SIGN/FLASHER,FUNCTIONING PROPERLY,CLEAR,DAYLIGHT,ANGLE,NOT DIVIDED,2,STRAIGHT AND LEVEL,DRY,NO DEFECTS,NOT ON SCENE (DESK REPORT),NO INJURY / DRIVE AWAY,,,,"OVER $1,500",11/09/2018 06:00:00 PM,FAILING TO YIELD RIGHT-OF-WAY,UNABLE TO DETERMINE,4630,N,KARLOV AVE,1722,,,,,,,2,NO INDICATION OF INJURY,0,0,0,0,0,2,0,7,5,11,41.965000085,-87.730513844,POINT (-87.730513844325 41.96500008476)
JB513719,,11/08/2018 07:00:00 AM,30,NO CONTROLS,NO CONTROLS,CLEAR,DAYLIGHT,PARKED MOTOR VEHICLE,ONE-WAY,,STRAIGHT AND LEVEL,DRY,NO DEFECTS,NOT ON SCENE (DESK REPORT),NO INJURY / DRIVE AWAY,,,,"$501 - $1,500",11/12/2018 09:00:00 PM,IMPROPER BACKING,UNABLE TO DETERMINE,5621,N,CHRISTIANA AVE,1711,,,,,,,2,NO INDICATION OF INJURY,0,0,0,0,0,1,0,7,5,11,41.983679712,-87.712405688,POINT (-87.712405688367 41.9836797124)
JB508376,Y,11/08/2018 07:00:00 AM,20,NO CONTROLS,NO CONTROLS,CLEAR,DAWN,PARKED MOTOR VEHICLE,NOT DIVIDED,1,STRAIGHT AND LEVEL,DRY,NO DEFECTS,NOT ON SCENE (DESK REPORT),NO INJURY / DRIVE AWAY,,,N,"OVER $1,500",11/08/2018 01:00:00 PM,UNABLE TO DETERMINE,UNABLE TO DETERMINE,2244,W,COULTER ST,1034,,,,,,,2,NO INDICATION OF INJURY,0,0,0,0,0,1,0,7,5,11,41.847113043,-87.682202832,POINT (-87.682202831775 41.847113042885)
JB508767,,11/08/2018 06:55:00 AM,35,TRAFFIC SIGNAL,FUNCTIONING PROPERLY,CLEAR,DAYLIGHT,TURNING,NOT DIVIDED,,STRAIGHT AND LEVEL,DRY,NO DEFECTS,NOT ON SCENE (DESK REPORT),NO INJURY / DRIVE AWAY,Y,,,"OVER $1,500",11/08/2018 05:40:00 PM,FOLLOWING TOO CLOSELY,UNABLE TO DETERMINE,4300,S,PULASKI RD,815,,,,,,,2,NO INDICATION OF INJURY,0,0,0,0,0,2,0,6,5,11,41.815101021,-87.724005233,POINT (-87.724005233406 41.815101021137)
JB507990,,11/08/2018 06:50:00 AM,30,NO CONTROLS,NO CONTROLS,CLEAR,DAWN,REAR END,DIVIDED - W/MEDIAN (NOT RAISED),2,STRAIGHT AND LEVEL,DRY,NO DEFECTS,ON SCENE,NO INJURY / DRIVE AWAY,,,,"OVER $1,500",11/08/2018 06:54:00 AM,UNABLE TO DETERMINE,NOT APPLICABLE,5662,N,ELSTON AVE,1623,,,,,,,2,NO INDICATION OF INJURY,0,0,0,0,0,2,0,6,5,11,41.984227778,-87.767062918,POINT (-87.767062917732 41.984227777531)
JB508156,,11/08/2018 06:30:00 AM,25,NO CONTROLS,NO CONTROLS,CLEAR,DAYLIGHT,ANIMAL,NOT DIVIDED,,STRAIGHT AND LEVEL,DRY,NO DEFECTS,NOT ON SCENE (DESK REPORT),NO INJURY / DRIVE AWAY,,,,$500 OR LESS,11/08/2018 10:15:00 AM,UNABLE TO DETERMINE,UNABLE TO DETERMINE,1014,N,RIDGEWAY AVE,1112,,,,,,,1,NO INDICATION OF INJURY,0,0,0,0,0,1,0,6,5,11,41.899558853,-87.720255383,POINT (-87.720255382651 41.899558853145)
JB507983,,11/08/2018 06:30:00 AM,25,STOP SIGN/FLASHER,FUNCTIONING PROPERLY,CLEAR,DAWN,TURNING,NOT DIVIDED,0,STRAIGHT AND LEVEL,DRY,NO DEFECTS,ON SCENE,INJURY AND / OR TOW DUE TO CRASH,Y,,,"OVER $1,500",11/08/2018 06:35:00 AM,FAILING TO YIELD RIGHT-OF-WAY,"VISION OBSCURED (SIGNS, TREE LIMBS, BUILDINGS, ETC.)",1937,W,HOWARD ST,2424,,,,,,,2,NONINCAPACITATING INJURY,1,0,0,1,0,1,0,6,5,11,42.019327402,-87.679132794,POINT (-87.679132793707 42.019327401767)
JB507978,,11/08/2018 06:30:00 AM,30,NO CONTROLS,NO CONTROLS,CLEAR,DAYLIGHT,ANGLE,NOT DIVIDED,2,STRAIGHT AND LEVEL,DRY,NO DEFECTS,ON SCENE,INJURY AND / OR TOW DUE TO CRASH,Y,,,"OVER $1,500",11/08/2018 06:34:00 AM,FAILING TO YIELD RIGHT-OF-WAY,NOT APPLICABLE,5060,W,DIVERSEY AVE,2521,,,,,,,4,NONINCAPACITATING INJURY,3,0,0,3,0,0,0,6,5,11,41.931545146,-87.753840463,POINT (-87.753840462965 41.931545145866)
JB508021,,11/08/2018 06:15:00 AM,30,LANE USE MARKING,FUNCTIONING PROPERLY,CLEAR,"DARKNESS, LIGHTED ROAD",SIDESWIPE OPPOSITE DIRECTION,DIVIDED - W/MEDIAN (NOT RAISED),2,STRAIGHT AND LEVEL,DRY,SHOULDER DEFECT,NOT ON SCENE (DESK REPORT),NO INJURY / DRIVE AWAY,,,Y,"$501 - $1,500",11/08/2018 06:16:00 AM,"OPERATING VEHICLE IN ERRATIC, RECKLESS, CARELESS, NEGLIGENT OR AGGRESSIVE MANNER",FAILING TO REDUCE SPEED TO AVOID CRASH,7625,W,BRYN MAWR AVE,1613,,,,,,,2,NO INDICATION OF INJURY,0,0,0,0,0,3,0,6,5,11,41.981401042,-87.817857614,POINT (-87.817857614355 41.981401042181)
JB507967,,11/08/2018 06:03:00 AM,30,NO CONTROLS,NO CONTROLS,CLOUDY/OVERCAST,"DARKNESS, LIGHTED ROAD",PARKED MOTOR VEHICLE,DIVIDED - W/MEDIAN (NOT RAISED),2,STRAIGHT AND LEVEL,DRY,NO DEFECTS,ON SCENE,INJURY AND / OR TOW DUE TO CRASH,,,Y,"OVER $1,500",11/08/2018 06:03:00 AM,IMPROPER LANE USAGE,FAILING TO REDUCE SPEED TO AVOID CRASH,6051,W,GUNNISON ST,1622,,,,,,,3,NO INDICATION OF INJURY,0,0,0,0,0,1,0,6,5,11,41.968398272,-87.780231087,POINT (-87.780231086809 41.968398271803)
JB507977,,11/08/2018 05:45:00 AM,30,NO CONTROLS,NO CONTROLS,CLOUDY/OVERCAST,DARKNESS,REAR END,ONE-WAY,,STRAIGHT AND LEVEL,DRY,NO DEFECTS,NOT ON SCENE (DESK REPORT),NO INJURY / DRIVE AWAY,,,,"OVER $1,500",11/08/2018 06:43:00 AM,FOLLOWING TOO CLOSELY,NOT APPLICABLE,14,W,95TH ST,634,,,,,,,2,NO INDICATION OF INJURY,0,0,0,0,0,2,0,5,5,11,41.721734965,-87.62457092,POINT (-87.624570920334 41.721734965274)
JB507988,,11/08/2018 05:44:00 AM,35,TRAFFIC SIGNAL,FUNCTIONING PROPERLY,CLEAR,DAWN,TURNING,DIVIDED - W/MEDIAN (NOT RAISED),4,STRAIGHT AND LEVEL,DRY,NO DEFECTS,ON SCENE,INJURY AND / OR TOW DUE TO CRASH,,,Y,"$501 - $1,500",11/08/2018 05:46:00 AM,DISREGARDING TRAFFIC SIGNALS,IMPROPER TURNING/NO SIGNAL,9500,S,JEFFERY AVE,431,,,,,,,2,NO INDICATION OF INJURY,0,0,0,0,0,2,0,5,5,11,41.722375907,-87.575499903,POINT (-87.575499903328 41.722375907041)
JB507955,,11/08/2018 05:33:00 AM,30,NO CONTROLS,NO CONTROLS,CLEAR,DARKNESS,REAR END,NOT DIVIDED,2,STRAIGHT AND LEVEL,DRY,NO DEFECTS,ON SCENE,INJURY AND / OR TOW DUE TO CRASH,,,,$500 OR LESS,11/08/2018 05:38:00 AM,FAILING TO REDUCE SPEED TO AVOID CRASH,DRIVING SKILLS/KNOWLEDGE/EXPERIENCE,4743,N,CENTRAL AVE,1623,,,,,,,3,NONINCAPACITATING INJURY,1,0,0,1,0,2,0,5,5,11,41.967210836,-87.767312692,POINT (-87.76731269208 41.967210836391)
JB507949,,11/08/2018 05:27:00 AM,15,NO CONTROLS,NO CONTROLS,CLEAR,"DARKNESS, LIGHTED ROAD",FIXED OBJECT,ALLEY,1,STRAIGHT AND LEVEL,DRY,NO DEFECTS,ON SCENE,NO INJURY / DRIVE AWAY,,Y,Y,$500 OR LESS,11/08/2018 05:28:00 AM,UNABLE TO DETERMINE,UNABLE TO DETERMINE,11633,S,HALE AVE,2212,,,,,,,1,NO INDICATION OF INJURY,0,0,0,0,0,1,0,5,5,11,41.681770046,-87.672549503,POINT (-87.672549503205 41.681770046024)
JB507954,,11/08/2018 05:15:00 AM,30,NO CONTROLS,NO CONTROLS,CLEAR,"DARKNESS, LIGHTED ROAD",REAR END,NOT DIVIDED,2,STRAIGHT AND LEVEL,DRY,DEBRIS ON ROADWAY,NOT ON SCENE (DESK REPORT),NO INJURY / DRIVE AWAY,,,,"OVER $1,500",11/08/2018 05:50:00 AM,UNABLE TO DETERMINE,UNABLE TO DETERMINE,5210,W,MONTROSE AVE,1623,,,,,,,2,NO INDICATION OF INJURY,0,0,0,0,0,2,0,5,5,11,41.96070389,-87.757894534,POINT (-87.757894533828 41.960703889681)
JB507946,,11/08/2018 05:15:00 AM,35,TRAFFIC SIGNAL,FUNCTIONING PROPERLY,CLEAR,"DARKNESS, LIGHTED ROAD",ANGLE,NOT DIVIDED,2,STRAIGHT AND LEVEL,DRY,NO DEFECTS,ON SCENE,INJURY AND / OR TOW DUE TO CRASH,Y,N,,"OVER $1,500",11/08/2018 05:17:00 AM,UNABLE TO DETERMINE,UNABLE TO DETERMINE,5200,W,MONTROSE AVE,1623,,,,,,,2,NONINCAPACITATING INJURY,1,0,0,1,0,1,0,5,5,11,41.960708286,-87.757512113,POINT (-87.757512112614 41.96070828638)
JB507943,,11/08/2018 04:40:00 AM,30,NO CONTROLS,NO CONTROLS,CLEAR,"DARKNESS, LIGHTED ROAD",TURNING,CENTER TURN LANE,3,STRAIGHT AND LEVEL,DRY,UNKNOWN,ON SCENE,INJURY AND / OR TOW DUE TO CRASH,Y,,Y,"OVER $1,500",11/08/2018 04:49:00 AM,IMPROPER TURNING/NO SIGNAL,NOT APPLICABLE,1,S,HALSTED ST,1232,,,,,,,2,NO INDICATION OF INJURY,0,0,0,0,0,4,0,4,5,11,41.881717056,-87.647210539,POINT (-87.647210539206 41.881717055619)
JB508445,,11/08/2018 04:00:00 AM,0,NO CONTROLS,NO CONTROLS,UNKNOWN,UNKNOWN,PARKED MOTOR VEHICLE,UNKNOWN,,STRAIGHT AND LEVEL,UNKNOWN,UNKNOWN,ON SCENE,NO INJURY / DRIVE AWAY,,,Y,"OVER $1,500",11/08/2018 02:10:00 PM,UNABLE TO DETERMINE,NOT APPLICABLE,447,N,WESTERN AVE,1221,,,,,,,3,NO INDICATION OF INJURY,0,0,0,0,0,1,0,4,5,11,41.889902242,-87.68652279,POINT (-87.686522790437 41.889902242285)
JB508089,Y,11/08/2018 04:00:00 AM,30,NO CONTROLS,NOT FUNCTIONING,CLEAR,DAWN,FIXED OBJECT,OTHER,,STRAIGHT AND LEVEL,DRY,NO DEFECTS,,NO INJURY / DRIVE AWAY,,Y,Y,"OVER $1,500",11/08/2018 09:14:00 AM,UNABLE TO DETERMINE,NOT APPLICABLE,3701,W,NORTH AVE,2535,,,,,,,1,NO INDICATION OF INJURY,0,0,0,0,0,1,0,4,5,11,41.909853878,-87.719278782,POINT (-87.719278781663 41.90985387831)
JB508338,,11/08/2018 03:00:00 AM,20,UNKNOWN,UNKNOWN,CLEAR,"DARKNESS, LIGHTED ROAD",PARKED MOTOR VEHICLE,ONE-WAY,,STRAIGHT AND LEVEL,DRY,NO DEFECTS,NOT ON SCENE (DESK REPORT),NO INJURY / DRIVE AWAY,,,Y,"$501 - $1,500",11/08/2018 12:30:00 PM,UNABLE TO DETERMINE,UNABLE TO DETERMINE,9705,S,PRINCETON AVE,511,,,,,,,2,NO INDICATION OF INJURY,0,0,0,0,0,1,0,3,5,11,41.717788191,-87.630838526,POINT (-87.630838525513 41.717788191358)
JB508115,Y,11/08/2018 03:00:00 AM,25,NO CONTROLS,NO CONTROLS,CLEAR,"DARKNESS, LIGHTED ROAD",PARKED MOTOR VEHICLE,ONE-WAY,1,STRAIGHT AND LEVEL,DRY,NO DEFECTS,NOT ON SCENE (DESK REPORT),NO INJURY / DRIVE AWAY,,,Y,"OVER $1,500",11/08/2018 09:35:00 AM,NOT APPLICABLE,NOT APPLICABLE,1507,S,SAWYER AVE,1022,,,,,,,2,NO INDICATION OF INJURY,0,0,0,0,0,1,0,3,5,11,41.860644753,-87.706574962,POINT (-87.706574962426 41.860644753323)
JB508195,N,11/08/2018 02:00:00 AM,35,NO CONTROLS,NO CONTROLS,CLEAR,"DARKNESS, LIGHTED ROAD",PARKED MOTOR VEHICLE,NOT DIVIDED,,STRAIGHT AND LEVEL,DRY,NO DEFECTS,NOT ON SCENE (DESK REPORT),NO INJURY / DRIVE AWAY,,,Y,"OVER $1,500",11/08/2018 10:53:00 AM,UNABLE TO DETERMINE,UNABLE TO DETERMINE,8837,S,STONY ISLAND AVE,412,,,,,,,2,NO INDICATION OF INJURY,0,0,0,0,0,1,0,2,5,11,41.734027797,-87.584994729,POINT (-87.584994728691 41.734027797347)
JB507912,,11/08/2018 01:25:00 AM,30,NO CONTROLS,NO CONTROLS,CLEAR,"DARKNESS, LIGHTED ROAD",REAR END,DIVIDED - W/MEDIAN (NOT RAISED),2,STRAIGHT AND LEVEL,DRY,NO DEFECTS,NOT ON SCENE (DESK REPORT),NO INJURY / DRIVE AWAY,,,,$500 OR LESS,11/08/2018 09:30:00 PM,NOT APPLICABLE,NOT APPLICABLE,2543,N,MILWAUKEE AVE,1414,,,,,,,2,NO INDICATION OF INJURY,0,0,0,0,0,4,0,1,5,11,41.92763086,-87.704821728,POINT (-87.704821728452 41.927630860425)
JB507911,,11/08/2018 01:25:00 AM,30,NO CONTROLS,NO CONTROLS,CLEAR,"DARKNESS, LIGHTED ROAD",PARKED MOTOR VEHICLE,ONE-WAY,3,STRAIGHT AND LEVEL,DRY,NO DEFECTS,ON SCENE,NO INJURY / DRIVE AWAY,,,,"$501 - $1,500",11/08/2018 01:32:00 AM,EQUIPMENT - VEHICLE CONDITION,NOT APPLICABLE,320,E,OHIO ST,1834,,,,,,,2,NO INDICATION OF INJURY,0,0,0,0,0,1,0,1,5,11,41.892722413,-87.619393745,POINT (-87.619393744863 41.892722413077)
JB507909,,11/08/2018 01:20:00 AM,30,TRAFFIC SIGNAL,FUNCTIONING PROPERLY,CLEAR,"DARKNESS, LIGHTED ROAD",PARKED MOTOR VEHICLE,NOT DIVIDED,2,STRAIGHT AND LEVEL,DRY,NO DEFECTS,ON SCENE,INJURY AND / OR TOW DUE TO CRASH,,,,"OVER $1,500",11/08/2018 01:26:00 AM,IMPROPER LANE USAGE,UNABLE TO DETERMINE,3506,W,59TH ST,822,,,,,,,2,NO INDICATION OF INJURY,0,0,0,0,0,1,0,1,5,11,41.786236962,-87.711039339,POINT (-87.711039338844 41.786236961572)
JB508229,Y,11/08/2018 12:00:00 AM,30,NO CONTROLS,NO CONTROLS,CLEAR,DAYLIGHT,PARKED MOTOR VEHICLE,NOT DIVIDED,,STRAIGHT AND LEVEL,DRY,NO DEFECTS,NOT ON SCENE (DESK REPORT),NO INJURY / DRIVE AWAY,,,Y,"OVER $1,500",11/08/2018 11:19:00 AM,UNABLE TO DETERMINE,UNABLE TO DETERMINE,1930,N,CAMPBELL AVE,1434,,,,,,,2,NO INDICATION OF INJURY,0,0,0,0,0,1,0,0,5,11,41.916692719,-87.689980285,POINT (-87.689980284555 41.916692719336)
JB507868,,11/07/2018 11:55:00 PM,35,NO CONTROLS,NO CONTROLS,CLEAR,"DARKNESS, LIGHTED ROAD",PARKED MOTOR VEHICLE,NOT DIVIDED,2,STRAIGHT AND LEVEL,DRY,NO DEFECTS,ON SCENE,INJURY AND / OR TOW DUE TO CRASH,,,Y,"OVER $1,500",11/08/2018 12:00:00 AM,UNABLE TO DETERMINE,UNABLE TO DETERMINE,6624,W,HIGGINS AVE,1613,,,,,,,6,NO INDICATION OF INJURY,0,0,0,0,0,1,0,23,4,11,41.978238436,-87.793536885,POINT (-87.793536884674 41.978238436495)
JB508036,,11/07/2018 11:50:00 PM,15,NO CONTROLS,NO CONTROLS,CLEAR,"DARKNESS, LIGHTED ROAD",PARKED MOTOR VEHICLE,PARKING LOT,,STRAIGHT AND LEVEL,UNKNOWN,NO DEFECTS,NOT ON SCENE (DESK REPORT),NO INJURY / DRIVE AWAY,,,Y,"OVER $1,500",11/08/2018 08:45:00 AM,UNABLE TO DETERMINE,NOT APPLICABLE,111,W,KINZIE ST,1831,,,,,,,2,NO INDICATION OF INJURY,0,0,0,0,0,1,0,23,4,11,41.889095178,-87.631569424,POINT (-87.631569424082 41.88909517779)
JB507867,,11/07/2018 11:11:00 PM,30,NO CONTROLS,NO CONTROLS,CLEAR,"DARKNESS, LIGHTED ROAD",PARKED MOTOR VEHICLE,NOT DIVIDED,4,STRAIGHT AND LEVEL,DRY,NO DEFECTS,ON SCENE,INJURY AND / OR TOW DUE TO CRASH,,,,"OVER $1,500",11/07/2018 11:13:00 PM,NOT APPLICABLE,NOT APPLICABLE,2854,S,ARCHER AVE,913,,,,,,,3,NO INDICATION OF INJURY,0,0,0,0,0,2,0,23,4,11,41.842649308,-87.656148358,POINT (-87.656148358201 41.842649308166)
JB507864,,11/07/2018 11:05:00 PM,30,TRAFFIC SIGNAL,FUNCTIONING PROPERLY,CLEAR,"DARKNESS, LIGHTED ROAD",SIDESWIPE SAME DIRECTION,DIVIDED - W/MEDIAN (NOT RAISED),4,STRAIGHT AND LEVEL,DRY,NO DEFECTS,ON SCENE,INJURY AND / OR TOW DUE TO CRASH,Y,,,"OVER $1,500",11/07/2018 11:06:00 PM,EXCEEDING SAFE SPEED FOR CONDITIONS,UNABLE TO DETERMINE,4233,W,79TH ST,834,,,,,,,2,NONINCAPACITATING INJURY,2,0,0,2,0,2,0,23,4,11,41.749220133,-87.727978624,POINT (-87.727978624014 41.749220133282)
JB507880,N,11/07/2018 11:00:00 PM,30,NO CONTROLS,NO CONTROLS,CLEAR,"DARKNESS, LIGHTED ROAD",PARKED MOTOR VEHICLE,ONE-WAY,1,STRAIGHT AND LEVEL,DRY,NO DEFECTS,ON SCENE,NO INJURY / DRIVE AWAY,,,Y,"OVER $1,500",11/07/2018 11:30:00 PM,UNABLE TO DETERMINE,UNABLE TO DETERMINE,2042,E,69TH ST,331,,,,,,,3,NO INDICATION OF INJURY,0,0,0,0,0,1,0,23,4,11,41.769929706,-87.574693468,POINT (-87.574693468263 41.769929706086)
JB508391,,11/07/2018 10:47:00 PM,30,NO CONTROLS,NO CONTROLS,CLEAR,DUSK,SIDESWIPE SAME DIRECTION,NOT DIVIDED,,STRAIGHT AND LEVEL,DRY,NO DEFECTS,NOT ON SCENE (DESK REPORT),NO INJURY / DRIVE AWAY,,,,"OVER $1,500",11/08/2018 01:29:00 PM,NOT APPLICABLE,NOT APPLICABLE,1311,W,NORTH AVE,1433,,,,,,,3,NO INDICATION OF INJURY,0,0,0,0,0,3,0,22,4,11,41.9106161,-87.660924423,POINT (-87.660924422747 41.910616100054)
JB507836,,11/07/2018 10:35:00 PM,25,STOP SIGN/FLASHER,FUNCTIONING PROPERLY,CLEAR,DARKNESS,PEDESTRIAN,NOT DIVIDED,2,STRAIGHT AND LEVEL,DRY,NO DEFECTS,ON SCENE,NO INJURY / DRIVE AWAY,,,,$500 OR LESS,11/07/2018 10:39:00 PM,FAILING TO YIELD RIGHT-OF-WAY,NOT APPLICABLE,2701,N,KIMBALL AVE,1412,,,,,,,2,NO INDICATION OF INJURY,0,0,0,0,0,2,0,22,4,11,41.9302058,-87.712104272,POINT (-87.712104271782 41.930205799674)
JB508280,,11/07/2018 10:15:00 PM,30,NO CONTROLS,NO CONTROLS,CLEAR,DAYLIGHT,REAR END,NOT DIVIDED,,STRAIGHT AND LEVEL,DRY,NO DEFECTS,NOT ON SCENE (DESK REPORT),NO INJURY / DRIVE AWAY,,,,"$501 - $1,500",11/08/2018 12:00:00 PM,UNABLE TO DETERMINE,NOT APPLICABLE,833,N,MILWAUKEE AVE,1213,,,,,,,2,NO INDICATION OF INJURY,0,0,0,0,0,2,0,22,4,11,41.896978166,-87.656331095,POINT (-87.656331094792 41.89697816583)
JB508261,,11/07/2018 10:00:00 PM,15,NO CONTROLS,NO CONTROLS,CLEAR,DAWN,PARKED MOTOR VEHICLE,ALLEY,1,STRAIGHT AND LEVEL,UNKNOWN,NO DEFECTS,ON SCENE,NO INJURY / DRIVE AWAY,,,N,"$501 - $1,500",11/08/2018 11:36:00 AM,UNABLE TO DETERMINE,UNABLE TO DETERMINE,9129,S,COMMERCIAL AVE,424,,,,,,,2,NO INDICATION OF INJURY,0,0,0,0,0,1,0,22,4,11,41.729192934,-87.551088368,POINT (-87.551088367638 41.729192933901)
JB507822,,11/07/2018 10:00:00 PM,30,NO CONTROLS,NO CONTROLS,CLEAR,"DARKNESS, LIGHTED ROAD",PARKED MOTOR VEHICLE,NOT DIVIDED,,STRAIGHT AND LEVEL,DRY,NO DEFECTS,ON SCENE,INJURY AND / OR TOW DUE TO CRASH,,,,"OVER $1,500",11/07/2018 10:00:00 PM,DRIVING SKILLS/KNOWLEDGE/EXPERIENCE,NOT APPLICABLE,5797,N,BROADWAY,2022,,,,,,,5,"REPORTED, NOT EVIDENT",1,0,0,0,1,0,0,22,4,11,41.987256348,-87.660033846,POINT (-87.660033846464 41.987256348419)
JB507815,,11/07/2018 09:55:00 PM,30,TRAFFIC SIGNAL,FUNCTIONING PROPERLY,CLEAR,"DARKNESS, LIGHTED ROAD",SIDESWIPE SAME DIRECTION,DIVIDED - W/MEDIAN (NOT RAISED),4,STRAIGHT AND LEVEL,DRY,NO DEFECTS,ON SCENE,NO INJURY / DRIVE AWAY,Y,,,"OVER $1,500",11/07/2018 09:58:00 PM,FAILING TO YIELD RIGHT-OF-WAY,UNABLE TO DETERMINE,4400,W,63RD ST,813,,,,,,,2,NO INDICATION OF INJURY,0,0,0,0,0,3,0,21,4,11,41.778652374,-87.732589629,POINT (-87.732589628521 41.77865237433)
JB507803,Y,11/07/2018 09:55:00 PM,30,UNKNOWN,UNKNOWN,UNKNOWN,UNKNOWN,ANGLE,UNKNOWN,,STRAIGHT AND LEVEL,UNKNOWN,UNKNOWN,NOT ON SCENE (DESK REPORT),INJURY AND / OR TOW DUE TO CRASH,Y,,Y,"OVER $1,500",11/07/2018 10:15:00 PM,UNABLE TO DETERMINE,NOT APPLICABLE,3232,W,DOUGLAS BLVD,1022,,,,,,,2,"REPORTED, NOT EVIDENT",1,0,0,0,1,1,0,21,4,11,41.863056036,-87.706922376,POINT (-87.706922376047 41.863056036169)
JB507805,,11/07/2018 09:50:00 PM,35,NO CONTROLS,NO CONTROLS,CLEAR,"DARKNESS, LIGHTED ROAD",SIDESWIPE SAME DIRECTION,ONE-WAY,2,STRAIGHT AND LEVEL,DRY,NO DEFECTS,NOT ON SCENE (DESK REPORT),NO INJURY / DRIVE AWAY,,,,$500 OR LESS,11/07/2018 10:20:00 PM,IMPROPER LANE USAGE,IMPROPER OVERTAKING/PASSING,643,N,WELLS ST,1832,,,,,,,2,NO INDICATION OF INJURY,0,0,0,0,0,3,0,21,4,11,41.893735355,-87.63397876,POINT (-87.633978760448 41.893735355324)