RD_NO,CRASH_DATE_EST_I,CRASH_DATE,POSTED_SPEED_LIMIT,TRAFFIC_CONTROL_DEVICE,DEVICE_CONDITION,WEATHER_CONDITION,LIGHTING_CONDITION,FIRST_CRASH_TYPE,TRAFFICWAY_TYPE,LANE_CNT,ALIGNMENT,ROADWAY_SURFACE_COND,ROAD_DEFECT,REPORT_TYPE,CRASH_TYPE,INTERSECTION_RELATED_I,NOT_RIGHT_OF_WAY_I,HIT_AND_RUN_I,DAMAGE,DATE_POLICE_NOTIFIED,PRIM_CONTRIBUTORY_CAUSE,SEC_CONTRIBUTORY_CAUSE,STREET_NO,STREET_DIRECTION,STREET_NAME,BEAT_OF_OCCURRENCE,PHOTOS_TAKEN_I,STATEMENTS_TAKEN_I,DOORING_I,WORK_ZONE_I,WORK_ZONE_TYPE,WORKERS_PRESENT_I,NUM_UNITS,MOST_SEVERE_INJURY,INJURIES_TOTAL,INJURIES_FATAL,INJURIES_INCAPACITATING,INJURIES_NON_INCAPACITATING,INJURIES_REPORTED_NOT_EVIDENT,INJURIES_NO_INDICATION,INJURIES_UNKNOWN,CRASH_HOUR,CRASH_DAY_OF_WEEK,CRASH_MONTH,LATITUDE,LONGITUDE,LOCATION
JB507802,,11/07/2018 09:48:00 PM,25,NO CONTROLS,NO CONTROLS,CLEAR,DARKNESS,REAR END,NOT DIVIDED,,STRAIGHT AND LEVEL,DRY,NO DEFECTS,ON SCENE,INJURY AND / OR TOW DUE TO CRASH,,,,"OVER $1,500",11/07/2018 09:49:00 PM,FAILING TO REDUCE SPEED TO AVOID CRASH,EXCEEDING AUTHORIZED SPEED LIMIT,12899,S,COTTAGE GROVE AVE,532,,,,,,,2,NO INDICATION OF INJURY,0,0,0,0,0,2,0,21,4,11,41.66042265,-87.595123454,POINT (-87.595123453774 41.66042264982)
JB507839,,11/07/2018 09:15:00 PM,30,STOP SIGN/FLASHER,OTHER,UNKNOWN,"DARKNESS, LIGHTED ROAD",TURNING,NOT DIVIDED,,STRAIGHT AND LEVEL,UNKNOWN,UNKNOWN,NOT ON SCENE (DESK REPORT),NO INJURY / DRIVE AWAY,Y,,Y,"OVER $1,500",11/07/2018 10:30:00 PM,UNABLE TO DETERMINE,UNABLE TO DETERMINE,3927,W,GRAND AVE,2535,,,,,,,3,NO INDICATION OF INJURY,0,0,0,0,0,3,0,21,4,11,41.905481231,-87.725032461,POINT (-87.725032461369 41.905481230687)
JB507758,,11/07/2018 08:42:00 PM,35,NO CONTROLS,NO CONTROLS,CLEAR,DARKNESS,PARKED MOTOR VEHICLE,NOT DIVIDED,,STRAIGHT AND LEVEL,WET,UNKNOWN,,NO INJURY / DRIVE AWAY,,,Y,"OVER $1,500",11/07/2018 09:30:00 PM,UNABLE TO DETERMINE,NOT APPLICABLE,3932,W,DIVERSEY AVE,2523,,,,,,,2,NO INDICATION OF INJURY,0,0,0,0,0,1,0,20,4,11,41.931914066,-87.72590229,POINT (-87.725902289775 41.931914065565)
JB507282,,11/07/2018 08:42:00 PM,30,NO CONTROLS,NO CONTROLS,CLEAR,"DARKNESS, LIGHTED ROAD",PARKED MOTOR VEHICLE,NOT DIVIDED,,STRAIGHT AND LEVEL,DRY,NO DEFECTS,ON SCENE,INJURY AND / OR TOW DUE TO CRASH,,,Y,"OVER $1,500",11/07/2018 08:43:00 PM,FAILING TO REDUCE SPEED TO AVOID CRASH,NOT APPLICABLE,1621,E,83RD ST,412,,,,Y,UNKNOWN,,3,NO INDICATION OF INJURY,0,0,0,0,0,1,0,20,4,11,41.74410871,-87.584506812,POINT (-87.584506812211 41.744108709643)
JB507755,,11/07/2018 08:40:00 PM,30,TRAFFIC SIGNAL,FUNCTIONING PROPERLY,CLEAR,"DARKNESS, LIGHTED ROAD",REAR END,DIVIDED - W/MEDIAN (NOT RAISED),2,STRAIGHT AND LEVEL,DRY,NO DEFECTS,NOT ON SCENE (DESK REPORT),NO INJURY / DRIVE AWAY,Y,,,"$501 - $1,500",11/07/2018 09:00:00 PM,FOLLOWING TOO CLOSELY,UNABLE TO DETERMINE,759,W,95TH ST,2223,,,,,,,2,NO INDICATION OF INJURY,0,0,0,0,0,2,0,20,4,11,41.721348283,-87.643149539,POINT (-87.643149539329 41.721348282519)
JB507745,,11/07/2018 08:26:00 PM,30,STOP SIGN/FLASHER,FUNCTIONING PROPERLY,CLEAR,DARKNESS,ANGLE,NOT DIVIDED,,STRAIGHT AND LEVEL,DRY,NO DEFECTS,ON SCENE,INJURY AND / OR TOW DUE TO CRASH,,,Y,"OVER $1,500",11/07/2018 08:31:00 PM,UNABLE TO DETERMINE,NOT APPLICABLE,3400,W,BERTEAU AVE,1723,,,,,,,2,"REPORTED, NOT EVIDENT",2,0,0,0,2,1,0,20,4,11,41.957597852,-87.713084878,POINT (-87.713084878317 41.957597851965)
JB507750,,11/07/2018 08:15:00 PM,30,NO CONTROLS,NO CONTROLS,CLEAR,"DARKNESS, LIGHTED ROAD",PARKED MOTOR VEHICLE,NOT DIVIDED,,STRAIGHT AND LEVEL,DRY,NO DEFECTS,ON SCENE,INJURY AND / OR TOW DUE TO CRASH,,,Y,"OVER $1,500",11/07/2018 08:24:00 PM,UNABLE TO DETERMINE,NOT APPLICABLE,2610,W,BALMORAL AVE,2011,,,,,,,4,NO INDICATION OF INJURY,0,0,0,0,0,1,0,20,4,11,41.979606707,-87.694675704,POINT (-87.694675704141 41.979606706503)
JB509452,,11/07/2018 08:00:00 PM,15,NO CONTROLS,NO CONTROLS,CLEAR,DARKNESS,ANGLE,PARKING LOT,,STRAIGHT AND LEVEL,DRY,NO DEFECTS,NOT ON SCENE (DESK REPORT),NO INJURY / DRIVE AWAY,,,,$500 OR LESS,11/09/2018 10:25:00 AM,IMPROPER BACKING,UNABLE TO DETERMINE,5419,S,PRAIRIE AVE,231,,,,,,,2,NO INDICATION OF INJURY,0,0,0,0,0,2,0,20,4,11,41.795982432,-87.619110037,POINT (-87.619110037239 41.795982431508)
JB507716,,11/07/2018 08:00:00 PM,25,NO CONTROLS,NO CONTROLS,CLEAR,DARKNESS,PARKED MOTOR VEHICLE,NOT DIVIDED,2,STRAIGHT AND LEVEL,UNKNOWN,UNKNOWN,ON SCENE,NO INJURY / DRIVE AWAY,,,,"OVER $1,500",11/07/2018 08:00:00 PM,UNABLE TO DETERMINE,NOT APPLICABLE,1914,W,MORSE AVE,2424,,Y,,,,,2,NO INDICATION OF INJURY,0,0,0,0,0,1,0,20,4,11,42.007800625,-87.67870242,POINT (-87.678702419521 42.007800624518)
JB507725,,11/07/2018 07:45:00 PM,25,NO CONTROLS,NO CONTROLS,CLEAR,DUSK,REAR END,NOT DIVIDED,2,STRAIGHT AND LEVEL,DRY,NO DEFECTS,,NO INJURY / DRIVE AWAY,,,,"$501 - $1,500",11/07/2018 07:50:00 PM,UNABLE TO DETERMINE,UNABLE TO DETERMINE,1154,N,MONTICELLO AVE,1112,,,,,,,2,NO INDICATION OF INJURY,0,0,0,0,0,2,0,19,4,11,41.902537223,-87.717921809,POINT (-87.717921808746 41.902537223235)
JB507767,Y,11/07/2018 07:30:00 PM,30,UNKNOWN,UNKNOWN,UNKNOWN,UNKNOWN,PARKED MOTOR VEHICLE,NOT DIVIDED,,STRAIGHT AND LEVEL,UNKNOWN,UNKNOWN,NOT ON SCENE (DESK REPORT),INJURY AND / OR TOW DUE TO CRASH,,,Y,"OVER $1,500",11/07/2018 09:30:00 PM,UNABLE TO DETERMINE,NOT APPLICABLE,3535,W,31ST ST,1032,,,,,,,2,NO INDICATION OF INJURY,0,0,0,0,0,1,0,19,4,11,41.836966805,-87.713512733,POINT (-87.713512733083 41.836966805229)
JB507721,,11/07/2018 07:30:00 PM,30,TRAFFIC SIGNAL,FUNCTIONING PROPERLY,CLEAR,"DARKNESS, LIGHTED ROAD",REAR END,NOT DIVIDED,4,STRAIGHT AND LEVEL,DRY,NO DEFECTS,ON SCENE,INJURY AND / OR TOW DUE TO CRASH,Y,,,"OVER $1,500",11/07/2018 07:31:00 PM,FOLLOWING TOO CLOSELY,FAILING TO REDUCE SPEED TO AVOID CRASH,605,S,CANAL ST,124,,,,,,,2,"REPORTED, NOT EVIDENT",1,0,0,0,1,2,0,19,4,11,41.874254669,-87.639283451,POINT (-87.639283451 41.874254668531)
JB507709,,11/07/2018 07:30:00 PM,30,UNKNOWN,UNKNOWN,CLEAR,"DARKNESS, LIGHTED ROAD",REAR END,NOT DIVIDED,,STRAIGHT AND LEVEL,DRY,NO DEFECTS,ON SCENE,NO INJURY / DRIVE AWAY,,,Y,"OVER $1,500",11/07/2018 07:54:00 PM,UNABLE TO DETERMINE,NOT APPLICABLE,4150,W,BELMONT AVE,1731,,,,,,,4,NO INDICATION OF INJURY,0,0,0,0,0,4,0,19,4,11,41.939147139,-87.731623143,POINT (-87.731623142805 41.939147139212)
JB507672,,11/07/2018 07:16:00 PM,30,TRAFFIC SIGNAL,FUNCTIONING PROPERLY,CLEAR,"DARKNESS, LIGHTED ROAD",ANGLE,DIVIDED - W/MEDIAN (NOT RAISED),4,STRAIGHT AND LEVEL,DRY,NO DEFECTS,ON SCENE,INJURY AND / OR TOW DUE TO CRASH,,,,"OVER $1,500",11/07/2018 07:32:00 PM,FAILING TO YIELD RIGHT-OF-WAY,DRIVING SKILLS/KNOWLEDGE/EXPERIENCE,5444,N,CUMBERLAND AVE,1614,,,,,,,2,NO INDICATION OF INJURY,0,0,0,0,0,2,0,19,4,11,41.978807624,-87.836735085,POINT (-87.836735084783 41.978807623905)
JB507717,,11/07/2018 07:15:00 PM,30,TRAFFIC SIGNAL,FUNCTIONING PROPERLY,CLEAR,DARKNESS,SIDESWIPE SAME DIRECTION,DIVIDED - W/MEDIAN BARRIER,6,STRAIGHT AND LEVEL,DRY,NO DEFECTS,NOT ON SCENE (DESK REPORT),INJURY AND / OR TOW DUE TO CRASH,Y,,Y,"$501 - $1,500",11/07/2018 08:18:00 PM,UNABLE TO DETERMINE,NOT APPLICABLE,400,E,LOWER WACKER DR,114,,,,,,,2,"REPORTED, NOT EVIDENT",1,0,0,0,1,5,0,19,4,11,41.887551132,-87.617356008,POINT (-87.617356008287 41.8875511317)
JB508295,,11/07/2018 07:05:00 PM,30,TRAFFIC SIGNAL,FUNCTIONING PROPERLY,CLEAR,"DARKNESS, LIGHTED ROAD",REAR END,NOT DIVIDED,3,STRAIGHT AND LEVEL,DRY,NO DEFECTS,NOT ON SCENE (DESK REPORT),NO INJURY / DRIVE AWAY,,,,"OVER $1,500",11/08/2018 12:15:00 PM,FAILING TO REDUCE SPEED TO AVOID CRASH,NOT APPLICABLE,1590,W,WEBSTER AVE,1432,,,,,,,2,NO INDICATION OF INJURY,0,0,0,0,0,2,0,19,4,11,41.921667143,-87.668492079,POINT (-87.668492078897 41.921667143282)
JB507646,,11/07/2018 07:02:00 PM,30,NO CONTROLS,NO CONTROLS,CLEAR,DUSK,SIDESWIPE SAME DIRECTION,PARKING LOT,,STRAIGHT AND LEVEL,DRY,NO DEFECTS,ON SCENE,NO INJURY / DRIVE AWAY,,Y,,"$501 - $1,500",11/07/2018 07:13:00 PM,IMPROPER BACKING,DRIVING SKILLS/KNOWLEDGE/EXPERIENCE,1651,W,ROOSEVELT RD,1233,,,,,,,2,NO INDICATION OF INJURY,0,0,0,0,0,2,0,19,4,11,41.866749383,-87.668464053,POINT (-87.668464052851 41.866749382827)
JB507872,N,11/07/2018 07:00:00 PM,30,TRAFFIC SIGNAL,UNKNOWN,UNKNOWN,UNKNOWN,REAR END,DIVIDED - W/MEDIAN (NOT RAISED),4,STRAIGHT AND LEVEL,UNKNOWN,UNKNOWN,NOT ON SCENE (DESK REPORT),NO INJURY / DRIVE AWAY,,,,"$501 - $1,500",11/07/2018 11:45:00 PM,FOLLOWING TOO CLOSELY,FAILING TO REDUCE SPEED TO AVOID CRASH,1800,W,DEVON AVE,2432,,,,,,,2,NO INDICATION OF INJURY,0,0,0,0,0,2,0,19,4,11,41.998098359,-87.675253374,POINT (-87.675253373877 41.998098359481)
JB507669,,11/07/2018 07:00:00 PM,30,UNKNOWN,UNKNOWN,UNKNOWN,UNKNOWN,HEAD ON,PARKING LOT,1,STRAIGHT AND LEVEL,UNKNOWN,UNKNOWN,NOT ON SCENE (DESK REPORT),NO INJURY / DRIVE AWAY,,Y,Y,"OVER $1,500",11/07/2018 07:34:00 PM,UNABLE TO DETERMINE,UNABLE TO DETERMINE,11620,S,MARSHFIELD AVE,2234,,,,,,,2,NO INDICATION OF INJURY,0,0,0,0,0,2,0,19,4,11,41.682359915,-87.662752099,POINT (-87.662752099238 41.682359915214)
JB507360,,11/07/2018 07:00:00 PM,30,NO CONTROLS,NO CONTROLS,CLEAR,"DARKNESS, LIGHTED ROAD",PARKED MOTOR VEHICLE,NOT DIVIDED,,STRAIGHT AND LEVEL,DRY,NO DEFECTS,ON SCENE,INJURY AND / OR TOW DUE TO CRASH,,,,"OVER $1,500",11/07/2018 07:05:00 PM,UNABLE TO DETERMINE,UNABLE TO DETERMINE,2704,N,HALSTED ST,1935,,,,,,,3,NO INDICATION OF INJURY,0,0,0,0,0,1,0,19,4,11,41.931695811,-87.649122742,POINT (-87.64912274231 41.931695810589)
JB507706,Y,11/07/2018 06:55:00 PM,5,NO CONTROLS,NO CONTROLS,CLEAR,"DARKNESS, LIGHTED ROAD",PARKED MOTOR VEHICLE,PARKING LOT,,STRAIGHT AND LEVEL,DRY,NO DEFECTS,NOT ON SCENE (DESK REPORT),NO INJURY / DRIVE AWAY,,,Y,"OVER $1,500",11/07/2018 08:00:00 PM,UNABLE TO DETERMINE,UNABLE TO DETERMINE,7108,S,MICHIGAN AVE,323,,,,,,,2,NO INDICATION OF INJURY,0,0,0,0,0,1,0,18,4,11,41.765260667,-87.621828127,POINT (-87.621828126502 41.765260667435)
JB508993,,11/07/2018 06:45:00 PM,30,NO CONTROLS,NO CONTROLS,CLEAR,"DARKNESS, LIGHTED ROAD",PARKED MOTOR VEHICLE,DIVIDED - W/MEDIAN (NOT RAISED),,STRAIGHT AND LEVEL,DRY,NO DEFECTS,NOT ON SCENE (DESK REPORT),NO INJURY / DRIVE AWAY,,,,"$501 - $1,500",11/08/2018 09:00:00 PM,DRIVING SKILLS/KNOWLEDGE/EXPERIENCE,IMPROPER LANE USAGE,4745,W,NORTH AVE,2533,Y,,,,,,2,NO INDICATION OF INJURY,0,0,0,0,0,1,0,18,4,11,41.909524553,-87.74543288,POINT (-87.745432879834 41.909524552856)
JB507649,,11/07/2018 06:31:00 PM,20,NO CONTROLS,NO CONTROLS,CLEAR,"DARKNESS, LIGHTED ROAD",TURNING,ALLEY,1,"CURVE, LEVEL",DRY,NO DEFECTS,ON SCENE,INJURY AND / OR TOW DUE TO CRASH,,Y,,"$501 - $1,500",11/07/2018 06:41:00 PM,"VISION OBSCURED (SIGNS, TREE LIMBS, BUILDINGS, ETC.)",EQUIPMENT - VEHICLE CONDITION,12223,S,MAY ST,524,,,,,,,2,NO INDICATION OF INJURY,0,0,0,0,0,2,0,18,4,11,41.671522325,-87.650083457,POINT (-87.650083456819 41.671522324964)
JB507666,,11/07/2018 06:30:00 PM,0,TRAFFIC SIGNAL,FUNCTIONING PROPERLY,CLEAR,"DARKNESS, LIGHTED ROAD",SIDESWIPE SAME DIRECTION,DIVIDED - W/MEDIAN BARRIER,6,STRAIGHT AND LEVEL,DRY,NO DEFECTS,NOT ON SCENE (DESK REPORT),NO INJURY / DRIVE AWAY,,,,"OVER $1,500",11/07/2018 07:45:00 PM,UNABLE TO DETERMINE,UNABLE TO DETERMINE,400,E,GARFIELD BLVD,233,,,,,,,2,NO INDICATION OF INJURY,0,0,0,0,0,2,0,18,4,11,41.794910057,-87.615915688,POINT (-87.615915687849 41.794910056687)
JB507618,,11/07/2018 06:30:00 PM,30,NO CONTROLS,NO CONTROLS,CLEAR,DUSK,TURNING,NOT DIVIDED,,STRAIGHT AND LEVEL,DRY,NO DEFECTS,NOT ON SCENE (DESK REPORT),NO INJURY / DRIVE AWAY,,,Y,"$501 - $1,500",11/07/2018 07:07:00 PM,IMPROPER BACKING,NOT APPLICABLE,6034,W,NORTH AVE,2513,,,,,,,2,NO INDICATION OF INJURY,0,0,0,0,0,3,0,18,4,11,41.909350413,-87.776632752,POINT (-87.776632752206 41.909350413025)
JB507597,,11/07/2018 06:30:00 PM,30,TRAFFIC SIGNAL,FUNCTIONING PROPERLY,CLEAR,"DARKNESS, LIGHTED ROAD",REAR END,NOT DIVIDED,4,STRAIGHT AND LEVEL,DRY,NO DEFECTS,ON SCENE,INJURY AND / OR TOW DUE TO CRASH,,,,"$501 - $1,500",11/07/2018 06:35:00 PM,FAILING TO REDUCE SPEED TO AVOID CRASH,FOLLOWING TOO CLOSELY,1920,E,MARQUETTE DR,331,,,,,,,2,"REPORTED, NOT EVIDENT",1,0,0,0,1,5,0,18,4,11,41.776233275,-87.578374969,POINT (-87.578374968603 41.776233274518)
JB507615,,11/07/2018 06:28:00 PM,30,TRAFFIC SIGNAL,FUNCTIONING PROPERLY,CLEAR,DAWN,TURNING,NOT DIVIDED,,STRAIGHT AND LEVEL,DRY,NO DEFECTS,ON SCENE,NO INJURY / DRIVE AWAY,Y,,,"OVER $1,500",11/07/2018 06:28:00 PM,FOLLOWING TOO CLOSELY,UNABLE TO DETERMINE,1600,E,130TH ST,434,,,,,,,2,NO INDICATION OF INJURY,0,0,0,0,0,2,0,18,4,11,41.660422811,-87.586391793,POINT (-87.586391793459 41.660422810648)
JB507582,,11/07/2018 06:25:00 PM,30,STOP SIGN/FLASHER,FUNCTIONING PROPERLY,CLEAR,"DARKNESS, LIGHTED ROAD",ANGLE,NOT DIVIDED,6,STRAIGHT AND LEVEL,DRY,NO DEFECTS,ON SCENE,INJURY AND / OR TOW DUE TO CRASH,Y,,,"OVER $1,500",11/07/2018 06:25:00 PM,FAILING TO REDUCE SPEED TO AVOID CRASH,UNABLE TO DETERMINE,3264,S,ARCHER AVE,912,,,,,,,2,NONINCAPACITATING INJURY,2,0,0,2,0,2,0,18,4,11,41.834783583,-87.670715499,POINT (-87.670715498806 41.834783582954)
JB507575,,11/07/2018 06:16:00 PM,30,NO CONTROLS,NO CONTROLS,CLEAR,"DARKNESS, LIGHTED ROAD",SIDESWIPE SAME DIRECTION,DIVIDED - W/MEDIAN (NOT RAISED),,STRAIGHT AND LEVEL,DRY,NO DEFECTS,ON SCENE,NO INJURY / DRIVE AWAY,,,Y,$500 OR LESS,11/07/2018 06:18:00 PM,IMPROPER LANE USAGE,IMPROPER OVERTAKING/PASSING,6443,N,SHERIDAN RD,2432,,,,,,,2,NO INDICATION OF INJURY,0,0,0,0,0,2,0,18,4,11,41.999442348,-87.660526143,POINT (-87.660526142962 41.999442347506)
JB507647,,11/07/2018 06:15:00 PM,20,NO CONTROLS,NO CONTROLS,CLEAR,DAWN,SIDESWIPE SAME DIRECTION,NOT DIVIDED,2,STRAIGHT AND LEVEL,DRY,NO DEFECTS,NOT ON SCENE (DESK REPORT),NO INJURY / DRIVE AWAY,,,,$500 OR LESS,11/07/2018 07:15:00 PM,FAILING TO YIELD RIGHT-OF-WAY,NOT APPLICABLE,2002,N,DRAKE AVE,1413,,,,,,,2,NO INDICATION OF INJURY,0,0,0,0,0,2,0,18,4,11,41.917402797,-87.715300706,POINT (-87.715300705887 41.917402796986)
JB507624,N,11/07/2018 06:15:00 PM,30,STOP SIGN/FLASHER,NO CONTROLS,CLEAR,"DARKNESS, LIGHTED ROAD",SIDESWIPE SAME DIRECTION,NOT DIVIDED,,STRAIGHT AND LEVEL,DRY,NO DEFECTS,NOT ON SCENE (DESK REPORT),NO INJURY / DRIVE AWAY,,,,$500 OR LESS,11/07/2018 07:05:00 PM,UNABLE TO DETERMINE,UNABLE TO DETERMINE,1600,S,KILBOURN AVE,1012,,,,,,,2,NO INDICATION OF INJURY,0,0,0,0,0,2,0,18,4,11,41.858607121,-87.737320626,POINT (-87.737320625684 41.85860712136)
JB507616,,11/07/2018 06:15:00 PM,30,NO CONTROLS,NO CONTROLS,CLEAR,DAYLIGHT,SIDESWIPE OPPOSITE DIRECTION,NOT DIVIDED,,STRAIGHT AND LEVEL,DRY,NO DEFECTS,NOT ON SCENE (DESK REPORT),NO INJURY / DRIVE AWAY,,,,"OVER $1,500",11/07/2018 06:55:00 PM,UNABLE TO DETERMINE,UNABLE TO DETERMINE,6544,N,SACRAMENTO AVE,2412,,,,,,,2,NO INDICATION OF INJURY,0,0,0,0,0,2,0,18,4,11,42.000630343,-87.704759107,POINT (-87.70475910668 42.000630342811)
JB507609,Y,11/07/2018 06:10:00 PM,30,TRAFFIC SIGNAL,FUNCTIONING PROPERLY,CLEAR,"DARKNESS, LIGHTED ROAD",REAR END,NOT DIVIDED,2,STRAIGHT AND LEVEL,DRY,NO DEFECTS,ON SCENE,NO INJURY / DRIVE AWAY,,,,$500 OR LESS,11/07/2018 06:18:00 PM,FAILING TO REDUCE SPEED TO AVOID CRASH,FOLLOWING TOO CLOSELY,5200,W,LAWRENCE AVE,1623,,,,,,,2,NO INDICATION OF INJURY,0,0,0,0,0,2,0,18,4,11,41.968010299,-87.757781899,POINT (-87.757781898594 41.968010298556)
JB508425,,11/07/2018 06:08:00 PM,30,STOP SIGN/FLASHER,FUNCTIONING PROPERLY,CLEAR,"DARKNESS, LIGHTED ROAD",TURNING,NOT DIVIDED,2,STRAIGHT AND LEVEL,DRY,NO DEFECTS,NOT ON SCENE (DESK REPORT),NO INJURY / DRIVE AWAY,Y,,,"$501 - $1,500",11/08/2018 01:55:00 PM,FAILING TO YIELD RIGHT-OF-WAY,FAILING TO REDUCE SPEED TO AVOID CRASH,2000,N,KEYSTONE AVE,2525,,,,,,,2,NO INDICATION OF INJURY,0,0,0,0,0,2,0,18,4,11,41.917236862,-87.727933171,POINT (-87.727933170681 41.917236861774)
JB507590,,11/07/2018 06:06:00 PM,30,STOP SIGN/FLASHER,FUNCTIONING PROPERLY,CLEAR,"DARKNESS, LIGHTED ROAD",ANGLE,NOT DIVIDED,2,STRAIGHT AND LEVEL,DRY,NO DEFECTS,ON SCENE,INJURY AND / OR TOW DUE TO CRASH,,,,"OVER $1,500",11/07/2018 06:09:00 PM,FAILING TO REDUCE SPEED TO AVOID CRASH,UNABLE TO DETERMINE,9300,S,PAXTON AVE,413,,,,,,,2,NONINCAPACITATING INJURY,1,0,0,1,0,3,0,18,4,11,41.72608408,-87.570721712,POINT (-87.570721711859 41.726084079905)
JB507655,,11/07/2018 06:00:00 PM,30,TRAFFIC SIGNAL,FUNCTIONING PROPERLY,CLEAR,DAYLIGHT,REAR END,NOT DIVIDED,,STRAIGHT AND LEVEL,DRY,NO DEFECTS,NOT ON SCENE (DESK REPORT),INJURY AND / OR TOW DUE TO CRASH,,,,"$501 - $1,500",11/07/2018 07:32:00 PM,UNABLE TO DETERMINE,UNABLE TO DETERMINE,300,W,ONTARIO ST,1831,,,,,,,3,NONINCAPACITATING INJURY,1,0,0,1,0,2,0,18,4,11,41.893276703,-87.635689442,POINT (-87.635689442435 41.893276703421)
JB507641,,11/07/2018 06:00:00 PM,30,NO CONTROLS,NO CONTROLS,CLEAR,DARKNESS,REAR END,DIVIDED - W/MEDIAN (NOT RAISED),,STRAIGHT AND LEVEL,DRY,NO DEFECTS,NOT ON SCENE (DESK REPORT),NO INJURY / DRIVE AWAY,,,,"OVER $1,500",11/07/2018 07:20:00 PM,IMPROPER TURNING/NO SIGNAL,NOT APPLICABLE,4302,S,ASHLAND AVE,924,,,,,,,2,NO INDICATION OF INJURY,0,0,0,0,0,2,0,18,4,11,41.815722227,-87.66529164,POINT (-87.665291640366 41.81572222702)
JB507580,,11/07/2018 06:00:00 PM,30,STOP SIGN/FLASHER,FUNCTIONING PROPERLY,CLEAR,"DARKNESS, LIGHTED ROAD",TURNING,DIVIDED - W/MEDIAN (NOT RAISED),2,STRAIGHT AND LEVEL,DRY,UNKNOWN,ON SCENE,INJURY AND / OR TOW DUE TO CRASH,Y,,Y,"OVER $1,500",11/07/2018 06:08:00 PM,DISREGARDING STOP SIGN,EXCEEDING AUTHORIZED SPEED LIMIT,5900,S,WINCHESTER AVE,714,,,,,,,2,NO INDICATION OF INJURY,0,0,0,0,0,3,0,18,4,11,41.786548383,-87.673032374,POINT (-87.673032373809 41.786548383004)
JB507570,,11/07/2018 06:00:00 PM,30,TRAFFIC SIGNAL,FUNCTIONING PROPERLY,CLEAR,"DARKNESS, LIGHTED ROAD",PEDESTRIAN,DIVIDED - W/MEDIAN (NOT RAISED),2,STRAIGHT AND LEVEL,DRY,UNKNOWN,ON SCENE,INJURY AND / OR TOW DUE TO CRASH,,,Y,$500 OR LESS,11/07/2018 06:24:00 PM,NOT APPLICABLE,NOT APPLICABLE,7131,S,SOUTH CHICAGO AVE,324,,,,,,,2,NONINCAPACITATING INJURY,1,0,0,1,0,1,0,18,4,11,41.765291423,-87.604543742,POINT (-87.604543742002 41.765291422607)
JB507566,,11/07/2018 06:00:00 PM,30,TRAFFIC SIGNAL,FUNCTIONING PROPERLY,CLEAR,"DARKNESS, LIGHTED ROAD",TURNING,NOT DIVIDED,4,STRAIGHT AND LEVEL,DRY,NO DEFECTS,ON SCENE,NO INJURY / DRIVE AWAY,,,Y,"$501 - $1,500",11/07/2018 06:21:00 PM,FAILING TO YIELD RIGHT-OF-WAY,NOT APPLICABLE,9500,S,PROSPECT AVE,2213,,,,,,,2,NO INDICATION OF INJURY,0,0,0,0,0,2,0,18,4,11,41.721045495,-87.665666697,POINT (-87.66566669693 41.721045495014)
JB507555,,11/07/2018 05:55:00 PM,30,NO CONTROLS,NO CONTROLS,CLEAR,"DARKNESS, LIGHTED ROAD",PARKED MOTOR VEHICLE,DIVIDED - W/MEDIAN (NOT RAISED),2,STRAIGHT AND LEVEL,DRY,NO DEFECTS,ON SCENE,INJURY AND / OR TOW DUE TO CRASH,,,,"OVER $1,500",11/07/2018 05:58:00 PM,UNABLE TO DETERMINE,NOT APPLICABLE,2507,N,CENTRAL PARK AVE,1413,,,,,,,2,NO INDICATION OF INJURY,0,0,0,0,0,1,0,17,4,11,41.926656513,-87.716900371,POINT (-87.716900370609 41.926656512643)
JB507560,,11/07/2018 05:54:00 PM,25,NO CONTROLS,NO CONTROLS,CLEAR,"DARKNESS, LIGHTED ROAD",ANGLE,DIVIDED - W/MEDIAN (NOT RAISED),2,STRAIGHT AND LEVEL,DRY,NO DEFECTS,ON SCENE,NO INJURY / DRIVE AWAY,,,,"OVER $1,500",11/07/2018 05:56:00 PM,NOT APPLICABLE,DRIVING SKILLS/KNOWLEDGE/EXPERIENCE,974,E,79TH ST,624,,,,,,,2,NO INDICATION OF INJURY,0,0,0,0,0,4,0,17,4,11,41.751447357,-87.600400118,POINT (-87.600400117915 41.75144735742)
JB509970,,11/07/2018 05:50:00 PM,30,TRAFFIC SIGNAL,FUNCTIONING PROPERLY,CLEAR,DARKNESS,REAR END,ONE-WAY,2,STRAIGHT AND LEVEL,DRY,NO DEFECTS,NOT ON SCENE (DESK REPORT),NO INJURY / DRIVE AWAY,Y,,,"OVER $1,500",11/09/2018 05:00:00 PM,UNABLE TO DETERMINE,UNABLE TO DETERMINE,303,W,HURON ST,1831,,,,,,,2,NO INDICATION OF INJURY,0,0,0,0,0,2,0,17,4,11,41.894660122,-87.635819933,POINT (-87.635819932582 41.894660121908)