RD_NO,CRASH_DATE_EST_I,CRASH_DATE,POSTED_SPEED_LIMIT,TRAFFIC_CONTROL_DEVICE,DEVICE_CONDITION,WEATHER_CONDITION,LIGHTING_CONDITION,FIRST_CRASH_TYPE,TRAFFICWAY_TYPE,LANE_CNT,ALIGNMENT,ROADWAY_SURFACE_COND,ROAD_DEFECT,REPORT_TYPE,CRASH_TYPE,INTERSECTION_RELATED_I,NOT_RIGHT_OF_WAY_I,HIT_AND_RUN_I,DAMAGE,DATE_POLICE_NOTIFIED,PRIM_CONTRIBUTORY_CAUSE,SEC_CONTRIBUTORY_CAUSE,STREET_NO,STREET_DIRECTION,STREET_NAME,BEAT_OF_OCCURRENCE,PHOTOS_TAKEN_I,STATEMENTS_TAKEN_I,DOORING_I,WORK_ZONE_I,WORK_ZONE_TYPE,WORKERS_PRESENT_I,NUM_UNITS,MOST_SEVERE_INJURY,INJURIES_TOTAL,INJURIES_FATAL,INJURIES_INCAPACITATING,INJURIES_NON_INCAPACITATING,INJURIES_REPORTED_NOT_EVIDENT,INJURIES_NO_INDICATION,INJURIES_UNKNOWN,CRASH_HOUR,CRASH_DAY_OF_WEEK,CRASH_MONTH,LATITUDE,LONGITUDE,LOCATION
JB507586,N,11/07/2018 05:50:00 PM,30,TRAFFIC SIGNAL,FUNCTIONING PROPERLY,CLEAR,DAYLIGHT,REAR END,NOT DIVIDED,,STRAIGHT AND LEVEL,DRY,NO DEFECTS,NOT ON SCENE (DESK REPORT),NO INJURY / DRIVE AWAY,,,,"OVER $1,500",11/08/2018 03:54:00 PM,UNABLE TO DETERMINE,UNABLE TO DETERMINE,4302,S,ASHLAND AVE,924,,,,,,,2,NO INDICATION OF INJURY,0,0,0,0,0,2,0,17,4,11,41.815722227,-87.66529164,POINT (-87.665291640366 41.81572222702)
JB514648,,11/07/2018 05:45:00 PM,30,UNKNOWN,UNKNOWN,UNKNOWN,UNKNOWN,REAR END,UNKNOWN,,STRAIGHT AND LEVEL,UNKNOWN,UNKNOWN,NOT ON SCENE (DESK REPORT),NO INJURY / DRIVE AWAY,,,,"OVER $1,500",11/13/2018 04:50:00 PM,UNABLE TO DETERMINE,NOT APPLICABLE,7620,W,DEVON AVE,1612,,,,,,,2,NO INDICATION OF INJURY,0,0,0,0,0,2,0,17,4,11,41.997062539,-87.81761696,POINT (-87.817616960353 41.997062538685)
JB507675,,11/07/2018 05:45:00 PM,30,TRAFFIC SIGNAL,FUNCTIONING PROPERLY,CLEAR,DARKNESS,REAR END,NOT DIVIDED,,STRAIGHT AND LEVEL,DRY,NO DEFECTS,NOT ON SCENE (DESK REPORT),NO INJURY / DRIVE AWAY,Y,,,"OVER $1,500",11/07/2018 07:43:00 PM,NOT APPLICABLE,NOT APPLICABLE,8600,S,COTTAGE GROVE AVE,632,,,,,,,2,NO INDICATION OF INJURY,0,0,0,0,0,3,0,17,4,11,41.738369891,-87.605018997,POINT (-87.605018996828 41.738369891427)
JB507602,,11/07/2018 05:45:00 PM,30,NO CONTROLS,NO CONTROLS,CLEAR,"DARKNESS, LIGHTED ROAD",PARKED MOTOR VEHICLE,NOT DIVIDED,,STRAIGHT AND LEVEL,DRY,NO DEFECTS,,NO INJURY / DRIVE AWAY,,,Y,"$501 - $1,500",11/07/2018 06:30:00 PM,FAILING TO REDUCE SPEED TO AVOID CRASH,NOT APPLICABLE,4451,W,60TH ST,813,,,,,,,2,NO INDICATION OF INJURY,0,0,0,0,0,4,0,17,4,11,41.783880603,-87.734733012,POINT (-87.734733011546 41.783880602825)
JB507601,,11/07/2018 05:45:00 PM,30,NO CONTROLS,NO CONTROLS,CLEAR,"DARKNESS, LIGHTED ROAD",TURNING,NOT DIVIDED,4,STRAIGHT AND LEVEL,DRY,NO DEFECTS,ON SCENE,INJURY AND / OR TOW DUE TO CRASH,Y,,,"OVER $1,500",11/07/2018 06:26:00 PM,FAILING TO YIELD RIGHT-OF-WAY,"VISION OBSCURED (SIGNS, TREE LIMBS, BUILDINGS, ETC.)",234,W,87TH ST,622,,N,,,,,2,NO INDICATION OF INJURY,0,0,0,0,0,2,0,17,4,11,41.736152538,-87.629896312,POINT (-87.629896311864 41.736152538443)
JB507579,,11/07/2018 05:45:00 PM,30,TRAFFIC SIGNAL,FUNCTIONING PROPERLY,CLEAR,DAWN,REAR END,DIVIDED - W/MEDIAN (NOT RAISED),4,STRAIGHT AND LEVEL,DRY,NO DEFECTS,NOT ON SCENE (DESK REPORT),NO INJURY / DRIVE AWAY,,,,"$501 - $1,500",11/07/2018 06:30:00 PM,UNABLE TO DETERMINE,NOT APPLICABLE,400,N,MILWAUKEE AVE,1214,,,,,,,2,NO INDICATION OF INJURY,0,0,0,0,0,2,0,17,4,11,41.889009453,-87.64450042,POINT (-87.644500420233 41.889009452567)
JB507584,,11/07/2018 05:40:00 PM,30,NO CONTROLS,NO CONTROLS,CLEAR,"DARKNESS, LIGHTED ROAD",REAR END,NOT DIVIDED,4,STRAIGHT AND LEVEL,DRY,NO DEFECTS,NOT ON SCENE (DESK REPORT),NO INJURY / DRIVE AWAY,,,,"$501 - $1,500",11/07/2018 06:30:00 PM,UNABLE TO DETERMINE,UNABLE TO DETERMINE,4320,N,CICERO AVE,1624,,,,,,,2,NO INDICATION OF INJURY,0,0,0,0,0,2,0,17,4,11,41.959575099,-87.747645687,POINT (-87.747645687079 41.959575099443)
JB507563,,11/07/2018 05:40:00 PM,35,STOP SIGN/FLASHER,FUNCTIONING PROPERLY,CLEAR,DUSK,REAR END,NOT DIVIDED,2,STRAIGHT AND LEVEL,WET,UNKNOWN,ON SCENE,INJURY AND / OR TOW DUE TO CRASH,,,,"OVER $1,500",11/07/2018 05:56:00 PM,FOLLOWING TOO CLOSELY,NOT APPLICABLE,5058,W,GRAND AVE,2533,,,,,,,3,"REPORTED, NOT EVIDENT",2,0,0,0,2,4,0,17,4,11,41.916760313,-87.752866224,POINT (-87.752866223957 41.916760313025)
JB507541,,11/07/2018 05:40:00 PM,30,NO CONTROLS,NO CONTROLS,CLEAR,"DARKNESS, LIGHTED ROAD",PEDALCYCLIST,DIVIDED - W/MEDIAN (NOT RAISED),2,STRAIGHT AND LEVEL,DRY,NO DEFECTS,ON SCENE,NO INJURY / DRIVE AWAY,,,,$500 OR LESS,11/07/2018 05:50:00 PM,IMPROPER LANE USAGE,"EVASIVE ACTION DUE TO ANIMAL, OBJECT, NONMOTORIST",2634,S,CENTRAL PARK AVE,1032,,,,,,,2,NO INDICATION OF INJURY,0,0,0,0,0,4,0,17,4,11,41.84332351,-87.714903078,POINT (-87.714903078389 41.843323510167)
JB507546,,11/07/2018 05:35:00 PM,30,NO CONTROLS,NO CONTROLS,CLEAR,"DARKNESS, LIGHTED ROAD",REAR END,NOT DIVIDED,2,STRAIGHT AND LEVEL,DRY,NO DEFECTS,ON SCENE,INJURY AND / OR TOW DUE TO CRASH,,,,"OVER $1,500",11/07/2018 05:38:00 PM,DRIVING SKILLS/KNOWLEDGE/EXPERIENCE,NOT APPLICABLE,1500,S,WOOD ST,1233,,,,,,,4,NONINCAPACITATING INJURY,1,0,0,1,0,3,0,17,4,11,41.861357746,-87.671340996,POINT (-87.671340996355 41.861357745509)
JB507545,,11/07/2018 05:34:00 PM,35,TRAFFIC SIGNAL,FUNCTIONING PROPERLY,CLEAR,"DARKNESS, LIGHTED ROAD",TURNING,DIVIDED - W/MEDIAN BARRIER,2,STRAIGHT AND LEVEL,DRY,NO DEFECTS,ON SCENE,INJURY AND / OR TOW DUE TO CRASH,Y,,,"OVER $1,500",11/07/2018 05:58:00 PM,FAILING TO YIELD RIGHT-OF-WAY,NOT APPLICABLE,13000,S,TORRENCE AVE,434,,,,,,,2,NONINCAPACITATING INJURY,1,0,0,1,0,3,0,17,4,11,41.65912619,-87.559432742,POINT (-87.559432741943 41.659126189932)
JB507542,,11/07/2018 05:33:00 PM,30,TRAFFIC SIGNAL,FUNCTIONING PROPERLY,CLEAR,DUSK,SIDESWIPE SAME DIRECTION,ONE-WAY,2,STRAIGHT AND LEVEL,DRY,NO DEFECTS,ON SCENE,NO INJURY / DRIVE AWAY,Y,,Y,$500 OR LESS,11/07/2018 05:42:00 PM,"OPERATING VEHICLE IN ERRATIC, RECKLESS, CARELESS, NEGLIGENT OR AGGRESSIVE MANNER",NOT APPLICABLE,5932,S,COTTAGE GROVE AVE,233,,Y,,,,,2,NO INDICATION OF INJURY,0,0,0,0,0,2,0,17,4,11,41.786800048,-87.606198972,POINT (-87.606198972477 41.78680004834)
JB507552,,11/07/2018 05:30:00 PM,30,TRAFFIC SIGNAL,FUNCTIONING PROPERLY,CLEAR,DUSK,TURNING,NOT DIVIDED,,STRAIGHT AND LEVEL,DRY,NO DEFECTS,NOT ON SCENE (DESK REPORT),NO INJURY / DRIVE AWAY,Y,,,"$501 - $1,500",11/07/2018 06:15:00 PM,FAILING TO YIELD RIGHT-OF-WAY,NOT APPLICABLE,1500,N,CENTRAL AVE,2531,,,,,,,2,NO INDICATION OF INJURY,0,0,0,0,0,2,0,17,4,11,41.907654375,-87.765997959,POINT (-87.765997959166 41.90765437542)
JB507520,,11/07/2018 05:30:00 PM,30,TRAFFIC SIGNAL,FUNCTIONING PROPERLY,CLEAR,DARKNESS,TURNING,DIVIDED - W/MEDIAN (NOT RAISED),4,STRAIGHT AND LEVEL,DRY,NO DEFECTS,ON SCENE,INJURY AND / OR TOW DUE TO CRASH,Y,,,"OVER $1,500",11/07/2018 05:32:00 PM,FAILING TO YIELD RIGHT-OF-WAY,NOT APPLICABLE,7759,W,DEVON AVE,1612,,,,,,,2,NO INDICATION OF INJURY,0,0,0,0,0,2,0,17,4,11,41.996742632,-87.821364065,POINT (-87.821364064752 41.996742631654)
JB507507,,11/07/2018 05:30:00 PM,30,TRAFFIC SIGNAL,FUNCTIONING PROPERLY,CLEAR,DARKNESS,TURNING,DIVIDED - W/MEDIAN BARRIER,,STRAIGHT AND LEVEL,DRY,NO DEFECTS,ON SCENE,INJURY AND / OR TOW DUE TO CRASH,Y,,,"OVER $1,500",11/07/2018 05:32:00 PM,UNABLE TO DETERMINE,UNABLE TO DETERMINE,3100,S,STATE ST,211,,,,,,,2,NO INDICATION OF INJURY,0,0,0,0,0,4,0,17,4,11,41.838210285,-87.626921736,POINT (-87.626921735742 41.838210284902)
JB507503,,11/07/2018 05:25:00 PM,25,NO CONTROLS,NO CONTROLS,CLEAR,"DARKNESS, LIGHTED ROAD",SIDESWIPE SAME DIRECTION,NOT DIVIDED,,STRAIGHT AND LEVEL,DRY,NO DEFECTS,ON SCENE,NO INJURY / DRIVE AWAY,,,,$500 OR LESS,11/07/2018 05:29:00 PM,NOT APPLICABLE,NOT APPLICABLE,3323,S,UNION AVE,915,,,,,,,2,NO INDICATION OF INJURY,0,0,0,0,0,2,0,17,4,11,41.83379582,-87.643594386,POINT (-87.643594386487 41.83379581961)
JB507495,,11/07/2018 05:16:00 PM,35,NO CONTROLS,NO CONTROLS,CLEAR,"DARKNESS, LIGHTED ROAD",REAR END,DIVIDED - W/MEDIAN BARRIER,4,STRAIGHT AND LEVEL,DRY,NO DEFECTS,ON SCENE,NO INJURY / DRIVE AWAY,,,,$500 OR LESS,11/07/2018 05:26:00 PM,UNABLE TO DETERMINE,UNABLE TO DETERMINE,2300,W,PETERSON AVE,2413,,,,,,,2,NO INDICATION OF INJURY,0,0,0,0,0,2,0,17,4,11,41.990650711,-87.687271321,POINT (-87.687271321139 41.990650711492)
JB507562,,11/07/2018 05:15:00 PM,30,UNKNOWN,UNKNOWN,CLEAR,DUSK,PARKED MOTOR VEHICLE,NOT DIVIDED,,STRAIGHT AND LEVEL,DRY,UNKNOWN,NOT ON SCENE (DESK REPORT),NO INJURY / DRIVE AWAY,,,Y,$500 OR LESS,11/07/2018 06:19:00 PM,UNABLE TO DETERMINE,NOT APPLICABLE,1159,N,LAWNDALE AVE,1112,,,,,,,2,NO INDICATION OF INJURY,0,0,0,0,0,1,0,17,4,11,41.902651151,-87.718846786,POINT (-87.718846785941 41.902651150685)
JB507522,Y,11/07/2018 05:15:00 PM,10,NO CONTROLS,NO CONTROLS,CLEAR,UNKNOWN,PARKED MOTOR VEHICLE,PARKING LOT,0,STRAIGHT AND LEVEL,DRY,UNKNOWN,NOT ON SCENE (DESK REPORT),NO INJURY / DRIVE AWAY,,Y,Y,"OVER $1,500",11/07/2018 05:45:00 PM,UNABLE TO DETERMINE,NOT APPLICABLE,3600,W,FOSTER AVE,1712,,,,,,,2,NO INDICATION OF INJURY,0,0,0,0,0,1,0,17,4,11,41.97574658,-87.718486628,POINT (-87.718486628497 41.975746580106)
JB507574,,11/07/2018 05:05:00 PM,30,TRAFFIC SIGNAL,FUNCTIONING PROPERLY,CLEAR,"DARKNESS, LIGHTED ROAD",REAR END,NOT DIVIDED,,STRAIGHT AND LEVEL,DRY,NO DEFECTS,NOT ON SCENE (DESK REPORT),NO INJURY / DRIVE AWAY,Y,,,"$501 - $1,500",11/07/2018 06:30:00 PM,UNABLE TO DETERMINE,UNABLE TO DETERMINE,200,W,WACKER DR,122,,,,,,,3,NO INDICATION OF INJURY,0,0,0,0,0,3,0,17,4,11,41.887040881,-87.634042511,POINT (-87.634042511085 41.887040881068)
JB507530,,11/07/2018 05:05:00 PM,30,NO CONTROLS,NO CONTROLS,CLEAR,DARKNESS,REAR END,NOT DIVIDED,,STRAIGHT AND LEVEL,DRY,NO DEFECTS,NOT ON SCENE (DESK REPORT),INJURY AND / OR TOW DUE TO CRASH,,,,"OVER $1,500",11/07/2018 05:57:00 PM,NOT APPLICABLE,NOT APPLICABLE,5480,S,HYDE PARK BLVD,234,,,,,,,2,FATAL,2,1,0,0,1,1,0,17,4,11,41.795854159,-87.58411189,POINT (-87.584111890322 41.795854158713)
JB510295,Y,11/07/2018 05:00:00 PM,30,NO CONTROLS,NO CONTROLS,UNKNOWN,UNKNOWN,PARKED MOTOR VEHICLE,NOT DIVIDED,2,STRAIGHT AND LEVEL,UNKNOWN,UNKNOWN,NOT ON SCENE (DESK REPORT),NO INJURY / DRIVE AWAY,,,Y,"OVER $1,500",11/09/2018 09:23:00 PM,UNABLE TO DETERMINE,UNABLE TO DETERMINE,5628,W,CARMEN AVE,1622,,,,,,,2,NO INDICATION OF INJURY,0,0,0,0,0,1,0,17,4,11,41.97398843,-87.769803838,POINT (-87.769803837955 41.973988430303)
JB507625,,11/07/2018 05:00:00 PM,30,NO CONTROLS,NO CONTROLS,CLEAR,DAYLIGHT,ANGLE,DRIVEWAY,2,STRAIGHT AND LEVEL,DRY,UNKNOWN,NOT ON SCENE (DESK REPORT),NO INJURY / DRIVE AWAY,,Y,,"OVER $1,500",11/07/2018 06:45:00 PM,FAILING TO YIELD RIGHT-OF-WAY,UNABLE TO DETERMINE,8709,S,COTTAGE GROVE AVE,632,,,,,,,2,NO INDICATION OF INJURY,0,0,0,0,0,4,0,17,4,11,41.736353579,-87.60466812,POINT (-87.604668120077 41.736353579473)
JB507494,,11/07/2018 05:00:00 PM,30,NO CONTROLS,NO CONTROLS,CLEAR,DUSK,SIDESWIPE SAME DIRECTION,NOT DIVIDED,,STRAIGHT AND LEVEL,DRY,NO DEFECTS,NOT ON SCENE (DESK REPORT),NO INJURY / DRIVE AWAY,,,,"$501 - $1,500",11/07/2018 05:26:00 PM,NOT APPLICABLE,NOT APPLICABLE,6540,S,PULASKI RD,833,,,,,,,2,NO INDICATION OF INJURY,0,0,0,0,0,2,0,17,4,11,41.773765662,-87.722781154,POINT (-87.72278115402 41.773765661984)
JB507665,,11/07/2018 04:59:00 PM,30,NO CONTROLS,NO CONTROLS,CLEAR,DAYLIGHT,TURNING,DIVIDED - W/MEDIAN (NOT RAISED),,STRAIGHT AND LEVEL,DRY,UNKNOWN,NOT ON SCENE (DESK REPORT),NO INJURY / DRIVE AWAY,,,,"OVER $1,500",11/07/2018 07:30:00 PM,FAILING TO YIELD RIGHT-OF-WAY,UNABLE TO DETERMINE,111,N,HALSTED ST,1224,,,,,,,2,NO INDICATION OF INJURY,0,0,0,0,0,5,0,16,4,11,41.883533941,-87.647264734,POINT (-87.647264734158 41.883533941157)
JB507825,,11/07/2018 04:49:00 PM,30,TRAFFIC SIGNAL,FUNCTIONING PROPERLY,CLEAR,DAYLIGHT,REAR END,NOT DIVIDED,2,STRAIGHT AND LEVEL,DRY,NO DEFECTS,NOT ON SCENE (DESK REPORT),NO INJURY / DRIVE AWAY,,,,"$501 - $1,500",11/07/2018 10:30:00 PM,FOLLOWING TOO CLOSELY,FAILING TO REDUCE SPEED TO AVOID CRASH,11,W,26TH ST,133,,,,,,,2,NO INDICATION OF INJURY,0,0,0,0,0,2,0,16,4,11,41.845468162,-87.62745299,POINT (-87.627452990434 41.845468161546)
JB507492,,11/07/2018 04:45:00 PM,30,NO CONTROLS,NO CONTROLS,CLEAR,DAYLIGHT,SIDESWIPE SAME DIRECTION,DIVIDED - W/MEDIAN (NOT RAISED),2,STRAIGHT AND LEVEL,DRY,NO DEFECTS,NOT ON SCENE (DESK REPORT),NO INJURY / DRIVE AWAY,,,,"$501 - $1,500",11/07/2018 05:22:00 PM,IMPROPER TURNING/NO SIGNAL,"DISTRACTION - OTHER ELECTRONIC DEVICE (NAVIGATION DEVICE, DVD PLAYER, ETC.)",1800,W,47TH ST,924,,,,,,,2,NO INDICATION OF INJURY,0,0,0,0,0,2,0,16,4,11,41.808666405,-87.669890516,POINT (-87.669890515577 41.808666405224)
JB507453,Y,11/07/2018 04:45:00 PM,30,NO CONTROLS,NO CONTROLS,CLEAR,"DARKNESS, LIGHTED ROAD",REAR END,DIVIDED - W/MEDIAN (NOT RAISED),3,STRAIGHT AND LEVEL,DRY,SHOULDER DEFECT,ON SCENE,INJURY AND / OR TOW DUE TO CRASH,Y,,,"OVER $1,500",11/07/2018 04:58:00 PM,FOLLOWING TOO CLOSELY,NOT APPLICABLE,6800,S,STONY ISLAND AVE,332,,,,,,,2,NO INDICATION OF INJURY,0,0,0,0,0,2,0,16,4,11,41.771422336,-87.586427401,POINT (-87.586427400954 41.771422336378)
JB507426,,11/07/2018 04:45:00 PM,30,NO CONTROLS,NO CONTROLS,CLEAR,DUSK,TURNING,NOT DIVIDED,2,STRAIGHT AND LEVEL,DRY,NO DEFECTS,ON SCENE,INJURY AND / OR TOW DUE TO CRASH,Y,,,"OVER $1,500",11/07/2018 05:57:00 PM,DRIVING SKILLS/KNOWLEDGE/EXPERIENCE,NOT APPLICABLE,10700,S,AVENUE O,432,,,,,,,2,"REPORTED, NOT EVIDENT",1,0,0,0,1,2,0,16,4,11,41.700854382,-87.540235991,POINT (-87.54023599112 41.700854382206)
JB507536,,11/07/2018 04:40:00 PM,30,NO CONTROLS,NO CONTROLS,CLEAR,DAYLIGHT,TURNING,NOT DIVIDED,2,STRAIGHT AND LEVEL,DRY,NO DEFECTS,NOT ON SCENE (DESK REPORT),NO INJURY / DRIVE AWAY,,,,"$501 - $1,500",11/07/2018 06:11:00 PM,IMPROPER OVERTAKING/PASSING,IMPROPER OVERTAKING/PASSING,10200,S,HALSTED ST,2232,,,,,,,2,NO INDICATION OF INJURY,0,0,0,0,0,2,0,16,4,11,41.708643985,-87.643024348,POINT (-87.643024347783 41.708643985185)
JB507444,,11/07/2018 04:34:00 PM,30,TRAFFIC SIGNAL,FUNCTIONING PROPERLY,CLEAR,DAWN,PEDALCYCLIST,DIVIDED - W/MEDIAN (NOT RAISED),2,STRAIGHT AND LEVEL,DRY,NO DEFECTS,ON SCENE,NO INJURY / DRIVE AWAY,Y,,,$500 OR LESS,11/07/2018 04:35:00 PM,UNABLE TO DETERMINE,NOT APPLICABLE,801,W,51ST ST,934,,,,,,,2,NO INDICATION OF INJURY,0,0,0,0,0,2,0,16,4,11,41.801473266,-87.645463831,POINT (-87.645463830812 41.801473266043)
JB507686,,11/07/2018 04:30:00 PM,25,STOP SIGN/FLASHER,FUNCTIONING PROPERLY,CLEAR,DAYLIGHT,TURNING,NOT DIVIDED,2,STRAIGHT AND LEVEL,DRY,NO DEFECTS,NOT ON SCENE (DESK REPORT),NO INJURY / DRIVE AWAY,Y,,,"OVER $1,500",11/07/2018 07:30:00 PM,FAILING TO YIELD RIGHT-OF-WAY,UNABLE TO DETERMINE,1859,N,CLYBOURN AVE,1811,,,,,,,2,NO INDICATION OF INJURY,0,0,0,0,0,2,0,16,4,11,41.914915468,-87.654890152,POINT (-87.654890152029 41.914915467659)
JB507547,,11/07/2018 04:30:00 PM,30,UNKNOWN,UNKNOWN,UNKNOWN,UNKNOWN,ANGLE,NOT DIVIDED,2,STRAIGHT AND LEVEL,UNKNOWN,UNKNOWN,NOT ON SCENE (DESK REPORT),NO INJURY / DRIVE AWAY,Y,,,"OVER $1,500",11/07/2018 06:00:00 PM,UNABLE TO DETERMINE,UNABLE TO DETERMINE,1563,W,99TH ST,2213,,,,,,,2,NO INDICATION OF INJURY,0,0,0,0,0,2,0,16,4,11,41.713857833,-87.662580197,POINT (-87.662580197494 41.7138578329)
JB507460,,11/07/2018 04:30:00 PM,25,NO CONTROLS,NO CONTROLS,CLEAR,"DARKNESS, LIGHTED ROAD",REAR END,NOT DIVIDED,4,STRAIGHT AND LEVEL,DRY,NO DEFECTS,NOT ON SCENE (DESK REPORT),NO INJURY / DRIVE AWAY,,,,"OVER $1,500",11/07/2018 04:50:00 PM,IMPROPER LANE USAGE,NOT APPLICABLE,6100,S,WESTERN AVE,825,,,,,,,2,NO INDICATION OF INJURY,0,0,0,0,0,2,0,16,4,11,41.782816203,-87.683885995,POINT (-87.683885994582 41.782816203429)
JB507416,,11/07/2018 04:26:00 PM,30,TRAFFIC SIGNAL,FUNCTIONING PROPERLY,CLEAR,DAYLIGHT,ANGLE,ONE-WAY,2,STRAIGHT AND LEVEL,DRY,NO DEFECTS,ON SCENE,INJURY AND / OR TOW DUE TO CRASH,Y,,,"OVER $1,500",11/07/2018 04:28:00 PM,DISREGARDING TRAFFIC SIGNALS,NOT APPLICABLE,3700,S,EMERALD AVE,915,,,,,,,2,NONINCAPACITATING INJURY,2,0,0,2,0,0,0,16,4,11,41.82702294,-87.644943935,POINT (-87.644943934645 41.827022939501)
JB509763,,11/07/2018 04:25:00 PM,10,NO CONTROLS,NO CONTROLS,CLEAR,DAYLIGHT,SIDESWIPE SAME DIRECTION,NOT DIVIDED,,STRAIGHT AND LEVEL,DRY,NO DEFECTS,NOT ON SCENE (DESK REPORT),NO INJURY / DRIVE AWAY,,,Y,"$501 - $1,500",11/09/2018 01:30:00 PM,UNABLE TO DETERMINE,NOT APPLICABLE,8600,S,HALSTED ST,613,,,,,,,2,NO INDICATION OF INJURY,0,0,0,0,0,2,0,16,4,11,41.737967771,-87.64381841,POINT (-87.643818409916 41.737967771056)
JB507499,,11/07/2018 04:22:00 PM,30,TRAFFIC SIGNAL,UNKNOWN,CLEAR,DAYLIGHT,PEDALCYCLIST,NOT DIVIDED,2,STRAIGHT AND LEVEL,DRY,UNKNOWN,ON SCENE,NO INJURY / DRIVE AWAY,,,Y,$500 OR LESS,11/07/2018 05:40:00 PM,FAILING TO YIELD RIGHT-OF-WAY,IMPROPER TURNING/NO SIGNAL,501,W,18TH ST,1235,,,,,,,2,NO INDICATION OF INJURY,0,0,0,0,0,2,0,16,4,11,41.857554919,-87.638984179,POINT (-87.638984179032 41.857554919296)
JB507448,,11/07/2018 04:20:00 PM,30,NO CONTROLS,NO CONTROLS,CLEAR,DUSK,SIDESWIPE SAME DIRECTION,ONE-WAY,2,STRAIGHT AND LEVEL,DRY,NO DEFECTS,ON SCENE,NO INJURY / DRIVE AWAY,,,,"OVER $1,500",11/07/2018 04:24:00 PM,IMPROPER LANE USAGE,FAILING TO REDUCE SPEED TO AVOID CRASH,4241,S,WENTWORTH AVE,925,,,,,,,3,NO INDICATION OF INJURY,0,0,0,0,0,5,0,16,4,11,41.817012744,-87.631073306,POINT (-87.631073305614 41.817012744196)
JB508327,,11/07/2018 04:15:00 PM,30,TRAFFIC SIGNAL,FUNCTIONING PROPERLY,CLEAR,DAYLIGHT,FIXED OBJECT,DIVIDED - W/MEDIAN BARRIER,,STRAIGHT AND LEVEL,DRY,"RUT, HOLES",NOT ON SCENE (DESK REPORT),NO INJURY / DRIVE AWAY,,,,$500 OR LESS,11/08/2018 12:33:00 PM,ROAD ENGINEERING/SURFACE/MARKING DEFECTS,NOT APPLICABLE,5909,N,EAST RIVER RD,1614,,,,,,,1,NO INDICATION OF INJURY,0,0,0,0,0,1,0,16,4,11,41.986553971,-87.846361543,POINT (-87.84636154329 41.986553970688)
JB507532,,11/07/2018 04:15:00 PM,30,NO CONTROLS,NO CONTROLS,CLEAR,DAYLIGHT,PARKED MOTOR VEHICLE,PARKING LOT,,STRAIGHT AND LEVEL,DRY,NO DEFECTS,NOT ON SCENE (DESK REPORT),NO INJURY / DRIVE AWAY,,Y,,"$501 - $1,500",11/07/2018 05:54:00 PM,IMPROPER BACKING,UNABLE TO DETERMINE,3860,W,OGDEN AVE,1014,,,,,,,2,NO INDICATION OF INJURY,0,0,0,0,0,1,0,16,4,11,41.852179978,-87.722194518,POINT (-87.722194517509 41.852179978027)
JB507490,,11/07/2018 04:11:00 PM,30,TRAFFIC SIGNAL,FUNCTIONING PROPERLY,CLEAR,DAYLIGHT,REAR END,NOT DIVIDED,,STRAIGHT AND LEVEL,DRY,NO DEFECTS,NOT ON SCENE (DESK REPORT),NO INJURY / DRIVE AWAY,,,,"OVER $1,500",11/07/2018 04:50:00 PM,EXCEEDING AUTHORIZED SPEED LIMIT,NOT APPLICABLE,300,S,CENTRAL PARK BLVD,1133,,,,,,,3,NO INDICATION OF INJURY,0,0,0,0,0,3,0,16,4,11,41.877132221,-87.71591816,POINT (-87.715918159787 41.877132221039)
JB507455,,11/07/2018 04:11:00 PM,25,NO CONTROLS,NO CONTROLS,CLEAR,DAYLIGHT,PARKED MOTOR VEHICLE,NOT DIVIDED,,STRAIGHT AND LEVEL,DRY,NO DEFECTS,NOT ON SCENE (DESK REPORT),NO INJURY / DRIVE AWAY,,,,"$501 - $1,500",11/07/2018 05:03:00 PM,NOT APPLICABLE,NOT APPLICABLE,611,S,CALIFORNIA AVE,1135,,,,,,,2,NO INDICATION OF INJURY,0,0,0,0,0,1,0,16,4,11,41.873409292,-87.695942183,POINT (-87.695942182586 41.873409291694)
JB507391,,11/07/2018 04:10:00 PM,30,STOP SIGN/FLASHER,FUNCTIONING PROPERLY,CLEAR,DUSK,ANGLE,NOT DIVIDED,4,STRAIGHT AND LEVEL,DRY,NO DEFECTS,ON SCENE,NO INJURY / DRIVE AWAY,,,,"OVER $1,500",11/07/2018 04:15:00 PM,FAILING TO YIELD RIGHT-OF-WAY,NOT APPLICABLE,10101,S,PULASKI RD,2211,,,,,,,2,NO INDICATION OF INJURY,0,0,0,0,0,2,0,16,4,11,41.709442071,-87.720886587,POINT (-87.720886587482 41.709442070977)
JB508102,,11/07/2018 04:05:00 PM,25,NO CONTROLS,NO CONTROLS,CLEAR,DAYLIGHT,SIDESWIPE SAME DIRECTION,ONE-WAY,,STRAIGHT AND LEVEL,DRY,NO DEFECTS,NOT ON SCENE (DESK REPORT),NO INJURY / DRIVE AWAY,,,,"$501 - $1,500",11/08/2018 09:30:00 AM,FAILING TO YIELD RIGHT-OF-WAY,FAILING TO YIELD RIGHT-OF-WAY,76,E,MONROE ST,112,,,,,,,2,NO INDICATION OF INJURY,0,0,0,0,0,2,0,16,4,11,41.880924035,-87.6249342,POINT (-87.624934199852 41.880924035095)