RD_NO,CRASH_DATE_EST_I,CRASH_DATE,POSTED_SPEED_LIMIT,TRAFFIC_CONTROL_DEVICE,DEVICE_CONDITION,WEATHER_CONDITION,LIGHTING_CONDITION,FIRST_CRASH_TYPE,TRAFFICWAY_TYPE,LANE_CNT,ALIGNMENT,ROADWAY_SURFACE_COND,ROAD_DEFECT,REPORT_TYPE,CRASH_TYPE,INTERSECTION_RELATED_I,NOT_RIGHT_OF_WAY_I,HIT_AND_RUN_I,DAMAGE,DATE_POLICE_NOTIFIED,PRIM_CONTRIBUTORY_CAUSE,SEC_CONTRIBUTORY_CAUSE,STREET_NO,STREET_DIRECTION,STREET_NAME,BEAT_OF_OCCURRENCE,PHOTOS_TAKEN_I,STATEMENTS_TAKEN_I,DOORING_I,WORK_ZONE_I,WORK_ZONE_TYPE,WORKERS_PRESENT_I,NUM_UNITS,MOST_SEVERE_INJURY,INJURIES_TOTAL,INJURIES_FATAL,INJURIES_INCAPACITATING,INJURIES_NON_INCAPACITATING,INJURIES_REPORTED_NOT_EVIDENT,INJURIES_NO_INDICATION,INJURIES_UNKNOWN,CRASH_HOUR,CRASH_DAY_OF_WEEK,CRASH_MONTH,LATITUDE,LONGITUDE,LOCATION
JB507511,,11/07/2018 04:00:00 PM,30,STOP SIGN/FLASHER,FUNCTIONING PROPERLY,CLEAR,DAWN,SIDESWIPE SAME DIRECTION,ONE-WAY,4,STRAIGHT AND LEVEL,DRY,NO DEFECTS,NOT ON SCENE (DESK REPORT),NO INJURY / DRIVE AWAY,,,,"OVER $1,500",11/07/2018 07:00:00 PM,UNABLE TO DETERMINE,UNABLE TO DETERMINE,1999,W,VAN BUREN ST,1225,,,,,,,2,NO INDICATION OF INJURY,0,0,0,0,0,2,0,16,4,11,41.876097289,-87.676498862,POINT (-87.676498862254 41.876097289303)
JB507413,,11/07/2018 04:00:00 PM,30,TRAFFIC SIGNAL,FUNCTIONING PROPERLY,CLOUDY/OVERCAST,DAYLIGHT,TURNING,DIVIDED - W/MEDIAN BARRIER,2,STRAIGHT AND LEVEL,DRY,UNKNOWN,NOT ON SCENE (DESK REPORT),NO INJURY / DRIVE AWAY,,,,"OVER $1,500",11/07/2018 04:26:00 PM,IMPROPER TURNING/NO SIGNAL,NOT APPLICABLE,4500,W,LAKE ST,1113,,,,,,,2,NO INDICATION OF INJURY,0,0,0,0,0,2,0,16,4,11,41.886282714,-87.738206593,POINT (-87.738206592881 41.886282714158)
JB507401,,11/07/2018 04:00:00 PM,30,TRAFFIC SIGNAL,FUNCTIONING PROPERLY,CLEAR,DAYLIGHT,SIDESWIPE SAME DIRECTION,NOT DIVIDED,2,STRAIGHT AND LEVEL,DRY,NO DEFECTS,ON SCENE,NO INJURY / DRIVE AWAY,,,Y,"$501 - $1,500",11/07/2018 04:20:00 PM,UNABLE TO DETERMINE,NOT APPLICABLE,1930,W,103RD ST,2213,,,,,,,2,NO INDICATION OF INJURY,0,0,0,0,0,2,0,16,4,11,41.706675045,-87.670381744,POINT (-87.67038174389 41.706675044524)
JB507370,,11/07/2018 03:57:00 PM,30,NO CONTROLS,NO CONTROLS,CLEAR,DAYLIGHT,TURNING,DIVIDED - W/MEDIAN (NOT RAISED),,STRAIGHT AND LEVEL,DRY,NO DEFECTS,ON SCENE,NO INJURY / DRIVE AWAY,,,,"OVER $1,500",11/07/2018 04:00:00 PM,IMPROPER OVERTAKING/PASSING,IMPROPER TURNING/NO SIGNAL,3223,W,63RD ST,823,,,,,,,2,NO INDICATION OF INJURY,0,0,0,0,0,5,0,15,4,11,41.778848206,-87.704081302,POINT (-87.704081302054 41.778848206367)
JB507456,,11/07/2018 03:56:00 PM,30,NO CONTROLS,NO CONTROLS,CLEAR,"DARKNESS, LIGHTED ROAD",SIDESWIPE SAME DIRECTION,NOT DIVIDED,,STRAIGHT AND LEVEL,DRY,NO DEFECTS,NOT ON SCENE (DESK REPORT),INJURY AND / OR TOW DUE TO CRASH,,,,"$501 - $1,500",11/07/2018 05:00:00 PM,UNABLE TO DETERMINE,UNABLE TO DETERMINE,735,N,MICHIGAN AVE,1833,,,,,,,2,NONINCAPACITATING INJURY,1,0,0,1,0,1,0,15,4,11,41.895944775,-87.624129035,POINT (-87.624129034746 41.895944774741)
JB507392,,11/07/2018 03:50:00 PM,30,UNKNOWN,UNKNOWN,CLEAR,DUSK,TURNING,NOT DIVIDED,,STRAIGHT AND LEVEL,UNKNOWN,UNKNOWN,NOT ON SCENE (DESK REPORT),NO INJURY / DRIVE AWAY,,,,"$501 - $1,500",11/07/2018 04:23:00 PM,UNABLE TO DETERMINE,NOT APPLICABLE,6000,W,DIVERSEY AVE,2511,,,,,,,2,NO INDICATION OF INJURY,0,0,0,0,0,2,0,15,4,11,41.931248624,-87.776028612,POINT (-87.776028611725 41.931248623643)
JB507387,,11/07/2018 03:50:00 PM,30,NO CONTROLS,NO CONTROLS,CLEAR,DAYLIGHT,SIDESWIPE SAME DIRECTION,NOT DIVIDED,2,STRAIGHT AND LEVEL,DRY,NO DEFECTS,NOT ON SCENE (DESK REPORT),NO INJURY / DRIVE AWAY,,,,"OVER $1,500",11/07/2018 04:00:00 PM,UNABLE TO DETERMINE,UNABLE TO DETERMINE,4528,W,LAKE ST,1113,,,,,,,2,NO INDICATION OF INJURY,0,0,0,0,0,2,0,15,4,11,41.886348686,-87.739300293,POINT (-87.739300292715 41.886348686398)
JB507376,,11/07/2018 03:40:00 PM,40,NO CONTROLS,NO CONTROLS,CLEAR,DAYLIGHT,REAR END,DIVIDED - W/MEDIAN BARRIER,8,STRAIGHT AND LEVEL,DRY,NO DEFECTS,ON SCENE,INJURY AND / OR TOW DUE TO CRASH,,,,"$501 - $1,500",11/07/2018 03:49:00 PM,UNABLE TO DETERMINE,NOT APPLICABLE,2500,N,LAKE SHORE DR NB,1935,,,,,,,3,NO INDICATION OF INJURY,0,0,0,0,0,3,0,15,4,11,41.927880788,-87.631843194,POINT (-87.631843194353 41.927880788485)
JB507438,,11/07/2018 03:37:00 PM,30,NO CONTROLS,NO CONTROLS,CLEAR,DAYLIGHT,SIDESWIPE SAME DIRECTION,DIVIDED - W/MEDIAN (NOT RAISED),,STRAIGHT AND LEVEL,DRY,NO DEFECTS,ON SCENE,NO INJURY / DRIVE AWAY,,,,"$501 - $1,500",11/07/2018 04:00:00 PM,IMPROPER LANE USAGE,NOT APPLICABLE,6254,S,WESTERN AVE,825,,,,,,,2,NO INDICATION OF INJURY,0,0,0,0,0,6,0,15,4,11,41.779419954,-87.68379218,POINT (-87.683792179867 41.779419954269)
JB507361,,11/07/2018 03:30:00 PM,30,NO CONTROLS,NO CONTROLS,CLEAR,DAYLIGHT,SIDESWIPE SAME DIRECTION,DIVIDED - W/MEDIAN (NOT RAISED),2,STRAIGHT AND LEVEL,DRY,UNKNOWN,NOT ON SCENE (DESK REPORT),INJURY AND / OR TOW DUE TO CRASH,,,Y,"$501 - $1,500",11/07/2018 03:45:00 PM,FAILING TO YIELD RIGHT-OF-WAY,UNABLE TO DETERMINE,8131,S,MAY ST,613,,,,,,,2,"REPORTED, NOT EVIDENT",1,0,0,0,1,2,0,15,4,11,41.745936989,-87.652254894,POINT (-87.652254894446 41.745936988771)
JB507352,,11/07/2018 03:30:00 PM,30,TRAFFIC SIGNAL,FUNCTIONING PROPERLY,CLEAR,DAYLIGHT,REAR END,DIVIDED - W/MEDIAN (NOT RAISED),2,STRAIGHT AND LEVEL,DRY,NO DEFECTS,ON SCENE,INJURY AND / OR TOW DUE TO CRASH,,,,$500 OR LESS,11/07/2018 03:38:00 PM,FAILING TO REDUCE SPEED TO AVOID CRASH,FAILING TO REDUCE SPEED TO AVOID CRASH,1400,N,CALIFORNIA AVE,1423,,,,,,,2,"REPORTED, NOT EVIDENT",1,0,0,0,1,2,0,15,4,11,41.906667082,-87.697118384,POINT (-87.697118384366 41.906667081903)
JB507373,,11/07/2018 03:25:00 PM,30,NO CONTROLS,NO CONTROLS,CLOUDY/OVERCAST,DAYLIGHT,REAR END,CENTER TURN LANE,,STRAIGHT AND LEVEL,DRY,NO DEFECTS,ON SCENE,NO INJURY / DRIVE AWAY,,,,"OVER $1,500",11/07/2018 03:30:00 PM,FAILING TO REDUCE SPEED TO AVOID CRASH,NOT APPLICABLE,5435,N,HARLEM AVE,1613,,,,,,,2,NO INDICATION OF INJURY,0,0,0,0,0,3,0,15,4,11,41.980203234,-87.806831118,POINT (-87.806831118316 41.980203233751)
JB507384,,11/07/2018 03:20:00 PM,30,UNKNOWN,UNKNOWN,CLOUDY/OVERCAST,DAYLIGHT,REAR END,NOT DIVIDED,2,STRAIGHT AND LEVEL,DRY,UNKNOWN,NOT ON SCENE (DESK REPORT),NO INJURY / DRIVE AWAY,,,,"OVER $1,500",11/07/2018 04:10:00 PM,IMPROPER BACKING,NOT APPLICABLE,3021,W,CARROLL AVE,1222,,,,,,,2,NO INDICATION OF INJURY,0,0,0,0,0,3,0,15,4,11,41.88746153,-87.702161401,POINT (-87.702161401462 41.887461530495)
JB507371,,11/07/2018 03:20:00 PM,30,NO CONTROLS,NO CONTROLS,CLEAR,DAYLIGHT,REAR END,NOT DIVIDED,,STRAIGHT AND LEVEL,DRY,NO DEFECTS,NOT ON SCENE (DESK REPORT),NO INJURY / DRIVE AWAY,,,Y,"$501 - $1,500",11/07/2018 04:03:00 PM,NOT APPLICABLE,NOT APPLICABLE,1532,W,MARQUETTE RD,725,,,,,,,2,NO INDICATION OF INJURY,0,0,0,0,0,2,0,15,4,11,41.772320473,-87.662862407,POINT (-87.662862407369 41.772320473324)
JB507342,,11/07/2018 03:20:00 PM,30,NO CONTROLS,NO CONTROLS,CLEAR,DAYLIGHT,REAR END,NOT DIVIDED,,STRAIGHT AND LEVEL,DRY,NO DEFECTS,ON SCENE,NO INJURY / DRIVE AWAY,,,,"OVER $1,500",11/07/2018 03:40:00 PM,ANIMAL,DRIVING SKILLS/KNOWLEDGE/EXPERIENCE,3140,E,83RD ST,424,,,,,,,2,NO INDICATION OF INJURY,0,0,0,0,0,2,0,15,4,11,41.74481929,-87.547509243,POINT (-87.547509243439 41.744819290442)
JB507521,,11/07/2018 03:15:00 PM,30,TRAFFIC SIGNAL,FUNCTIONING PROPERLY,CLEAR,DAYLIGHT,TURNING,NOT DIVIDED,4,STRAIGHT AND LEVEL,DRY,NO DEFECTS,NOT ON SCENE (DESK REPORT),NO INJURY / DRIVE AWAY,Y,,Y,"$501 - $1,500",11/07/2018 05:43:00 PM,FAILING TO YIELD RIGHT-OF-WAY,IMPROPER TURNING/NO SIGNAL,3900,S,DR MARTIN LUTHER KING JR DR,213,,,,,,,2,NO INDICATION OF INJURY,0,0,0,0,0,3,0,15,4,11,41.823772748,-87.61714202,POINT (-87.617142020372 41.823772747763)
JB507358,,11/07/2018 03:15:00 PM,30,NO CONTROLS,NO CONTROLS,CLEAR,DAYLIGHT,REAR END,NOT DIVIDED,,STRAIGHT AND LEVEL,DRY,NO DEFECTS,NOT ON SCENE (DESK REPORT),INJURY AND / OR TOW DUE TO CRASH,,,,"OVER $1,500",11/07/2018 03:18:00 PM,NOT APPLICABLE,NOT APPLICABLE,2099,E,83RD ST,412,,,,,,,2,"REPORTED, NOT EVIDENT",2,0,0,0,2,1,0,15,4,11,41.744254848,-87.573480324,POINT (-87.573480324478 41.744254847681)
JB507341,,11/07/2018 03:15:00 PM,30,NO CONTROLS,NO CONTROLS,CLEAR,DAYLIGHT,SIDESWIPE SAME DIRECTION,NOT DIVIDED,,STRAIGHT AND LEVEL,DRY,NO DEFECTS,ON SCENE,NO INJURY / DRIVE AWAY,,,,"OVER $1,500",11/07/2018 03:21:00 PM,NOT APPLICABLE,NOT APPLICABLE,2848,N,KOSTNER AVE,2523,,,,,,,2,NO INDICATION OF INJURY,0,0,0,0,0,3,0,15,4,11,41.93311768,-87.736992051,POINT (-87.736992050541 41.933117680421)
JB507374,,11/07/2018 03:12:00 PM,35,TRAFFIC SIGNAL,UNKNOWN,UNKNOWN,UNKNOWN,TURNING,ONE-WAY,3,STRAIGHT AND LEVEL,UNKNOWN,UNKNOWN,NOT ON SCENE (DESK REPORT),NO INJURY / DRIVE AWAY,Y,,,"OVER $1,500",11/07/2018 04:05:00 PM,IMPROPER OVERTAKING/PASSING,FAILING TO YIELD RIGHT-OF-WAY,411,E,ONTARIO ST,1834,,Y,,,,,2,NO INDICATION OF INJURY,0,0,0,0,0,2,0,15,4,11,41.893343741,-87.617235669,POINT (-87.61723566911 41.8933437411)
JB507326,,11/07/2018 03:05:00 PM,30,TRAFFIC SIGNAL,FUNCTIONING PROPERLY,CLEAR,DAYLIGHT,SIDESWIPE SAME DIRECTION,DIVIDED - W/MEDIAN (NOT RAISED),4,STRAIGHT AND LEVEL,DRY,UNKNOWN,NOT ON SCENE (DESK REPORT),NO INJURY / DRIVE AWAY,,,Y,"OVER $1,500",11/07/2018 03:36:00 PM,FAILING TO YIELD RIGHT-OF-WAY,FAILING TO YIELD RIGHT-OF-WAY,400,S,WESTERN AVE,1135,,,,,,,2,NO INDICATION OF INJURY,0,0,0,0,0,4,0,15,4,11,41.876064776,-87.686415631,POINT (-87.686415630988 41.876064776425)
JB507452,,11/07/2018 03:00:00 PM,30,TRAFFIC SIGNAL,FUNCTIONING PROPERLY,CLEAR,DAYLIGHT,PEDALCYCLIST,NOT DIVIDED,,STRAIGHT AND LEVEL,DRY,NO DEFECTS,,NO INJURY / DRIVE AWAY,,,,$500 OR LESS,11/07/2018 04:45:00 PM,BICYCLE ADVANCING LEGALLY ON RED LIGHT,NOT APPLICABLE,1200,S,RACINE AVE,1233,,,,,,,2,NO INDICATION OF INJURY,0,0,0,0,0,3,0,15,4,11,41.866951466,-87.656826798,POINT (-87.656826798414 41.866951466174)
JB507389,,11/07/2018 03:00:00 PM,25,NO CONTROLS,NO CONTROLS,CLEAR,DAYLIGHT,TURNING,NOT DIVIDED,2,STRAIGHT AND LEVEL,DRY,NO DEFECTS,ON SCENE,INJURY AND / OR TOW DUE TO CRASH,Y,,,"OVER $1,500",11/07/2018 03:57:00 PM,UNABLE TO DETERMINE,NOT APPLICABLE,4233,S,ALBANY AVE,921,,,,,,,2,NO INDICATION OF INJURY,0,0,0,0,0,3,0,15,4,11,41.816334937,-87.701426146,POINT (-87.701426146254 41.816334936949)
JB507356,,11/07/2018 03:00:00 PM,15,NO CONTROLS,NO CONTROLS,CLEAR,DAWN,PARKED MOTOR VEHICLE,PARKING LOT,,STRAIGHT AND LEVEL,DRY,NO DEFECTS,ON SCENE,NO INJURY / DRIVE AWAY,,,,$500 OR LESS,11/07/2018 03:10:00 PM,UNABLE TO DETERMINE,FOLLOWING TOO CLOSELY,8625,S,CICERO AVE,834,,,,,,,2,NO INDICATION OF INJURY,0,0,0,0,0,2,0,15,4,11,41.735627662,-87.740801427,POINT (-87.740801427058 41.73562766209)
JB507322,,11/07/2018 03:00:00 PM,30,STOP SIGN/FLASHER,FUNCTIONING PROPERLY,CLOUDY/OVERCAST,DAYLIGHT,REAR END,NOT DIVIDED,,STRAIGHT AND LEVEL,UNKNOWN,UNKNOWN,NOT ON SCENE (DESK REPORT),NO INJURY / DRIVE AWAY,,,,"OVER $1,500",11/07/2018 03:30:00 PM,UNABLE TO DETERMINE,UNABLE TO DETERMINE,3137,N,MILWAUKEE AVE,2523,,,,,,,2,NO INDICATION OF INJURY,0,0,0,0,0,3,0,15,4,11,41.937994767,-87.721811748,POINT (-87.721811747927 41.937994767198)
JB507311,,11/07/2018 02:54:00 PM,30,TRAFFIC SIGNAL,FUNCTIONING PROPERLY,CLOUDY/OVERCAST,DAYLIGHT,PEDESTRIAN,DIVIDED - W/MEDIAN (NOT RAISED),,STRAIGHT AND LEVEL,DRY,NO DEFECTS,ON SCENE,INJURY AND / OR TOW DUE TO CRASH,Y,,,$500 OR LESS,11/07/2018 02:56:00 PM,FAILING TO YIELD RIGHT-OF-WAY,FAILING TO REDUCE SPEED TO AVOID CRASH,2800,W,55TH ST,923,,,,,,,2,NONINCAPACITATING INJURY,1,0,0,1,0,1,0,14,4,11,41.793799489,-87.693862336,POINT (-87.693862335855 41.793799489484)
JB570414,,11/07/2018 02:45:00 PM,30,TRAFFIC SIGNAL,FUNCTIONING PROPERLY,CLEAR,DAYLIGHT,REAR END,NOT DIVIDED,,STRAIGHT AND LEVEL,DRY,NO DEFECTS,NOT ON SCENE (DESK REPORT),NO INJURY / DRIVE AWAY,,,,"$501 - $1,500",11/07/2018 04:14:00 PM,UNABLE TO DETERMINE,UNABLE TO DETERMINE,5200,S,WENTWORTH AVE,225,,,,,,,2,NO INDICATION OF INJURY,0,0,0,0,0,2,0,14,4,11,41.799843301,-87.630790383,POINT (-87.630790383072 41.799843301151)
JB507378,,11/07/2018 02:40:00 PM,30,TRAFFIC SIGNAL,FUNCTIONING PROPERLY,CLEAR,DAYLIGHT,TURNING,NOT DIVIDED,2,STRAIGHT AND LEVEL,DRY,NO DEFECTS,NOT ON SCENE (DESK REPORT),NO INJURY / DRIVE AWAY,,,Y,"OVER $1,500",11/07/2018 03:20:00 PM,DRIVING SKILLS/KNOWLEDGE/EXPERIENCE,UNABLE TO DETERMINE,9800,S,EWING AVE,432,,,,,,,2,NO INDICATION OF INJURY,0,0,0,0,0,2,0,14,4,11,41.717651077,-87.53542786,POINT (-87.535427860344 41.717651077265)
JB507261,,11/07/2018 02:40:00 PM,30,NO CONTROLS,NO CONTROLS,CLEAR,DAYLIGHT,TURNING,DIVIDED - W/MEDIAN (NOT RAISED),2,STRAIGHT AND LEVEL,DRY,NO DEFECTS,,NO INJURY / DRIVE AWAY,,,,"$501 - $1,500",11/07/2018 02:47:00 PM,IMPROPER OVERTAKING/PASSING,NOT APPLICABLE,3421,W,63RD ST,823,,,,,,,2,NO INDICATION OF INJURY,0,0,0,0,0,7,0,14,4,11,41.778767702,-87.70885749,POINT (-87.708857490162 41.778767702155)
JB507262,,11/07/2018 02:38:00 PM,30,NO CONTROLS,NO CONTROLS,CLEAR,DAWN,REAR END,DIVIDED - W/MEDIAN (NOT RAISED),,STRAIGHT AND LEVEL,DRY,NO DEFECTS,ON SCENE,NO INJURY / DRIVE AWAY,,,,$500 OR LESS,11/07/2018 02:40:00 PM,FAILING TO REDUCE SPEED TO AVOID CRASH,NOT APPLICABLE,6254,S,WESTERN AVE,825,,,,,,,2,NO INDICATION OF INJURY,0,0,0,0,0,2,0,14,4,11,41.779419954,-87.68379218,POINT (-87.683792179867 41.779419954269)
JB507296,,11/07/2018 02:36:00 PM,30,NO CONTROLS,NO CONTROLS,CLEAR,DAYLIGHT,REAR END,NOT DIVIDED,2,STRAIGHT AND LEVEL,DRY,NO DEFECTS,ON SCENE,INJURY AND / OR TOW DUE TO CRASH,,,,"OVER $1,500",11/07/2018 02:37:00 PM,FOLLOWING TOO CLOSELY,UNABLE TO DETERMINE,7721,S,WESTERN AVE,835,,,,,,,2,"REPORTED, NOT EVIDENT",2,0,0,0,2,0,0,14,4,11,41.753120681,-87.682778746,POINT (-87.682778746294 41.753120681441)
JB507305,,11/07/2018 02:30:00 PM,30,NO CONTROLS,NO CONTROLS,CLEAR,DAYLIGHT,REAR END,NOT DIVIDED,,STRAIGHT AND LEVEL,DRY,NO DEFECTS,NOT ON SCENE (DESK REPORT),INJURY AND / OR TOW DUE TO CRASH,,,,"$501 - $1,500",11/07/2018 03:15:00 PM,FAILING TO REDUCE SPEED TO AVOID CRASH,NOT APPLICABLE,4340,W,ARMITAGE AVE,2522,,,,,,,2,NONINCAPACITATING INJURY,2,0,0,2,0,1,0,14,4,11,41.91716317,-87.735555599,POINT (-87.735555598811 41.917163170274)
JB507291,,11/07/2018 02:25:00 PM,30,NO CONTROLS,NO CONTROLS,CLEAR,DAYLIGHT,TURNING,PARKING LOT,,STRAIGHT AND LEVEL,DRY,NO DEFECTS,ON SCENE,INJURY AND / OR TOW DUE TO CRASH,Y,Y,,"OVER $1,500",11/07/2018 02:25:00 PM,IMPROPER TURNING/NO SIGNAL,NOT APPLICABLE,2939,W,ADDISON ST,1733,,,,,,,2,NO INDICATION OF INJURY,0,0,0,0,0,2,0,14,4,11,41.946538983,-87.702084886,POINT (-87.702084886142 41.946538982968)
JB507467,,11/07/2018 02:10:00 PM,30,NO CONTROLS,FUNCTIONING PROPERLY,CLOUDY/OVERCAST,DAYLIGHT,SIDESWIPE SAME DIRECTION,NOT DIVIDED,,STRAIGHT AND LEVEL,DRY,NO DEFECTS,NOT ON SCENE (DESK REPORT),NO INJURY / DRIVE AWAY,,,Y,"OVER $1,500",11/07/2018 05:30:00 PM,IMPROPER OVERTAKING/PASSING,"OPERATING VEHICLE IN ERRATIC, RECKLESS, CARELESS, NEGLIGENT OR AGGRESSIVE MANNER",4601,W,DIVERSEY AVE,2521,,,,,,,2,NO INDICATION OF INJURY,0,0,0,0,0,2,0,14,4,11,41.931483592,-87.741991871,POINT (-87.741991871441 41.931483591782)
JB507337,,11/07/2018 02:03:00 PM,30,STOP SIGN/FLASHER,FUNCTIONING PROPERLY,CLEAR,DAYLIGHT,TURNING,NOT DIVIDED,,STRAIGHT AND LEVEL,DRY,NO DEFECTS,NOT ON SCENE (DESK REPORT),NO INJURY / DRIVE AWAY,Y,,,"$501 - $1,500",11/07/2018 03:41:00 PM,FAILING TO YIELD RIGHT-OF-WAY,NOT APPLICABLE,2522,W,LAWRENCE AVE,2031,Y,N,,,,,2,NO INDICATION OF INJURY,0,0,0,0,0,2,0,14,4,11,41.968692838,-87.692276915,POINT (-87.692276914935 41.968692837889)
JB508185,,11/07/2018 02:00:00 PM,30,TRAFFIC SIGNAL,FUNCTIONING PROPERLY,CLEAR,DAYLIGHT,SIDESWIPE SAME DIRECTION,ONE-WAY,,STRAIGHT AND LEVEL,DRY,NO DEFECTS,NOT ON SCENE (DESK REPORT),NO INJURY / DRIVE AWAY,,,,"$501 - $1,500",11/08/2018 10:55:00 AM,FOLLOWING TOO CLOSELY,IMPROPER OVERTAKING/PASSING,140,E,WALTON ST,1833,,,,,,,2,NO INDICATION OF INJURY,0,0,0,0,0,2,0,14,4,11,41.900118457,-87.623980519,POINT (-87.62398051947 41.900118457259)
JB507405,,11/07/2018 02:00:00 PM,30,NO CONTROLS,NO CONTROLS,CLEAR,DAYLIGHT,REAR END,DIVIDED - W/MEDIAN (NOT RAISED),4,STRAIGHT AND LEVEL,DRY,NO DEFECTS,ON SCENE,NO INJURY / DRIVE AWAY,,,Y,"OVER $1,500",11/07/2018 02:10:00 PM,FOLLOWING TOO CLOSELY,UNABLE TO DETERMINE,2401,W,PETERSON AVE,2011,,,,,,,2,NO INDICATION OF INJURY,0,0,0,0,0,2,0,14,4,11,41.99038951,-87.689730637,POINT (-87.689730636773 41.990389510203)
JB507249,,11/07/2018 02:00:00 PM,30,STOP SIGN/FLASHER,NO CONTROLS,CLEAR,DAYLIGHT,ANGLE,DIVIDED - W/MEDIAN (NOT RAISED),2,STRAIGHT AND LEVEL,DRY,NO DEFECTS,NOT ON SCENE (DESK REPORT),NO INJURY / DRIVE AWAY,,,,"$501 - $1,500",11/07/2018 02:49:00 PM,UNABLE TO DETERMINE,NOT APPLICABLE,13200,S,EXCHANGE AVE,433,,,,,,,2,NO INDICATION OF INJURY,0,0,0,0,0,3,0,14,4,11,41.655425671,-87.552136615,POINT (-87.552136614648 41.65542567055)
JB507189,,11/07/2018 01:59:00 PM,30,TRAFFIC SIGNAL,FUNCTIONING PROPERLY,CLEAR,DAYLIGHT,ANGLE,NOT DIVIDED,4,STRAIGHT AND LEVEL,DRY,NO DEFECTS,ON SCENE,NO INJURY / DRIVE AWAY,Y,,Y,"$501 - $1,500",11/07/2018 02:05:00 PM,DISREGARDING TRAFFIC SIGNALS,NOT APPLICABLE,300,S,DAMEN AVE,1225,,Y,,,,,2,NO INDICATION OF INJURY,0,0,0,0,0,2,0,13,4,11,41.877412838,-87.676690896,POINT (-87.676690895903 41.877412837573)
JB507193,,11/07/2018 01:50:00 PM,30,STOP SIGN/FLASHER,NO CONTROLS,CLOUDY/OVERCAST,DAYLIGHT,TURNING,NOT DIVIDED,4,STRAIGHT AND LEVEL,DRY,UNKNOWN,ON SCENE,INJURY AND / OR TOW DUE TO CRASH,Y,,,"OVER $1,500",11/07/2018 01:50:00 PM,FAILING TO REDUCE SPEED TO AVOID CRASH,NOT APPLICABLE,430,N,HALSTED ST,1214,,,,,,,2,NO INDICATION OF INJURY,0,0,0,0,0,2,0,13,4,11,41.890077898,-87.64775609,POINT (-87.647756089786 41.89007789797)
JB507238,,11/07/2018 01:35:00 PM,25,TRAFFIC SIGNAL,FUNCTIONING PROPERLY,CLEAR,DAYLIGHT,REAR END,NOT DIVIDED,,STRAIGHT AND LEVEL,DRY,NO DEFECTS,NOT ON SCENE (DESK REPORT),NO INJURY / DRIVE AWAY,,,,"OVER $1,500",11/07/2018 02:25:00 PM,FOLLOWING TOO CLOSELY,NOT APPLICABLE,4010,W,IRVING PARK RD,1722,,,,,,,2,NO INDICATION OF INJURY,0,0,0,0,0,2,0,13,4,11,41.953754787,-87.727945819,POINT (-87.727945819039 41.9537547874)
JB507203,,11/07/2018 01:35:00 PM,30,TRAFFIC SIGNAL,FUNCTIONING PROPERLY,CLEAR,DAYLIGHT,REAR END,DIVIDED - W/MEDIAN (NOT RAISED),4,STRAIGHT AND LEVEL,DRY,UNKNOWN,ON SCENE,INJURY AND / OR TOW DUE TO CRASH,,,,"OVER $1,500",11/07/2018 01:38:00 PM,FAILING TO REDUCE SPEED TO AVOID CRASH,FOLLOWING TOO CLOSELY,4915,W,NORTH AVE,2533,,,,,,,2,NONINCAPACITATING INJURY,1,0,0,1,0,3,0,13,4,11,41.909474672,-87.749290669,POINT (-87.74929066917 41.909474672423)
JB507168,,11/07/2018 01:30:00 PM,35,TRAFFIC SIGNAL,FUNCTIONING PROPERLY,CLEAR,DAYLIGHT,TURNING,DIVIDED - W/MEDIAN (NOT RAISED),4,STRAIGHT AND LEVEL,DRY,NO DEFECTS,ON SCENE,INJURY AND / OR TOW DUE TO CRASH,Y,,,"OVER $1,500",11/07/2018 01:30:00 PM,DISREGARDING TRAFFIC SIGNALS,NOT APPLICABLE,5200,N,EAST RIVER RD,1614,,,,,,,2,NONINCAPACITATING INJURY,2,0,0,2,0,0,0,13,4,11,41.973773668,-87.846649576,POINT (-87.846649576475 41.973773667956)
JB507178,,11/07/2018 01:07:00 PM,25,NO CONTROLS,NO CONTROLS,CLEAR,DAYLIGHT,TURNING,ALLEY,2,STRAIGHT AND LEVEL,DRY,NO DEFECTS,ON SCENE,INJURY AND / OR TOW DUE TO CRASH,,,,"OVER $1,500",11/07/2018 01:30:00 PM,FAILING TO YIELD RIGHT-OF-WAY,NOT APPLICABLE,4543,S,ROCKWELL ST,922,,,,,,,3,NO INDICATION OF INJURY,0,0,0,0,0,3,0,13,4,11,41.810688611,-87.689243603,POINT (-87.689243603218 41.810688610588)
JB509809,Y,11/07/2018 01:00:00 PM,30,NO CONTROLS,NO CONTROLS,UNKNOWN,UNKNOWN,PARKED MOTOR VEHICLE,NOT DIVIDED,1,STRAIGHT AND LEVEL,UNKNOWN,UNKNOWN,NOT ON SCENE (DESK REPORT),NO INJURY / DRIVE AWAY,,,Y,"$501 - $1,500",11/09/2018 02:50:00 PM,UNABLE TO DETERMINE,UNABLE TO DETERMINE,1309,W,NORWOOD ST,2433,,,,,,,2,NO INDICATION OF INJURY,0,0,0,0,0,1,0,13,4,11,41.991675795,-87.663295353,POINT (-87.663295352629 41.991675794768)
JB507192,,11/07/2018 01:00:00 PM,30,TRAFFIC SIGNAL,FUNCTIONING PROPERLY,CLEAR,DAYLIGHT,PEDESTRIAN,DIVIDED - W/MEDIAN BARRIER,5,STRAIGHT AND LEVEL,DRY,NO DEFECTS,ON SCENE,NO INJURY / DRIVE AWAY,Y,,Y,"OVER $1,500",11/07/2018 01:23:00 PM,UNABLE TO DETERMINE,UNABLE TO DETERMINE,150,W,WACKER DR,122,,,,,,,2,NO INDICATION OF INJURY,0,0,0,0,0,2,0,13,4,11,41.88703915,-87.632558056,POINT (-87.632558056254 41.887039149781)