RD_NO,CRASH_DATE_EST_I,CRASH_DATE,POSTED_SPEED_LIMIT,TRAFFIC_CONTROL_DEVICE,DEVICE_CONDITION,WEATHER_CONDITION,LIGHTING_CONDITION,FIRST_CRASH_TYPE,TRAFFICWAY_TYPE,LANE_CNT,ALIGNMENT,ROADWAY_SURFACE_COND,ROAD_DEFECT,REPORT_TYPE,CRASH_TYPE,INTERSECTION_RELATED_I,NOT_RIGHT_OF_WAY_I,HIT_AND_RUN_I,DAMAGE,DATE_POLICE_NOTIFIED,PRIM_CONTRIBUTORY_CAUSE,SEC_CONTRIBUTORY_CAUSE,STREET_NO,STREET_DIRECTION,STREET_NAME,BEAT_OF_OCCURRENCE,PHOTOS_TAKEN_I,STATEMENTS_TAKEN_I,DOORING_I,WORK_ZONE_I,WORK_ZONE_TYPE,WORKERS_PRESENT_I,NUM_UNITS,MOST_SEVERE_INJURY,INJURIES_TOTAL,INJURIES_FATAL,INJURIES_INCAPACITATING,INJURIES_NON_INCAPACITATING,INJURIES_REPORTED_NOT_EVIDENT,INJURIES_NO_INDICATION,INJURIES_UNKNOWN,CRASH_HOUR,CRASH_DAY_OF_WEEK,CRASH_MONTH,LATITUDE,LONGITUDE,LOCATION
JB507183,,11/07/2018 01:00:00 PM,30,TRAFFIC SIGNAL,FUNCTIONING PROPERLY,CLEAR,DAYLIGHT,ANGLE,DIVIDED - W/MEDIAN BARRIER,,STRAIGHT AND LEVEL,DRY,NO DEFECTS,ON SCENE,INJURY AND / OR TOW DUE TO CRASH,,,,"OVER $1,500",11/07/2018 01:50:00 PM,UNABLE TO DETERMINE,UNABLE TO DETERMINE,309,N,COLUMBUS DR,114,,,,,,,2,NO INDICATION OF INJURY,0,0,0,0,0,2,0,13,4,11,41.887145175,-87.620556092,POINT (-87.620556092085 41.887145175014)
JB507158,,11/07/2018 01:00:00 PM,30,STOP SIGN/FLASHER,FUNCTIONING PROPERLY,CLEAR,DAYLIGHT,REAR END,DIVIDED - W/MEDIAN (NOT RAISED),2,STRAIGHT AND LEVEL,DRY,NO DEFECTS,ON SCENE,NO INJURY / DRIVE AWAY,,,,"$501 - $1,500",11/07/2018 01:04:00 PM,IMPROPER BACKING,UNABLE TO DETERMINE,304,N,KENTON AVE,1113,,,,,,,2,NO INDICATION OF INJURY,0,0,0,0,0,3,0,13,4,11,41.885586997,-87.740404016,POINT (-87.740404015617 41.885586997355)
JB507149,,11/07/2018 12:55:00 PM,35,TRAFFIC SIGNAL,FUNCTIONING PROPERLY,CLEAR,DAYLIGHT,REAR END,NOT DIVIDED,2,STRAIGHT AND LEVEL,DRY,NO DEFECTS,ON SCENE,INJURY AND / OR TOW DUE TO CRASH,Y,,,"OVER $1,500",11/07/2018 12:56:00 PM,UNABLE TO DETERMINE,UNABLE TO DETERMINE,3548,W,AUGUSTA BLVD,1121,,,,,,,2,INCAPACITATING INJURY,3,0,1,2,0,1,0,12,4,11,41.899221264,-87.715917521,POINT (-87.715917520537 41.899221264169)
JB507159,,11/07/2018 12:50:00 PM,30,TRAFFIC SIGNAL,FUNCTIONING PROPERLY,CLEAR,DAYLIGHT,TURNING,DIVIDED - W/MEDIAN (NOT RAISED),4,STRAIGHT AND LEVEL,DRY,NO DEFECTS,NOT ON SCENE (DESK REPORT),NO INJURY / DRIVE AWAY,,,,"$501 - $1,500",11/07/2018 01:15:00 PM,UNABLE TO DETERMINE,NOT APPLICABLE,1029,W,NORTH AVE,1822,,,,,,,2,NO INDICATION OF INJURY,0,0,0,0,0,2,0,12,4,11,41.9107088,-87.654458593,POINT (-87.654458592914 41.910708800168)
JB508350,,11/07/2018 12:30:00 PM,10,NO CONTROLS,NO CONTROLS,CLEAR,DAYLIGHT,ANGLE,PARKING LOT,,STRAIGHT AND LEVEL,DRY,NO DEFECTS,NOT ON SCENE (DESK REPORT),NO INJURY / DRIVE AWAY,,Y,,$500 OR LESS,11/08/2018 12:00:00 PM,UNABLE TO DETERMINE,UNABLE TO DETERMINE,1627,N,PULASKI RD,2535,,,,,,,2,NO INDICATION OF INJURY,0,0,0,0,0,2,0,12,4,11,41.910714476,-87.726210423,POINT (-87.726210422815 41.910714476418)
JB507150,,11/07/2018 12:30:00 PM,15,NO CONTROLS,NO CONTROLS,CLEAR,DAYLIGHT,PARKED MOTOR VEHICLE,ONE-WAY,1,STRAIGHT AND LEVEL,DRY,NO DEFECTS,ON SCENE,NO INJURY / DRIVE AWAY,,,Y,"OVER $1,500",11/07/2018 01:08:00 PM,UNABLE TO DETERMINE,UNABLE TO DETERMINE,5214,N,SAWYER AVE,1712,,,,,,,2,NO INDICATION OF INJURY,0,0,0,0,0,1,0,12,4,11,41.976221928,-87.710056394,POINT (-87.710056394199 41.976221927715)
JB507111,,11/07/2018 12:23:00 PM,30,NO CONTROLS,NO CONTROLS,CLEAR,DAYLIGHT,TURNING,DIVIDED - W/MEDIAN (NOT RAISED),2,STRAIGHT AND LEVEL,"SAND, MUD, DIRT",NO DEFECTS,ON SCENE,INJURY AND / OR TOW DUE TO CRASH,,,,"OVER $1,500",11/07/2018 12:25:00 PM,ROAD CONSTRUCTION/MAINTENANCE,FAILING TO YIELD RIGHT-OF-WAY,3537,W,NORTH AVE,1422,,,,Y,CONSTRUCTION,Y,2,NONINCAPACITATING INJURY,1,0,0,1,0,2,0,12,4,11,41.909894133,-87.715894347,POINT (-87.715894346808 41.909894133421)
JB507209,,11/07/2018 12:20:00 PM,30,NO CONTROLS,NO CONTROLS,CLEAR,DAYLIGHT,PARKED MOTOR VEHICLE,ONE-WAY,1,STRAIGHT AND LEVEL,UNKNOWN,UNKNOWN,NOT ON SCENE (DESK REPORT),NO INJURY / DRIVE AWAY,,,,"$501 - $1,500",11/07/2018 01:50:00 PM,IMPROPER OVERTAKING/PASSING,IMPROPER OVERTAKING/PASSING,811,W,AGATITE AVE,1914,,,,,,,2,NO INDICATION OF INJURY,0,0,0,0,0,1,0,12,4,11,41.962630019,-87.650430429,POINT (-87.650430428964 41.962630018961)
JB507309,,11/07/2018 12:10:00 PM,30,NO CONTROLS,NO CONTROLS,CLEAR,DAYLIGHT,PARKED MOTOR VEHICLE,PARKING LOT,2,STRAIGHT AND LEVEL,DRY,NO DEFECTS,NOT ON SCENE (DESK REPORT),NO INJURY / DRIVE AWAY,,,Y,"OVER $1,500",11/07/2018 03:19:00 PM,IMPROPER BACKING,IMPROPER BACKING,11500,S,HALSTED ST,524,,,,,,,2,NO INDICATION OF INJURY,0,0,0,0,0,1,0,12,4,11,41.685026256,-87.642297367,POINT (-87.642297366963 41.685026256307)
JB507160,,11/07/2018 12:10:00 PM,30,NO CONTROLS,NO CONTROLS,CLEAR,DAYLIGHT,SIDESWIPE SAME DIRECTION,DIVIDED - W/MEDIAN (NOT RAISED),2,STRAIGHT AND LEVEL,DRY,NO DEFECTS,ON SCENE,NO INJURY / DRIVE AWAY,,,,"OVER $1,500",11/07/2018 12:30:00 PM,DISTRACTION - FROM OUTSIDE VEHICLE,DRIVING SKILLS/KNOWLEDGE/EXPERIENCE,5501,S,ASHLAND AVE,713,,,,,,,3,NO INDICATION OF INJURY,0,0,0,0,0,4,0,12,4,11,41.793591294,-87.664427637,POINT (-87.664427637221 41.793591294116)
JB507134,,11/07/2018 12:05:00 PM,30,NO CONTROLS,NO CONTROLS,CLEAR,DAYLIGHT,REAR END,DIVIDED - W/MEDIAN (NOT RAISED),2,STRAIGHT AND LEVEL,DRY,NO DEFECTS,ON SCENE,NO INJURY / DRIVE AWAY,,,,"OVER $1,500",11/07/2018 12:50:00 PM,FOLLOWING TOO CLOSELY,NOT APPLICABLE,2320,N,DAMEN AVE,1432,,,,,,,2,NO INDICATION OF INJURY,0,0,0,0,0,2,0,12,4,11,41.92340679,-87.677973111,POINT (-87.67797311104 41.923406790284)
JB507080,,11/07/2018 12:05:00 PM,30,TRAFFIC SIGNAL,FUNCTIONING PROPERLY,CLEAR,DAYLIGHT,TURNING,DIVIDED - W/MEDIAN BARRIER,,STRAIGHT AND LEVEL,DRY,NO DEFECTS,ON SCENE,INJURY AND / OR TOW DUE TO CRASH,Y,,Y,"OVER $1,500",11/07/2018 12:10:00 PM,DISREGARDING TRAFFIC SIGNALS,NOT APPLICABLE,5901,S,CICERO AVE,813,,,,,,,2,NONINCAPACITATING INJURY,1,0,0,1,0,1,0,12,4,11,41.785652956,-87.741192732,POINT (-87.741192731715 41.785652955816)
JB507071,,11/07/2018 12:05:00 PM,30,STOP SIGN/FLASHER,FUNCTIONING PROPERLY,CLOUDY/OVERCAST,DAYLIGHT,TURNING,NOT DIVIDED,,"CURVE, LEVEL",DRY,NO DEFECTS,ON SCENE,INJURY AND / OR TOW DUE TO CRASH,,,,"OVER $1,500",11/07/2018 12:05:00 PM,FAILING TO YIELD RIGHT-OF-WAY,NOT APPLICABLE,5230,N,LINCOLN AVE,2011,,,,,,,2,NO INDICATION OF INJURY,0,0,0,0,0,2,0,12,4,11,41.976810199,-87.692562101,POINT (-87.692562101121 41.976810199422)
JB507064,,11/07/2018 12:05:00 PM,30,TRAFFIC SIGNAL,FUNCTIONING PROPERLY,CLOUDY/OVERCAST,DAYLIGHT,TURNING,DIVIDED - W/MEDIAN (NOT RAISED),2,STRAIGHT AND LEVEL,DRY,NO DEFECTS,ON SCENE,NO INJURY / DRIVE AWAY,,,Y,$500 OR LESS,11/07/2018 12:10:00 PM,IMPROPER TURNING/NO SIGNAL,DRIVING SKILLS/KNOWLEDGE/EXPERIENCE,200,E,PERSHING RD,212,,,,,,,2,NO INDICATION OF INJURY,0,0,0,0,0,2,0,12,4,11,41.823885776,-87.621544108,POINT (-87.621544108431 41.823885776125)
JB507087,,11/07/2018 12:03:00 PM,30,NO CONTROLS,NO CONTROLS,CLEAR,DAYLIGHT,PARKED MOTOR VEHICLE,NOT DIVIDED,2,STRAIGHT ON GRADE,DRY,NO DEFECTS,ON SCENE,NO INJURY / DRIVE AWAY,,,,$500 OR LESS,11/07/2018 12:03:00 PM,IMPROPER OVERTAKING/PASSING,DRIVING ON WRONG SIDE/WRONG WAY,8728,S,RACINE AVE,2222,,N,,,,,2,NO INDICATION OF INJURY,0,0,0,0,0,1,0,12,4,11,41.735048195,-87.65345946,POINT (-87.65345946046 41.735048194518)
JB507188,,11/07/2018 12:00:00 PM,30,STOP SIGN/FLASHER,NO CONTROLS,CLEAR,DAYLIGHT,SIDESWIPE SAME DIRECTION,ONE-WAY,,STRAIGHT AND LEVEL,DRY,NO DEFECTS,NOT ON SCENE (DESK REPORT),NO INJURY / DRIVE AWAY,,,,$500 OR LESS,11/07/2018 01:45:00 PM,"OPERATING VEHICLE IN ERRATIC, RECKLESS, CARELESS, NEGLIGENT OR AGGRESSIVE MANNER",NOT APPLICABLE,200,N,PEORIA ST,1214,,,,,,,2,NO INDICATION OF INJURY,0,0,0,0,0,2,0,12,4,11,41.885681709,-87.649957049,POINT (-87.649957048959 41.885681709442)
JB507141,,11/07/2018 12:00:00 PM,30,TRAFFIC SIGNAL,FUNCTIONING PROPERLY,CLEAR,DAYLIGHT,REAR END,ONE-WAY,,STRAIGHT AND LEVEL,DRY,NO DEFECTS,NOT ON SCENE (DESK REPORT),NO INJURY / DRIVE AWAY,,,,"OVER $1,500",11/07/2018 01:00:00 PM,UNABLE TO DETERMINE,UNABLE TO DETERMINE,7501,S,STATE ST,623,,,,,,,2,NO INDICATION OF INJURY,0,0,0,0,0,2,0,12,4,11,41.758096557,-87.624609087,POINT (-87.624609086784 41.758096557274)
JB507053,,11/07/2018 12:00:00 PM,30,NO CONTROLS,NO CONTROLS,CLOUDY/OVERCAST,DAYLIGHT,TURNING,NOT DIVIDED,3,STRAIGHT AND LEVEL,DRY,NO DEFECTS,NOT ON SCENE (DESK REPORT),NO INJURY / DRIVE AWAY,,,,"OVER $1,500",11/07/2018 12:20:00 PM,IMPROPER TURNING/NO SIGNAL,IMPROPER TURNING/NO SIGNAL,5600,S,MICHIGAN AVE,225,,,,,,,2,NO INDICATION OF INJURY,0,0,0,0,0,2,0,12,4,11,41.792809505,-87.622562967,POINT (-87.622562966972 41.792809505121)
JB507078,,11/07/2018 11:50:00 AM,30,NO CONTROLS,NO CONTROLS,CLEAR,UNKNOWN,PARKED MOTOR VEHICLE,OTHER,2,STRAIGHT AND LEVEL,UNKNOWN,NO DEFECTS,NOT ON SCENE (DESK REPORT),NO INJURY / DRIVE AWAY,,,Y,"OVER $1,500",11/07/2018 12:00:00 PM,NOT APPLICABLE,NOT APPLICABLE,3120,N,LONG AVE,2514,,,,,,,2,NO INDICATION OF INJURY,0,0,0,0,0,1,0,11,4,11,41.937446195,-87.761699604,POINT (-87.761699604002 41.937446194884)
JB507073,,11/07/2018 11:44:00 AM,30,NO CONTROLS,NO CONTROLS,CLEAR,DAYLIGHT,PARKED MOTOR VEHICLE,PARKING LOT,,STRAIGHT AND LEVEL,DRY,NO DEFECTS,ON SCENE,NO INJURY / DRIVE AWAY,,,,"$501 - $1,500",11/07/2018 11:50:00 AM,IMPROPER BACKING,IMPROPER BACKING,8127,S,ASHLAND AVE,614,,,,,,,2,NO INDICATION OF INJURY,0,0,0,0,0,1,0,11,4,11,41.745891273,-87.663178325,POINT (-87.663178324629 41.745891272559)
JB507013,,11/07/2018 11:39:00 AM,30,STOP SIGN/FLASHER,FUNCTIONING PROPERLY,CLEAR,DAYLIGHT,PARKED MOTOR VEHICLE,DIVIDED - W/MEDIAN (NOT RAISED),3,STRAIGHT AND LEVEL,DRY,NO DEFECTS,ON SCENE,NO INJURY / DRIVE AWAY,,,,"$501 - $1,500",11/07/2018 11:45:00 AM,IMPROPER OVERTAKING/PASSING,UNABLE TO DETERMINE,2201,W,95TH ST,2213,,,,,,,2,NO INDICATION OF INJURY,0,0,0,0,0,1,0,11,4,11,41.720899921,-87.677276748,POINT (-87.677276748015 41.720899921062)
JB507147,,11/07/2018 11:30:00 AM,30,NO CONTROLS,NO CONTROLS,CLEAR,DAYLIGHT,SIDESWIPE SAME DIRECTION,ONE-WAY,,STRAIGHT AND LEVEL,DRY,NO DEFECTS,NOT ON SCENE (DESK REPORT),NO INJURY / DRIVE AWAY,,,Y,"OVER $1,500",11/07/2018 01:33:00 PM,UNABLE TO DETERMINE,NOT APPLICABLE,1948,E,78TH ST,414,,,,,,,2,NO INDICATION OF INJURY,0,0,0,0,0,4,0,11,4,11,41.753527688,-87.576512193,POINT (-87.576512192545 41.753527687705)
JB507031,,11/07/2018 11:30:00 AM,30,NO CONTROLS,NO CONTROLS,CLEAR,DAYLIGHT,OTHER OBJECT,NOT DIVIDED,2,STRAIGHT AND LEVEL,DRY,NO DEFECTS,ON SCENE,NO INJURY / DRIVE AWAY,,,,"$501 - $1,500",11/07/2018 11:46:00 AM,UNABLE TO DETERMINE,UNABLE TO DETERMINE,335,N,KILPATRICK AVE,1113,,,,,,,2,NO INDICATION OF INJURY,0,0,0,0,0,2,0,11,4,11,41.886432819,-87.742885289,POINT (-87.742885288922 41.886432819099)
JB506997,,11/07/2018 11:30:00 AM,35,NO CONTROLS,NO CONTROLS,CLEAR,DAYLIGHT,REAR END,NOT DIVIDED,,STRAIGHT AND LEVEL,DRY,NO DEFECTS,NOT ON SCENE (DESK REPORT),NO INJURY / DRIVE AWAY,,,,"$501 - $1,500",11/07/2018 11:40:00 AM,UNABLE TO DETERMINE,UNABLE TO DETERMINE,3801,N,CICERO AVE,1731,,,,,,,2,NO INDICATION OF INJURY,0,0,0,0,0,2,0,11,4,11,41.949825757,-87.747058041,POINT (-87.747058040639 41.94982575705)
JB507041,,11/07/2018 11:26:00 AM,30,NO CONTROLS,NO CONTROLS,UNKNOWN,UNKNOWN,FIXED OBJECT,PARKING LOT,,STRAIGHT AND LEVEL,DRY,NO DEFECTS,ON SCENE,NO INJURY / DRIVE AWAY,,Y,,$500 OR LESS,11/07/2018 11:40:00 AM,UNABLE TO DETERMINE,UNABLE TO DETERMINE,49,S,FRANKLIN ST,122,,,,,,,1,NO INDICATION OF INJURY,0,0,0,0,0,1,0,11,4,11,41.880675162,-87.635135415,POINT (-87.635135415352 41.880675162323)
JB507005,,11/07/2018 11:20:00 AM,0,NO CONTROLS,NO CONTROLS,CLEAR,DAYLIGHT,TURNING,PARKING LOT,0,STRAIGHT AND LEVEL,DRY,NO DEFECTS,NOT ON SCENE (DESK REPORT),NO INJURY / DRIVE AWAY,,Y,,"OVER $1,500",11/07/2018 11:40:00 AM,UNABLE TO DETERMINE,UNABLE TO DETERMINE,6160,N,CICERO AVE,1621,,,,,,,2,NO INDICATION OF INJURY,0,0,0,0,0,2,0,11,4,11,41.992949444,-87.748480003,POINT (-87.74848000333 41.992949443877)
JB506992,,11/07/2018 11:20:00 AM,30,STOP SIGN/FLASHER,FUNCTIONING PROPERLY,CLEAR,DAYLIGHT,SIDESWIPE SAME DIRECTION,NOT DIVIDED,2,STRAIGHT AND LEVEL,DRY,NO DEFECTS,NOT ON SCENE (DESK REPORT),NO INJURY / DRIVE AWAY,,,Y,"$501 - $1,500",11/07/2018 11:30:00 AM,IMPROPER OVERTAKING/PASSING,NOT APPLICABLE,4301,W,MARQUETTE RD,833,,,,,,,2,NO INDICATION OF INJURY,0,0,0,0,0,2,0,11,4,11,41.771176112,-87.729948055,POINT (-87.729948055496 41.771176111708)
JB506989,,11/07/2018 11:20:00 AM,30,TRAFFIC SIGNAL,FUNCTIONING PROPERLY,CLEAR,DAYLIGHT,TURNING,NOT DIVIDED,,STRAIGHT AND LEVEL,DRY,NO DEFECTS,ON SCENE,NO INJURY / DRIVE AWAY,Y,,Y,"OVER $1,500",11/07/2018 11:22:00 AM,IMPROPER TURNING/NO SIGNAL,UNABLE TO DETERMINE,200,W,CERMAK RD,914,,,,,,,2,NO INDICATION OF INJURY,0,0,0,0,0,2,0,11,4,11,41.852959679,-87.632152004,POINT (-87.632152004271 41.852959678693)
JB507246,,11/07/2018 11:15:00 AM,15,NO CONTROLS,NO CONTROLS,CLEAR,DAYLIGHT,ANGLE,PARKING LOT,3,STRAIGHT AND LEVEL,DRY,UNKNOWN,NOT ON SCENE (DESK REPORT),NO INJURY / DRIVE AWAY,,Y,,"$501 - $1,500",11/07/2018 02:30:00 PM,UNABLE TO DETERMINE,UNABLE TO DETERMINE,8331,S,STEWART AVE,622,,,,,,,2,NO INDICATION OF INJURY,0,0,0,0,0,2,0,11,4,11,41.742577617,-87.633936931,POINT (-87.633936930688 41.742577617335)
JB507076,,11/07/2018 11:10:00 AM,30,TRAFFIC SIGNAL,FUNCTIONING PROPERLY,CLEAR,DAYLIGHT,REAR END,NOT DIVIDED,,STRAIGHT AND LEVEL,DRY,NO DEFECTS,NOT ON SCENE (DESK REPORT),NO INJURY / DRIVE AWAY,,,,"$501 - $1,500",11/07/2018 12:00:00 PM,FOLLOWING TOO CLOSELY,UNABLE TO DETERMINE,1900,W,DIVERSEY PKWY,1931,,,,,,,2,NO INDICATION OF INJURY,0,0,0,0,0,2,0,11,4,11,41.932424457,-87.675790534,POINT (-87.675790533921 41.932424457113)
JB506968,,11/07/2018 11:10:00 AM,30,STOP SIGN/FLASHER,FUNCTIONING PROPERLY,CLEAR,DAYLIGHT,ANGLE,NOT DIVIDED,,STRAIGHT AND LEVEL,DRY,NO DEFECTS,ON SCENE,NO INJURY / DRIVE AWAY,,,Y,"OVER $1,500",11/07/2018 11:15:00 AM,UNABLE TO DETERMINE,UNABLE TO DETERMINE,3758,W,CONGRESS PKWY,1133,,,,,,,2,NO INDICATION OF INJURY,0,0,0,0,0,2,0,11,4,11,41.874550271,-87.720367919,POINT (-87.720367918922 41.874550270876)
JB506973,,11/07/2018 11:08:00 AM,30,NO CONTROLS,NO CONTROLS,CLOUDY/OVERCAST,DAYLIGHT,PARKED MOTOR VEHICLE,DIVIDED - W/MEDIAN (NOT RAISED),,STRAIGHT AND LEVEL,DRY,NO DEFECTS,ON SCENE,INJURY AND / OR TOW DUE TO CRASH,,,,"OVER $1,500",11/07/2018 11:10:00 AM,UNABLE TO DETERMINE,NOT APPLICABLE,3917,W,63RD ST,823,,,,,,,3,"REPORTED, NOT EVIDENT",1,0,0,0,1,2,0,11,4,11,41.778574034,-87.721035613,POINT (-87.721035613088 41.778574033605)
JB506950,,11/07/2018 11:06:00 AM,30,NO CONTROLS,NO CONTROLS,CLEAR,DAYLIGHT,FIXED OBJECT,NOT DIVIDED,2,STRAIGHT AND LEVEL,DRY,NO DEFECTS,ON SCENE,INJURY AND / OR TOW DUE TO CRASH,,,,"OVER $1,500",11/07/2018 11:06:00 AM,UNABLE TO DETERMINE,NOT APPLICABLE,2503,E,83RD ST,423,,,,,,,1,NONINCAPACITATING INJURY,1,0,0,1,0,0,0,11,4,11,41.744384201,-87.563545786,POINT (-87.5635457856 41.744384201435)
JB506964,,11/07/2018 11:05:00 AM,30,TRAFFIC SIGNAL,FUNCTIONING PROPERLY,CLEAR,DAYLIGHT,REAR END,NOT DIVIDED,2,STRAIGHT AND LEVEL,DRY,NO DEFECTS,NOT ON SCENE (DESK REPORT),NO INJURY / DRIVE AWAY,,,,"OVER $1,500",11/07/2018 11:15:00 AM,UNABLE TO DETERMINE,UNABLE TO DETERMINE,2300,W,LOGAN BLVD,1432,,,,,,,2,NO INDICATION OF INJURY,0,0,0,0,0,2,0,11,4,11,41.930504358,-87.685561053,POINT (-87.685561052555 41.930504357598)
JB507173,,11/07/2018 11:00:00 AM,30,NO CONTROLS,NO CONTROLS,RAIN,DAYLIGHT,REAR END,OTHER,,STRAIGHT AND LEVEL,WET,UNKNOWN,NOT ON SCENE (DESK REPORT),NO INJURY / DRIVE AWAY,,,,"OVER $1,500",11/07/2018 01:36:00 PM,FOLLOWING TOO CLOSELY,FOLLOWING TOO CLOSELY,3940,W,WASHINGTON BLVD,1122,,,,,,,2,NO INDICATION OF INJURY,0,0,0,0,0,2,0,11,4,11,41.881960933,-87.724858,POINT (-87.724858000134 41.881960933344)
JB508538,,11/07/2018 10:50:00 AM,30,NO CONTROLS,NO CONTROLS,CLEAR,DAYLIGHT,SIDESWIPE SAME DIRECTION,NOT DIVIDED,,STRAIGHT AND LEVEL,WET,NO DEFECTS,NOT ON SCENE (DESK REPORT),NO INJURY / DRIVE AWAY,,,Y,"$501 - $1,500",11/08/2018 03:21:00 PM,UNABLE TO DETERMINE,UNABLE TO DETERMINE,339,W,DIVISION ST,1823,,,,,,,2,NO INDICATION OF INJURY,0,0,0,0,0,2,0,10,4,11,41.90369472,-87.637424534,POINT (-87.637424533508 41.903694719608)
JB506930,Y,11/07/2018 10:50:00 AM,20,NO CONTROLS,NO CONTROLS,CLOUDY/OVERCAST,DAYLIGHT,SIDESWIPE SAME DIRECTION,NOT DIVIDED,1,STRAIGHT AND LEVEL,DRY,NO DEFECTS,NOT ON SCENE (DESK REPORT),NO INJURY / DRIVE AWAY,,,,"OVER $1,500",11/07/2018 11:00:00 AM,UNABLE TO DETERMINE,UNABLE TO DETERMINE,600,N,KINGSBURY ST,1831,,,,,,,2,NO INDICATION OF INJURY,0,0,0,0,0,2,0,10,4,11,41.892233722,-87.640615745,POINT (-87.640615744763 41.892233722224)
JB506927,,11/07/2018 10:50:00 AM,20,NO CONTROLS,NO CONTROLS,CLEAR,DAYLIGHT,PARKED MOTOR VEHICLE,OTHER,,STRAIGHT AND LEVEL,DRY,NO DEFECTS,ON SCENE,NO INJURY / DRIVE AWAY,,,Y,"OVER $1,500",11/07/2018 10:54:00 AM,UNABLE TO DETERMINE,UNABLE TO DETERMINE,620,E,112TH ST,531,,,,,,,3,NO INDICATION OF INJURY,0,0,0,0,0,1,0,10,4,11,41.691010869,-87.607631941,POINT (-87.607631941349 41.691010869028)
JB507061,,11/07/2018 10:49:00 AM,30,TRAFFIC SIGNAL,NOT FUNCTIONING,CLOUDY/OVERCAST,DAYLIGHT,TURNING,DIVIDED - W/MEDIAN (NOT RAISED),4,STRAIGHT AND LEVEL,DRY,NO DEFECTS,ON SCENE,NO INJURY / DRIVE AWAY,Y,,,"OVER $1,500",11/07/2018 11:59:00 AM,FAILING TO YIELD RIGHT-OF-WAY,DRIVING SKILLS/KNOWLEDGE/EXPERIENCE,3000,N,CICERO AVE,2521,,,,,,,2,NO INDICATION OF INJURY,0,0,0,0,0,4,0,10,4,11,41.935223252,-87.746889594,POINT (-87.746889593821 41.935223252451)
JB506982,,11/07/2018 10:47:00 AM,30,TRAFFIC SIGNAL,FUNCTIONING PROPERLY,CLEAR,DAYLIGHT,SIDESWIPE SAME DIRECTION,ONE-WAY,,STRAIGHT AND LEVEL,DRY,NO DEFECTS,NOT ON SCENE (DESK REPORT),NO INJURY / DRIVE AWAY,Y,,,"OVER $1,500",11/07/2018 11:30:00 AM,IMPROPER OVERTAKING/PASSING,FOLLOWING TOO CLOSELY,1,W,RANDOLPH ST,111,,,,,,,2,NO INDICATION OF INJURY,0,0,0,0,0,2,0,10,4,11,41.884380651,-87.627987046,POINT (-87.627987045687 41.884380650633)
JB506984,,11/07/2018 10:45:00 AM,35,TRAFFIC SIGNAL,FUNCTIONING PROPERLY,CLEAR,DAYLIGHT,REAR END,DIVIDED - W/MEDIAN BARRIER,,STRAIGHT AND LEVEL,DRY,NO DEFECTS,ON SCENE,INJURY AND / OR TOW DUE TO CRASH,,,,"OVER $1,500",11/07/2018 10:50:00 AM,EQUIPMENT - VEHICLE CONDITION,NOT APPLICABLE,3650,W,87TH ST,834,,Y,,,,,2,"REPORTED, NOT EVIDENT",1,0,0,0,1,1,0,10,4,11,41.73509595,-87.71403838,POINT (-87.714038380469 41.735095949541)
JB506952,,11/07/2018 10:43:00 AM,35,STOP SIGN/FLASHER,FUNCTIONING PROPERLY,CLEAR,DAYLIGHT,SIDESWIPE SAME DIRECTION,NOT DIVIDED,,STRAIGHT AND LEVEL,DRY,NO DEFECTS,ON SCENE,INJURY AND / OR TOW DUE TO CRASH,,,,"OVER $1,500",11/07/2018 10:53:00 AM,IMPROPER OVERTAKING/PASSING,DRIVING SKILLS/KNOWLEDGE/EXPERIENCE,200,W,51ST ST,224,,,,,,,2,NO INDICATION OF INJURY,0,0,0,0,0,3,0,10,4,11,41.801937928,-87.630724318,POINT (-87.630724318114 41.801937927614)
JB506931,,11/07/2018 10:42:00 AM,25,TRAFFIC SIGNAL,FUNCTIONING PROPERLY,CLEAR,DAYLIGHT,PARKED MOTOR VEHICLE,ONE-WAY,1,STRAIGHT AND LEVEL,DRY,NO DEFECTS,,INJURY AND / OR TOW DUE TO CRASH,,,Y,"OVER $1,500",11/07/2018 10:45:00 AM,UNABLE TO DETERMINE,NOT APPLICABLE,1113,N,CENTRAL PARK AVE,1121,,,,,,,4,NONINCAPACITATING INJURY,1,0,0,1,0,1,0,10,4,11,41.901471037,-87.716370036,POINT (-87.716370035851 41.901471036506)
JB506936,,11/07/2018 10:39:00 AM,30,TRAFFIC SIGNAL,FUNCTIONING PROPERLY,CLEAR,DAYLIGHT,REAR END,DIVIDED - W/MEDIAN (NOT RAISED),4,STRAIGHT AND LEVEL,DRY,NO DEFECTS,ON SCENE,INJURY AND / OR TOW DUE TO CRASH,,,,"$501 - $1,500",11/07/2018 10:39:00 AM,UNABLE TO DETERMINE,NOT APPLICABLE,2000,N,HUMBOLDT BLVD,1414,,,,,,,2,NONINCAPACITATING INJURY,1,0,0,1,0,1,0,10,4,11,41.917493265,-87.702237576,POINT (-87.702237576249 41.917493265457)