RD_NO,CRASH_DATE_EST_I,CRASH_DATE,POSTED_SPEED_LIMIT,TRAFFIC_CONTROL_DEVICE,DEVICE_CONDITION,WEATHER_CONDITION,LIGHTING_CONDITION,FIRST_CRASH_TYPE,TRAFFICWAY_TYPE,LANE_CNT,ALIGNMENT,ROADWAY_SURFACE_COND,ROAD_DEFECT,REPORT_TYPE,CRASH_TYPE,INTERSECTION_RELATED_I,NOT_RIGHT_OF_WAY_I,HIT_AND_RUN_I,DAMAGE,DATE_POLICE_NOTIFIED,PRIM_CONTRIBUTORY_CAUSE,SEC_CONTRIBUTORY_CAUSE,STREET_NO,STREET_DIRECTION,STREET_NAME,BEAT_OF_OCCURRENCE,PHOTOS_TAKEN_I,STATEMENTS_TAKEN_I,DOORING_I,WORK_ZONE_I,WORK_ZONE_TYPE,WORKERS_PRESENT_I,NUM_UNITS,MOST_SEVERE_INJURY,INJURIES_TOTAL,INJURIES_FATAL,INJURIES_INCAPACITATING,INJURIES_NON_INCAPACITATING,INJURIES_REPORTED_NOT_EVIDENT,INJURIES_NO_INDICATION,INJURIES_UNKNOWN,CRASH_HOUR,CRASH_DAY_OF_WEEK,CRASH_MONTH,LATITUDE,LONGITUDE,LOCATION
JB507293,,11/07/2018 10:30:00 AM,30,UNKNOWN,UNKNOWN,CLEAR,DAYLIGHT,PARKED MOTOR VEHICLE,NOT DIVIDED,,STRAIGHT AND LEVEL,DRY,UNKNOWN,NOT ON SCENE (DESK REPORT),NO INJURY / DRIVE AWAY,,,,$500 OR LESS,11/07/2018 03:16:00 PM,UNABLE TO DETERMINE,NOT APPLICABLE,4135,W,ARMITAGE AVE,2534,,,,,,,2,NO INDICATION OF INJURY,0,0,0,0,0,1,0,10,4,11,41.917005838,-87.730437439,POINT (-87.730437438775 41.917005837918)
JB506939,,11/07/2018 10:30:00 AM,30,TRAFFIC SIGNAL,UNKNOWN,CLEAR,DAYLIGHT,SIDESWIPE SAME DIRECTION,NOT DIVIDED,4,STRAIGHT AND LEVEL,DRY,UNKNOWN,NOT ON SCENE (DESK REPORT),NO INJURY / DRIVE AWAY,,,,$500 OR LESS,11/07/2018 10:31:00 AM,NOT APPLICABLE,NOT APPLICABLE,5150,W,CHICAGO AVE,1531,,,,,,,2,NO INDICATION OF INJURY,0,0,0,0,0,2,0,10,4,11,41.895053731,-87.755225291,POINT (-87.755225290757 41.895053730813)
JB506938,,11/07/2018 10:30:00 AM,30,TRAFFIC SIGNAL,FUNCTIONING PROPERLY,CLEAR,DAYLIGHT,SIDESWIPE SAME DIRECTION,DIVIDED - W/MEDIAN (NOT RAISED),,STRAIGHT AND LEVEL,DRY,NO DEFECTS,NOT ON SCENE (DESK REPORT),NO INJURY / DRIVE AWAY,,,,$500 OR LESS,11/07/2018 10:45:00 AM,IMPROPER OVERTAKING/PASSING,UNABLE TO DETERMINE,1220,S,ASHLAND AVE,1233,,,,,,,2,NO INDICATION OF INJURY,0,0,0,0,0,4,0,10,4,11,41.866254176,-87.66652414,POINT (-87.666524140131 41.866254176143)
JB507116,,11/07/2018 10:25:00 AM,30,NO CONTROLS,NO CONTROLS,CLEAR,DAYLIGHT,PARKED MOTOR VEHICLE,NOT DIVIDED,1,STRAIGHT AND LEVEL,DRY,UNKNOWN,NOT ON SCENE (DESK REPORT),NO INJURY / DRIVE AWAY,,,,"$501 - $1,500",11/07/2018 12:40:00 PM,DRIVING SKILLS/KNOWLEDGE/EXPERIENCE,NOT APPLICABLE,444,W,WRIGHTWOOD AVE,1935,,,,,,,2,NO INDICATION OF INJURY,0,0,0,0,0,1,0,10,4,11,41.930946825,-87.640956895,POINT (-87.640956894816 41.930946824581)
JB506919,,11/07/2018 10:25:00 AM,30,NO CONTROLS,NO CONTROLS,CLEAR,DAYLIGHT,TURNING,ALLEY,1,STRAIGHT AND LEVEL,DRY,NO DEFECTS,NOT ON SCENE (DESK REPORT),INJURY AND / OR TOW DUE TO CRASH,,,,"OVER $1,500",11/07/2018 10:30:00 AM,IMPROPER TURNING/NO SIGNAL,UNABLE TO DETERMINE,1359,S,FAIRFIELD AVE,1023,,,,,,,2,NO INDICATION OF INJURY,0,0,0,0,0,2,0,10,4,11,41.863034945,-87.694389466,POINT (-87.694389466142 41.863034945076)
JB506951,,11/07/2018 10:20:00 AM,30,NO CONTROLS,FUNCTIONING PROPERLY,CLEAR,DAYLIGHT,PARKED MOTOR VEHICLE,DIVIDED - W/MEDIAN (NOT RAISED),,STRAIGHT AND LEVEL,DRY,NO DEFECTS,ON SCENE,NO INJURY / DRIVE AWAY,,,,"OVER $1,500",11/07/2018 10:27:00 AM,NOT APPLICABLE,NOT APPLICABLE,1839,W,CERMAK RD,1034,,,,,,,2,NO INDICATION OF INJURY,0,0,0,0,0,1,0,10,4,11,41.852114644,-87.672503759,POINT (-87.672503759116 41.852114644195)
JB506898,Y,11/07/2018 10:05:00 AM,30,NO CONTROLS,NO CONTROLS,CLEAR,DAYLIGHT,FIXED OBJECT,DIVIDED - W/MEDIAN (NOT RAISED),,STRAIGHT AND LEVEL,DRY,NO DEFECTS,ON SCENE,INJURY AND / OR TOW DUE TO CRASH,,,,"OVER $1,500",11/07/2018 10:06:00 AM,FAILING TO REDUCE SPEED TO AVOID CRASH,DISREGARDING OTHER TRAFFIC SIGNS,642,W,MARQUETTE RD,723,,,,,,,1,NO INDICATION OF INJURY,0,0,0,0,0,1,0,10,4,11,41.772636715,-87.641267993,POINT (-87.641267993235 41.772636715152)
JB506888,,11/07/2018 10:03:00 AM,30,NO CONTROLS,NO CONTROLS,CLEAR,DAYLIGHT,SIDESWIPE SAME DIRECTION,ONE-WAY,3,STRAIGHT AND LEVEL,DRY,NO DEFECTS,ON SCENE,NO INJURY / DRIVE AWAY,,,,"OVER $1,500",11/07/2018 10:11:00 AM,IMPROPER LANE USAGE,FAILING TO REDUCE SPEED TO AVOID CRASH,871,N,CLARK ST,1832,,,,,,,2,NO INDICATION OF INJURY,0,0,0,0,0,2,0,10,4,11,41.898695602,-87.631151983,POINT (-87.631151983268 41.898695601722)
JB517066,,11/07/2018 10:00:00 AM,30,NO CONTROLS,NO CONTROLS,UNKNOWN,UNKNOWN,PARKED MOTOR VEHICLE,OTHER,0,STRAIGHT AND LEVEL,UNKNOWN,UNKNOWN,NOT ON SCENE (DESK REPORT),NO INJURY / DRIVE AWAY,,,Y,"OVER $1,500",11/07/2018 12:20:00 PM,UNABLE TO DETERMINE,NOT APPLICABLE,5427,W,QUINCY ST,1522,,,,,,,2,NO INDICATION OF INJURY,0,0,0,0,0,1,0,10,4,11,41.87738346,-87.760706822,POINT (-87.760706822242 41.877383460157)
JB506917,,11/07/2018 09:50:00 AM,10,NO CONTROLS,NO CONTROLS,CLEAR,DAYLIGHT,ANGLE,PARKING LOT,,STRAIGHT AND LEVEL,DRY,NO DEFECTS,NOT ON SCENE (DESK REPORT),NO INJURY / DRIVE AWAY,,Y,,"OVER $1,500",11/07/2018 10:35:00 AM,IMPROPER BACKING,UNABLE TO DETERMINE,9301,S,WESTERN AVE,2221,,,,,,,2,NO INDICATION OF INJURY,0,0,0,0,0,2,0,9,4,11,41.724414363,-87.682026434,POINT (-87.682026433582 41.724414362756)
JB506887,,11/07/2018 09:50:00 AM,30,TRAFFIC SIGNAL,FUNCTIONING PROPERLY,CLEAR,DAYLIGHT,PEDALCYCLIST,NOT DIVIDED,2,STRAIGHT AND LEVEL,DRY,NO DEFECTS,ON SCENE,INJURY AND / OR TOW DUE TO CRASH,,,,$500 OR LESS,11/07/2018 09:55:00 AM,FAILING TO YIELD RIGHT-OF-WAY,NOT APPLICABLE,5508,N,CUMBERLAND AVE,1614,,,,,,,2,NONINCAPACITATING INJURY,1,0,0,1,0,1,0,9,4,11,41.979533576,-87.836728826,POINT (-87.836728826385 41.979533576458)
JB509463,,11/07/2018 09:42:00 AM,30,NO CONTROLS,NO CONTROLS,CLEAR,DAYLIGHT,PARKED MOTOR VEHICLE,ALLEY,,STRAIGHT AND LEVEL,DRY,NO DEFECTS,NOT ON SCENE (DESK REPORT),NO INJURY / DRIVE AWAY,,,Y,"OVER $1,500",11/09/2018 10:30:00 AM,UNABLE TO DETERMINE,UNABLE TO DETERMINE,742,W,FULLERTON AVE,1935,,,,,,,2,NO INDICATION OF INJURY,0,0,0,0,0,1,0,9,4,11,41.925573458,-87.648026369,POINT (-87.648026368715 41.925573458379)
JB506944,,11/07/2018 09:20:00 AM,30,NO CONTROLS,NO CONTROLS,CLEAR,DAYLIGHT,PARKED MOTOR VEHICLE,NOT DIVIDED,2,STRAIGHT AND LEVEL,DRY,NO DEFECTS,NOT ON SCENE (DESK REPORT),NO INJURY / DRIVE AWAY,,,Y,"OVER $1,500",11/07/2018 10:50:00 AM,UNABLE TO DETERMINE,UNABLE TO DETERMINE,232,S,RACINE AVE,1231,,,,,,,2,NO INDICATION OF INJURY,0,0,0,0,0,1,0,9,4,11,41.878169412,-87.657177709,POINT (-87.657177709017 41.878169412213)
JB508356,,11/07/2018 09:15:00 AM,10,NO CONTROLS,NO CONTROLS,CLEAR,DAYLIGHT,REAR END,PARKING LOT,,STRAIGHT AND LEVEL,DRY,UNKNOWN,NOT ON SCENE (DESK REPORT),NO INJURY / DRIVE AWAY,,,,"$501 - $1,500",11/08/2018 12:15:00 PM,UNABLE TO DETERMINE,UNABLE TO DETERMINE,320,S,CANAL ST,121,,,,,,,2,NO INDICATION OF INJURY,0,0,0,0,0,2,0,9,4,11,41.87737213,-87.639692293,POINT (-87.639692293071 41.87737212959)
JB506875,,11/07/2018 09:15:00 AM,30,NO CONTROLS,NO CONTROLS,CLEAR,DAYLIGHT,SIDESWIPE SAME DIRECTION,DIVIDED - W/MEDIAN (NOT RAISED),6,STRAIGHT AND LEVEL,DRY,NO DEFECTS,ON SCENE,INJURY AND / OR TOW DUE TO CRASH,,,,"OVER $1,500",11/07/2018 09:49:00 AM,IMPROPER LANE USAGE,NOT APPLICABLE,24,E,CONGRESS PKWY,113,,,,,,,2,NO INDICATION OF INJURY,0,0,0,0,0,2,0,9,4,11,41.87578549,-87.626706425,POINT (-87.62670642509 41.87578548952)
JB506837,,11/07/2018 09:10:00 AM,30,STOP SIGN/FLASHER,FUNCTIONING PROPERLY,CLEAR,DAYLIGHT,TURNING,NOT DIVIDED,2,STRAIGHT AND LEVEL,DRY,NO DEFECTS,ON SCENE,INJURY AND / OR TOW DUE TO CRASH,Y,,,"OVER $1,500",11/07/2018 09:11:00 AM,FAILING TO YIELD RIGHT-OF-WAY,UNABLE TO DETERMINE,519,W,OAK ST,1823,,,,,,,2,"REPORTED, NOT EVIDENT",1,0,0,0,1,1,0,9,4,11,41.90032392,-87.641879216,POINT (-87.641879216352 41.900323919968)
JB506832,,11/07/2018 09:09:00 AM,30,NO CONTROLS,NO CONTROLS,CLEAR,DAYLIGHT,SIDESWIPE SAME DIRECTION,ONE-WAY,,STRAIGHT AND LEVEL,DRY,NO DEFECTS,ON SCENE,NO INJURY / DRIVE AWAY,,,,$500 OR LESS,11/07/2018 09:24:00 AM,FAILING TO YIELD RIGHT-OF-WAY,NOT APPLICABLE,606,N,CLARK ST,1832,,,,,,,2,NO INDICATION OF INJURY,0,0,0,0,0,2,0,9,4,11,41.892681517,-87.631302345,POINT (-87.631302345265 41.89268151681)
JB507948,,11/07/2018 09:00:00 AM,30,TRAFFIC SIGNAL,FUNCTIONING PROPERLY,CLEAR,DAYLIGHT,REAR END,NOT DIVIDED,4,STRAIGHT AND LEVEL,DRY,NO DEFECTS,NOT ON SCENE (DESK REPORT),NO INJURY / DRIVE AWAY,Y,,,"OVER $1,500",11/08/2018 05:40:00 AM,FOLLOWING TOO CLOSELY,UNABLE TO DETERMINE,3202,N,HALSTED ST,1924,,,,,,,2,NO INDICATION OF INJURY,0,0,0,0,0,2,0,9,4,11,41.940084211,-87.649416743,POINT (-87.649416743255 41.940084210567)
JB506773,,11/07/2018 08:53:00 AM,30,NO CONTROLS,NO CONTROLS,CLEAR,DAYLIGHT,TURNING,DIVIDED - W/MEDIAN (NOT RAISED),4,STRAIGHT AND LEVEL,DRY,NO DEFECTS,NOT ON SCENE (DESK REPORT),NO INJURY / DRIVE AWAY,Y,,,"OVER $1,500",11/07/2018 09:03:00 AM,FAILING TO YIELD RIGHT-OF-WAY,IMPROPER TURNING/NO SIGNAL,6100,S,PULASKI RD,813,,,,,,,2,NO INDICATION OF INJURY,0,0,0,0,0,2,0,8,4,11,41.78224834,-87.723008172,POINT (-87.723008171535 41.782248339738)
JB508389,,11/07/2018 08:50:00 AM,30,TRAFFIC SIGNAL,FUNCTIONING PROPERLY,CLEAR,DAYLIGHT,REAR END,DIVIDED - W/MEDIAN (NOT RAISED),2,STRAIGHT AND LEVEL,DRY,NO DEFECTS,NOT ON SCENE (DESK REPORT),NO INJURY / DRIVE AWAY,,,,"OVER $1,500",11/08/2018 01:20:00 PM,FAILING TO REDUCE SPEED TO AVOID CRASH,NOT APPLICABLE,3171,N,HALSTED ST,1934,,,,,,,2,NO INDICATION OF INJURY,0,0,0,0,0,2,0,8,4,11,41.939938441,-87.649118295,POINT (-87.649118295469 41.939938440745)
JB506994,,11/07/2018 08:49:00 AM,25,NO CONTROLS,NOT FUNCTIONING,CLEAR,DAYLIGHT,TURNING,NOT DIVIDED,2,STRAIGHT AND LEVEL,DRY,NO DEFECTS,NOT ON SCENE (DESK REPORT),NO INJURY / DRIVE AWAY,,,,"OVER $1,500",11/07/2018 11:42:00 AM,FOLLOWING TOO CLOSELY,NOT APPLICABLE,3404,W,BRYN MAWR AVE,1711,,,,,,,2,NO INDICATION OF INJURY,0,0,0,0,0,2,0,8,4,11,41.983115307,-87.713961403,POINT (-87.713961402791 41.983115306695)
JB506890,,11/07/2018 08:46:00 AM,30,STOP SIGN/FLASHER,FUNCTIONING PROPERLY,CLEAR,DAYLIGHT,ANGLE,ONE-WAY,1,STRAIGHT AND LEVEL,DRY,NO DEFECTS,ON SCENE,NO INJURY / DRIVE AWAY,Y,,,"OVER $1,500",11/07/2018 08:47:00 AM,UNABLE TO DETERMINE,NOT APPLICABLE,9200,S,BRANDON AVE,424,,,,,,,2,NO INDICATION OF INJURY,0,0,0,0,0,2,0,8,4,11,41.728206604,-87.547028673,POINT (-87.547028673326 41.72820660433)
JB506805,,11/07/2018 08:45:00 AM,30,TRAFFIC SIGNAL,FUNCTIONING PROPERLY,CLEAR,DAYLIGHT,REAR END,NOT DIVIDED,4,STRAIGHT AND LEVEL,DRY,NO DEFECTS,ON SCENE,INJURY AND / OR TOW DUE TO CRASH,Y,,Y,"OVER $1,500",11/07/2018 08:50:00 AM,FAILING TO REDUCE SPEED TO AVOID CRASH,NOT APPLICABLE,8700,S,SOUTH CHICAGO AVE,423,,,,,,,2,NO INDICATION OF INJURY,0,0,0,0,0,2,0,8,4,11,41.737042973,-87.565696953,POINT (-87.565696953391 41.737042973423)
JB506821,,11/07/2018 08:40:00 AM,30,NO CONTROLS,NO CONTROLS,CLEAR,DAYLIGHT,SIDESWIPE SAME DIRECTION,DIVIDED - W/MEDIAN (NOT RAISED),2,STRAIGHT AND LEVEL,DRY,NO DEFECTS,ON SCENE,NO INJURY / DRIVE AWAY,,,,"$501 - $1,500",11/07/2018 08:40:00 AM,IMPROPER OVERTAKING/PASSING,UNABLE TO DETERMINE,4032,N,PULASKI RD,1722,,,,,,,2,NO INDICATION OF INJURY,0,0,0,0,0,3,0,8,4,11,41.954644918,-87.727792627,POINT (-87.72779262721 41.954644918025)
JB507204,,11/07/2018 08:30:00 AM,35,NO CONTROLS,NO CONTROLS,CLEAR,DAYLIGHT,SIDESWIPE OPPOSITE DIRECTION,PARKING LOT,1,STRAIGHT AND LEVEL,DRY,NO DEFECTS,NOT ON SCENE (DESK REPORT),NO INJURY / DRIVE AWAY,,,,"$501 - $1,500",11/07/2018 01:50:00 PM,UNABLE TO DETERMINE,UNABLE TO DETERMINE,1231,S,PULASKI RD,1011,,,,,,,2,NO INDICATION OF INJURY,0,0,0,0,0,2,0,8,4,11,41.865201237,-87.724993067,POINT (-87.724993066803 41.865201237373)
JB506955,,11/07/2018 08:30:00 AM,30,NO CONTROLS,NO CONTROLS,CLEAR,DAYLIGHT,PARKED MOTOR VEHICLE,NOT DIVIDED,2,STRAIGHT AND LEVEL,DRY,NO DEFECTS,NOT ON SCENE (DESK REPORT),NO INJURY / DRIVE AWAY,,,Y,"OVER $1,500",11/07/2018 11:20:00 AM,UNABLE TO DETERMINE,UNABLE TO DETERMINE,401,W,WRIGHTWOOD AVE,1935,,,,,,,2,NO INDICATION OF INJURY,0,0,0,0,0,1,0,8,4,11,41.931244318,-87.639319018,POINT (-87.639319017769 41.931244318375)
JB506840,,11/07/2018 08:30:00 AM,30,NO CONTROLS,NO CONTROLS,CLEAR,DAYLIGHT,PARKED MOTOR VEHICLE,DIVIDED - W/MEDIAN (NOT RAISED),,STRAIGHT AND LEVEL,DRY,NO DEFECTS,NOT ON SCENE (DESK REPORT),NO INJURY / DRIVE AWAY,,,,$500 OR LESS,11/07/2018 09:40:00 AM,UNABLE TO DETERMINE,UNABLE TO DETERMINE,1201,W,GRAND AVE,1215,,,,,,,2,NO INDICATION OF INJURY,0,0,0,0,0,2,0,8,4,11,41.890969901,-87.657466456,POINT (-87.657466455515 41.89096990067)
JB506822,,11/07/2018 08:30:00 AM,30,STOP SIGN/FLASHER,FUNCTIONING PROPERLY,CLEAR,DAYLIGHT,SIDESWIPE SAME DIRECTION,DIVIDED - W/MEDIAN (NOT RAISED),4,STRAIGHT AND LEVEL,DRY,NO DEFECTS,NOT ON SCENE (DESK REPORT),NO INJURY / DRIVE AWAY,,,,"$501 - $1,500",11/07/2018 09:10:00 AM,IMPROPER LANE USAGE,FAILING TO YIELD RIGHT-OF-WAY,3545,W,PETERSON AVE,1711,,,,,,,2,NO INDICATION OF INJURY,0,0,0,0,0,2,0,8,4,11,41.990160163,-87.718291757,POINT (-87.718291757095 41.990160162719)
JB506803,,11/07/2018 08:30:00 AM,30,NO CONTROLS,NO CONTROLS,CLEAR,DAYLIGHT,FIXED OBJECT,DIVIDED - W/MEDIAN (NOT RAISED),,STRAIGHT AND LEVEL,DRY,NO DEFECTS,ON SCENE,NO INJURY / DRIVE AWAY,,,,"OVER $1,500",11/07/2018 08:35:00 AM,"VISION OBSCURED (SIGNS, TREE LIMBS, BUILDINGS, ETC.)",NOT APPLICABLE,2452,S,ASHLAND AVE,1034,,,,,,,1,NO INDICATION OF INJURY,0,0,0,0,0,1,0,8,4,11,41.847194088,-87.666080939,POINT (-87.666080939065 41.847194088346)
JB506801,,11/07/2018 08:30:00 AM,30,NO CONTROLS,NO CONTROLS,CLEAR,DAYLIGHT,SIDESWIPE SAME DIRECTION,NOT DIVIDED,2,STRAIGHT AND LEVEL,DRY,NO DEFECTS,ON SCENE,NO INJURY / DRIVE AWAY,,,,$500 OR LESS,11/07/2018 08:34:00 AM,UNABLE TO DETERMINE,UNABLE TO DETERMINE,5636,N,NAGLE AVE,1612,,,,,,,2,NO INDICATION OF INJURY,0,0,0,0,0,2,0,8,4,11,41.98412767,-87.787859512,POINT (-87.787859511652 41.984127670343)
JB506785,,11/07/2018 08:25:00 AM,30,TRAFFIC SIGNAL,FUNCTIONING PROPERLY,CLOUDY/OVERCAST,DAWN,REAR END,NOT DIVIDED,,STRAIGHT AND LEVEL,DRY,NO DEFECTS,ON SCENE,NO INJURY / DRIVE AWAY,,,,$500 OR LESS,11/07/2018 08:25:00 AM,FOLLOWING TOO CLOSELY,"OPERATING VEHICLE IN ERRATIC, RECKLESS, CARELESS, NEGLIGENT OR AGGRESSIVE MANNER",1615,W,47TH ST,931,,,,,,,2,NO INDICATION OF INJURY,0,0,0,0,0,2,0,8,4,11,41.808481483,-87.665615086,POINT (-87.665615086381 41.808481482549)
JB506884,,11/07/2018 08:22:00 AM,30,STOP SIGN/FLASHER,FUNCTIONING PROPERLY,CLEAR,DAYLIGHT,TURNING,NOT DIVIDED,2,STRAIGHT AND LEVEL,DRY,NO DEFECTS,NOT ON SCENE (DESK REPORT),NO INJURY / DRIVE AWAY,Y,,,"OVER $1,500",11/07/2018 10:00:00 AM,FAILING TO YIELD RIGHT-OF-WAY,NOT APPLICABLE,870,W,DIVISION ST,1822,,,,,,,2,NO INDICATION OF INJURY,0,0,0,0,0,2,0,8,4,11,41.903716002,-87.650755324,POINT (-87.650755323502 41.903716001812)
JB506771,,11/07/2018 08:20:00 AM,30,STOP SIGN/FLASHER,FUNCTIONING PROPERLY,CLEAR,DAYLIGHT,ANGLE,NOT DIVIDED,,STRAIGHT AND LEVEL,DRY,NO DEFECTS,NOT ON SCENE (DESK REPORT),NO INJURY / DRIVE AWAY,Y,,,"OVER $1,500",11/07/2018 08:52:00 AM,UNABLE TO DETERMINE,NOT APPLICABLE,3301,W,WILSON AVE,1724,,,,,,,2,NO INDICATION OF INJURY,0,0,0,0,0,2,0,8,4,11,41.964569486,-87.710863181,POINT (-87.710863180898 41.964569486457)
JB506758,,11/07/2018 08:15:00 AM,30,TRAFFIC SIGNAL,FUNCTIONING PROPERLY,CLOUDY/OVERCAST,DAYLIGHT,SIDESWIPE SAME DIRECTION,CENTER TURN LANE,2,STRAIGHT AND LEVEL,DRY,"RUT, HOLES",ON SCENE,INJURY AND / OR TOW DUE TO CRASH,Y,,,"OVER $1,500",11/07/2018 08:20:00 AM,UNABLE TO DETERMINE,UNABLE TO DETERMINE,1400,W,71ST ST,734,,,,,,,2,NONINCAPACITATING INJURY,2,0,0,1,1,0,0,8,4,11,41.76508944,-87.659031548,POINT (-87.659031547879 41.76508943991)
JB506761,,11/07/2018 08:13:00 AM,10,NO CONTROLS,NO CONTROLS,CLEAR,DAYLIGHT,PARKED MOTOR VEHICLE,PARKING LOT,0,STRAIGHT AND LEVEL,DRY,NO DEFECTS,ON SCENE,NO INJURY / DRIVE AWAY,,,Y,"OVER $1,500",11/07/2018 08:16:00 AM,UNABLE TO DETERMINE,IMPROPER BACKING,2112,N,ASHLAND AVE,1432,,,,,,,2,NO INDICATION OF INJURY,0,0,0,0,0,1,0,8,4,11,41.92024549,-87.668572963,POINT (-87.668572962613 41.920245490489)
JB506754,,11/07/2018 08:12:00 AM,30,STOP SIGN/FLASHER,FUNCTIONING PROPERLY,CLEAR,DAYLIGHT,PEDESTRIAN,NOT DIVIDED,,STRAIGHT AND LEVEL,DRY,NO DEFECTS,ON SCENE,INJURY AND / OR TOW DUE TO CRASH,Y,,,"OVER $1,500",11/07/2018 08:12:00 AM,"VISION OBSCURED (SIGNS, TREE LIMBS, BUILDINGS, ETC.)",FAILING TO YIELD RIGHT-OF-WAY,1,S,PEORIA ST,1232,,,,,,,2,NONINCAPACITATING INJURY,1,0,0,1,0,1,0,8,4,11,41.88167559,-87.649548954,POINT (-87.649548954424 41.881675589757)
JB506767,,11/07/2018 08:11:00 AM,30,UNKNOWN,UNKNOWN,CLEAR,DAYLIGHT,REAR END,DIVIDED - W/MEDIAN (NOT RAISED),4,STRAIGHT AND LEVEL,DRY,NO DEFECTS,NOT ON SCENE (DESK REPORT),INJURY AND / OR TOW DUE TO CRASH,,,,"$501 - $1,500",11/07/2018 08:11:00 AM,FOLLOWING TOO CLOSELY,NOT APPLICABLE,5931,W,TOUHY AVE,1621,,,,,,,2,NONINCAPACITATING INJURY,1,0,0,1,0,1,0,8,4,11,42.011858941,-87.775434598,POINT (-87.775434598262 42.011858941066)
JB506844,,11/07/2018 08:05:00 AM,30,UNKNOWN,UNKNOWN,UNKNOWN,UNKNOWN,PARKED MOTOR VEHICLE,NOT DIVIDED,2,STRAIGHT AND LEVEL,UNKNOWN,UNKNOWN,NOT ON SCENE (DESK REPORT),NO INJURY / DRIVE AWAY,,,,"OVER $1,500",11/07/2018 09:40:00 AM,UNABLE TO DETERMINE,NOT APPLICABLE,416,N,LARAMIE AVE,1523,,,,,,,2,NO INDICATION OF INJURY,0,0,0,0,0,1,0,8,4,11,41.888251786,-87.755501071,POINT (-87.755501070753 41.888251786153)
JB508107,,11/07/2018 08:00:00 AM,20,NO CONTROLS,NO CONTROLS,CLEAR,DAYLIGHT,SIDESWIPE SAME DIRECTION,ONE-WAY,,STRAIGHT AND LEVEL,DRY,UNKNOWN,NOT ON SCENE (DESK REPORT),NO INJURY / DRIVE AWAY,,,,"$501 - $1,500",11/08/2018 09:30:00 AM,UNABLE TO DETERMINE,UNABLE TO DETERMINE,2037,W,IOWA ST,1212,,,,,,,2,NO INDICATION OF INJURY,0,0,0,0,0,2,0,8,4,11,41.897597805,-87.678591005,POINT (-87.678591005479 41.89759780515)
JB506861,,11/07/2018 08:00:00 AM,30,NO CONTROLS,NO CONTROLS,CLEAR,DAYLIGHT,SIDESWIPE SAME DIRECTION,NOT DIVIDED,2,STRAIGHT AND LEVEL,DRY,NO DEFECTS,NOT ON SCENE (DESK REPORT),NO INJURY / DRIVE AWAY,,,,"OVER $1,500",11/07/2018 09:50:00 AM,IMPROPER OVERTAKING/PASSING,NOT APPLICABLE,2798,W,CERMAK RD,1023,,,,,,,2,NO INDICATION OF INJURY,0,0,0,0,0,2,0,8,4,11,41.852012332,-87.6953856,POINT (-87.695385599635 41.852012331773)
JB506802,,11/07/2018 08:00:00 AM,30,TRAFFIC SIGNAL,FUNCTIONING PROPERLY,CLEAR,DAYLIGHT,SIDESWIPE SAME DIRECTION,ONE-WAY,2,STRAIGHT AND LEVEL,DRY,NO DEFECTS,NOT ON SCENE (DESK REPORT),NO INJURY / DRIVE AWAY,,,,"OVER $1,500",11/07/2018 09:30:00 AM,UNABLE TO DETERMINE,NOT APPLICABLE,99,E,OHIO ST,1834,,,,,,,2,NO INDICATION OF INJURY,0,0,0,0,0,2,0,8,4,11,41.892413487,-87.625453387,POINT (-87.625453386562 41.89241348727)
JB506779,,11/07/2018 08:00:00 AM,30,NO CONTROLS,NO CONTROLS,CLEAR,DAYLIGHT,REAR END,NOT DIVIDED,4,STRAIGHT AND LEVEL,DRY,NO DEFECTS,ON SCENE,INJURY AND / OR TOW DUE TO CRASH,,,,"OVER $1,500",11/07/2018 08:10:00 AM,FOLLOWING TOO CLOSELY,UNABLE TO DETERMINE,3944,N,AUSTIN AVE,1633,,,,,,,2,NONINCAPACITATING INJURY,1,0,0,1,0,1,0,8,4,11,41.95254696,-87.776905355,POINT (-87.776905355352 41.952546959961)
JB506766,,11/07/2018 08:00:00 AM,30,NO CONTROLS,NO CONTROLS,CLEAR,DAYLIGHT,REAR END,ONE-WAY,,STRAIGHT AND LEVEL,DRY,NO DEFECTS,NOT ON SCENE (DESK REPORT),NO INJURY / DRIVE AWAY,,,Y,"OVER $1,500",11/07/2018 08:36:00 AM,UNABLE TO DETERMINE,UNABLE TO DETERMINE,2111,W,47TH ST,931,,,,,,,2,NO INDICATION OF INJURY,0,0,0,0,0,2,0,8,4,11,41.808384424,-87.677569639,POINT (-87.677569638742 41.808384423666)
JB506760,,11/07/2018 08:00:00 AM,30,TRAFFIC SIGNAL,FUNCTIONING PROPERLY,CLOUDY/OVERCAST,DAYLIGHT,REAR END,NOT DIVIDED,,STRAIGHT AND LEVEL,DRY,NO DEFECTS,NOT ON SCENE (DESK REPORT),NO INJURY / DRIVE AWAY,,,,"OVER $1,500",11/07/2018 08:22:00 AM,UNABLE TO DETERMINE,UNABLE TO DETERMINE,1,N,CENTRAL PARK DR,1123,,,,,,,2,NO INDICATION OF INJURY,0,0,0,0,0,3,0,8,4,11,41.880892441,-87.715748204,POINT (-87.715748203678 41.880892440687)
JB506775,,11/07/2018 07:55:00 AM,30,STOP SIGN/FLASHER,FUNCTIONING PROPERLY,CLEAR,DAYLIGHT,PEDESTRIAN,ONE-WAY,1,STRAIGHT AND LEVEL,DRY,NO DEFECTS,ON SCENE,INJURY AND / OR TOW DUE TO CRASH,,,N,"OVER $1,500",11/07/2018 07:56:00 AM,FAILING TO YIELD RIGHT-OF-WAY,DISREGARDING STOP SIGN,1700,N,KILDARE AVE,2534,,,,,,,2,NONINCAPACITATING INJURY,1,0,0,1,0,1,0,7,4,11,41.911701946,-87.733861275,POINT (-87.733861274568 41.91170194623)