RD_NO,CRASH_DATE_EST_I,CRASH_DATE,POSTED_SPEED_LIMIT,TRAFFIC_CONTROL_DEVICE,DEVICE_CONDITION,WEATHER_CONDITION,LIGHTING_CONDITION,FIRST_CRASH_TYPE,TRAFFICWAY_TYPE,LANE_CNT,ALIGNMENT,ROADWAY_SURFACE_COND,ROAD_DEFECT,REPORT_TYPE,CRASH_TYPE,INTERSECTION_RELATED_I,NOT_RIGHT_OF_WAY_I,HIT_AND_RUN_I,DAMAGE,DATE_POLICE_NOTIFIED,PRIM_CONTRIBUTORY_CAUSE,SEC_CONTRIBUTORY_CAUSE,STREET_NO,STREET_DIRECTION,STREET_NAME,BEAT_OF_OCCURRENCE,PHOTOS_TAKEN_I,STATEMENTS_TAKEN_I,DOORING_I,WORK_ZONE_I,WORK_ZONE_TYPE,WORKERS_PRESENT_I,NUM_UNITS,MOST_SEVERE_INJURY,INJURIES_TOTAL,INJURIES_FATAL,INJURIES_INCAPACITATING,INJURIES_NON_INCAPACITATING,INJURIES_REPORTED_NOT_EVIDENT,INJURIES_NO_INDICATION,INJURIES_UNKNOWN,CRASH_HOUR,CRASH_DAY_OF_WEEK,CRASH_MONTH,LATITUDE,LONGITUDE,LOCATION
JB507419,,11/07/2018 07:50:00 AM,30,TRAFFIC SIGNAL,FUNCTIONING PROPERLY,CLEAR,DAYLIGHT,REAR END,NOT DIVIDED,4,STRAIGHT AND LEVEL,DRY,UNKNOWN,NOT ON SCENE (DESK REPORT),NO INJURY / DRIVE AWAY,,,Y,"OVER $1,500",11/07/2018 04:37:00 PM,IMPROPER OVERTAKING/PASSING,UNABLE TO DETERMINE,5277,S,PULASKI RD,822,,,,,,,2,NO INDICATION OF INJURY,0,0,0,0,0,2,0,7,4,11,41.796874964,-87.723119097,POINT (-87.723119096785 41.796874964262)
JB506745,,11/07/2018 07:50:00 AM,20,NO CONTROLS,NO CONTROLS,CLOUDY/OVERCAST,DAYLIGHT,PARKED MOTOR VEHICLE,ONE-WAY,,STRAIGHT AND LEVEL,DRY,NO DEFECTS,ON SCENE,NO INJURY / DRIVE AWAY,,,,"OVER $1,500",11/07/2018 08:00:00 AM,NOT APPLICABLE,NOT APPLICABLE,8255,S,CHRISTIANA AVE,834,,,,,,,2,NO INDICATION OF INJURY,0,0,0,0,0,3,0,7,4,11,41.742645114,-87.705706496,POINT (-87.705706496116 41.74264511382)
JB508006,,11/07/2018 07:45:00 AM,30,NO CONTROLS,NO CONTROLS,CLEAR,DAYLIGHT,SIDESWIPE SAME DIRECTION,NOT DIVIDED,2,STRAIGHT AND LEVEL,DRY,NO DEFECTS,NOT ON SCENE (DESK REPORT),NO INJURY / DRIVE AWAY,,,,"OVER $1,500",11/08/2018 07:50:00 AM,FAILING TO YIELD RIGHT-OF-WAY,UNABLE TO DETERMINE,3445,N,PULASKI RD,1732,,,,,,,2,NO INDICATION OF INJURY,0,0,0,0,0,2,0,7,4,11,41.944066685,-87.727182242,POINT (-87.7271822422 41.944066684993)
JB507257,,11/07/2018 07:45:00 AM,30,STOP SIGN/FLASHER,FUNCTIONING PROPERLY,CLEAR,DAYLIGHT,REAR END,NOT DIVIDED,,STRAIGHT AND LEVEL,DRY,NO DEFECTS,NOT ON SCENE (DESK REPORT),NO INJURY / DRIVE AWAY,,,,"OVER $1,500",11/07/2018 02:48:00 PM,UNABLE TO DETERMINE,UNABLE TO DETERMINE,1625,S,ALLPORT ST,1233,,,,,,,2,NO INDICATION OF INJURY,0,0,0,0,0,4,0,7,4,11,41.858983357,-87.657534441,POINT (-87.657534441324 41.85898335707)
JB507480,,11/07/2018 07:30:00 AM,30,UNKNOWN,UNKNOWN,CLEAR,DAYLIGHT,REAR END,NOT DIVIDED,,STRAIGHT AND LEVEL,DRY,UNKNOWN,NOT ON SCENE (DESK REPORT),NO INJURY / DRIVE AWAY,,,,$500 OR LESS,11/07/2018 05:18:00 PM,UNABLE TO DETERMINE,NOT APPLICABLE,1400,N,HARDING AVE,2535,,,,,,,2,NO INDICATION OF INJURY,0,0,0,0,0,2,0,7,4,11,41.906376941,-87.72534451,POINT (-87.725344509585 41.906376940735)
JB506744,,11/07/2018 07:30:00 AM,30,NO CONTROLS,NO CONTROLS,CLEAR,DAYLIGHT,TURNING,DIVIDED - W/MEDIAN (NOT RAISED),,STRAIGHT AND LEVEL,DRY,NO DEFECTS,ON SCENE,INJURY AND / OR TOW DUE TO CRASH,,,Y,"OVER $1,500",11/07/2018 07:40:00 AM,FAILING TO YIELD RIGHT-OF-WAY,NOT APPLICABLE,2200,W,63RD ST,825,,,,,,,2,NO INDICATION OF INJURY,0,0,0,0,0,2,0,7,4,11,41.7793504,-87.67902443,POINT (-87.679024429571 41.779350400001)
JB506727,,11/07/2018 07:16:00 AM,30,NO CONTROLS,NO CONTROLS,CLEAR,DAYLIGHT,ANGLE,ONE-WAY,,STRAIGHT AND LEVEL,DRY,NO DEFECTS,NOT ON SCENE (DESK REPORT),NO INJURY / DRIVE AWAY,,,,"OVER $1,500",11/07/2018 07:43:00 AM,UNABLE TO DETERMINE,UNABLE TO DETERMINE,5910,S,SACRAMENTO AVE,824,,,,,,,2,NO INDICATION OF INJURY,0,0,0,0,0,4,0,7,4,11,41.785951172,-87.69860626,POINT (-87.698606259818 41.785951171995)
JB506800,,11/07/2018 07:05:00 AM,20,NO CONTROLS,NO CONTROLS,CLEAR,DAYLIGHT,PARKED MOTOR VEHICLE,ONE-WAY,1,STRAIGHT AND LEVEL,DRY,NO DEFECTS,NOT ON SCENE (DESK REPORT),NO INJURY / DRIVE AWAY,,,,"OVER $1,500",11/07/2018 08:50:00 AM,UNABLE TO DETERMINE,NOT APPLICABLE,2750,W,65TH ST,825,,,,,,,2,NO INDICATION OF INJURY,0,0,0,0,0,1,0,7,4,11,41.775540156,-87.692969009,POINT (-87.692969008825 41.775540155531)
JB506724,,11/07/2018 07:00:00 AM,30,TRAFFIC SIGNAL,FUNCTIONING PROPERLY,CLEAR,DAYLIGHT,REAR END,NOT DIVIDED,4,STRAIGHT AND LEVEL,DRY,NO DEFECTS,NOT ON SCENE (DESK REPORT),NO INJURY / DRIVE AWAY,N,,,"OVER $1,500",11/07/2018 07:30:00 AM,FAILING TO REDUCE SPEED TO AVOID CRASH,FAILING TO REDUCE SPEED TO AVOID CRASH,1311,S,WESTERN AVE,1233,,,,,,,3,NO INDICATION OF INJURY,0,0,0,0,0,3,0,7,4,11,41.864466501,-87.685831748,POINT (-87.685831747966 41.864466501279)
JB506707,,11/07/2018 06:50:00 AM,30,UNKNOWN,UNKNOWN,CLOUDY/OVERCAST,DAYLIGHT,SIDESWIPE OPPOSITE DIRECTION,DIVIDED - W/MEDIAN BARRIER,2,STRAIGHT AND LEVEL,UNKNOWN,UNKNOWN,ON SCENE,NO INJURY / DRIVE AWAY,,,Y,$500 OR LESS,11/07/2018 06:56:00 AM,UNABLE TO DETERMINE,UNABLE TO DETERMINE,4414,W,SCHOOL ST,1731,,,,,,,2,NO INDICATION OF INJURY,0,0,0,0,0,2,0,6,4,11,41.940885244,-87.737749642,POINT (-87.737749642284 41.940885243518)
JB509531,,11/07/2018 06:45:00 AM,15,NO CONTROLS,NO CONTROLS,CLEAR,DAYLIGHT,PARKED MOTOR VEHICLE,PARKING LOT,1,STRAIGHT AND LEVEL,DRY,NO DEFECTS,ON SCENE,NO INJURY / DRIVE AWAY,,,Y,"$501 - $1,500",11/09/2018 11:30:00 AM,UNABLE TO DETERMINE,NOT APPLICABLE,2316,N,LINCOLN AVE,1812,,,,,,,2,NO INDICATION OF INJURY,0,0,0,0,0,1,0,6,4,11,41.923964385,-87.646902595,POINT (-87.646902595145 41.923964385162)
JB507538,,11/07/2018 06:45:00 AM,30,STOP SIGN/FLASHER,FUNCTIONING PROPERLY,CLEAR,DAYLIGHT,SIDESWIPE SAME DIRECTION,NOT DIVIDED,,STRAIGHT AND LEVEL,DRY,NO DEFECTS,NOT ON SCENE (DESK REPORT),NO INJURY / DRIVE AWAY,,,,"OVER $1,500",11/07/2018 06:00:00 PM,FAILING TO YIELD RIGHT-OF-WAY,UNABLE TO DETERMINE,6501,S,RICHARDS DR,331,,,,,,,2,NO INDICATION OF INJURY,0,0,0,0,0,5,0,6,4,11,41.777052796,-87.578808827,POINT (-87.578808827176 41.777052795691)
JB506697,,11/07/2018 06:31:00 AM,30,NO CONTROLS,NO CONTROLS,CLOUDY/OVERCAST,"DARKNESS, LIGHTED ROAD",SIDESWIPE SAME DIRECTION,DIVIDED - W/MEDIAN (NOT RAISED),4,STRAIGHT AND LEVEL,DRY,NO DEFECTS,ON SCENE,INJURY AND / OR TOW DUE TO CRASH,,,,"$501 - $1,500",11/07/2018 06:31:00 AM,FAILING TO YIELD RIGHT-OF-WAY,IMPROPER LANE USAGE,6266,N,CALDWELL AVE,1621,,,,,,,2,NO INDICATION OF INJURY,0,0,0,0,0,2,0,6,4,11,41.995109064,-87.762294603,POINT (-87.762294603437 41.995109063782)
JB506698,,11/07/2018 06:30:00 AM,30,STOP SIGN/FLASHER,FUNCTIONING PROPERLY,CLEAR,DAWN,REAR END,NOT DIVIDED,,STRAIGHT AND LEVEL,DRY,NO DEFECTS,NOT ON SCENE (DESK REPORT),NO INJURY / DRIVE AWAY,,,,"$501 - $1,500",11/07/2018 06:45:00 AM,UNABLE TO DETERMINE,NOT APPLICABLE,2350,W,28TH ST,1034,,,,,,,2,NO INDICATION OF INJURY,0,0,0,0,0,2,0,6,4,11,41.841320549,-87.684879907,POINT (-87.684879907341 41.84132054868)
JB506787,,11/07/2018 06:20:00 AM,30,NO CONTROLS,NO CONTROLS,CLOUDY/OVERCAST,"DARKNESS, LIGHTED ROAD",REAR END,NOT DIVIDED,,STRAIGHT AND LEVEL,DRY,NO DEFECTS,NOT ON SCENE (DESK REPORT),NO INJURY / DRIVE AWAY,,,,"$501 - $1,500",11/07/2018 08:30:00 AM,FOLLOWING TOO CLOSELY,NOT APPLICABLE,3907,N,CICERO AVE,1731,,,,,,,2,NO INDICATION OF INJURY,0,0,0,0,0,2,0,6,4,11,41.951792793,-87.747125786,POINT (-87.747125786401 41.951792792719)
JB506696,,11/07/2018 06:15:00 AM,30,NO CONTROLS,NO CONTROLS,CLEAR,DAWN,ANGLE,DIVIDED - W/MEDIAN (NOT RAISED),,STRAIGHT AND LEVEL,DRY,NO DEFECTS,NOT ON SCENE (DESK REPORT),NO INJURY / DRIVE AWAY,,,Y,"$501 - $1,500",11/07/2018 06:30:00 AM,UNABLE TO DETERMINE,UNABLE TO DETERMINE,2232,W,DEVON AVE,2412,,,,,,,2,NO INDICATION OF INJURY,0,0,0,0,0,2,0,6,4,11,41.997902579,-87.686293958,POINT (-87.686293957767 41.997902578836)
JB506702,,11/07/2018 06:10:00 AM,30,YIELD,FUNCTIONING PROPERLY,CLEAR,DAYLIGHT,REAR END,NOT DIVIDED,,STRAIGHT AND LEVEL,DRY,NO DEFECTS,ON SCENE,INJURY AND / OR TOW DUE TO CRASH,,,,"OVER $1,500",11/07/2018 06:30:00 AM,FOLLOWING TOO CLOSELY,NOT APPLICABLE,1701,W,AUGUSTA BLVD,1213,,,,,,,2,NO INDICATION OF INJURY,0,0,0,0,0,2,0,6,4,11,41.899557932,-87.669897128,POINT (-87.669897127872 41.899557932337)
JB506703,,11/07/2018 05:55:00 AM,30,TRAFFIC SIGNAL,FUNCTIONING PROPERLY,CLEAR,DAYLIGHT,REAR END,ONE-WAY,2,STRAIGHT AND LEVEL,DRY,NO DEFECTS,ON SCENE,NO INJURY / DRIVE AWAY,,,,"OVER $1,500",11/07/2018 06:09:00 AM,IMPROPER BACKING,DRIVING SKILLS/KNOWLEDGE/EXPERIENCE,487,E,LOWER WACKER DR,114,,,,,,,2,NO INDICATION OF INJURY,0,0,0,0,0,2,0,5,4,11,41.887261829,-87.615864407,POINT (-87.615864407125 41.887261828845)
JB506695,,11/07/2018 05:40:00 AM,30,TRAFFIC SIGNAL,FUNCTIONING PROPERLY,CLEAR,"DARKNESS, LIGHTED ROAD",TURNING,ONE-WAY,4,STRAIGHT AND LEVEL,DRY,NO DEFECTS,NOT ON SCENE (DESK REPORT),NO INJURY / DRIVE AWAY,Y,,,"OVER $1,500",11/07/2018 06:00:00 AM,IMPROPER OVERTAKING/PASSING,IMPROPER OVERTAKING/PASSING,631,W,WASHINGTON BLVD,121,,,,Y,CONSTRUCTION,,2,NO INDICATION OF INJURY,0,0,0,0,0,3,0,5,4,11,41.883055765,-87.644092138,POINT (-87.644092137573 41.883055764663)
JB506826,,11/07/2018 05:20:00 AM,10,NO CONTROLS,NO CONTROLS,CLOUDY/OVERCAST,DAYLIGHT,PARKED MOTOR VEHICLE,PARKING LOT,,STRAIGHT AND LEVEL,DRY,NO DEFECTS,NOT ON SCENE (DESK REPORT),NO INJURY / DRIVE AWAY,,,,"OVER $1,500",11/07/2018 09:16:00 AM,UNABLE TO DETERMINE,UNABLE TO DETERMINE,4155,W,CHICAGO AVE,1111,,,,,,,2,NO INDICATION OF INJURY,0,0,0,0,0,1,0,5,4,11,41.895170169,-87.730766687,POINT (-87.730766686858 41.89517016893)
JB506684,,11/07/2018 05:15:00 AM,30,TRAFFIC SIGNAL,FUNCTIONING PROPERLY,CLEAR,"DARKNESS, LIGHTED ROAD",TURNING,NOT DIVIDED,2,STRAIGHT AND LEVEL,DRY,NO DEFECTS,ON SCENE,INJURY AND / OR TOW DUE TO CRASH,Y,,,"OVER $1,500",11/07/2018 05:20:00 AM,FAILING TO YIELD RIGHT-OF-WAY,NOT APPLICABLE,1500,S,CALIFORNIA BLVD,1022,,,,,,,2,NO INDICATION OF INJURY,0,0,0,0,0,2,0,5,4,11,41.861119622,-87.695895939,POINT (-87.695895939093 41.86111962192)
JB506688,,11/07/2018 05:11:00 AM,30,TRAFFIC SIGNAL,FUNCTIONING PROPERLY,CLEAR,DAYLIGHT,SIDESWIPE SAME DIRECTION,ONE-WAY,2,STRAIGHT AND LEVEL,DRY,NO DEFECTS,NOT ON SCENE (DESK REPORT),NO INJURY / DRIVE AWAY,,,,"OVER $1,500",11/07/2018 05:51:00 AM,IMPROPER LANE USAGE,FAILING TO YIELD RIGHT-OF-WAY,636,W,WASHINGTON BLVD,121,,,,,,,2,NO INDICATION OF INJURY,0,0,0,0,0,2,0,5,4,11,41.883275295,-87.644093485,POINT (-87.644093485214 41.883275294665)
JB506686,,11/07/2018 05:05:00 AM,30,TRAFFIC SIGNAL,FUNCTIONING PROPERLY,CLOUDY/OVERCAST,"DARKNESS, LIGHTED ROAD",SIDESWIPE SAME DIRECTION,DIVIDED - W/MEDIAN (NOT RAISED),2,STRAIGHT AND LEVEL,WET,NO DEFECTS,NOT ON SCENE (DESK REPORT),NO INJURY / DRIVE AWAY,,,Y,"OVER $1,500",11/07/2018 05:29:00 AM,IMPROPER OVERTAKING/PASSING,UNABLE TO DETERMINE,2537,N,PULASKI RD,2524,,,,,,,2,NO INDICATION OF INJURY,0,0,0,0,0,3,0,5,4,11,41.927425092,-87.726705891,POINT (-87.726705891453 41.927425091502)
JB506680,,11/07/2018 04:50:00 AM,30,TRAFFIC SIGNAL,FUNCTIONING PROPERLY,CLEAR,"DARKNESS, LIGHTED ROAD",FIXED OBJECT,DIVIDED - W/MEDIAN BARRIER,3,STRAIGHT AND LEVEL,DRY,NO DEFECTS,ON SCENE,NO INJURY / DRIVE AWAY,,,,"OVER $1,500",11/07/2018 04:55:00 AM,DISREGARDING OTHER TRAFFIC SIGNS,DRIVING SKILLS/KNOWLEDGE/EXPERIENCE,301,E,RANDOLPH ST,114,,,,,,,1,NO INDICATION OF INJURY,0,0,0,0,0,1,0,4,4,11,41.884196569,-87.620467299,POINT (-87.620467299444 41.884196569021)
JB506689,Y,11/07/2018 04:00:00 AM,15,NO CONTROLS,NO CONTROLS,CLEAR,"DARKNESS, LIGHTED ROAD",PARKED MOTOR VEHICLE,DIVIDED - W/MEDIAN (NOT RAISED),,STRAIGHT AND LEVEL,DRY,NO DEFECTS,NOT ON SCENE (DESK REPORT),NO INJURY / DRIVE AWAY,,,Y,"$501 - $1,500",11/07/2018 05:45:00 AM,NOT APPLICABLE,NOT APPLICABLE,4928,W,KAMERLING AVE,2533,,,,,,,2,NO INDICATION OF INJURY,0,0,0,0,0,1,0,4,4,11,41.905148563,-87.749671353,POINT (-87.749671352881 41.905148562694)
JB506776,Y,11/07/2018 02:30:00 AM,30,NO CONTROLS,NO CONTROLS,CLEAR,"DARKNESS, LIGHTED ROAD",PARKED MOTOR VEHICLE,ONE-WAY,1,STRAIGHT AND LEVEL,DRY,NO DEFECTS,NOT ON SCENE (DESK REPORT),NO INJURY / DRIVE AWAY,,,Y,"OVER $1,500",11/07/2018 08:30:00 AM,UNABLE TO DETERMINE,UNABLE TO DETERMINE,2637,W,23RD PL,1034,,,,,,,2,NO INDICATION OF INJURY,0,0,0,0,0,1,0,2,4,11,41.849105519,-87.691955905,POINT (-87.691955904956 41.849105518652)
JB506659,,11/07/2018 02:30:00 AM,25,NO CONTROLS,NO CONTROLS,CLEAR,"DARKNESS, LIGHTED ROAD",FIXED OBJECT,DIVIDED - W/MEDIAN (NOT RAISED),2,STRAIGHT AND LEVEL,DRY,NO DEFECTS,ON SCENE,INJURY AND / OR TOW DUE TO CRASH,,,Y,"$501 - $1,500",11/07/2018 02:53:00 AM,NOT APPLICABLE,NOT APPLICABLE,2540,W,JACKSON BLVD,1125,,,,,,,1,NO INDICATION OF INJURY,0,0,0,0,0,1,0,2,4,11,41.877614631,-87.69027539,POINT (-87.690275389657 41.87761463138)
JB506719,N,11/07/2018 02:00:00 AM,20,NO CONTROLS,NO CONTROLS,CLOUDY/OVERCAST,DARKNESS,PARKED MOTOR VEHICLE,DIVIDED - W/MEDIAN (NOT RAISED),,STRAIGHT AND LEVEL,DRY,NO DEFECTS,ON SCENE,INJURY AND / OR TOW DUE TO CRASH,,,Y,"OVER $1,500",11/07/2018 07:19:00 AM,FOLLOWING TOO CLOSELY,HAD BEEN DRINKING (USE WHEN ARREST IS NOT MADE),3151,N,RACINE AVE,1933,,,,,,,2,NO INDICATION OF INJURY,0,0,0,0,0,1,0,2,4,11,41.939562659,-87.658813851,POINT (-87.658813851312 41.939562658998)
JB507784,,11/07/2018 01:30:00 AM,30,NO CONTROLS,NO CONTROLS,UNKNOWN,UNKNOWN,REAR END,NOT DIVIDED,2,STRAIGHT AND LEVEL,UNKNOWN,UNKNOWN,NOT ON SCENE (DESK REPORT),NO INJURY / DRIVE AWAY,,,,"OVER $1,500",11/07/2018 11:25:00 PM,FAILING TO REDUCE SPEED TO AVOID CRASH,NOT APPLICABLE,2306,N,CICERO AVE,2522,,,,,,,2,NO INDICATION OF INJURY,0,0,0,0,0,2,0,1,4,11,41.92263485,-87.746406743,POINT (-87.746406742547 41.922634850225)
JB506629,,11/07/2018 12:24:00 AM,30,NO CONTROLS,NO CONTROLS,CLEAR,DARKNESS,PARKED MOTOR VEHICLE,NOT DIVIDED,2,STRAIGHT AND LEVEL,DRY,NO DEFECTS,ON SCENE,INJURY AND / OR TOW DUE TO CRASH,,,,"OVER $1,500",11/07/2018 12:26:00 AM,DISTRACTION - FROM INSIDE VEHICLE,FAILING TO REDUCE SPEED TO AVOID CRASH,1237,W,DEVON AVE,2433,,,,,,,4,NO INDICATION OF INJURY,0,0,0,0,0,1,0,0,4,11,41.998062747,-87.662061454,POINT (-87.662061454128 41.998062747283)
JB506613,,11/07/2018 12:05:00 AM,30,NO CONTROLS,NO CONTROLS,CLEAR,"DARKNESS, LIGHTED ROAD",PARKED MOTOR VEHICLE,ONE-WAY,3,STRAIGHT AND LEVEL,DRY,NO DEFECTS,ON SCENE,INJURY AND / OR TOW DUE TO CRASH,,,Y,"OVER $1,500",11/07/2018 12:05:00 AM,UNABLE TO DETERMINE,NOT APPLICABLE,3403,S,INDIANA AVE,211,,,,,,,3,NO INDICATION OF INJURY,0,0,0,0,0,1,0,0,4,11,41.832625542,-87.621649776,POINT (-87.621649775577 41.832625542239)
JB506623,,11/06/2018 11:57:00 PM,30,TRAFFIC SIGNAL,FUNCTIONING PROPERLY,CLEAR,"DARKNESS, LIGHTED ROAD",TURNING,DIVIDED - W/MEDIAN (NOT RAISED),4,STRAIGHT AND LEVEL,DRY,NO DEFECTS,ON SCENE,INJURY AND / OR TOW DUE TO CRASH,Y,,Y,"OVER $1,500",11/07/2018 12:14:00 AM,UNABLE TO DETERMINE,FAILING TO YIELD RIGHT-OF-WAY,3428,W,PETERSON AVE,1711,,,,,,,2,NO INDICATION OF INJURY,0,0,0,0,0,3,0,23,3,11,41.990419203,-87.715144233,POINT (-87.715144233171 41.990419203363)
JB506598,,11/06/2018 11:00:00 PM,25,NO CONTROLS,NO CONTROLS,CLEAR,"DARKNESS, LIGHTED ROAD",FIXED OBJECT,NOT DIVIDED,1,STRAIGHT AND LEVEL,DRY,NO DEFECTS,ON SCENE,INJURY AND / OR TOW DUE TO CRASH,,Y,,"OVER $1,500",11/06/2018 11:01:00 PM,EQUIPMENT - VEHICLE CONDITION,IMPROPER TURNING/NO SIGNAL,2141,W,52ND PL,932,,,,,,,1,NO INDICATION OF INJURY,0,0,0,0,0,1,0,23,3,11,41.797875163,-87.678442547,POINT (-87.678442547205 41.797875162671)
JB506587,,11/06/2018 11:00:00 PM,30,NO CONTROLS,NO CONTROLS,CLEAR,"DARKNESS, LIGHTED ROAD",PARKED MOTOR VEHICLE,PARKING LOT,,STRAIGHT AND LEVEL,DRY,NO DEFECTS,NOT ON SCENE (DESK REPORT),NO INJURY / DRIVE AWAY,,,,"OVER $1,500",11/06/2018 11:15:00 PM,IMPROPER BACKING,IMPROPER BACKING,5101,S,WENTWORTH AVE,225,,,,,,,2,NO INDICATION OF INJURY,0,0,0,0,0,1,0,23,3,11,41.801811091,-87.63056018,POINT (-87.630560180083 41.801811091232)
JB506583,,11/06/2018 10:57:00 PM,30,LANE USE MARKING,FUNCTIONING PROPERLY,CLEAR,"DARKNESS, LIGHTED ROAD",PARKED MOTOR VEHICLE,NOT DIVIDED,2,STRAIGHT AND LEVEL,DRY,WORN SURFACE,ON SCENE,NO INJURY / DRIVE AWAY,,,,"$501 - $1,500",11/06/2018 10:57:00 PM,DISTRACTION - FROM OUTSIDE VEHICLE,IMPROPER LANE USAGE,4846,W,JACKSON BLVD,1533,N,,,,,,2,NO INDICATION OF INJURY,0,0,0,0,0,3,0,22,3,11,41.876872007,-87.746912345,POINT (-87.74691234495 41.876872007326)
JB506603,,11/06/2018 10:54:00 PM,30,TRAFFIC SIGNAL,FUNCTIONING PROPERLY,CLEAR,DARKNESS,REAR END,DIVIDED - W/MEDIAN (NOT RAISED),,STRAIGHT AND LEVEL,DRY,NO DEFECTS,NOT ON SCENE (DESK REPORT),NO INJURY / DRIVE AWAY,,,,"$501 - $1,500",11/06/2018 11:45:00 PM,UNABLE TO DETERMINE,NOT APPLICABLE,5969,N,RAVENSWOOD AVE,2012,,,,,,,2,NO INDICATION OF INJURY,0,0,0,0,0,2,0,22,3,11,41.990362917,-87.674547476,POINT (-87.67454747596 41.990362917077)
JB506573,,11/06/2018 10:40:00 PM,30,TRAFFIC SIGNAL,FUNCTIONING PROPERLY,CLEAR,"DARKNESS, LIGHTED ROAD",REAR END,DIVIDED - W/MEDIAN BARRIER,5,STRAIGHT AND LEVEL,DRY,NO DEFECTS,ON SCENE,INJURY AND / OR TOW DUE TO CRASH,Y,,,"OVER $1,500",11/06/2018 10:41:00 PM,FOLLOWING TOO CLOSELY,DISTRACTION - FROM OUTSIDE VEHICLE,4347,W,NORTH AVE,2534,,,,,,,2,NO INDICATION OF INJURY,0,0,0,0,0,5,0,22,3,11,41.90965246,-87.735822172,POINT (-87.735822172237 41.909652460387)
JB507091,,11/06/2018 10:30:00 PM,30,NO CONTROLS,NO CONTROLS,CLEAR,DARKNESS,PARKED MOTOR VEHICLE,NOT DIVIDED,,STRAIGHT AND LEVEL,DRY,NO DEFECTS,NOT ON SCENE (DESK REPORT),NO INJURY / DRIVE AWAY,,,Y,"OVER $1,500",11/07/2018 12:00:00 PM,UNABLE TO DETERMINE,UNABLE TO DETERMINE,900,N,CLARK ST,1832,,,,,,,2,NO INDICATION OF INJURY,0,0,0,0,0,1,0,22,3,11,41.899290287,-87.631462461,POINT (-87.631462461158 41.899290286562)
JB506550,,11/06/2018 09:36:00 PM,30,NO CONTROLS,NO CONTROLS,CLEAR,"DARKNESS, LIGHTED ROAD",FIXED OBJECT,DRIVEWAY,1,STRAIGHT AND LEVEL,DRY,NO DEFECTS,ON SCENE,NO INJURY / DRIVE AWAY,,,,"OVER $1,500",11/06/2018 09:37:00 PM,FAILING TO REDUCE SPEED TO AVOID CRASH,NOT APPLICABLE,5055,W,EDDY ST,1634,,,,,,,1,NO INDICATION OF INJURY,0,0,0,0,0,4,0,21,3,11,41.945070257,-87.754070243,POINT (-87.754070242792 41.945070257311)
JB508294,,11/06/2018 09:30:00 PM,30,NO CONTROLS,NO CONTROLS,CLEAR,"DARKNESS, LIGHTED ROAD",PARKED MOTOR VEHICLE,NOT DIVIDED,,STRAIGHT AND LEVEL,DRY,NO DEFECTS,NOT ON SCENE (DESK REPORT),NO INJURY / DRIVE AWAY,,,Y,"OVER $1,500",11/08/2018 12:19:00 PM,UNABLE TO DETERMINE,UNABLE TO DETERMINE,3150,W,19TH ST,1022,,,,,,,2,NO INDICATION OF INJURY,0,0,0,0,0,1,0,21,3,11,41.855528063,-87.70493763,POINT (-87.704937630092 41.855528062934)
JB506650,Y,11/06/2018 09:30:00 PM,30,NO CONTROLS,NO CONTROLS,CLEAR,"DARKNESS, LIGHTED ROAD",SIDESWIPE SAME DIRECTION,NOT DIVIDED,,STRAIGHT AND LEVEL,DRY,NO DEFECTS,NOT ON SCENE (DESK REPORT),NO INJURY / DRIVE AWAY,,,Y,"$501 - $1,500",11/07/2018 02:00:00 AM,IMPROPER OVERTAKING/PASSING,FAILING TO REDUCE SPEED TO AVOID CRASH,3526,N,CICERO AVE,1634,,,,,,,2,NO INDICATION OF INJURY,0,0,0,0,0,3,0,21,3,11,41.945174365,-87.747184273,POINT (-87.747184273306 41.945174364629)
JB506544,,11/06/2018 09:30:00 PM,30,NO CONTROLS,NO CONTROLS,CLEAR,"DARKNESS, LIGHTED ROAD",ANGLE,NOT DIVIDED,,STRAIGHT AND LEVEL,DRY,NO DEFECTS,NOT ON SCENE (DESK REPORT),NO INJURY / DRIVE AWAY,,,,"OVER $1,500",11/06/2018 09:57:00 PM,UNABLE TO DETERMINE,UNABLE TO DETERMINE,3225,W,ADDISON ST,1733,,,,,,,2,NO INDICATION OF INJURY,0,0,0,0,0,2,0,21,3,11,41.946512579,-87.708888304,POINT (-87.708888304499 41.94651257878)
JB506538,,11/06/2018 09:30:00 PM,30,NO CONTROLS,NO CONTROLS,CLEAR,DAWN,HEAD ON,NOT DIVIDED,2,STRAIGHT AND LEVEL,DRY,NO DEFECTS,NOT ON SCENE (DESK REPORT),NO INJURY / DRIVE AWAY,,,,$500 OR LESS,11/06/2018 10:00:00 PM,DRIVING ON WRONG SIDE/WRONG WAY,NOT APPLICABLE,2446,W,POLK ST,1135,,,,,,,2,NO INDICATION OF INJURY,0,0,0,0,0,2,0,21,3,11,41.871252224,-87.688022322,POINT (-87.688022321951 41.871252223987)