RD_NO,CRASH_DATE_EST_I,CRASH_DATE,POSTED_SPEED_LIMIT,TRAFFIC_CONTROL_DEVICE,DEVICE_CONDITION,WEATHER_CONDITION,LIGHTING_CONDITION,FIRST_CRASH_TYPE,TRAFFICWAY_TYPE,LANE_CNT,ALIGNMENT,ROADWAY_SURFACE_COND,ROAD_DEFECT,REPORT_TYPE,CRASH_TYPE,INTERSECTION_RELATED_I,NOT_RIGHT_OF_WAY_I,HIT_AND_RUN_I,DAMAGE,DATE_POLICE_NOTIFIED,PRIM_CONTRIBUTORY_CAUSE,SEC_CONTRIBUTORY_CAUSE,STREET_NO,STREET_DIRECTION,STREET_NAME,BEAT_OF_OCCURRENCE,PHOTOS_TAKEN_I,STATEMENTS_TAKEN_I,DOORING_I,WORK_ZONE_I,WORK_ZONE_TYPE,WORKERS_PRESENT_I,NUM_UNITS,MOST_SEVERE_INJURY,INJURIES_TOTAL,INJURIES_FATAL,INJURIES_INCAPACITATING,INJURIES_NON_INCAPACITATING,INJURIES_REPORTED_NOT_EVIDENT,INJURIES_NO_INDICATION,INJURIES_UNKNOWN,CRASH_HOUR,CRASH_DAY_OF_WEEK,CRASH_MONTH,LATITUDE,LONGITUDE,LOCATION
JB507319,,11/06/2018 09:00:00 PM,30,NO CONTROLS,NO CONTROLS,UNKNOWN,UNKNOWN,PARKED MOTOR VEHICLE,ONE-WAY,2,STRAIGHT AND LEVEL,UNKNOWN,UNKNOWN,NOT ON SCENE (DESK REPORT),NO INJURY / DRIVE AWAY,,,Y,$500 OR LESS,11/07/2018 03:34:00 AM,UNABLE TO DETERMINE,UNABLE TO DETERMINE,12031,S,LAFAYETTE AVE,523,,,,,,,2,NO INDICATION OF INJURY,0,0,0,0,0,1,0,21,3,11,41.675297834,-87.6236336,POINT (-87.623633600497 41.675297834445)
JB506505,,11/06/2018 08:56:00 PM,35,TRAFFIC SIGNAL,FUNCTIONING PROPERLY,CLEAR,"DARKNESS, LIGHTED ROAD",TURNING,DIVIDED - W/MEDIAN (NOT RAISED),,STRAIGHT AND LEVEL,DRY,NO DEFECTS,NOT ON SCENE (DESK REPORT),INJURY AND / OR TOW DUE TO CRASH,Y,,,"OVER $1,500",11/06/2018 08:56:00 PM,FAILING TO YIELD RIGHT-OF-WAY,NOT APPLICABLE,128,E,35TH ST,211,,,,,,,2,NONINCAPACITATING INJURY,1,0,0,1,0,4,0,20,3,11,41.831166927,-87.62193014,POINT (-87.621930140408 41.831166927059)
JB506537,,11/06/2018 08:55:00 PM,30,TRAFFIC SIGNAL,FUNCTIONING PROPERLY,CLEAR,DUSK,ANGLE,NOT DIVIDED,2,STRAIGHT AND LEVEL,DRY,NO DEFECTS,NOT ON SCENE (DESK REPORT),NO INJURY / DRIVE AWAY,Y,,,"OVER $1,500",11/06/2018 09:25:00 PM,DISREGARDING TRAFFIC SIGNALS,NOT APPLICABLE,653,W,ROOSEVELT RD,1232,,,,,,,2,NO INDICATION OF INJURY,0,0,0,0,0,2,0,20,3,11,41.867080279,-87.644325249,POINT (-87.644325248556 41.867080279085)
JB506533,,11/06/2018 08:50:00 PM,30,UNKNOWN,UNKNOWN,CLEAR,DARKNESS,PARKED MOTOR VEHICLE,ONE-WAY,1,STRAIGHT AND LEVEL,DRY,NO DEFECTS,ON SCENE,INJURY AND / OR TOW DUE TO CRASH,,,Y,"OVER $1,500",11/06/2018 09:00:00 PM,NOT APPLICABLE,NOT APPLICABLE,4434,W,51ST ST,815,,,,,,,3,NO INDICATION OF INJURY,0,0,0,0,0,1,0,20,3,11,41.800532626,-87.734536598,POINT (-87.734536597676 41.800532626462)
JB507163,,11/06/2018 08:30:00 PM,30,NO CONTROLS,NO CONTROLS,CLEAR,DAYLIGHT,REAR END,DIVIDED - W/MEDIAN (NOT RAISED),2,STRAIGHT AND LEVEL,DRY,NO DEFECTS,NOT ON SCENE (DESK REPORT),NO INJURY / DRIVE AWAY,,,,$500 OR LESS,11/07/2018 01:28:00 PM,FOLLOWING TOO CLOSELY,DRIVING SKILLS/KNOWLEDGE/EXPERIENCE,3600,W,83RD ST,834,,,,,,,2,NO INDICATION OF INJURY,0,0,0,0,0,2,0,20,3,11,41.742460275,-87.711513893,POINT (-87.711513893239 41.742460274804)
JB506494,,11/06/2018 08:30:00 PM,35,STOP SIGN/FLASHER,FUNCTIONING PROPERLY,CLEAR,"DARKNESS, LIGHTED ROAD",REAR END,NOT DIVIDED,2,STRAIGHT AND LEVEL,DRY,NO DEFECTS,NOT ON SCENE (DESK REPORT),NO INJURY / DRIVE AWAY,,,,"$501 - $1,500",11/06/2018 08:40:00 PM,FOLLOWING TOO CLOSELY,NOT APPLICABLE,1801,W,MONTEREY AVE,2212,,,,,,,2,NO INDICATION OF INJURY,0,0,0,0,0,2,0,20,3,11,41.690820713,-87.667352241,POINT (-87.667352241347 41.690820713076)
JB506528,,11/06/2018 08:20:00 PM,30,TRAFFIC SIGNAL,FUNCTIONING PROPERLY,CLEAR,"DARKNESS, LIGHTED ROAD",ANGLE,DIVIDED - W/MEDIAN (NOT RAISED),3,STRAIGHT AND LEVEL,DRY,NO DEFECTS,NOT ON SCENE (DESK REPORT),NO INJURY / DRIVE AWAY,Y,,Y,"OVER $1,500",11/06/2018 09:32:00 PM,FAILING TO YIELD RIGHT-OF-WAY,UNABLE TO DETERMINE,3556,W,FULLERTON AVE,1413,,,,,,,2,NO INDICATION OF INJURY,0,0,0,0,0,2,0,20,3,11,41.924714971,-87.716843443,POINT (-87.71684344263 41.924714971393)
JB506491,,11/06/2018 08:15:00 PM,30,NO CONTROLS,NO CONTROLS,RAIN,DARKNESS,SIDESWIPE SAME DIRECTION,ONE-WAY,3,STRAIGHT AND LEVEL,WET,UNKNOWN,NOT ON SCENE (DESK REPORT),NO INJURY / DRIVE AWAY,,,Y,"$501 - $1,500",11/06/2018 09:05:00 PM,UNABLE TO DETERMINE,NOT APPLICABLE,3051,S,DR MARTIN LUTHER KING JR DR,133,,,,,,,2,NO INDICATION OF INJURY,0,0,0,0,0,2,0,20,3,11,41.83851729,-87.616977887,POINT (-87.616977886858 41.838517289868)
JB506485,,11/06/2018 08:15:00 PM,30,TRAFFIC SIGNAL,FUNCTIONING PROPERLY,CLEAR,"DARKNESS, LIGHTED ROAD",SIDESWIPE SAME DIRECTION,NOT DIVIDED,2,STRAIGHT AND LEVEL,WET,NO DEFECTS,ON SCENE,INJURY AND / OR TOW DUE TO CRASH,Y,,,"OVER $1,500",11/06/2018 08:30:00 PM,FAILING TO REDUCE SPEED TO AVOID CRASH,DRIVING SKILLS/KNOWLEDGE/EXPERIENCE,5700,S,WENTWORTH AVE,232,,,,,,,2,NONINCAPACITATING INJURY,2,0,0,2,0,2,0,20,3,11,,,
JB506478,,11/06/2018 08:14:00 PM,30,TRAFFIC SIGNAL,FUNCTIONING PROPERLY,CLOUDY/OVERCAST,"DARKNESS, LIGHTED ROAD",TURNING,NOT DIVIDED,,STRAIGHT AND LEVEL,DRY,NO DEFECTS,ON SCENE,INJURY AND / OR TOW DUE TO CRASH,Y,,,"OVER $1,500",11/06/2018 08:25:00 PM,UNABLE TO DETERMINE,NOT APPLICABLE,8700,S,STONY ISLAND AVE,412,,,,,,,2,NO INDICATION OF INJURY,0,0,0,0,0,2,0,20,3,11,41.73682263,-87.58578342,POINT (-87.585783420329 41.736822630157)
JB507069,,11/06/2018 08:00:00 PM,30,NO CONTROLS,NO CONTROLS,CLEAR,"DARKNESS, LIGHTED ROAD",PARKED MOTOR VEHICLE,NOT DIVIDED,,STRAIGHT AND LEVEL,DRY,NO DEFECTS,NOT ON SCENE (DESK REPORT),NO INJURY / DRIVE AWAY,,,Y,"$501 - $1,500",11/07/2018 12:26:00 PM,FOLLOWING TOO CLOSELY,UNABLE TO DETERMINE,116,W,HUBBARD ST,1831,,,,,,,2,NO INDICATION OF INJURY,0,0,0,0,0,2,0,20,3,11,41.890121376,-87.631860167,POINT (-87.631860167469 41.890121376006)
JB506483,,11/06/2018 08:00:00 PM,30,TRAFFIC SIGNAL,FUNCTIONING PROPERLY,CLEAR,"DARKNESS, LIGHTED ROAD",REAR END,DIVIDED - W/MEDIAN (NOT RAISED),4,STRAIGHT AND LEVEL,DRY,NO DEFECTS,NOT ON SCENE (DESK REPORT),NO INJURY / DRIVE AWAY,,,,"OVER $1,500",11/06/2018 08:38:00 PM,FAILING TO REDUCE SPEED TO AVOID CRASH,DRIVING SKILLS/KNOWLEDGE/EXPERIENCE,4100,S,PULASKI RD,815,,,,,,,2,NO INDICATION OF INJURY,0,0,0,0,0,2,0,20,3,11,41.818349017,-87.724096405,POINT (-87.724096405469 41.818349016985)
JB506458,,11/06/2018 07:55:00 PM,30,TRAFFIC SIGNAL,FUNCTIONING PROPERLY,CLEAR,"DARKNESS, LIGHTED ROAD",REAR END,DIVIDED - W/MEDIAN (NOT RAISED),2,STRAIGHT AND LEVEL,DRY,NO DEFECTS,ON SCENE,NO INJURY / DRIVE AWAY,,,,$500 OR LESS,11/06/2018 07:57:00 PM,IMPROPER BACKING,NOT APPLICABLE,2000,W,DEVON AVE,2412,,,,,,,2,NO INDICATION OF INJURY,0,0,0,0,0,2,0,19,3,11,41.99800377,-87.680200423,POINT (-87.680200422791 41.998003769952)
JB507775,,11/06/2018 07:45:00 PM,30,TRAFFIC SIGNAL,FUNCTIONING PROPERLY,CLEAR,"DARKNESS, LIGHTED ROAD",REAR END,DIVIDED - W/MEDIAN (NOT RAISED),,STRAIGHT AND LEVEL,DRY,NO DEFECTS,NOT ON SCENE (DESK REPORT),NO INJURY / DRIVE AWAY,Y,,,"OVER $1,500",11/07/2018 09:40:00 PM,"DISTRACTION - OTHER ELECTRONIC DEVICE (NAVIGATION DEVICE, DVD PLAYER, ETC.)",FOLLOWING TOO CLOSELY,3752,N,DAMEN AVE,1921,,,,,,,2,NO INDICATION OF INJURY,0,0,0,0,0,2,0,19,3,11,41.950272272,-87.678794416,POINT (-87.678794416206 41.95027227182)
JB507400,,11/06/2018 07:45:00 PM,30,NO CONTROLS,NO CONTROLS,RAIN,DARKNESS,SIDESWIPE SAME DIRECTION,NOT DIVIDED,4,STRAIGHT AND LEVEL,WET,UNKNOWN,NOT ON SCENE (DESK REPORT),NO INJURY / DRIVE AWAY,,,,"$501 - $1,500",11/07/2018 04:05:00 PM,IMPROPER LANE USAGE,IMPROPER OVERTAKING/PASSING,2432,W,ADDISON ST,1921,,,,,,,2,NO INDICATION OF INJURY,0,0,0,0,0,4,0,19,3,11,41.946840556,-87.689607566,POINT (-87.689607566381 41.946840556097)
JB506443,,11/06/2018 07:45:00 PM,30,TRAFFIC SIGNAL,FUNCTIONING PROPERLY,CLEAR,"DARKNESS, LIGHTED ROAD",SIDESWIPE SAME DIRECTION,ONE-WAY,1,STRAIGHT AND LEVEL,DRY,NO DEFECTS,NOT ON SCENE (DESK REPORT),NO INJURY / DRIVE AWAY,,,,"OVER $1,500",11/06/2018 08:00:00 PM,UNABLE TO DETERMINE,UNABLE TO DETERMINE,61,E,MADISON ST,112,,,,,,,2,NO INDICATION OF INJURY,0,0,0,0,0,2,0,19,3,11,41.881982186,-87.62564147,POINT (-87.625641469716 41.881982186245)
JB506432,,11/06/2018 07:30:00 PM,30,STOP SIGN/FLASHER,FUNCTIONING PROPERLY,CLEAR,DARKNESS,TURNING,NOT DIVIDED,,STRAIGHT AND LEVEL,DRY,NO DEFECTS,ON SCENE,INJURY AND / OR TOW DUE TO CRASH,,,,"OVER $1,500",11/06/2018 07:34:00 PM,PHYSICAL CONDITION OF DRIVER,IMPROPER LANE USAGE,3700,W,AUGUSTA BLVD,1112,,,,,,,2,NONINCAPACITATING INJURY,1,0,0,1,0,2,0,19,3,11,41.899193507,-87.718935612,POINT (-87.718935611886 41.899193506877)
JB506453,,11/06/2018 07:28:00 PM,30,NO CONTROLS,NO CONTROLS,RAIN,DARKNESS,REAR END,DIVIDED - W/MEDIAN (NOT RAISED),2,STRAIGHT AND LEVEL,DRY,NO DEFECTS,ON SCENE,NO INJURY / DRIVE AWAY,Y,,,"OVER $1,500",11/06/2018 07:48:00 PM,FOLLOWING TOO CLOSELY,NOT APPLICABLE,3627,W,LAWRENCE AVE,1723,,,,,,,3,NO INDICATION OF INJURY,0,0,0,0,0,3,0,19,3,11,41.968225732,-87.719412957,POINT (-87.719412956801 41.968225731769)
JB506415,,11/06/2018 07:25:00 PM,30,STOP SIGN/FLASHER,NO CONTROLS,CLEAR,"DARKNESS, LIGHTED ROAD",ANGLE,NOT DIVIDED,,STRAIGHT AND LEVEL,DRY,NO DEFECTS,ON SCENE,NO INJURY / DRIVE AWAY,,,,"OVER $1,500",11/06/2018 07:28:00 PM,DISREGARDING STOP SIGN,NOT APPLICABLE,230,E,KENSINGTON AVE,532,,,,,,,2,NO INDICATION OF INJURY,0,0,0,0,0,3,0,19,3,11,41.68407606,-87.616834145,POINT (-87.616834145009 41.684076059766)
JB506457,,11/06/2018 07:15:00 PM,30,STOP SIGN/FLASHER,OTHER,RAIN,"DARKNESS, LIGHTED ROAD",ANGLE,ONE-WAY,1,STRAIGHT AND LEVEL,WET,UNKNOWN,NOT ON SCENE (DESK REPORT),NO INJURY / DRIVE AWAY,Y,,,"OVER $1,500",11/06/2018 08:00:00 PM,FAILING TO YIELD RIGHT-OF-WAY,FAILING TO REDUCE SPEED TO AVOID CRASH,3600,N,MARSHFIELD AVE,1922,,,,,,,2,NO INDICATION OF INJURY,0,0,0,0,0,3,0,19,3,11,41.947063646,-87.670225774,POINT (-87.670225773606 41.947063645996)
JB506883,,11/06/2018 07:00:00 PM,30,NO CONTROLS,NO CONTROLS,CLEAR,DUSK,SIDESWIPE SAME DIRECTION,DIVIDED - W/MEDIAN (NOT RAISED),,STRAIGHT AND LEVEL,DRY,NO DEFECTS,NOT ON SCENE (DESK REPORT),NO INJURY / DRIVE AWAY,,,,"OVER $1,500",11/07/2018 10:00:00 AM,FAILING TO YIELD RIGHT-OF-WAY,NOT APPLICABLE,1501,S,PULASKI RD,1014,,,,,,,2,NO INDICATION OF INJURY,0,0,0,0,0,2,0,19,3,11,41.860605946,-87.72485907,POINT (-87.724859070158 41.860605946492)
JB506437,,11/06/2018 07:00:00 PM,30,NO CONTROLS,NO CONTROLS,CLEAR,DARKNESS,ANGLE,NOT DIVIDED,,STRAIGHT AND LEVEL,DRY,NO DEFECTS,NOT ON SCENE (DESK REPORT),NO INJURY / DRIVE AWAY,,,,"OVER $1,500",11/06/2018 08:00:00 PM,FAILING TO YIELD RIGHT-OF-WAY,UNABLE TO DETERMINE,1624,W,ADDISON ST,1922,,,,,,,2,NO INDICATION OF INJURY,0,0,0,0,0,3,0,19,3,11,41.947085902,-87.669932485,POINT (-87.669932484944 41.947085902059)
JB506371,,11/06/2018 07:00:00 PM,30,STOP SIGN/FLASHER,FUNCTIONING PROPERLY,CLEAR,DAWN,ANGLE,NOT DIVIDED,,STRAIGHT AND LEVEL,DRY,NO DEFECTS,NOT ON SCENE (DESK REPORT),INJURY AND / OR TOW DUE TO CRASH,,,,"OVER $1,500",11/06/2018 07:30:00 PM,"VISION OBSCURED (SIGNS, TREE LIMBS, BUILDINGS, ETC.)",NOT APPLICABLE,3174,W,FLOURNOY ST,1134,,,,,,,2,NO INDICATION OF INJURY,0,0,0,0,0,4,0,19,3,11,41.872889513,-87.705766412,POINT (-87.705766412199 41.872889513296)
JB506387,,11/06/2018 06:58:00 PM,30,NO CONTROLS,NO CONTROLS,RAIN,"DARKNESS, LIGHTED ROAD",PEDESTRIAN,NOT DIVIDED,4,STRAIGHT AND LEVEL,WET,UNKNOWN,NOT ON SCENE (DESK REPORT),INJURY AND / OR TOW DUE TO CRASH,Y,,,"OVER $1,500",11/06/2018 07:00:00 PM,NOT APPLICABLE,NOT APPLICABLE,5254,N,ASHLAND AVE,2012,,,,,,,2,NONINCAPACITATING INJURY,1,0,0,1,0,1,0,18,3,11,41.977825329,-87.669806056,POINT (-87.669806055745 41.977825328683)
JB506413,,11/06/2018 06:57:00 PM,30,NO CONTROLS,NO CONTROLS,CLEAR,"DARKNESS, LIGHTED ROAD",ANGLE,DIVIDED - W/MEDIAN BARRIER,4,STRAIGHT AND LEVEL,DRY,NO DEFECTS,ON SCENE,INJURY AND / OR TOW DUE TO CRASH,Y,,,"OVER $1,500",11/06/2018 07:00:00 PM,FAILING TO YIELD RIGHT-OF-WAY,FAILING TO REDUCE SPEED TO AVOID CRASH,7859,S,HOMAN AVE,835,,,,,,,2,NO INDICATION OF INJURY,0,0,0,0,0,5,0,18,3,11,41.749887247,-87.707139801,POINT (-87.707139800994 41.749887247149)
JB506402,,11/06/2018 06:55:00 PM,30,TRAFFIC SIGNAL,FUNCTIONING PROPERLY,RAIN,"DARKNESS, LIGHTED ROAD",REAR END,DIVIDED - W/MEDIAN (NOT RAISED),,STRAIGHT AND LEVEL,WET,NO DEFECTS,ON SCENE,NO INJURY / DRIVE AWAY,,,Y,"$501 - $1,500",11/06/2018 07:13:00 PM,FOLLOWING TOO CLOSELY,DRIVING SKILLS/KNOWLEDGE/EXPERIENCE,2801,N,WESTERN AVE,1432,,,,,,,2,NO INDICATION OF INJURY,0,0,0,0,0,3,0,18,3,11,41.932231172,-87.687739897,POINT (-87.687739897082 41.932231172219)
JB506357,,11/06/2018 06:49:00 PM,30,NO CONTROLS,NO CONTROLS,CLEAR,"DARKNESS, LIGHTED ROAD",PARKED MOTOR VEHICLE,DIVIDED - W/MEDIAN (NOT RAISED),2,STRAIGHT AND LEVEL,DRY,NO DEFECTS,ON SCENE,NO INJURY / DRIVE AWAY,,,,"OVER $1,500",11/06/2018 06:49:00 PM,WEATHER,UNABLE TO DETERMINE,323,E,47TH ST,224,,N,,,,,2,NO INDICATION OF INJURY,0,0,0,0,0,1,0,18,3,11,41.809242119,-87.618567894,POINT (-87.618567894433 41.809242119323)
JB506380,,11/06/2018 06:45:00 PM,30,STOP SIGN/FLASHER,FUNCTIONING PROPERLY,CLEAR,"DARKNESS, LIGHTED ROAD",ANGLE,NOT DIVIDED,2,STRAIGHT AND LEVEL,DRY,NO DEFECTS,NOT ON SCENE (DESK REPORT),NO INJURY / DRIVE AWAY,Y,,,"OVER $1,500",11/06/2018 07:15:00 PM,UNABLE TO DETERMINE,UNABLE TO DETERMINE,4700,W,MADISON ST,1113,,,,,,,2,NO INDICATION OF INJURY,0,0,0,0,0,2,0,18,3,11,41.880634055,-87.742954731,POINT (-87.742954731159 41.880634055402)
JB506375,,11/06/2018 06:40:00 PM,35,NO CONTROLS,NO CONTROLS,CLEAR,DUSK,FIXED OBJECT,DIVIDED - W/MEDIAN (NOT RAISED),,STRAIGHT AND LEVEL,DRY,NO DEFECTS,ON SCENE,INJURY AND / OR TOW DUE TO CRASH,,,,"OVER $1,500",11/06/2018 06:43:00 PM,NOT APPLICABLE,NOT APPLICABLE,8335,S,JEFFERY BLVD,412,,,,,,,1,NONINCAPACITATING INJURY,1,0,0,1,0,0,0,18,3,11,41.743238122,-87.575683575,POINT (-87.575683575032 41.74323812171)
JB506384,,11/06/2018 06:39:00 PM,30,NO CONTROLS,NO CONTROLS,CLOUDY/OVERCAST,DARKNESS,TURNING,NOT DIVIDED,,STRAIGHT AND LEVEL,DRY,UNKNOWN,ON SCENE,INJURY AND / OR TOW DUE TO CRASH,,,,"OVER $1,500",11/06/2018 06:39:00 PM,FAILING TO YIELD RIGHT-OF-WAY,FAILING TO REDUCE SPEED TO AVOID CRASH,11237,S,DOTY AVE E,434,,,,,,,2,"REPORTED, NOT EVIDENT",2,0,0,0,2,1,0,18,3,11,41.689898689,-87.598209682,POINT (-87.598209681754 41.689898688761)
JB506442,,11/06/2018 06:34:00 PM,30,NO CONTROLS,NO CONTROLS,CLEAR,"DARKNESS, LIGHTED ROAD",REAR END,DIVIDED - W/MEDIAN BARRIER,6,STRAIGHT AND LEVEL,DRY,NO DEFECTS,NOT ON SCENE (DESK REPORT),NO INJURY / DRIVE AWAY,,,,"OVER $1,500",11/06/2018 07:55:00 PM,FAILING TO REDUCE SPEED TO AVOID CRASH,DRIVING SKILLS/KNOWLEDGE/EXPERIENCE,8301,S,CICERO AVE,834,,,,,,,2,NO INDICATION OF INJURY,0,0,0,0,0,2,0,18,3,11,41.741803599,-87.740953582,POINT (-87.740953581987 41.741803598989)
JB509845,,11/06/2018 06:30:00 PM,30,TRAFFIC SIGNAL,FUNCTIONING PROPERLY,CLEAR,DARKNESS,SIDESWIPE SAME DIRECTION,NOT DIVIDED,5,STRAIGHT AND LEVEL,UNKNOWN,UNKNOWN,NOT ON SCENE (DESK REPORT),NO INJURY / DRIVE AWAY,,,,"$501 - $1,500",11/09/2018 03:19:00 PM,IMPROPER OVERTAKING/PASSING,IMPROPER OVERTAKING/PASSING,4750,N,WESTERN AVE,1911,,,,,,,2,NO INDICATION OF INJURY,0,0,0,0,0,2,0,18,3,11,41.968240201,-87.689043295,POINT (-87.689043295124 41.968240201163)
JB507011,,11/06/2018 06:30:00 PM,30,NO CONTROLS,NO CONTROLS,OTHER,"DARKNESS, LIGHTED ROAD",SIDESWIPE OPPOSITE DIRECTION,PARKING LOT,,STRAIGHT AND LEVEL,WET,NO DEFECTS,NOT ON SCENE (DESK REPORT),NO INJURY / DRIVE AWAY,,,,"OVER $1,500",11/07/2018 11:30:00 AM,UNABLE TO DETERMINE,UNABLE TO DETERMINE,3120,N,PULASKI RD,2523,,,,,,,2,NO INDICATION OF INJURY,0,0,0,0,0,2,0,18,3,11,41.937924424,-87.727297437,POINT (-87.727297436758 41.937924424195)
JB506338,,11/06/2018 06:30:00 PM,30,LANE USE MARKING,FUNCTIONING PROPERLY,RAIN,"DARKNESS, LIGHTED ROAD",REAR END,DIVIDED - W/MEDIAN (NOT RAISED),4,STRAIGHT AND LEVEL,WET,NO DEFECTS,ON SCENE,INJURY AND / OR TOW DUE TO CRASH,,,,"OVER $1,500",11/06/2018 06:35:00 PM,FOLLOWING TOO CLOSELY,FAILING TO REDUCE SPEED TO AVOID CRASH,6301,N,MILWAUKEE AVE,1611,,Y,,,,,2,NO INDICATION OF INJURY,0,0,0,0,0,3,0,18,3,11,41.995344034,-87.785796196,POINT (-87.785796196141 41.995344033647)
JB506326,Y,11/06/2018 06:23:00 PM,30,NO CONTROLS,NO CONTROLS,CLEAR,"DARKNESS, LIGHTED ROAD",SIDESWIPE SAME DIRECTION,DIVIDED - W/MEDIAN (NOT RAISED),2,STRAIGHT AND LEVEL,DRY,WORN SURFACE,ON SCENE,NO INJURY / DRIVE AWAY,,,,"$501 - $1,500",11/06/2018 06:30:00 PM,NOT APPLICABLE,UNABLE TO DETERMINE,635,N,OGDEN AVE,1214,,,,,,,2,NO INDICATION OF INJURY,0,0,0,0,0,2,0,18,3,11,41.893330473,-87.656912732,POINT (-87.656912732191 41.893330473386)
JB506456,,11/06/2018 06:19:00 PM,30,NO CONTROLS,NO CONTROLS,CLEAR,"DARKNESS, LIGHTED ROAD",ANGLE,DRIVEWAY,1,STRAIGHT AND LEVEL,DRY,NO DEFECTS,ON SCENE,NO INJURY / DRIVE AWAY,,,,"OVER $1,500",11/06/2018 06:30:00 PM,IMPROPER BACKING,UNABLE TO DETERMINE,6042,N,WESTERN AVE,2413,,,,,,,2,NO INDICATION OF INJURY,0,0,0,0,0,2,0,18,3,11,41.991704914,-87.68984577,POINT (-87.689845770145 41.991704914134)
JB506435,,11/06/2018 06:05:00 PM,25,NO CONTROLS,NO CONTROLS,CLEAR,DARKNESS,PEDESTRIAN,ONE-WAY,,STRAIGHT AND LEVEL,DRY,NO DEFECTS,NOT ON SCENE (DESK REPORT),NO INJURY / DRIVE AWAY,,,,"$501 - $1,500",11/06/2018 07:35:00 PM,NOT APPLICABLE,NOT APPLICABLE,900,N,RIDGEWAY AVE,1112,,,,,,,2,NO INDICATION OF INJURY,0,0,0,0,0,2,0,18,3,11,41.897336696,-87.720184526,POINT (-87.720184526049 41.897336695521)
JB506305,,11/06/2018 06:05:00 PM,30,NO CONTROLS,NO CONTROLS,CLEAR,DAYLIGHT,REAR END,DIVIDED - W/MEDIAN (NOT RAISED),,STRAIGHT AND LEVEL,DRY,NO DEFECTS,ON SCENE,NO INJURY / DRIVE AWAY,,,,"$501 - $1,500",11/06/2018 06:10:00 PM,FAILING TO REDUCE SPEED TO AVOID CRASH,NOT APPLICABLE,7129,W,63RD ST,812,,,,,,,3,NO INDICATION OF INJURY,0,0,0,0,0,3,0,18,3,11,41.777203872,-87.799625499,POINT (-87.799625498902 41.777203871876)
JB512126,,11/06/2018 05:58:00 PM,30,TRAFFIC SIGNAL,FUNCTIONING PROPERLY,CLEAR,"DARKNESS, LIGHTED ROAD",TURNING,NOT DIVIDED,,STRAIGHT AND LEVEL,DRY,NO DEFECTS,NOT ON SCENE (DESK REPORT),NO INJURY / DRIVE AWAY,Y,,Y,$500 OR LESS,11/11/2018 03:32:00 PM,UNABLE TO DETERMINE,UNABLE TO DETERMINE,98,E,GRAND AVE,1834,,,,,,,2,NO INDICATION OF INJURY,0,0,0,0,0,2,0,17,3,11,41.891820034,-87.625443875,POINT (-87.625443874791 41.89182003397)
JB506536,,11/06/2018 05:56:00 PM,30,NO CONTROLS,NO CONTROLS,RAIN,DARKNESS,FIXED OBJECT,NOT DIVIDED,2,STRAIGHT AND LEVEL,WET,"RUT, HOLES",NOT ON SCENE (DESK REPORT),NO INJURY / DRIVE AWAY,,,,"$501 - $1,500",11/06/2018 09:26:00 PM,ROAD ENGINEERING/SURFACE/MARKING DEFECTS,ROAD ENGINEERING/SURFACE/MARKING DEFECTS,12054,S,DOTY AVE E,532,,,,,,,1,NO INDICATION OF INJURY,0,0,0,0,0,1,0,17,3,11,41.674519993,-87.600716432,POINT (-87.600716431873 41.674519993335)
JB506288,,11/06/2018 05:52:00 PM,30,NO CONTROLS,NO CONTROLS,CLOUDY/OVERCAST,"DARKNESS, LIGHTED ROAD",REAR END,NOT DIVIDED,,STRAIGHT AND LEVEL,DRY,NO DEFECTS,ON SCENE,NO INJURY / DRIVE AWAY,,,Y,"OVER $1,500",11/06/2018 06:00:00 PM,FOLLOWING TOO CLOSELY,UNABLE TO DETERMINE,2658,W,LAWRENCE AVE,2031,,,,,,,2,NO INDICATION OF INJURY,0,0,0,0,0,2,0,17,3,11,41.968662866,-87.696183541,POINT (-87.696183541004 41.96866286585)
JB506292,,11/06/2018 05:47:00 PM,30,NO CONTROLS,FUNCTIONING PROPERLY,CLEAR,DARKNESS,TURNING,OTHER,,STRAIGHT AND LEVEL,DRY,NO DEFECTS,ON SCENE,NO INJURY / DRIVE AWAY,,,,"$501 - $1,500",11/06/2018 05:47:00 PM,UNABLE TO DETERMINE,NOT APPLICABLE,3231,N,KIMBALL AVE,1733,,Y,,,,,2,NO INDICATION OF INJURY,0,0,0,0,0,2,0,17,3,11,41.940204581,-87.712387766,POINT (-87.712387766204 41.940204581141)
JB507145,,11/06/2018 05:45:00 PM,30,TRAFFIC SIGNAL,FUNCTIONING PROPERLY,CLEAR,DUSK,SIDESWIPE SAME DIRECTION,NOT DIVIDED,,STRAIGHT AND LEVEL,DRY,NO DEFECTS,NOT ON SCENE (DESK REPORT),NO INJURY / DRIVE AWAY,,,,"OVER $1,500",11/07/2018 01:00:00 PM,UNABLE TO DETERMINE,UNABLE TO DETERMINE,1000,S,CANAL ST,124,,,,,,,2,NO INDICATION OF INJURY,0,0,0,0,0,2,0,17,3,11,41.869714098,-87.63942226,POINT (-87.639422259758 41.869714097949)