RD_NO,CRASH_DATE_EST_I,CRASH_DATE,POSTED_SPEED_LIMIT,TRAFFIC_CONTROL_DEVICE,DEVICE_CONDITION,WEATHER_CONDITION,LIGHTING_CONDITION,FIRST_CRASH_TYPE,TRAFFICWAY_TYPE,LANE_CNT,ALIGNMENT,ROADWAY_SURFACE_COND,ROAD_DEFECT,REPORT_TYPE,CRASH_TYPE,INTERSECTION_RELATED_I,NOT_RIGHT_OF_WAY_I,HIT_AND_RUN_I,DAMAGE,DATE_POLICE_NOTIFIED,PRIM_CONTRIBUTORY_CAUSE,SEC_CONTRIBUTORY_CAUSE,STREET_NO,STREET_DIRECTION,STREET_NAME,BEAT_OF_OCCURRENCE,PHOTOS_TAKEN_I,STATEMENTS_TAKEN_I,DOORING_I,WORK_ZONE_I,WORK_ZONE_TYPE,WORKERS_PRESENT_I,NUM_UNITS,MOST_SEVERE_INJURY,INJURIES_TOTAL,INJURIES_FATAL,INJURIES_INCAPACITATING,INJURIES_NON_INCAPACITATING,INJURIES_REPORTED_NOT_EVIDENT,INJURIES_NO_INDICATION,INJURIES_UNKNOWN,CRASH_HOUR,CRASH_DAY_OF_WEEK,CRASH_MONTH,LATITUDE,LONGITUDE,LOCATION
JB506361,,11/06/2018 05:45:00 PM,30,NO CONTROLS,NO CONTROLS,RAIN,"DARKNESS, LIGHTED ROAD",SIDESWIPE SAME DIRECTION,NOT DIVIDED,,STRAIGHT AND LEVEL,WET,NO DEFECTS,NOT ON SCENE (DESK REPORT),NO INJURY / DRIVE AWAY,,,Y,"$501 - $1,500",11/06/2018 06:55:00 PM,UNABLE TO DETERMINE,UNABLE TO DETERMINE,12700,S,HALSTED ST,523,,,,,,,2,NO INDICATION OF INJURY,0,0,0,0,0,2,0,17,3,11,41.663182101,-87.641565265,POINT (-87.641565265157 41.663182101231)
JB506351,,11/06/2018 05:45:00 PM,30,NO CONTROLS,NO CONTROLS,CLEAR,DUSK,PARKED MOTOR VEHICLE,ALLEY,1,STRAIGHT AND LEVEL,DRY,UNKNOWN,NOT ON SCENE (DESK REPORT),NO INJURY / DRIVE AWAY,,,Y,"OVER $1,500",11/06/2018 06:30:00 PM,UNABLE TO DETERMINE,UNABLE TO DETERMINE,8848,S,MICHIGAN AVE,632,,,,,,,2,NO INDICATION OF INJURY,0,0,0,0,0,1,0,17,3,11,41.733114162,-87.62104265,POINT (-87.621042650341 41.733114162231)
JB506567,,11/06/2018 05:40:00 PM,30,TRAFFIC SIGNAL,FUNCTIONING PROPERLY,RAIN,"DARKNESS, LIGHTED ROAD",REAR END,NOT DIVIDED,,STRAIGHT AND LEVEL,WET,NO DEFECTS,NOT ON SCENE (DESK REPORT),INJURY AND / OR TOW DUE TO CRASH,,,,"OVER $1,500",11/06/2018 08:30:00 PM,FOLLOWING TOO CLOSELY,NOT APPLICABLE,5200,N,PULASKI RD,1712,,,,,,,2,NONINCAPACITATING INJURY,1,0,0,1,0,1,0,17,3,11,41.97562074,-87.728383135,POINT (-87.728383135149 41.975620739662)
JB506333,,11/06/2018 05:40:00 PM,30,TRAFFIC SIGNAL,FUNCTIONING PROPERLY,CLOUDY/OVERCAST,"DARKNESS, LIGHTED ROAD",SIDESWIPE SAME DIRECTION,NOT DIVIDED,4,STRAIGHT AND LEVEL,DRY,NO DEFECTS,NOT ON SCENE (DESK REPORT),NO INJURY / DRIVE AWAY,Y,,Y,"$501 - $1,500",11/06/2018 06:40:00 PM,IMPROPER OVERTAKING/PASSING,NOT APPLICABLE,1315,W,DIVISION ST,1213,,,,,,,2,NO INDICATION OF INJURY,0,0,0,0,0,2,0,17,3,11,41.903329558,-87.661278247,POINT (-87.661278247193 41.903329557919)
JB506265,N,11/06/2018 05:40:00 PM,30,UNKNOWN,UNKNOWN,CLEAR,"DARKNESS, LIGHTED ROAD",TURNING,NOT DIVIDED,2,STRAIGHT AND LEVEL,DRY,UNKNOWN,ON SCENE,INJURY AND / OR TOW DUE TO CRASH,,,,"$501 - $1,500",11/06/2018 05:41:00 PM,NOT APPLICABLE,NOT APPLICABLE,1540,N,CENTRAL AVE,2531,,,,,,,2,NO INDICATION OF INJURY,0,0,0,0,0,3,0,17,3,11,41.908790716,-87.766034551,POINT (-87.766034550867 41.908790715679)
JB506258,,11/06/2018 05:33:00 PM,30,NO CONTROLS,NO CONTROLS,CLEAR,"DARKNESS, LIGHTED ROAD",PEDALCYCLIST,NOT DIVIDED,2,STRAIGHT AND LEVEL,DRY,NO DEFECTS,ON SCENE,INJURY AND / OR TOW DUE TO CRASH,,,,$500 OR LESS,11/06/2018 05:34:00 PM,"EVASIVE ACTION DUE TO ANIMAL, OBJECT, NONMOTORIST",NOT APPLICABLE,829,W,31ST ST,913,,,,,,,2,NONINCAPACITATING INJURY,1,0,0,1,0,0,0,17,3,11,41.837916235,-87.647616391,POINT (-87.647616391452 41.837916234824)
JB506593,,11/06/2018 05:30:00 PM,30,TRAFFIC SIGNAL,FUNCTIONING PROPERLY,CLEAR,DAYLIGHT,TURNING,NOT DIVIDED,6,STRAIGHT AND LEVEL,DRY,NO DEFECTS,NOT ON SCENE (DESK REPORT),NO INJURY / DRIVE AWAY,,,N,$500 OR LESS,11/06/2018 10:30:00 PM,IMPROPER TURNING/NO SIGNAL,NOT APPLICABLE,358,E,JACKSON DR,114,,,,,,,2,NO INDICATION OF INJURY,0,0,0,0,0,2,0,17,3,11,41.878470614,-87.618591537,POINT (-87.618591536703 41.878470613738)
JB506430,,11/06/2018 05:30:00 PM,30,NO CONTROLS,NO CONTROLS,CLOUDY/OVERCAST,DAWN,PARKED MOTOR VEHICLE,NOT DIVIDED,,STRAIGHT AND LEVEL,WET,NO DEFECTS,ON SCENE,NO INJURY / DRIVE AWAY,,,Y,"OVER $1,500",11/06/2018 07:13:00 PM,FAILING TO REDUCE SPEED TO AVOID CRASH,UNABLE TO DETERMINE,113,W,83RD ST,622,,,,,,,2,NO INDICATION OF INJURY,0,0,0,0,0,1,0,17,3,11,41.743498178,-87.627442712,POINT (-87.627442712287 41.74349817816)
JB506287,,11/06/2018 05:30:00 PM,30,NO CONTROLS,FUNCTIONING PROPERLY,CLEAR,DARKNESS,REAR END,DIVIDED - W/MEDIAN BARRIER,3,STRAIGHT AND LEVEL,DRY,NO DEFECTS,NOT ON SCENE (DESK REPORT),NO INJURY / DRIVE AWAY,,,Y,$500 OR LESS,11/06/2018 05:30:00 PM,FOLLOWING TOO CLOSELY,DISTRACTION - FROM INSIDE VEHICLE,550,S,ASHLAND AVE,1231,Y,,,,,,2,NO INDICATION OF INJURY,0,0,0,0,0,2,0,17,3,11,41.874247147,-87.666747035,POINT (-87.666747035397 41.874247146504)
JB506257,,11/06/2018 05:27:00 PM,15,STOP SIGN/FLASHER,FUNCTIONING PROPERLY,CLEAR,DARKNESS,PARKED MOTOR VEHICLE,NOT DIVIDED,1,STRAIGHT AND LEVEL,DRY,NO DEFECTS,ON SCENE,NO INJURY / DRIVE AWAY,Y,,,"OVER $1,500",11/06/2018 05:40:00 PM,UNABLE TO DETERMINE,NOT APPLICABLE,4398,N,AVERS AVE,1723,,,,,,,2,NO INDICATION OF INJURY,0,0,0,0,0,1,0,17,3,11,41.960898599,-87.724302822,POINT (-87.724302821605 41.960898598919)
JB506276,,11/06/2018 05:22:00 PM,30,NO CONTROLS,NO CONTROLS,CLEAR,"DARKNESS, LIGHTED ROAD",REAR END,NOT DIVIDED,2,STRAIGHT AND LEVEL,DRY,NO DEFECTS,ON SCENE,INJURY AND / OR TOW DUE TO CRASH,,,,"OVER $1,500",11/06/2018 05:55:00 PM,FOLLOWING TOO CLOSELY,UNABLE TO DETERMINE,5110,N,CENTRAL AVE,1622,,,,,,,3,NO INDICATION OF INJURY,0,0,0,0,0,3,0,17,3,11,41.974022198,-87.768660583,POINT (-87.768660583192 41.974022198295)
JB506341,,11/06/2018 05:20:00 PM,30,TRAFFIC SIGNAL,FUNCTIONING PROPERLY,RAIN,"DARKNESS, LIGHTED ROAD",REAR END,NOT DIVIDED,4,STRAIGHT AND LEVEL,WET,NO DEFECTS,ON SCENE,NO INJURY / DRIVE AWAY,Y,,Y,$500 OR LESS,11/06/2018 05:30:00 PM,FOLLOWING TOO CLOSELY,NOT APPLICABLE,3944,W,47TH ST,821,,Y,,,,,2,NO INDICATION OF INJURY,0,0,0,0,0,2,0,17,3,11,41.807998867,-87.72293059,POINT (-87.722930590277 41.807998866887)
JB511290,,11/06/2018 05:15:00 PM,30,TRAFFIC SIGNAL,FUNCTIONING PROPERLY,CLEAR,DUSK,PEDESTRIAN,NOT DIVIDED,4,STRAIGHT AND LEVEL,DRY,NO DEFECTS,NOT ON SCENE (DESK REPORT),INJURY AND / OR TOW DUE TO CRASH,,,,$500 OR LESS,11/10/2018 06:55:00 PM,"OPERATING VEHICLE IN ERRATIC, RECKLESS, CARELESS, NEGLIGENT OR AGGRESSIVE MANNER",UNABLE TO DETERMINE,30,E,CHICAGO AVE,1833,,,,,,,2,NONINCAPACITATING INJURY,1,0,0,1,0,2,0,17,3,11,41.896803948,-87.626920284,POINT (-87.626920283732 41.896803947893)
JB506344,Y,11/06/2018 05:15:00 PM,30,STOP SIGN/FLASHER,FUNCTIONING PROPERLY,CLEAR,"DARKNESS, LIGHTED ROAD",REAR END,NOT DIVIDED,2,STRAIGHT AND LEVEL,DRY,NO DEFECTS,ON SCENE,NO INJURY / DRIVE AWAY,,,,$500 OR LESS,11/06/2018 05:15:00 PM,FOLLOWING TOO CLOSELY,UNABLE TO DETERMINE,5810,N,KIMBALL AVE,1711,,,,,,,2,NO INDICATION OF INJURY,0,0,0,0,0,2,0,17,3,11,41.987011842,-87.714026311,POINT (-87.714026310916 41.987011841781)
JB506300,N,11/06/2018 05:10:00 PM,5,NO CONTROLS,NO CONTROLS,CLEAR,DUSK,ANGLE,PARKING LOT,,STRAIGHT AND LEVEL,DRY,NO DEFECTS,NOT ON SCENE (DESK REPORT),NO INJURY / DRIVE AWAY,,,Y,"$501 - $1,500",11/06/2018 06:00:00 PM,IMPROPER BACKING,NOT APPLICABLE,3400,W,BRYN MAWR AVE,1711,,,,,,,2,NO INDICATION OF INJURY,0,0,0,0,0,2,0,17,3,11,41.983117184,-87.713804906,POINT (-87.713804905825 41.983117184394)
JB506233,,11/06/2018 05:08:00 PM,30,STOP SIGN/FLASHER,FUNCTIONING PROPERLY,CLEAR,DARKNESS,ANGLE,NOT DIVIDED,,STRAIGHT AND LEVEL,DRY,NO DEFECTS,ON SCENE,INJURY AND / OR TOW DUE TO CRASH,Y,,,"OVER $1,500",11/06/2018 05:18:00 PM,UNABLE TO DETERMINE,DRIVING SKILLS/KNOWLEDGE/EXPERIENCE,501,W,DIVISION ST,1823,,,,,,,2,NONINCAPACITATING INJURY,2,0,0,2,0,1,0,17,3,11,41.90363785,-87.641220376,POINT (-87.641220375632 41.903637849843)
JB506244,,11/06/2018 05:06:00 PM,30,STOP SIGN/FLASHER,NO CONTROLS,RAIN,DARKNESS,REAR END,NOT DIVIDED,2,STRAIGHT AND LEVEL,WET,NO DEFECTS,ON SCENE,NO INJURY / DRIVE AWAY,,,,"$501 - $1,500",11/06/2018 05:10:00 PM,FOLLOWING TOO CLOSELY,FAILING TO REDUCE SPEED TO AVOID CRASH,5628,N,ELSTON AVE,1623,,,,,,,3,NO INDICATION OF INJURY,0,0,0,0,0,3,0,17,3,11,41.98354126,-87.765741007,POINT (-87.765741006784 41.983541260201)
JB506234,,11/06/2018 05:05:00 PM,30,STOP SIGN/FLASHER,FUNCTIONING PROPERLY,CLEAR,DARKNESS,ANGLE,NOT DIVIDED,6,STRAIGHT AND LEVEL,DRY,NO DEFECTS,ON SCENE,INJURY AND / OR TOW DUE TO CRASH,Y,,,"OVER $1,500",11/06/2018 05:38:00 PM,UNABLE TO DETERMINE,UNABLE TO DETERMINE,5000,S,WESTERN BLVD,923,,,,,,,2,"REPORTED, NOT EVIDENT",1,0,0,0,1,3,0,17,3,11,41.802911342,-87.683849579,POINT (-87.683849578595 41.802911341924)
JB507029,,11/06/2018 05:00:00 PM,30,NO CONTROLS,NO CONTROLS,RAIN,"DARKNESS, LIGHTED ROAD",REAR END,NOT DIVIDED,4,STRAIGHT AND LEVEL,UNKNOWN,NO DEFECTS,NOT ON SCENE (DESK REPORT),NO INJURY / DRIVE AWAY,,,,"$501 - $1,500",11/07/2018 12:00:00 PM,FOLLOWING TOO CLOSELY,NOT APPLICABLE,4801,N,AUSTIN AVE,1622,,,,,,,2,NO INDICATION OF INJURY,0,0,0,0,0,2,0,17,3,11,41.967762794,-87.7772019,POINT (-87.777201899629 41.967762794459)
JB506831,,11/06/2018 05:00:00 PM,30,TRAFFIC SIGNAL,FUNCTIONING PROPERLY,CLOUDY/OVERCAST,DAYLIGHT,SIDESWIPE SAME DIRECTION,NOT DIVIDED,,STRAIGHT AND LEVEL,UNKNOWN,UNKNOWN,NOT ON SCENE (DESK REPORT),NO INJURY / DRIVE AWAY,,,,"OVER $1,500",11/07/2018 09:25:00 AM,UNABLE TO DETERMINE,NOT APPLICABLE,4000,N,BROADWAY,1915,,,,,,,2,NO INDICATION OF INJURY,0,0,0,0,0,2,0,17,3,11,41.954545777,-87.650692769,POINT (-87.65069276917 41.954545776938)
JB506212,,11/06/2018 05:00:00 PM,30,NO CONTROLS,NO CONTROLS,CLEAR,DARKNESS,TURNING,NOT DIVIDED,2,STRAIGHT AND LEVEL,DRY,WORN SURFACE,ON SCENE,INJURY AND / OR TOW DUE TO CRASH,Y,,,"OVER $1,500",11/06/2018 05:00:00 PM,FAILING TO YIELD RIGHT-OF-WAY,NOT APPLICABLE,1725,W,HARRISON ST,1231,,,,,,,2,NO INDICATION OF INJURY,0,0,0,0,0,4,0,17,3,11,41.874016335,-87.670260828,POINT (-87.670260828397 41.874016335282)
JB506200,,11/06/2018 04:59:00 PM,30,TRAFFIC SIGNAL,FUNCTIONING PROPERLY,CLEAR,"DARKNESS, LIGHTED ROAD",SIDESWIPE SAME DIRECTION,NOT DIVIDED,2,STRAIGHT AND LEVEL,DRY,UNKNOWN,ON SCENE,NO INJURY / DRIVE AWAY,,,,"OVER $1,500",11/06/2018 05:00:00 PM,UNABLE TO DETERMINE,NOT APPLICABLE,300,W,47TH ST,925,,,,,,,2,NO INDICATION OF INJURY,0,0,0,0,0,3,0,16,3,11,41.809185409,-87.63342744,POINT (-87.633427439501 41.809185409056)
JB506332,,11/06/2018 04:57:00 PM,25,TRAFFIC SIGNAL,FUNCTIONING PROPERLY,CLEAR,"DARKNESS, LIGHTED ROAD",SIDESWIPE SAME DIRECTION,NOT DIVIDED,2,STRAIGHT AND LEVEL,DRY,NO DEFECTS,NOT ON SCENE (DESK REPORT),NO INJURY / DRIVE AWAY,Y,,,"$501 - $1,500",11/06/2018 05:45:00 PM,UNABLE TO DETERMINE,UNABLE TO DETERMINE,4000,N,KILPATRICK AVE,1722,,,,,,,2,NO INDICATION OF INJURY,0,0,0,0,0,2,0,16,3,11,41.953493279,-87.74572861,POINT (-87.74572860991 41.953493278704)
JB506201,,11/06/2018 04:57:00 PM,25,NO CONTROLS,FUNCTIONING PROPERLY,CLOUDY/OVERCAST,DAWN,PARKED MOTOR VEHICLE,ONE-WAY,1,STRAIGHT AND LEVEL,WET,NO DEFECTS,ON SCENE,NO INJURY / DRIVE AWAY,,,,"$501 - $1,500",11/06/2018 04:57:00 PM,IMPROPER BACKING,NOT APPLICABLE,3259,W,63RD ST,823,,,,,,,2,NO INDICATION OF INJURY,0,0,0,0,0,1,0,16,3,11,41.778827576,-87.705434267,POINT (-87.705434266501 41.778827576279)
JB506488,,11/06/2018 04:55:00 PM,15,NO CONTROLS,NO CONTROLS,CLEAR,DAYLIGHT,FIXED OBJECT,ALLEY,1,STRAIGHT AND LEVEL,DRY,NO DEFECTS,NOT ON SCENE (DESK REPORT),NO INJURY / DRIVE AWAY,,,,$500 OR LESS,11/06/2018 08:40:00 PM,UNABLE TO DETERMINE,UNABLE TO DETERMINE,2812,W,25TH PL,1033,,,,,,,1,NO INDICATION OF INJURY,0,0,0,0,0,2,0,16,3,11,41.845670796,-87.695826214,POINT (-87.695826213856 41.845670795619)
JB506283,,11/06/2018 04:55:00 PM,30,NO CONTROLS,NO CONTROLS,CLEAR,DUSK,SIDESWIPE SAME DIRECTION,DIVIDED - W/MEDIAN (NOT RAISED),2,STRAIGHT AND LEVEL,DRY,UNKNOWN,NOT ON SCENE (DESK REPORT),NO INJURY / DRIVE AWAY,,,,"$501 - $1,500",11/06/2018 05:45:00 PM,FAILING TO YIELD RIGHT-OF-WAY,DRIVING SKILLS/KNOWLEDGE/EXPERIENCE,1028,W,LAWRENCE AVE,2024,,,,,,,2,NO INDICATION OF INJURY,0,0,0,0,0,4,0,16,3,11,41.969182968,-87.656069271,POINT (-87.656069270914 41.969182967777)
JB506216,,11/06/2018 04:51:00 PM,30,NO CONTROLS,NO CONTROLS,CLEAR,"DARKNESS, LIGHTED ROAD",PARKED MOTOR VEHICLE,PARKING LOT,5,STRAIGHT AND LEVEL,DRY,NO DEFECTS,ON SCENE,NO INJURY / DRIVE AWAY,,,N,"OVER $1,500",11/06/2018 04:51:00 PM,UNABLE TO DETERMINE,UNABLE TO DETERMINE,1501,S,CALIFORNIA BLVD,1023,,,,,,,2,NO INDICATION OF INJURY,0,0,0,0,0,1,0,16,3,11,41.861124433,-87.695602337,POINT (-87.695602337173 41.861124432598)
JB507301,,11/06/2018 04:45:00 PM,30,OTHER WARNING SIGN,FUNCTIONING PROPERLY,CLEAR,DUSK,SIDESWIPE SAME DIRECTION,NOT DIVIDED,,STRAIGHT AND LEVEL,DRY,OTHER,NOT ON SCENE (DESK REPORT),NO INJURY / DRIVE AWAY,,,Y,"OVER $1,500",11/07/2018 03:20:00 PM,UNABLE TO DETERMINE,UNABLE TO DETERMINE,5550,W,DEVON AVE,1621,,,,,,,2,NO INDICATION OF INJURY,0,0,0,0,0,2,0,16,3,11,41.997365653,-87.76762043,POINT (-87.767620429769 41.997365653328)
JB506170,,11/06/2018 04:42:00 PM,35,TRAFFIC SIGNAL,FUNCTIONING PROPERLY,RAIN,DUSK,SIDESWIPE SAME DIRECTION,DIVIDED - W/MEDIAN (NOT RAISED),,STRAIGHT AND LEVEL,WET,NO DEFECTS,ON SCENE,NO INJURY / DRIVE AWAY,Y,,,$500 OR LESS,11/06/2018 04:47:00 PM,IMPROPER OVERTAKING/PASSING,NOT APPLICABLE,5100,S,COTTAGE GROVE AVE,233,,,,,,,2,NO INDICATION OF INJURY,0,0,0,0,0,5,0,16,3,11,41.802220633,-87.60655293,POINT (-87.606552929969 41.802220633425)
JB506166,,11/06/2018 04:40:00 PM,30,STOP SIGN/FLASHER,FUNCTIONING PROPERLY,CLEAR,"DARKNESS, LIGHTED ROAD",PEDESTRIAN,NOT DIVIDED,2,STRAIGHT AND LEVEL,DRY,NO DEFECTS,ON SCENE,INJURY AND / OR TOW DUE TO CRASH,Y,,,$500 OR LESS,11/06/2018 04:42:00 PM,FAILING TO YIELD RIGHT-OF-WAY,NOT APPLICABLE,1199,N,CAMPBELL AVE,1212,,,,,,,2,NONINCAPACITATING INJURY,1,0,0,1,0,1,0,16,3,11,41.902970315,-87.689340969,POINT (-87.689340968692 41.902970314773)
JB506389,,11/06/2018 04:34:00 PM,30,TRAFFIC SIGNAL,FUNCTIONING PROPERLY,CLOUDY/OVERCAST,"DARKNESS, LIGHTED ROAD",PARKED MOTOR VEHICLE,DIVIDED - W/MEDIAN (NOT RAISED),4,STRAIGHT AND LEVEL,DRY,NO DEFECTS,NOT ON SCENE (DESK REPORT),NO INJURY / DRIVE AWAY,,,,$500 OR LESS,11/06/2018 07:00:00 PM,DRIVING SKILLS/KNOWLEDGE/EXPERIENCE,UNABLE TO DETERMINE,8601,S,COTTAGE GROVE AVE,632,,,,,,,2,NO INDICATION OF INJURY,0,0,0,0,0,2,0,16,3,11,41.738374076,-87.604725941,POINT (-87.604725940667 41.738374075643)
JB506426,,11/06/2018 04:30:00 PM,25,STOP SIGN/FLASHER,FUNCTIONING PROPERLY,CLEAR,DAYLIGHT,TURNING,NOT DIVIDED,2,STRAIGHT AND LEVEL,DRY,NO DEFECTS,NOT ON SCENE (DESK REPORT),NO INJURY / DRIVE AWAY,Y,,,"$501 - $1,500",11/06/2018 07:45:00 PM,UNABLE TO DETERMINE,UNABLE TO DETERMINE,2391,W,ROSCOE ST,1921,,,,,,,2,NO INDICATION OF INJURY,0,0,0,0,0,4,0,16,3,11,41.942988498,-87.688090999,POINT (-87.688090999078 41.942988498083)
JB506182,,11/06/2018 04:30:00 PM,30,UNKNOWN,UNKNOWN,CLEAR,DARKNESS,SIDESWIPE SAME DIRECTION,NOT DIVIDED,,STRAIGHT AND LEVEL,DRY,UNKNOWN,NOT ON SCENE (DESK REPORT),NO INJURY / DRIVE AWAY,,,,"OVER $1,500",11/06/2018 05:02:00 PM,UNABLE TO DETERMINE,NOT APPLICABLE,5100,W,BELMONT AVE,1634,,,,,,,2,NO INDICATION OF INJURY,0,0,0,0,0,2,0,16,3,11,41.938840382,-87.754367948,POINT (-87.754367947678 41.938840381802)
JB506157,,11/06/2018 04:30:00 PM,30,TRAFFIC SIGNAL,FUNCTIONING PROPERLY,CLEAR,"DARKNESS, LIGHTED ROAD",SIDESWIPE SAME DIRECTION,NOT DIVIDED,,STRAIGHT AND LEVEL,DRY,NO DEFECTS,NOT ON SCENE (DESK REPORT),NO INJURY / DRIVE AWAY,Y,,,"$501 - $1,500",11/06/2018 04:45:00 PM,UNABLE TO DETERMINE,NOT APPLICABLE,5336,W,DEVON AVE,1621,,,,Y,CONSTRUCTION,,2,NO INDICATION OF INJURY,0,0,0,0,0,2,0,16,3,11,41.997432672,-87.762104024,POINT (-87.762104024353 41.997432672005)
JB505966,,11/06/2018 04:30:00 PM,30,TRAFFIC SIGNAL,FUNCTIONING PROPERLY,CLEAR,DUSK,PEDESTRIAN,NOT DIVIDED,,STRAIGHT AND LEVEL,DRY,NO DEFECTS,NOT ON SCENE (DESK REPORT),INJURY AND / OR TOW DUE TO CRASH,Y,,Y,$500 OR LESS,11/06/2018 08:15:00 PM,FAILING TO YIELD RIGHT-OF-WAY,NOT APPLICABLE,5601,W,LAWRENCE AVE,1622,,,,,,,2,"REPORTED, NOT EVIDENT",1,0,0,0,1,1,0,16,3,11,41.967671015,-87.767596237,POINT (-87.767596236994 41.9676710151)
JB506378,,11/06/2018 04:20:00 PM,35,NO CONTROLS,NO CONTROLS,CLEAR,DAYLIGHT,REAR END,NOT DIVIDED,,STRAIGHT AND LEVEL,DRY,NO DEFECTS,NOT ON SCENE (DESK REPORT),NO INJURY / DRIVE AWAY,,,,"OVER $1,500",11/06/2018 05:15:00 PM,FOLLOWING TOO CLOSELY,NOT APPLICABLE,7731,W,IRVING PARK RD,1631,,,,,,,2,NO INDICATION OF INJURY,0,0,0,0,0,2,0,16,3,11,41.952340528,-87.820685453,POINT (-87.820685452507 41.952340527697)
JB506293,,11/06/2018 04:20:00 PM,30,STOP SIGN/FLASHER,FUNCTIONING PROPERLY,CLEAR,DAYLIGHT,ANGLE,NOT DIVIDED,4,STRAIGHT AND LEVEL,DRY,NO DEFECTS,ON SCENE,NO INJURY / DRIVE AWAY,Y,,,"OVER $1,500",11/06/2018 05:37:00 PM,FAILING TO YIELD RIGHT-OF-WAY,NOT APPLICABLE,2359,W,43RD ST,922,,,,,,,2,NO INDICATION OF INJURY,0,0,0,0,0,2,0,16,3,11,41.815594801,-87.683975474,POINT (-87.683975473732 41.815594800565)
JB506145,,11/06/2018 04:20:00 PM,30,NO CONTROLS,NO CONTROLS,CLEAR,DUSK,FIXED OBJECT,NOT DIVIDED,1,STRAIGHT ON GRADE,DRY,WORN SURFACE,ON SCENE,NO INJURY / DRIVE AWAY,,,,"OVER $1,500",11/06/2018 04:20:00 PM,UNABLE TO DETERMINE,UNABLE TO DETERMINE,1020,S,MENARD AVE,1513,,,,,,,1,NO INDICATION OF INJURY,0,0,0,0,0,2,0,16,3,11,41.868523627,-87.76947066,POINT (-87.769470660128 41.868523627295)
JB506347,,11/06/2018 04:15:00 PM,35,NO CONTROLS,NO CONTROLS,CLEAR,"DARKNESS, LIGHTED ROAD",ANGLE,ONE-WAY,,STRAIGHT AND LEVEL,WET,UNKNOWN,ON SCENE,INJURY AND / OR TOW DUE TO CRASH,,,,"OVER $1,500",11/06/2018 06:27:00 PM,IMPROPER OVERTAKING/PASSING,NOT APPLICABLE,624,N,DEARBORN ST,1832,,,,,,,2,NO INDICATION OF INJURY,0,0,0,0,0,2,0,16,3,11,41.893207535,-87.629842208,POINT (-87.62984220776 41.893207535146)
JB506335,,11/06/2018 04:15:00 PM,30,UNKNOWN,UNKNOWN,CLEAR,DAYLIGHT,PARKED MOTOR VEHICLE,NOT DIVIDED,,STRAIGHT AND LEVEL,DRY,UNKNOWN,NOT ON SCENE (DESK REPORT),NO INJURY / DRIVE AWAY,,,,$500 OR LESS,11/06/2018 06:45:00 PM,UNABLE TO DETERMINE,NOT APPLICABLE,3925,W,DIVISION ST,1112,,,,,,,2,NO INDICATION OF INJURY,0,0,0,0,0,1,0,16,3,11,41.902573614,-87.725019808,POINT (-87.725019807812 41.902573613617)
JB506168,,11/06/2018 04:15:00 PM,20,NO CONTROLS,NO CONTROLS,CLEAR,DUSK,REAR END,PARKING LOT,1,STRAIGHT AND LEVEL,DRY,NO DEFECTS,ON SCENE,NO INJURY / DRIVE AWAY,,,Y,"OVER $1,500",11/06/2018 04:40:00 PM,IMPROPER BACKING,FAILING TO YIELD RIGHT-OF-WAY,583,W,OHARE ST,1654,,,,,,,2,NO INDICATION OF INJURY,0,0,0,0,0,2,0,16,3,11,,,
JB506158,,11/06/2018 04:15:00 PM,30,STOP SIGN/FLASHER,FUNCTIONING PROPERLY,CLEAR,DAYLIGHT,ANGLE,OTHER,0,STRAIGHT AND LEVEL,DRY,NO DEFECTS,NOT ON SCENE (DESK REPORT),NO INJURY / DRIVE AWAY,,,,"OVER $1,500",11/06/2018 04:50:00 PM,FAILING TO YIELD RIGHT-OF-WAY,DRIVING SKILLS/KNOWLEDGE/EXPERIENCE,6400,S,HAMLIN AVE,823,,,,,,,2,NO INDICATION OF INJURY,0,0,0,0,0,2,0,16,3,11,41.776854719,-87.717953064,POINT (-87.717953064145 41.776854718652)
JB506092,,11/06/2018 04:14:00 PM,30,NO CONTROLS,NO CONTROLS,CLEAR,DAYLIGHT,PARKED MOTOR VEHICLE,DIVIDED - W/MEDIAN (NOT RAISED),,STRAIGHT AND LEVEL,DRY,NO DEFECTS,NOT ON SCENE (DESK REPORT),NO INJURY / DRIVE AWAY,,,Y,"OVER $1,500",11/06/2018 04:15:00 PM,UNABLE TO DETERMINE,NOT APPLICABLE,2303,S,WESTERN AVE,1034,,,,,,,2,NO INDICATION OF INJURY,0,0,0,0,0,1,0,16,3,11,41.850108855,-87.685437646,POINT (-87.685437646194 41.850108855499)
JB506247,,11/06/2018 04:13:00 PM,30,NO CONTROLS,NO CONTROLS,RAIN,"DARKNESS, LIGHTED ROAD",PARKED MOTOR VEHICLE,PARKING LOT,,STRAIGHT AND LEVEL,WET,NO DEFECTS,,NO INJURY / DRIVE AWAY,,Y,N,"OVER $1,500",11/06/2018 04:15:00 PM,UNABLE TO DETERMINE,NOT APPLICABLE,1430,W,MORSE AVE,2431,,,,,,,2,NO INDICATION OF INJURY,0,0,0,0,0,1,0,16,3,11,42.00799492,-87.667174147,POINT (-87.667174146719 42.007994919933)
JB506223,,11/06/2018 04:10:00 PM,35,NO CONTROLS,NO CONTROLS,CLEAR,DAYLIGHT,SIDESWIPE SAME DIRECTION,NOT DIVIDED,2,STRAIGHT AND LEVEL,DRY,NO DEFECTS,NOT ON SCENE (DESK REPORT),NO INJURY / DRIVE AWAY,,,,"$501 - $1,500",11/06/2018 05:25:00 PM,UNABLE TO DETERMINE,UNABLE TO DETERMINE,2800,W,OGDEN AVE,1022,,,,,,,2,NO INDICATION OF INJURY,0,0,0,0,0,2,0,16,3,11,41.86136821,-87.695954576,POINT (-87.695954576293 41.86136820973)