RD_NO,CRASH_DATE_EST_I,CRASH_DATE,POSTED_SPEED_LIMIT,TRAFFIC_CONTROL_DEVICE,DEVICE_CONDITION,WEATHER_CONDITION,LIGHTING_CONDITION,FIRST_CRASH_TYPE,TRAFFICWAY_TYPE,LANE_CNT,ALIGNMENT,ROADWAY_SURFACE_COND,ROAD_DEFECT,REPORT_TYPE,CRASH_TYPE,INTERSECTION_RELATED_I,NOT_RIGHT_OF_WAY_I,HIT_AND_RUN_I,DAMAGE,DATE_POLICE_NOTIFIED,PRIM_CONTRIBUTORY_CAUSE,SEC_CONTRIBUTORY_CAUSE,STREET_NO,STREET_DIRECTION,STREET_NAME,BEAT_OF_OCCURRENCE,PHOTOS_TAKEN_I,STATEMENTS_TAKEN_I,DOORING_I,WORK_ZONE_I,WORK_ZONE_TYPE,WORKERS_PRESENT_I,NUM_UNITS,MOST_SEVERE_INJURY,INJURIES_TOTAL,INJURIES_FATAL,INJURIES_INCAPACITATING,INJURIES_NON_INCAPACITATING,INJURIES_REPORTED_NOT_EVIDENT,INJURIES_NO_INDICATION,INJURIES_UNKNOWN,CRASH_HOUR,CRASH_DAY_OF_WEEK,CRASH_MONTH,LATITUDE,LONGITUDE,LOCATION
JB506135,,11/06/2018 04:10:00 PM,30,NO CONTROLS,NO CONTROLS,CLEAR,DAYLIGHT,REAR END,NOT DIVIDED,2,STRAIGHT AND LEVEL,DRY,UNKNOWN,NOT ON SCENE (DESK REPORT),NO INJURY / DRIVE AWAY,,,,"$501 - $1,500",11/06/2018 04:37:00 PM,UNABLE TO DETERMINE,UNABLE TO DETERMINE,2449,E,103RD ST,434,,,,,,,2,NO INDICATION OF INJURY,0,0,0,0,0,2,0,16,3,11,41.708003789,-87.563778986,POINT (-87.563778985733 41.708003789255)
JB506115,,11/06/2018 04:10:00 PM,30,NO CONTROLS,NO CONTROLS,CLEAR,DUSK,PEDALCYCLIST,DIVIDED - W/MEDIAN BARRIER,4,STRAIGHT AND LEVEL,DRY,NO DEFECTS,ON SCENE,NO INJURY / DRIVE AWAY,,,,$500 OR LESS,11/06/2018 04:11:00 PM,UNABLE TO DETERMINE,UNABLE TO DETERMINE,839,W,ROOSEVELT RD,1232,,,,,,,2,NO INDICATION OF INJURY,0,0,0,0,0,2,0,16,3,11,41.86701903,-87.648455303,POINT (-87.648455303162 41.86701903034)
JB506195,,11/06/2018 04:05:00 PM,0,NO CONTROLS,NO CONTROLS,CLEAR,DAYLIGHT,ANGLE,PARKING LOT,0,STRAIGHT AND LEVEL,DRY,NO DEFECTS,NOT ON SCENE (DESK REPORT),NO INJURY / DRIVE AWAY,,Y,Y,"OVER $1,500",11/06/2018 05:05:00 PM,FAILING TO YIELD RIGHT-OF-WAY,DRIVING SKILLS/KNOWLEDGE/EXPERIENCE,6701,S,PULASKI RD,833,,,,,,,2,NO INDICATION OF INJURY,0,0,0,0,0,2,0,16,3,11,41.771330473,-87.722428179,POINT (-87.72242817856 41.771330472676)
JB506140,,11/06/2018 04:05:00 PM,25,STOP SIGN/FLASHER,FUNCTIONING PROPERLY,CLOUDY/OVERCAST,"DARKNESS, LIGHTED ROAD",ANGLE,NOT DIVIDED,2,STRAIGHT AND LEVEL,WET,NO DEFECTS,ON SCENE,INJURY AND / OR TOW DUE TO CRASH,Y,,,"OVER $1,500",11/06/2018 04:15:00 PM,DISREGARDING STOP SIGN,DISREGARDING STOP SIGN,3900,S,ARTESIAN AVE,921,,,,,,,2,NONINCAPACITATING INJURY,1,0,0,1,0,4,0,16,3,11,41.822862314,-87.686242701,POINT (-87.68624270101 41.822862314026)
JB506881,,11/06/2018 04:00:00 PM,20,NO CONTROLS,NO CONTROLS,CLEAR,"DARKNESS, LIGHTED ROAD",TURNING,DIVIDED - W/MEDIAN (NOT RAISED),,STRAIGHT AND LEVEL,DRY,NO DEFECTS,NOT ON SCENE (DESK REPORT),NO INJURY / DRIVE AWAY,,,,"$501 - $1,500",11/07/2018 10:27:00 AM,IMPROPER OVERTAKING/PASSING,IMPROPER TURNING/NO SIGNAL,212,S,HALSTED ST,1232,,,,,,,2,NO INDICATION OF INJURY,0,0,0,0,0,2,0,16,3,11,41.878801378,-87.647416203,POINT (-87.647416202906 41.878801378163)
JB506366,,11/06/2018 04:00:00 PM,30,NO CONTROLS,NO CONTROLS,CLEAR,"DARKNESS, LIGHTED ROAD",SIDESWIPE SAME DIRECTION,NOT DIVIDED,,STRAIGHT AND LEVEL,DRY,NO DEFECTS,NOT ON SCENE (DESK REPORT),NO INJURY / DRIVE AWAY,,,,"$501 - $1,500",11/06/2018 07:04:00 PM,FAILING TO YIELD RIGHT-OF-WAY,NOT APPLICABLE,4000,W,SCHOOL ST,1731,,,,,,,2,NO INDICATION OF INJURY,0,0,0,0,0,2,0,16,3,11,41.940989496,-87.727300232,POINT (-87.72730023203 41.940989496095)
JB506316,,11/06/2018 04:00:00 PM,15,NO CONTROLS,NO CONTROLS,CLEAR,DUSK,PEDALCYCLIST,ALLEY,,STRAIGHT AND LEVEL,DRY,NO DEFECTS,ON SCENE,INJURY AND / OR TOW DUE TO CRASH,,,Y,$500 OR LESS,11/06/2018 06:16:00 PM,"OPERATING VEHICLE IN ERRATIC, RECKLESS, CARELESS, NEGLIGENT OR AGGRESSIVE MANNER","OPERATING VEHICLE IN ERRATIC, RECKLESS, CARELESS, NEGLIGENT OR AGGRESSIVE MANNER",8123,S,ESCANABA AVE,422,,,,,,,2,NONINCAPACITATING INJURY,1,0,0,1,0,1,0,16,3,11,41.747549025,-87.553881843,POINT (-87.553881843106 41.747549025333)
JB506248,,11/06/2018 04:00:00 PM,30,NO CONTROLS,NO CONTROLS,CLEAR,DAYLIGHT,TURNING,NOT DIVIDED,,STRAIGHT AND LEVEL,DRY,NO DEFECTS,NOT ON SCENE (DESK REPORT),NO INJURY / DRIVE AWAY,Y,,,"$501 - $1,500",11/06/2018 05:45:00 PM,FAILING TO YIELD RIGHT-OF-WAY,NOT APPLICABLE,1700,N,NARRAGANSETT AVE,2513,,,,,,,2,NO INDICATION OF INJURY,0,0,0,0,0,2,0,16,3,11,41.911047057,-87.785210362,POINT (-87.785210361835 41.911047057406)
JB506118,,11/06/2018 04:00:00 PM,30,NO CONTROLS,NO CONTROLS,CLEAR,DAYLIGHT,SIDESWIPE SAME DIRECTION,NOT DIVIDED,4,STRAIGHT AND LEVEL,DRY,UNKNOWN,NOT ON SCENE (DESK REPORT),NO INJURY / DRIVE AWAY,,,,"OVER $1,500",11/06/2018 04:30:00 PM,FAILING TO YIELD RIGHT-OF-WAY,UNABLE TO DETERMINE,5600,N,LINCOLN AVE,2011,,,,,,,2,NO INDICATION OF INJURY,0,0,0,0,0,2,0,16,3,11,41.983077767,-87.695260972,POINT (-87.695260971689 41.983077767282)
JB506114,,11/06/2018 04:00:00 PM,25,NO CONTROLS,NO CONTROLS,CLEAR,DAYLIGHT,SIDESWIPE SAME DIRECTION,NOT DIVIDED,2,STRAIGHT AND LEVEL,DRY,NO DEFECTS,NOT ON SCENE (DESK REPORT),NO INJURY / DRIVE AWAY,,,,$500 OR LESS,11/06/2018 04:26:00 PM,FAILING TO YIELD RIGHT-OF-WAY,FOLLOWING TOO CLOSELY,2700,W,TOUHY AVE,2411,,,,,,,2,NO INDICATION OF INJURY,0,0,0,0,0,2,0,16,3,11,42.012229542,-87.697474986,POINT (-87.697474985947 42.012229542311)
JB506104,,11/06/2018 04:00:00 PM,20,NO CONTROLS,NO CONTROLS,CLEAR,DUSK,SIDESWIPE SAME DIRECTION,NOT DIVIDED,2,STRAIGHT AND LEVEL,WET,NO DEFECTS,ON SCENE,NO INJURY / DRIVE AWAY,,,,"$501 - $1,500",11/06/2018 04:06:00 PM,IMPROPER OVERTAKING/PASSING,UNABLE TO DETERMINE,1334,E,50TH ST,222,,Y,,,,,2,NO INDICATION OF INJURY,0,0,0,0,0,11,0,16,3,11,41.804323257,-87.593772341,POINT (-87.593772340945 41.804323256965)
JB508844,,11/06/2018 03:45:00 PM,30,UNKNOWN,UNKNOWN,UNKNOWN,UNKNOWN,PARKED MOTOR VEHICLE,PARKING LOT,,STRAIGHT AND LEVEL,DRY,NO DEFECTS,NOT ON SCENE (DESK REPORT),NO INJURY / DRIVE AWAY,,,Y,"$501 - $1,500",11/08/2018 06:20:00 PM,UNABLE TO DETERMINE,UNABLE TO DETERMINE,1900,W,JACKSON BLVD,1225,,,,,,,2,NO INDICATION OF INJURY,0,0,0,0,0,1,0,15,3,11,41.877611658,-87.674227868,POINT (-87.674227867806 41.877611658237)
JB506273,,11/06/2018 03:45:00 PM,30,NO CONTROLS,NO CONTROLS,CLEAR,DAYLIGHT,PARKED MOTOR VEHICLE,PARKING LOT,,STRAIGHT AND LEVEL,DRY,NO DEFECTS,NOT ON SCENE (DESK REPORT),NO INJURY / DRIVE AWAY,,,Y,"$501 - $1,500",11/06/2018 05:57:00 PM,NOT APPLICABLE,NOT APPLICABLE,3223,W,63RD ST,823,,,,,,,2,NO INDICATION OF INJURY,0,0,0,0,0,1,0,15,3,11,41.778848206,-87.704081302,POINT (-87.704081302054 41.778848206367)
JB506074,Y,11/06/2018 03:42:00 PM,30,STOP SIGN/FLASHER,FUNCTIONING PROPERLY,CLEAR,DAYLIGHT,PARKED MOTOR VEHICLE,NOT DIVIDED,2,STRAIGHT AND LEVEL,DRY,NO DEFECTS,ON SCENE,NO INJURY / DRIVE AWAY,Y,,Y,"OVER $1,500",11/06/2018 03:42:00 PM,UNABLE TO DETERMINE,UNABLE TO DETERMINE,3059,N,WOLCOTT AVE,1931,,,,,,,2,NO INDICATION OF INJURY,0,0,0,0,0,1,0,15,3,11,41.937737948,-87.675721766,POINT (-87.675721766318 41.937737948443)
JB506052,,11/06/2018 03:35:00 PM,30,TRAFFIC SIGNAL,FUNCTIONING PROPERLY,CLEAR,DAYLIGHT,REAR END,DIVIDED - W/MEDIAN (NOT RAISED),4,STRAIGHT AND LEVEL,DRY,UNKNOWN,NOT ON SCENE (DESK REPORT),NO INJURY / DRIVE AWAY,,,,"OVER $1,500",11/06/2018 03:47:00 PM,EXCEEDING SAFE SPEED FOR CONDITIONS,FAILING TO REDUCE SPEED TO AVOID CRASH,4397,N,ELSTON AVE,1722,,,,,,,2,NO INDICATION OF INJURY,0,0,0,0,0,2,0,15,3,11,41.960759201,-87.729234391,POINT (-87.72923439098 41.96075920147)
JB506152,,11/06/2018 03:30:00 PM,30,NO CONTROLS,NO CONTROLS,CLEAR,DAYLIGHT,ANGLE,NOT DIVIDED,,STRAIGHT AND LEVEL,UNKNOWN,UNKNOWN,NOT ON SCENE (DESK REPORT),NO INJURY / DRIVE AWAY,,,,"OVER $1,500",11/06/2018 04:50:00 PM,IMPROPER BACKING,NOT APPLICABLE,3201,S,WALLACE ST,915,,,,,,,2,NO INDICATION OF INJURY,0,0,0,0,0,2,0,15,3,11,41.836196373,-87.641218557,POINT (-87.641218557094 41.83619637346)
JB506083,,11/06/2018 03:30:00 PM,30,NO CONTROLS,NO CONTROLS,CLOUDY/OVERCAST,DAYLIGHT,SIDESWIPE SAME DIRECTION,DIVIDED - W/MEDIAN (NOT RAISED),4,STRAIGHT AND LEVEL,DRY,NO DEFECTS,NOT ON SCENE (DESK REPORT),NO INJURY / DRIVE AWAY,,,Y,"$501 - $1,500",11/06/2018 03:50:00 PM,UNABLE TO DETERMINE,NOT APPLICABLE,11,N,CENTRAL AVE,1522,,,,,,,3,NO INDICATION OF INJURY,0,0,0,0,0,3,0,15,3,11,41.880638655,-87.764723333,POINT (-87.764723332791 41.880638655274)
JB506066,,11/06/2018 03:30:00 PM,30,NO CONTROLS,NO CONTROLS,CLEAR,DAYLIGHT,REAR END,NOT DIVIDED,,STRAIGHT AND LEVEL,DRY,NO DEFECTS,NOT ON SCENE (DESK REPORT),NO INJURY / DRIVE AWAY,,,,"OVER $1,500",11/06/2018 03:50:00 PM,UNABLE TO DETERMINE,NOT APPLICABLE,3850,W,FULLERTON AVE,2524,,,,,,,2,NO INDICATION OF INJURY,0,0,0,0,0,2,0,15,3,11,41.924628321,-87.723953321,POINT (-87.723953320984 41.924628320533)
JB506055,,11/06/2018 03:30:00 PM,30,TRAFFIC SIGNAL,FUNCTIONING PROPERLY,CLEAR,DAYLIGHT,REAR END,NOT DIVIDED,,STRAIGHT AND LEVEL,DRY,NO DEFECTS,NOT ON SCENE (DESK REPORT),NO INJURY / DRIVE AWAY,,,,"OVER $1,500",11/06/2018 03:45:00 PM,UNABLE TO DETERMINE,UNABLE TO DETERMINE,1930,S,CLARK ST,131,,,,,,,2,NO INDICATION OF INJURY,0,0,0,0,0,2,0,15,3,11,41.855589956,-87.630309644,POINT (-87.630309644174 41.855589956289)
JB506079,,11/06/2018 03:25:00 PM,30,STOP SIGN/FLASHER,FUNCTIONING PROPERLY,RAIN,DAYLIGHT,ANGLE,NOT DIVIDED,,STRAIGHT AND LEVEL,DRY,NO DEFECTS,ON SCENE,NO INJURY / DRIVE AWAY,Y,,,"OVER $1,500",11/06/2018 03:35:00 PM,FAILING TO YIELD RIGHT-OF-WAY,FAILING TO YIELD RIGHT-OF-WAY,7345,W,TOUHY AVE,1611,,,,,,,2,NO INDICATION OF INJURY,0,0,0,0,0,2,0,15,3,11,42.011493441,-87.810896534,POINT (-87.810896534183 42.011493440974)
JB506044,,11/06/2018 03:25:00 PM,30,NO CONTROLS,NO CONTROLS,CLEAR,DUSK,PARKED MOTOR VEHICLE,NOT DIVIDED,2,STRAIGHT AND LEVEL,DRY,NO DEFECTS,NOT ON SCENE (DESK REPORT),NO INJURY / DRIVE AWAY,,,,$500 OR LESS,11/06/2018 03:28:00 PM,ROAD ENGINEERING/SURFACE/MARKING DEFECTS,NOT APPLICABLE,3999,N,MELVINA AVE,1633,,,,,,,2,NO INDICATION OF INJURY,0,0,0,0,0,1,0,15,3,11,41.952938385,-87.781508923,POINT (-87.781508923125 41.952938384795)
JB506221,,11/06/2018 03:15:00 PM,30,STOP SIGN/FLASHER,FUNCTIONING PROPERLY,CLEAR,"DARKNESS, LIGHTED ROAD",ANGLE,DIVIDED - W/MEDIAN (NOT RAISED),2,STRAIGHT AND LEVEL,DRY,NO DEFECTS,NOT ON SCENE (DESK REPORT),INJURY AND / OR TOW DUE TO CRASH,,,,"OVER $1,500",11/06/2018 05:00:00 PM,FAILING TO YIELD RIGHT-OF-WAY,UNABLE TO DETERMINE,9200,S,LANGLEY AVE,633,,,,,,,2,NO INDICATION OF INJURY,0,0,0,0,0,2,0,15,3,11,41.727444536,-87.60717208,POINT (-87.607172079768 41.727444536412)
JB506058,,11/06/2018 03:15:00 PM,30,TRAFFIC SIGNAL,FUNCTIONING PROPERLY,CLOUDY/OVERCAST,DAYLIGHT,TURNING,NOT DIVIDED,,STRAIGHT ON GRADE,DRY,NO DEFECTS,NOT ON SCENE (DESK REPORT),NO INJURY / DRIVE AWAY,,,,"OVER $1,500",11/06/2018 03:30:00 PM,FAILING TO YIELD RIGHT-OF-WAY,FAILING TO YIELD RIGHT-OF-WAY,1547,W,111TH ST,2234,,,,,,,2,NO INDICATION OF INJURY,0,0,0,0,0,3,0,15,3,11,41.692008076,-87.661805873,POINT (-87.661805873456 41.692008076233)
JB506137,,11/06/2018 03:10:00 PM,30,UNKNOWN,FUNCTIONING PROPERLY,CLEAR,DAYLIGHT,SIDESWIPE SAME DIRECTION,DIVIDED - W/MEDIAN BARRIER,2,STRAIGHT AND LEVEL,DRY,NO DEFECTS,NOT ON SCENE (DESK REPORT),NO INJURY / DRIVE AWAY,,,Y,"$501 - $1,500",11/06/2018 04:40:00 PM,EXCEEDING AUTHORIZED SPEED LIMIT,UNABLE TO DETERMINE,20,N,WACKER DR,122,,,,,,,2,NO INDICATION OF INJURY,0,0,0,0,0,2,0,15,3,11,41.882410906,-87.63717471,POINT (-87.637174710464 41.882410906485)
JB506035,,11/06/2018 03:10:00 PM,30,TRAFFIC SIGNAL,FUNCTIONING PROPERLY,CLEAR,DUSK,TURNING,DIVIDED - W/MEDIAN BARRIER,8,STRAIGHT AND LEVEL,DRY,NO DEFECTS,ON SCENE,NO INJURY / DRIVE AWAY,,,,"$501 - $1,500",11/06/2018 03:11:00 PM,UNABLE TO DETERMINE,UNABLE TO DETERMINE,102,S,LAKE SHORE DR SB,114,,,,,,,2,NO INDICATION OF INJURY,0,0,0,0,0,2,0,15,3,11,41.88081037,-87.617636911,POINT (-87.617636910991 41.880810370189)
JB506019,,11/06/2018 03:09:00 PM,20,NO CONTROLS,NO CONTROLS,CLOUDY/OVERCAST,DAYLIGHT,FIXED OBJECT,ONE-WAY,1,STRAIGHT AND LEVEL,DRY,NO DEFECTS,ON SCENE,INJURY AND / OR TOW DUE TO CRASH,,Y,,"OVER $1,500",11/06/2018 03:09:00 PM,DISTRACTION - FROM INSIDE VEHICLE,NOT APPLICABLE,5511,N,BERNARD ST,1712,,,,,,,1,NO INDICATION OF INJURY,0,0,0,0,0,2,0,15,3,11,41.981550913,-87.714763286,POINT (-87.714763285607 41.981550912563)
JB506031,,11/06/2018 03:05:00 PM,30,NO CONTROLS,NO CONTROLS,CLEAR,DAYLIGHT,PARKED MOTOR VEHICLE,NOT DIVIDED,,STRAIGHT AND LEVEL,DRY,NO DEFECTS,NOT ON SCENE (DESK REPORT),NO INJURY / DRIVE AWAY,,,,"OVER $1,500",11/06/2018 03:30:00 PM,NOT APPLICABLE,NOT APPLICABLE,5840,W,IRVING PARK RD,1624,,,,,,,2,NO INDICATION OF INJURY,0,0,0,0,0,1,0,15,3,11,41.953206901,-87.773566971,POINT (-87.773566971148 41.953206901064)
JB513462,,11/06/2018 03:00:00 PM,30,TRAFFIC SIGNAL,UNKNOWN,CLEAR,DAYLIGHT,REAR END,NOT DIVIDED,3,STRAIGHT AND LEVEL,DRY,UNKNOWN,NOT ON SCENE (DESK REPORT),INJURY AND / OR TOW DUE TO CRASH,,,,"$501 - $1,500",11/12/2018 05:00:00 PM,UNABLE TO DETERMINE,UNABLE TO DETERMINE,8700,S,STONY ISLAND AVE,412,,,,,,,2,"REPORTED, NOT EVIDENT",1,0,0,0,1,2,0,15,3,11,41.73682263,-87.58578342,POINT (-87.585783420329 41.736822630157)
JB506127,,11/06/2018 03:00:00 PM,30,NO CONTROLS,NO CONTROLS,CLEAR,DAYLIGHT,SIDESWIPE SAME DIRECTION,NOT DIVIDED,2,STRAIGHT AND LEVEL,UNKNOWN,UNKNOWN,NOT ON SCENE (DESK REPORT),NO INJURY / DRIVE AWAY,,,,"$501 - $1,500",11/06/2018 04:30:00 PM,UNABLE TO DETERMINE,UNABLE TO DETERMINE,5130,N,BROADWAY,2033,,,,,,,2,NO INDICATION OF INJURY,0,0,0,0,0,2,0,15,3,11,41.975529424,-87.659992377,POINT (-87.659992376884 41.97552942425)
JB506059,,11/06/2018 03:00:00 PM,30,NO CONTROLS,NO CONTROLS,CLEAR,DUSK,SIDESWIPE SAME DIRECTION,NOT DIVIDED,,STRAIGHT AND LEVEL,DRY,NO DEFECTS,ON SCENE,INJURY AND / OR TOW DUE TO CRASH,,,,"OVER $1,500",11/06/2018 03:18:00 PM,FOLLOWING TOO CLOSELY,NOT APPLICABLE,3026,N,LAKE SHORE DR,1934,,,,,,,2,NO INDICATION OF INJURY,0,0,0,0,0,2,0,15,3,11,41.937347436,-87.637259112,POINT (-87.637259111668 41.937347436301)
JB506023,,11/06/2018 02:59:00 PM,30,TRAFFIC SIGNAL,FUNCTIONING PROPERLY,CLEAR,DAYLIGHT,ANGLE,DIVIDED - W/MEDIAN (NOT RAISED),,STRAIGHT AND LEVEL,DRY,NO DEFECTS,ON SCENE,INJURY AND / OR TOW DUE TO CRASH,Y,,,"$501 - $1,500",11/06/2018 03:00:00 PM,FOLLOWING TOO CLOSELY,FOLLOWING TOO CLOSELY,2799,W,PRATT BLVD,2412,,,,,,,2,"REPORTED, NOT EVIDENT",1,0,0,0,1,2,0,14,3,11,42.004742822,-87.699763519,POINT (-87.699763518662 42.004742821743)
JB506014,,11/06/2018 02:52:00 PM,20,NO CONTROLS,NO CONTROLS,CLEAR,DAYLIGHT,PARKED MOTOR VEHICLE,NOT DIVIDED,2,STRAIGHT AND LEVEL,DRY,NO DEFECTS,ON SCENE,NO INJURY / DRIVE AWAY,,,,"$501 - $1,500",11/06/2018 03:06:00 PM,PHYSICAL CONDITION OF DRIVER,DRIVING SKILLS/KNOWLEDGE/EXPERIENCE,1426,N,GREENVIEW AVE,1433,,,,,,,2,NO INDICATION OF INJURY,0,0,0,0,0,1,0,14,3,11,41.907848123,-87.665323882,POINT (-87.665323882272 41.907848123212)
JB506085,,11/06/2018 02:50:00 PM,25,STOP SIGN/FLASHER,NO CONTROLS,CLEAR,DAYLIGHT,SIDESWIPE SAME DIRECTION,NOT DIVIDED,1,STRAIGHT AND LEVEL,DRY,NO DEFECTS,NOT ON SCENE (DESK REPORT),NO INJURY / DRIVE AWAY,Y,,,"OVER $1,500",11/06/2018 04:05:00 PM,IMPROPER BACKING,NOT APPLICABLE,5100,N,MONTCLARE AVE,1613,,,,,,,2,NO INDICATION OF INJURY,0,0,0,0,0,2,0,14,3,11,41.9737961,-87.804895,POINT (-87.804894999909 41.97379609983)
JB506075,,11/06/2018 02:50:00 PM,25,NO CONTROLS,NO CONTROLS,CLEAR,DAYLIGHT,PARKED MOTOR VEHICLE,NOT DIVIDED,,STRAIGHT AND LEVEL,DRY,NO DEFECTS,NOT ON SCENE (DESK REPORT),NO INJURY / DRIVE AWAY,,,Y,"OVER $1,500",11/06/2018 03:50:00 PM,IMPROPER LANE USAGE,UNABLE TO DETERMINE,1426,W,111TH ST,2234,,,,,,,2,NO INDICATION OF INJURY,0,0,0,0,0,1,0,14,3,11,41.692275626,-87.658110319,POINT (-87.658110318846 41.69227562598)
JB506005,,11/06/2018 02:50:00 PM,30,YIELD,FUNCTIONING PROPERLY,CLEAR,DAYLIGHT,PEDESTRIAN,DIVIDED - W/MEDIAN (NOT RAISED),,STRAIGHT AND LEVEL,DRY,NO DEFECTS,ON SCENE,INJURY AND / OR TOW DUE TO CRASH,Y,,Y,"OVER $1,500",11/06/2018 03:33:00 PM,UNABLE TO DETERMINE,UNABLE TO DETERMINE,5100,S,KEDZIE AVE,822,,,,,,,2,NONINCAPACITATING INJURY,1,0,0,1,0,1,0,14,3,11,41.80072726,-87.703910217,POINT (-87.703910217369 41.800727259896)
JB506138,,11/06/2018 02:45:00 PM,35,STOP SIGN/FLASHER,FUNCTIONING PROPERLY,CLEAR,DAYLIGHT,PARKED MOTOR VEHICLE,NOT DIVIDED,,STRAIGHT AND LEVEL,DRY,NO DEFECTS,NOT ON SCENE (DESK REPORT),NO INJURY / DRIVE AWAY,,,,"$501 - $1,500",11/06/2018 04:13:00 PM,DRIVING SKILLS/KNOWLEDGE/EXPERIENCE,UNABLE TO DETERMINE,10800,S,AVENUE O,432,,,,,,,2,NO INDICATION OF INJURY,0,0,0,0,0,1,0,14,3,11,41.69904227,-87.54023307,POINT (-87.540233070295 41.699042269751)
JB505981,,11/06/2018 02:45:00 PM,35,TRAFFIC SIGNAL,FUNCTIONING PROPERLY,CLEAR,DAYLIGHT,SIDESWIPE SAME DIRECTION,DIVIDED - W/MEDIAN BARRIER,3,STRAIGHT AND LEVEL,DRY,NO DEFECTS,ON SCENE,INJURY AND / OR TOW DUE TO CRASH,,,,"OVER $1,500",11/06/2018 02:53:00 PM,IMPROPER LANE USAGE,IMPROPER OVERTAKING/PASSING,3160,W,OGDEN AVE,1022,,,,,,,2,NO INDICATION OF INJURY,0,0,0,0,0,4,0,14,3,11,41.858173375,-87.705230939,POINT (-87.705230939309 41.858173374948)
JB506160,,11/06/2018 02:40:00 PM,30,NO CONTROLS,NO CONTROLS,CLEAR,DAYLIGHT,SIDESWIPE SAME DIRECTION,ONE-WAY,2,STRAIGHT AND LEVEL,DRY,NO DEFECTS,NOT ON SCENE (DESK REPORT),NO INJURY / DRIVE AWAY,,,,"OVER $1,500",11/06/2018 04:45:00 PM,IMPROPER LANE USAGE,FAILING TO REDUCE SPEED TO AVOID CRASH,140,E,HURON ST,1834,,,,,,,2,NO INDICATION OF INJURY,0,0,0,0,0,2,0,14,3,11,41.895054713,-87.623987691,POINT (-87.62398769137 41.895054713219)
JB506162,,11/06/2018 02:30:00 PM,35,TRAFFIC SIGNAL,FUNCTIONING PROPERLY,CLEAR,DAYLIGHT,TURNING,NOT DIVIDED,2,STRAIGHT AND LEVEL,DRY,NO DEFECTS,,INJURY AND / OR TOW DUE TO CRASH,,,,"$501 - $1,500",11/06/2018 02:45:00 PM,UNABLE TO DETERMINE,UNABLE TO DETERMINE,1441,S,CALIFORNIA BLVD,1023,,,,,,,2,NONINCAPACITATING INJURY,1,0,0,1,0,2,0,14,3,11,41.861248347,-87.69560597,POINT (-87.695605970043 41.861248346977)
JB506111,,11/06/2018 02:30:00 PM,30,STOP SIGN/FLASHER,FUNCTIONING PROPERLY,CLOUDY/OVERCAST,DUSK,PEDESTRIAN,DIVIDED - W/MEDIAN (NOT RAISED),2,STRAIGHT AND LEVEL,DRY,NO DEFECTS,ON SCENE,INJURY AND / OR TOW DUE TO CRASH,Y,,Y,$500 OR LESS,11/06/2018 04:23:00 PM,FAILING TO YIELD RIGHT-OF-WAY,NOT APPLICABLE,10635,S,WENTWORTH AVE,512,,,,,,,2,NONINCAPACITATING INJURY,1,0,0,1,0,1,0,14,3,11,41.700680571,-87.627962073,POINT (-87.627962072728 41.700680570702)
JB506006,,11/06/2018 02:30:00 PM,30,NO CONTROLS,NO CONTROLS,CLEAR,DAYLIGHT,SIDESWIPE SAME DIRECTION,DIVIDED - W/MEDIAN (NOT RAISED),,STRAIGHT AND LEVEL,DRY,NO DEFECTS,NOT ON SCENE (DESK REPORT),NO INJURY / DRIVE AWAY,,,,"OVER $1,500",11/06/2018 03:15:00 PM,UNABLE TO DETERMINE,UNABLE TO DETERMINE,3054,S,HARDING AVE,1031,,,,,,,2,NO INDICATION OF INJURY,0,0,0,0,0,2,0,14,3,11,41.837107168,-87.723282282,POINT (-87.723282281643 41.837107168164)
JB506359,,11/06/2018 02:24:00 PM,30,STOP SIGN/FLASHER,UNKNOWN,CLEAR,"DARKNESS, LIGHTED ROAD",PEDESTRIAN,NOT DIVIDED,,STRAIGHT AND LEVEL,DRY,NO DEFECTS,ON SCENE,INJURY AND / OR TOW DUE TO CRASH,,,,$500 OR LESS,11/06/2018 06:30:00 PM,FAILING TO REDUCE SPEED TO AVOID CRASH,NOT APPLICABLE,1720,W,83RD ST,614,,,,,,,3,INCAPACITATING INJURY,2,0,2,0,0,1,0,14,3,11,41.743138025,-87.666586952,POINT (-87.666586951989 41.74313802525)
JB505971,,11/06/2018 02:15:00 PM,30,NO CONTROLS,NO CONTROLS,CLEAR,DAYLIGHT,REAR END,ONE-WAY,1,STRAIGHT AND LEVEL,DRY,NO DEFECTS,ON SCENE,NO INJURY / DRIVE AWAY,,,,"OVER $1,500",11/06/2018 02:33:00 PM,UNABLE TO DETERMINE,UNABLE TO DETERMINE,2102,N,KEDVALE AVE,2525,,,,,,,3,NO INDICATION OF INJURY,0,0,0,0,0,4,0,14,3,11,41.919094027,-87.730430906,POINT (-87.730430906463 41.919094026979)