RD_NO,CRASH_DATE_EST_I,CRASH_DATE,POSTED_SPEED_LIMIT,TRAFFIC_CONTROL_DEVICE,DEVICE_CONDITION,WEATHER_CONDITION,LIGHTING_CONDITION,FIRST_CRASH_TYPE,TRAFFICWAY_TYPE,LANE_CNT,ALIGNMENT,ROADWAY_SURFACE_COND,ROAD_DEFECT,REPORT_TYPE,CRASH_TYPE,INTERSECTION_RELATED_I,NOT_RIGHT_OF_WAY_I,HIT_AND_RUN_I,DAMAGE,DATE_POLICE_NOTIFIED,PRIM_CONTRIBUTORY_CAUSE,SEC_CONTRIBUTORY_CAUSE,STREET_NO,STREET_DIRECTION,STREET_NAME,BEAT_OF_OCCURRENCE,PHOTOS_TAKEN_I,STATEMENTS_TAKEN_I,DOORING_I,WORK_ZONE_I,WORK_ZONE_TYPE,WORKERS_PRESENT_I,NUM_UNITS,MOST_SEVERE_INJURY,INJURIES_TOTAL,INJURIES_FATAL,INJURIES_INCAPACITATING,INJURIES_NON_INCAPACITATING,INJURIES_REPORTED_NOT_EVIDENT,INJURIES_NO_INDICATION,INJURIES_UNKNOWN,CRASH_HOUR,CRASH_DAY_OF_WEEK,CRASH_MONTH,LATITUDE,LONGITUDE,LOCATION
JB506910,,11/06/2018 02:00:00 PM,10,NO CONTROLS,NO CONTROLS,CLEAR,DAYLIGHT,FIXED OBJECT,OTHER,0,STRAIGHT AND LEVEL,WET,NO DEFECTS,NOT ON SCENE (DESK REPORT),NO INJURY / DRIVE AWAY,,,,"$501 - $1,500",11/07/2018 10:30:00 AM,DRIVING SKILLS/KNOWLEDGE/EXPERIENCE,NOT APPLICABLE,2534,N,GREENVIEW AVE,1932,,,,,,,1,NO INDICATION OF INJURY,0,0,0,0,0,1,0,14,3,11,41.928065985,-87.665983148,POINT (-87.665983148479 41.928065985)
JB506578,Y,11/06/2018 02:00:00 PM,30,NO CONTROLS,NO CONTROLS,CLEAR,UNKNOWN,PARKED MOTOR VEHICLE,PARKING LOT,,STRAIGHT AND LEVEL,DRY,NO DEFECTS,ON SCENE,NO INJURY / DRIVE AWAY,,,Y,"$501 - $1,500",11/06/2018 10:24:00 PM,UNABLE TO DETERMINE,NOT APPLICABLE,4254,W,31ST ST,1031,,,,,,,2,NO INDICATION OF INJURY,0,0,0,0,0,1,0,14,3,11,41.836913225,-87.731411296,POINT (-87.731411295602 41.836913225394)
JB506577,Y,11/06/2018 02:00:00 PM,30,NO CONTROLS,NO CONTROLS,CLEAR,UNKNOWN,PARKED MOTOR VEHICLE,PARKING LOT,0,STRAIGHT AND LEVEL,DRY,NO DEFECTS,ON SCENE,NO INJURY / DRIVE AWAY,,,Y,"$501 - $1,500",11/06/2018 10:24:00 PM,UNABLE TO DETERMINE,NOT APPLICABLE,4254,W,31ST ST,1031,,,,,,,2,NO INDICATION OF INJURY,0,0,0,0,0,1,0,14,3,11,41.836913225,-87.731411296,POINT (-87.731411295602 41.836913225394)
JB506532,,11/06/2018 02:00:00 PM,30,TRAFFIC SIGNAL,FUNCTIONING PROPERLY,CLEAR,DAYLIGHT,REAR END,DIVIDED - W/MEDIAN (NOT RAISED),4,STRAIGHT AND LEVEL,DRY,NO DEFECTS,NOT ON SCENE (DESK REPORT),NO INJURY / DRIVE AWAY,,,,"OVER $1,500",11/06/2018 09:37:00 PM,FAILING TO REDUCE SPEED TO AVOID CRASH,NOT APPLICABLE,4401,W,NORTH AVE,2533,,,,,,,2,NO INDICATION OF INJURY,0,0,0,0,0,4,0,14,3,11,41.909644085,-87.736374328,POINT (-87.73637432847 41.909644085158)
JB505973,,11/06/2018 02:00:00 PM,0,NO CONTROLS,NO CONTROLS,CLOUDY/OVERCAST,DAYLIGHT,PARKED MOTOR VEHICLE,PARKING LOT,,STRAIGHT AND LEVEL,DRY,NO DEFECTS,NOT ON SCENE (DESK REPORT),NO INJURY / DRIVE AWAY,,Y,Y,"$501 - $1,500",11/06/2018 03:00:00 PM,UNABLE TO DETERMINE,NOT APPLICABLE,1619,W,HARRISON ST,1231,,,,,,,2,NO INDICATION OF INJURY,0,0,0,0,0,1,0,14,3,11,41.874076666,-87.667607372,POINT (-87.667607371653 41.874076665891)
JB505969,,11/06/2018 02:00:00 PM,10,NO CONTROLS,NO CONTROLS,CLEAR,DAYLIGHT,REAR END,PARKING LOT,,STRAIGHT AND LEVEL,DRY,NO DEFECTS,NOT ON SCENE (DESK REPORT),NO INJURY / DRIVE AWAY,,Y,,"OVER $1,500",11/06/2018 02:20:00 PM,IMPROPER BACKING,NOT APPLICABLE,3700,W,103RD ST,2211,,,,,,,2,NO INDICATION OF INJURY,0,0,0,0,0,2,0,14,3,11,41.706123775,-87.713693596,POINT (-87.713693596334 41.70612377529)
JB505932,,11/06/2018 02:00:00 PM,30,TRAFFIC SIGNAL,UNKNOWN,CLEAR,DAYLIGHT,REAR END,DIVIDED - W/MEDIAN (NOT RAISED),2,STRAIGHT AND LEVEL,DRY,NO DEFECTS,NOT ON SCENE (DESK REPORT),INJURY AND / OR TOW DUE TO CRASH,Y,,,"$501 - $1,500",11/06/2018 02:00:00 PM,FOLLOWING TOO CLOSELY,UNABLE TO DETERMINE,9100,S,ADA ST,2222,,,,,,,2,"REPORTED, NOT EVIDENT",1,0,0,0,1,4,0,14,3,11,41.728502226,-87.656922591,POINT (-87.656922590509 41.728502226208)
JB505902,,11/06/2018 02:00:00 PM,25,NO CONTROLS,NO CONTROLS,CLEAR,DAYLIGHT,PEDESTRIAN,ONE-WAY,1,STRAIGHT AND LEVEL,WET,NO DEFECTS,ON SCENE,INJURY AND / OR TOW DUE TO CRASH,,,,$500 OR LESS,11/06/2018 02:05:00 PM,FAILING TO YIELD RIGHT-OF-WAY,NOT APPLICABLE,6980,N,OAKLEY AVE,2411,,,,,,,2,INCAPACITATING INJURY,1,0,1,0,0,1,0,14,3,11,42.008616019,-87.688239928,POINT (-87.688239928304 42.008616018686)
JB505964,Y,11/06/2018 01:45:00 PM,30,STOP SIGN/FLASHER,NO CONTROLS,CLEAR,DAYLIGHT,ANGLE,NOT DIVIDED,4,STRAIGHT AND LEVEL,WET,NO DEFECTS,ON SCENE,INJURY AND / OR TOW DUE TO CRASH,Y,,,"OVER $1,500",11/06/2018 02:15:00 PM,"VISION OBSCURED (SIGNS, TREE LIMBS, BUILDINGS, ETC.)",FAILING TO YIELD RIGHT-OF-WAY,1600,S,ASHLAND AVE,1234,,,,,,,2,NONINCAPACITATING INJURY,1,0,0,1,0,1,0,13,3,11,41.859559782,-87.66634385,POINT (-87.666343850368 41.859559781969)
JB505915,,11/06/2018 01:45:00 PM,30,STOP SIGN/FLASHER,FUNCTIONING IMPROPERLY,RAIN,DAYLIGHT,TURNING,DIVIDED - W/MEDIAN (NOT RAISED),4,STRAIGHT AND LEVEL,WET,NO DEFECTS,NOT ON SCENE (DESK REPORT),NO INJURY / DRIVE AWAY,,,,"OVER $1,500",11/06/2018 02:05:00 PM,FAILING TO YIELD RIGHT-OF-WAY,NOT APPLICABLE,5600,W,ROOSEVELT RD,1513,,,,,,,2,NO INDICATION OF INJURY,0,0,0,0,0,2,0,13,3,11,41.865708743,-87.764376237,POINT (-87.764376237475 41.865708743252)
JB514241,,11/06/2018 01:40:00 PM,30,NO CONTROLS,NO CONTROLS,CLEAR,DAYLIGHT,TURNING,NOT DIVIDED,4,STRAIGHT AND LEVEL,DRY,NO DEFECTS,NOT ON SCENE (DESK REPORT),NO INJURY / DRIVE AWAY,,,,"OVER $1,500",11/13/2018 11:40:00 AM,IMPROPER TURNING/NO SIGNAL,UNABLE TO DETERMINE,2850,W,COLUMBUS AVE,835,,,,,,,2,NO INDICATION OF INJURY,0,0,0,0,0,2,0,13,3,11,41.754283503,-87.694203269,POINT (-87.694203269203 41.754283503025)
JB506076,,11/06/2018 01:30:00 PM,25,NO CONTROLS,NO CONTROLS,CLEAR,DAYLIGHT,PARKED MOTOR VEHICLE,DIVIDED - W/MEDIAN (NOT RAISED),2,STRAIGHT AND LEVEL,DRY,NO DEFECTS,ON SCENE,INJURY AND / OR TOW DUE TO CRASH,,,Y,"OVER $1,500",11/06/2018 03:59:00 PM,UNABLE TO DETERMINE,NOT APPLICABLE,3250,N,CALIFORNIA AVE,1733,,,,,,,2,NO INDICATION OF INJURY,0,0,0,0,0,1,0,13,3,11,41.940888056,-87.698018017,POINT (-87.698018017013 41.940888055988)
JB506003,Y,11/06/2018 01:30:00 PM,5,NO CONTROLS,NO CONTROLS,CLEAR,DAYLIGHT,PARKED MOTOR VEHICLE,PARKING LOT,,STRAIGHT AND LEVEL,DRY,NO DEFECTS,ON SCENE,NO INJURY / DRIVE AWAY,,Y,,$500 OR LESS,11/06/2018 03:07:00 PM,UNABLE TO DETERMINE,NOT APPLICABLE,4501,W,NORTH AVE,2533,,,,,,,2,NO INDICATION OF INJURY,0,0,0,0,0,1,0,13,3,11,41.909600386,-87.739356467,POINT (-87.739356466533 41.909600386011)
JB505885,,11/06/2018 01:30:00 PM,30,NO CONTROLS,NO CONTROLS,CLOUDY/OVERCAST,DAYLIGHT,REAR END,NOT DIVIDED,,STRAIGHT AND LEVEL,DRY,NO DEFECTS,ON SCENE,NO INJURY / DRIVE AWAY,,,,"OVER $1,500",11/06/2018 01:35:00 PM,FAILING TO YIELD RIGHT-OF-WAY,UNABLE TO DETERMINE,2301,W,HOWARD ST,2411,,,,,,,2,NO INDICATION OF INJURY,0,0,0,0,0,2,0,13,3,11,42.019405204,-87.687778261,POINT (-87.687778260832 42.019405203719)
JB506362,,11/06/2018 01:25:00 PM,30,UNKNOWN,FUNCTIONING PROPERLY,CLEAR,DAYLIGHT,SIDESWIPE OPPOSITE DIRECTION,DIVIDED - W/MEDIAN (NOT RAISED),2,STRAIGHT AND LEVEL,DRY,NO DEFECTS,NOT ON SCENE (DESK REPORT),NO INJURY / DRIVE AWAY,,,Y,$500 OR LESS,11/06/2018 07:00:00 PM,IMPROPER TURNING/NO SIGNAL,UNABLE TO DETERMINE,2156,W,ADDISON ST,1921,,,,,,,2,NO INDICATION OF INJURY,0,0,0,0,0,2,0,13,3,11,41.94691237,-87.683264872,POINT (-87.68326487227 41.946912370191)
JB505871,,11/06/2018 01:10:00 PM,30,NO CONTROLS,NO CONTROLS,CLOUDY/OVERCAST,DAYLIGHT,PARKED MOTOR VEHICLE,NOT DIVIDED,,STRAIGHT AND LEVEL,DRY,NO DEFECTS,NOT ON SCENE (DESK REPORT),NO INJURY / DRIVE AWAY,,,,"$501 - $1,500",11/06/2018 01:40:00 PM,UNABLE TO DETERMINE,NOT APPLICABLE,940,S,MORGAN ST,1232,,,,,,,2,NO INDICATION OF INJURY,0,0,0,0,0,1,0,13,3,11,41.869548848,-87.651271529,POINT (-87.651271529037 41.869548848154)
JB505861,,11/06/2018 01:09:00 PM,30,TRAFFIC SIGNAL,FUNCTIONING PROPERLY,CLEAR,DAYLIGHT,REAR END,NOT DIVIDED,,STRAIGHT AND LEVEL,DRY,NO DEFECTS,NOT ON SCENE (DESK REPORT),NO INJURY / DRIVE AWAY,,,,"OVER $1,500",11/06/2018 01:30:00 PM,DISREGARDING OTHER TRAFFIC SIGNS,NOT APPLICABLE,1035,N,ASHLAND AVE,1213,,,,,,,2,NO INDICATION OF INJURY,0,0,0,0,0,2,0,13,3,11,41.900640696,-87.667271409,POINT (-87.667271408886 41.900640695697)
JB505843,,11/06/2018 01:02:00 PM,30,NO CONTROLS,NO CONTROLS,CLOUDY/OVERCAST,DAYLIGHT,SIDESWIPE SAME DIRECTION,DIVIDED - W/MEDIAN (NOT RAISED),4,STRAIGHT AND LEVEL,DRY,NO DEFECTS,ON SCENE,INJURY AND / OR TOW DUE TO CRASH,,,,"OVER $1,500",11/06/2018 01:07:00 PM,FAILING TO YIELD RIGHT-OF-WAY,IMPROPER LANE USAGE,3850,W,FULLERTON AVE,2524,,,,,,,2,NONINCAPACITATING INJURY,2,0,0,2,0,1,0,13,3,11,41.924628321,-87.723953321,POINT (-87.723953320984 41.924628320533)
JB506219,,11/06/2018 01:00:00 PM,30,NO CONTROLS,NO CONTROLS,CLEAR,DAYLIGHT,SIDESWIPE SAME DIRECTION,NOT DIVIDED,,STRAIGHT AND LEVEL,DRY,NO DEFECTS,NOT ON SCENE (DESK REPORT),NO INJURY / DRIVE AWAY,,,Y,"$501 - $1,500",11/06/2018 05:21:00 PM,NOT APPLICABLE,NOT APPLICABLE,7401,S,CICERO AVE,833,,,,,,,2,NO INDICATION OF INJURY,0,0,0,0,0,2,0,13,3,11,41.758727998,-87.741535662,POINT (-87.741535662317 41.75872799769)
JB505882,Y,11/06/2018 01:00:00 PM,30,NO CONTROLS,NO CONTROLS,CLEAR,DAYLIGHT,SIDESWIPE SAME DIRECTION,ONE-WAY,3,STRAIGHT AND LEVEL,DRY,NO DEFECTS,NOT ON SCENE (DESK REPORT),NO INJURY / DRIVE AWAY,,,,$500 OR LESS,11/06/2018 01:45:00 PM,IMPROPER LANE USAGE,IMPROPER OVERTAKING/PASSING,20,E,RANDOLPH ST,111,Y,,,,,,2,NO INDICATION OF INJURY,0,0,0,0,0,2,0,13,3,11,41.884602855,-87.62718694,POINT (-87.627186940196 41.884602854888)
JB508401,,11/06/2018 12:45:00 PM,20,NO CONTROLS,NO CONTROLS,CLEAR,DAYLIGHT,HEAD ON,PARKING LOT,1,STRAIGHT AND LEVEL,DRY,NO DEFECTS,NOT ON SCENE (DESK REPORT),NO INJURY / DRIVE AWAY,,,Y,"OVER $1,500",11/08/2018 01:30:00 PM,IMPROPER BACKING,FAILING TO YIELD RIGHT-OF-WAY,2570,N,ELSTON AVE,1432,,,,,,,2,NO INDICATION OF INJURY,0,0,0,0,0,3,0,12,3,11,41.92820408,-87.682254827,POINT (-87.682254826596 41.928204080164)
JB505795,,11/06/2018 12:45:00 PM,30,NO CONTROLS,NO CONTROLS,CLEAR,DAYLIGHT,OTHER OBJECT,NOT DIVIDED,4,STRAIGHT AND LEVEL,DRY,NO DEFECTS,ON SCENE,NO INJURY / DRIVE AWAY,,,,"$501 - $1,500",11/06/2018 12:50:00 PM,WEATHER,UNABLE TO DETERMINE,5054,W,FULLERTON AVE,2521,,,,Y,CONSTRUCTION,,1,NO INDICATION OF INJURY,0,0,0,0,0,1,0,12,3,11,41.924254611,-87.753409879,POINT (-87.753409878513 41.924254611214)
JB505830,,11/06/2018 12:40:00 PM,15,NO CONTROLS,NO CONTROLS,CLOUDY/OVERCAST,DAYLIGHT,FIXED OBJECT,ALLEY,,STRAIGHT AND LEVEL,DRY,NO DEFECTS,NOT ON SCENE (DESK REPORT),NO INJURY / DRIVE AWAY,,,,"$501 - $1,500",11/06/2018 01:16:00 PM,NOT APPLICABLE,NOT APPLICABLE,5426,W,DIVISION ST,2532,Y,,,,,,1,NO INDICATION OF INJURY,0,0,0,0,0,1,0,12,3,11,41.902291367,-87.762048869,POINT (-87.762048868787 41.902291366743)
JB505785,,11/06/2018 12:32:00 PM,30,TRAFFIC SIGNAL,FUNCTIONING PROPERLY,CLEAR,DAYLIGHT,TURNING,NOT DIVIDED,4,STRAIGHT AND LEVEL,DRY,NO DEFECTS,ON SCENE,NO INJURY / DRIVE AWAY,Y,,Y,"OVER $1,500",11/06/2018 12:33:00 PM,IMPROPER BACKING,NOT APPLICABLE,375,E,47TH ST,224,,,,,,,2,NO INDICATION OF INJURY,0,0,0,0,0,2,0,12,3,11,41.80927415,-87.616598442,POINT (-87.616598442402 41.809274149635)
JB506747,,11/06/2018 12:30:00 PM,35,TRAFFIC SIGNAL,FUNCTIONING PROPERLY,CLEAR,DARKNESS,PARKED MOTOR VEHICLE,DIVIDED - W/MEDIAN BARRIER,,STRAIGHT AND LEVEL,DRY,NO DEFECTS,NOT ON SCENE (DESK REPORT),NO INJURY / DRIVE AWAY,,,,"$501 - $1,500",11/07/2018 07:45:00 AM,IMPROPER BACKING,IMPROPER BACKING,9022,S,STONY ISLAND AVE,413,,,,,,,2,NO INDICATION OF INJURY,0,0,0,0,0,1,0,12,3,11,41.730725975,-87.585661848,POINT (-87.585661847915 41.730725974978)
JB506060,,11/06/2018 12:30:00 PM,30,NO CONTROLS,NO CONTROLS,CLEAR,DAYLIGHT,PARKED MOTOR VEHICLE,ONE-WAY,3,STRAIGHT AND LEVEL,DRY,NO DEFECTS,NOT ON SCENE (DESK REPORT),NO INJURY / DRIVE AWAY,,,,$500 OR LESS,11/06/2018 03:54:00 PM,NOT APPLICABLE,NOT APPLICABLE,842,W,RANDOLPH ST,1224,Y,,,,,,2,NO INDICATION OF INJURY,0,0,0,0,0,1,0,12,3,11,41.884489074,-87.649103578,POINT (-87.64910357771 41.884489073515)
JB505816,,11/06/2018 12:30:00 PM,30,UNKNOWN,FUNCTIONING PROPERLY,CLEAR,DAYLIGHT,REAR END,ONE-WAY,2,STRAIGHT AND LEVEL,DRY,NO DEFECTS,NOT ON SCENE (DESK REPORT),NO INJURY / DRIVE AWAY,,,,$500 OR LESS,11/06/2018 01:11:00 PM,IMPROPER BACKING,UNABLE TO DETERMINE,1365,N,ASTOR ST,1824,,,,,,,2,NO INDICATION OF INJURY,0,0,0,0,0,2,0,12,3,11,41.907723552,-87.627565728,POINT (-87.627565727662 41.90772355199)
JB505791,,11/06/2018 12:30:00 PM,30,TRAFFIC SIGNAL,FUNCTIONING PROPERLY,CLEAR,DAYLIGHT,TURNING,DIVIDED - W/MEDIAN (NOT RAISED),,STRAIGHT AND LEVEL,DRY,NO DEFECTS,NOT ON SCENE (DESK REPORT),NO INJURY / DRIVE AWAY,Y,,,"OVER $1,500",11/06/2018 12:51:00 PM,FAILING TO YIELD RIGHT-OF-WAY,IMPROPER TURNING/NO SIGNAL,2599,N,WESTERN AVE,1432,,,,,,,2,NO INDICATION OF INJURY,0,0,0,0,0,3,0,12,3,11,41.928621826,-87.687626377,POINT (-87.68762637655 41.928621826255)
JB505834,,11/06/2018 12:20:00 PM,25,NO CONTROLS,NO CONTROLS,CLOUDY/OVERCAST,DAYLIGHT,OTHER OBJECT,NOT DIVIDED,2,STRAIGHT AND LEVEL,DRY,NO DEFECTS,ON SCENE,INJURY AND / OR TOW DUE TO CRASH,N,,,"OVER $1,500",11/06/2018 12:24:00 PM,UNABLE TO DETERMINE,UNABLE TO DETERMINE,1629,W,ADDISON ST,1922,,,,,,,1,NO INDICATION OF INJURY,0,0,0,0,0,1,0,12,3,11,41.946865687,-87.670013556,POINT (-87.67001355553 41.946865687492)
JB505815,,11/06/2018 12:18:00 PM,30,NO CONTROLS,NO CONTROLS,CLOUDY/OVERCAST,DAYLIGHT,REAR END,PARKING LOT,,STRAIGHT AND LEVEL,WET,NO DEFECTS,NOT ON SCENE (DESK REPORT),NO INJURY / DRIVE AWAY,,Y,,"OVER $1,500",11/06/2018 12:53:00 PM,IMPROPER BACKING,UNABLE TO DETERMINE,9400,S,ASHLAND AVE,2221,,,,,,,2,NO INDICATION OF INJURY,0,0,0,0,0,2,0,12,3,11,41.722941218,-87.662862871,POINT (-87.662862871273 41.72294121821)
JB505788,,11/06/2018 12:14:00 PM,25,NO CONTROLS,NO CONTROLS,CLEAR,DAYLIGHT,REAR END,NOT DIVIDED,,STRAIGHT AND LEVEL,DRY,NO DEFECTS,ON SCENE,NO INJURY / DRIVE AWAY,,,,"OVER $1,500",11/06/2018 12:18:00 PM,FOLLOWING TOO CLOSELY,FAILING TO REDUCE SPEED TO AVOID CRASH,510,W,93RD ST,2223,,,,,,,2,NO INDICATION OF INJURY,0,0,0,0,0,2,0,12,3,11,41.725317683,-87.636552408,POINT (-87.636552407911 41.725317682632)
JB507263,,11/06/2018 12:00:00 PM,30,NO CONTROLS,NO CONTROLS,CLEAR,DAYLIGHT,SIDESWIPE SAME DIRECTION,NOT DIVIDED,2,STRAIGHT AND LEVEL,UNKNOWN,UNKNOWN,NOT ON SCENE (DESK REPORT),INJURY AND / OR TOW DUE TO CRASH,,,Y,"$501 - $1,500",11/07/2018 02:37:00 PM,IMPROPER OVERTAKING/PASSING,IMPROPER OVERTAKING/PASSING,3849,W,LAKE ST,1122,,,,,,,2,"REPORTED, NOT EVIDENT",1,0,0,0,1,2,0,12,3,11,41.885204983,-87.7228896,POINT (-87.72288959964 41.885204982576)
JB505870,,11/06/2018 12:00:00 PM,20,STOP SIGN/FLASHER,FUNCTIONING PROPERLY,UNKNOWN,UNKNOWN,PARKED MOTOR VEHICLE,ONE-WAY,,STRAIGHT AND LEVEL,UNKNOWN,NO DEFECTS,NOT ON SCENE (DESK REPORT),NO INJURY / DRIVE AWAY,,,Y,"OVER $1,500",11/06/2018 01:30:00 PM,UNABLE TO DETERMINE,NOT APPLICABLE,1234,W,GLENLAKE AVE,2433,,,,,,,2,NO INDICATION OF INJURY,0,0,0,0,0,1,0,12,3,11,41.992819226,-87.661729038,POINT (-87.661729037595 41.992819225846)
JB505842,,11/06/2018 12:00:00 PM,20,NO CONTROLS,NO CONTROLS,CLOUDY/OVERCAST,DAYLIGHT,PARKED MOTOR VEHICLE,NOT DIVIDED,2,STRAIGHT AND LEVEL,WET,UNKNOWN,NOT ON SCENE (DESK REPORT),NO INJURY / DRIVE AWAY,,,,"$501 - $1,500",11/06/2018 01:15:00 PM,UNABLE TO DETERMINE,UNABLE TO DETERMINE,2410,E,100TH ST,431,,,,,,,2,NO INDICATION OF INJURY,0,0,0,0,0,1,0,12,3,11,41.713626212,-87.565285321,POINT (-87.565285320945 41.713626211989)
JB505756,,11/06/2018 12:00:00 PM,30,TRAFFIC SIGNAL,FUNCTIONING PROPERLY,CLOUDY/OVERCAST,DAYLIGHT,TURNING,NOT DIVIDED,,STRAIGHT AND LEVEL,DRY,NO DEFECTS,NOT ON SCENE (DESK REPORT),NO INJURY / DRIVE AWAY,,,,"OVER $1,500",11/06/2018 12:26:00 PM,UNABLE TO DETERMINE,WEATHER,2350,W,WASHINGTON BLVD,1223,,,,,,,2,NO INDICATION OF INJURY,0,0,0,0,0,3,0,12,3,11,41.883106278,-87.68605689,POINT (-87.68605689016 41.883106277771)
JB507027,,11/06/2018 11:55:00 AM,30,NO CONTROLS,NO CONTROLS,CLEAR,DAYLIGHT,SIDESWIPE OPPOSITE DIRECTION,NOT DIVIDED,,STRAIGHT AND LEVEL,DRY,NO DEFECTS,NOT ON SCENE (DESK REPORT),NO INJURY / DRIVE AWAY,,,Y,"OVER $1,500",11/07/2018 11:50:00 AM,IMPROPER LANE USAGE,NOT APPLICABLE,3010,N,SHEFFIELD AVE,1933,,,,,,,2,NO INDICATION OF INJURY,0,0,0,0,0,2,0,11,3,11,41.936605562,-87.654140226,POINT (-87.654140226025 41.936605562107)
JB505757,,11/06/2018 11:55:00 AM,30,NO CONTROLS,NO CONTROLS,CLOUDY/OVERCAST,DAYLIGHT,REAR END,NOT DIVIDED,,STRAIGHT AND LEVEL,DRY,SHOULDER DEFECT,ON SCENE,NO INJURY / DRIVE AWAY,,,,"$501 - $1,500",11/06/2018 12:10:00 PM,FOLLOWING TOO CLOSELY,UNABLE TO DETERMINE,4341,W,26TH ST,1031,,,,,,,2,NO INDICATION OF INJURY,0,0,0,0,0,3,0,11,3,11,41.844029003,-87.732674525,POINT (-87.732674525403 41.844029002758)
JB505777,,11/06/2018 11:50:00 AM,30,STOP SIGN/FLASHER,FUNCTIONING PROPERLY,CLEAR,DAYLIGHT,TURNING,OTHER,4,STRAIGHT AND LEVEL,DRY,NO DEFECTS,NOT ON SCENE (DESK REPORT),NO INJURY / DRIVE AWAY,Y,,,"OVER $1,500",11/06/2018 12:40:00 PM,FAILING TO YIELD RIGHT-OF-WAY,NOT APPLICABLE,1878,W,OGDEN AVE,1225,,,,,,,2,NO INDICATION OF INJURY,0,0,0,0,0,2,0,11,3,11,41.87515478,-87.673755882,POINT (-87.673755881513 41.875154779829)
JB505734,,11/06/2018 11:50:00 AM,30,NO CONTROLS,NO CONTROLS,CLOUDY/OVERCAST,DAYLIGHT,PARKED MOTOR VEHICLE,NOT DIVIDED,,STRAIGHT AND LEVEL,DRY,NO DEFECTS,NOT ON SCENE (DESK REPORT),NO INJURY / DRIVE AWAY,,,,"OVER $1,500",11/06/2018 12:05:00 PM,IMPROPER OVERTAKING/PASSING,UNABLE TO DETERMINE,5000,W,WELLINGTON AVE,2521,,,,,,,2,NO INDICATION OF INJURY,0,0,0,0,0,2,0,11,3,11,41.935225871,-87.75177386,POINT (-87.751773860461 41.935225871243)
JB506304,,11/06/2018 11:45:00 AM,30,NO CONTROLS,NO CONTROLS,CLOUDY/OVERCAST,DAYLIGHT,PARKED MOTOR VEHICLE,ONE-WAY,1,STRAIGHT AND LEVEL,DRY,UNKNOWN,NOT ON SCENE (DESK REPORT),NO INJURY / DRIVE AWAY,,,Y,"$501 - $1,500",11/06/2018 06:08:00 PM,UNABLE TO DETERMINE,UNABLE TO DETERMINE,10052,S,HOXIE AVE,431,,,,,,,2,NO INDICATION OF INJURY,0,0,0,0,0,1,0,11,3,11,41.712018648,-87.56110895,POINT (-87.561108950478 41.712018647995)
JB505800,,11/06/2018 11:45:00 AM,30,NO CONTROLS,NO CONTROLS,RAIN,DAYLIGHT,TURNING,DIVIDED - W/MEDIAN (NOT RAISED),,STRAIGHT AND LEVEL,WET,NO DEFECTS,NOT ON SCENE (DESK REPORT),NO INJURY / DRIVE AWAY,,,,"$501 - $1,500",11/06/2018 12:30:00 PM,UNABLE TO DETERMINE,NOT APPLICABLE,8700,S,MARQUETTE AVE,423,,,,,,,2,NO INDICATION OF INJURY,0,0,0,0,0,3,0,11,3,11,41.737202344,-87.558498885,POINT (-87.558498884785 41.737202343592)
JB505776,Y,11/06/2018 11:43:00 AM,30,NO CONTROLS,NO CONTROLS,CLEAR,DAYLIGHT,FIXED OBJECT,PARKING LOT,,STRAIGHT AND LEVEL,DRY,NO DEFECTS,ON SCENE,NO INJURY / DRIVE AWAY,,,,"$501 - $1,500",11/06/2018 12:34:00 PM,NOT APPLICABLE,NOT APPLICABLE,5151,W,MADISON ST,1533,,,,,,,1,NO INDICATION OF INJURY,0,0,0,0,0,1,0,11,3,11,41.880266634,-87.754733154,POINT (-87.754733154291 41.880266633611)
JB505807,,11/06/2018 11:40:00 AM,35,NO CONTROLS,NO CONTROLS,CLEAR,DAYLIGHT,HEAD ON,NOT DIVIDED,,STRAIGHT AND LEVEL,DRY,NO DEFECTS,NOT ON SCENE (DESK REPORT),NO INJURY / DRIVE AWAY,,,,"OVER $1,500",11/06/2018 01:10:00 PM,FAILING TO YIELD RIGHT-OF-WAY,UNABLE TO DETERMINE,3130,N,CLYBOURN AVE,1931,,,,,,,2,NO INDICATION OF INJURY,0,0,0,0,0,3,0,11,3,11,41.938297106,-87.686653407,POINT (-87.686653407084 41.938297105593)
JB505726,,11/06/2018 11:40:00 AM,25,NO CONTROLS,NO CONTROLS,RAIN,DAYLIGHT,SIDESWIPE SAME DIRECTION,ONE-WAY,1,STRAIGHT AND LEVEL,WET,NO DEFECTS,ON SCENE,NO INJURY / DRIVE AWAY,,,,"$501 - $1,500",11/06/2018 11:46:00 AM,UNABLE TO DETERMINE,UNABLE TO DETERMINE,5511,S,NATCHEZ AVE,811,,,,,,,2,NO INDICATION OF INJURY,0,0,0,0,0,2,0,11,3,11,41.791913854,-87.784090181,POINT (-87.784090180803 41.791913853793)
JB505770,,11/06/2018 11:36:00 AM,30,STOP SIGN/FLASHER,NO CONTROLS,RAIN,DAYLIGHT,TURNING,NOT DIVIDED,2,STRAIGHT AND LEVEL,WET,UNKNOWN,ON SCENE,INJURY AND / OR TOW DUE TO CRASH,Y,Y,,"OVER $1,500",11/06/2018 12:04:00 PM,IMPROPER TURNING/NO SIGNAL,FAILING TO REDUCE SPEED TO AVOID CRASH,628,N,CICERO AVE,1532,,,,,,,3,NO INDICATION OF INJURY,0,0,0,0,0,4,0,11,3,11,41.89222107,-87.74585804,POINT (-87.74585803975 41.89222107015)