RD_NO,CRASH_DATE_EST_I,CRASH_DATE,POSTED_SPEED_LIMIT,TRAFFIC_CONTROL_DEVICE,DEVICE_CONDITION,WEATHER_CONDITION,LIGHTING_CONDITION,FIRST_CRASH_TYPE,TRAFFICWAY_TYPE,LANE_CNT,ALIGNMENT,ROADWAY_SURFACE_COND,ROAD_DEFECT,REPORT_TYPE,CRASH_TYPE,INTERSECTION_RELATED_I,NOT_RIGHT_OF_WAY_I,HIT_AND_RUN_I,DAMAGE,DATE_POLICE_NOTIFIED,PRIM_CONTRIBUTORY_CAUSE,SEC_CONTRIBUTORY_CAUSE,STREET_NO,STREET_DIRECTION,STREET_NAME,BEAT_OF_OCCURRENCE,PHOTOS_TAKEN_I,STATEMENTS_TAKEN_I,DOORING_I,WORK_ZONE_I,WORK_ZONE_TYPE,WORKERS_PRESENT_I,NUM_UNITS,MOST_SEVERE_INJURY,INJURIES_TOTAL,INJURIES_FATAL,INJURIES_INCAPACITATING,INJURIES_NON_INCAPACITATING,INJURIES_REPORTED_NOT_EVIDENT,INJURIES_NO_INDICATION,INJURIES_UNKNOWN,CRASH_HOUR,CRASH_DAY_OF_WEEK,CRASH_MONTH,LATITUDE,LONGITUDE,LOCATION
JB505711,,11/06/2018 11:35:00 AM,30,TRAFFIC SIGNAL,FUNCTIONING PROPERLY,CLEAR,DAYLIGHT,TURNING,NOT DIVIDED,,STRAIGHT AND LEVEL,DRY,NO DEFECTS,ON SCENE,INJURY AND / OR TOW DUE TO CRASH,Y,,,"OVER $1,500",11/06/2018 11:40:00 AM,IMPROPER TURNING/NO SIGNAL,DRIVING SKILLS/KNOWLEDGE/EXPERIENCE,4032,S,ARCHER AVE,921,,,,,,,3,INCAPACITATING INJURY,2,0,1,0,1,1,0,11,3,11,41.820489892,-87.694038932,POINT (-87.694038932416 41.820489891619)
JB505738,,11/06/2018 11:30:00 AM,30,NO CONTROLS,NO CONTROLS,CLEAR,DAYLIGHT,PARKED MOTOR VEHICLE,PARKING LOT,,STRAIGHT AND LEVEL,DRY,NO DEFECTS,NOT ON SCENE (DESK REPORT),NO INJURY / DRIVE AWAY,,Y,Y,$500 OR LESS,11/06/2018 12:40:00 PM,NOT APPLICABLE,UNABLE TO DETERMINE,3435,S,ARCHER AVE,912,,,,,,,2,NO INDICATION OF INJURY,0,0,0,0,0,1,0,11,3,11,41.8313499,-87.675847848,POINT (-87.675847847859 41.831349900077)
JB505708,,11/06/2018 11:30:00 AM,30,TRAFFIC SIGNAL,FUNCTIONING PROPERLY,CLEAR,DAYLIGHT,SIDESWIPE SAME DIRECTION,NOT DIVIDED,2,STRAIGHT AND LEVEL,WET,OTHER,ON SCENE,NO INJURY / DRIVE AWAY,,,,"OVER $1,500",11/06/2018 11:30:00 AM,IMPROPER OVERTAKING/PASSING,IMPROPER LANE USAGE,758,N,FAIRBANKS CT,1833,,,,,,,2,NO INDICATION OF INJURY,0,0,0,0,0,2,0,11,3,11,41.896733724,-87.620515133,POINT (-87.620515133294 41.896733724064)
JB505688,,11/06/2018 11:16:00 AM,30,STOP SIGN/FLASHER,FUNCTIONING PROPERLY,CLOUDY/OVERCAST,DAYLIGHT,PEDESTRIAN,DIVIDED - W/MEDIAN (NOT RAISED),,STRAIGHT AND LEVEL,WET,NO DEFECTS,ON SCENE,INJURY AND / OR TOW DUE TO CRASH,,,Y,"OVER $1,500",11/06/2018 11:18:00 AM,FAILING TO YIELD RIGHT-OF-WAY,NOT APPLICABLE,2659,W,MARQUETTE RD,831,,Y,,,,,2,INCAPACITATING INJURY,1,0,1,0,0,1,0,11,3,11,41.771752936,-87.690705681,POINT (-87.690705681207 41.77175293584)
JB507462,,11/06/2018 11:14:00 AM,30,NO CONTROLS,NO CONTROLS,CLOUDY/OVERCAST,DAYLIGHT,SIDESWIPE SAME DIRECTION,DIVIDED - W/MEDIAN (NOT RAISED),,STRAIGHT AND LEVEL,DRY,NO DEFECTS,NOT ON SCENE (DESK REPORT),NO INJURY / DRIVE AWAY,,,,"$501 - $1,500",11/07/2018 05:00:00 PM,FAILING TO YIELD RIGHT-OF-WAY,IMPROPER TURNING/NO SIGNAL,941,W,LAWRENCE AVE,1914,,,,,,,2,NO INDICATION OF INJURY,0,0,0,0,0,2,0,11,3,11,41.968990042,-87.654054447,POINT (-87.65405444664 41.968990042027)
JB505775,,11/06/2018 11:12:00 AM,30,STOP SIGN/FLASHER,FUNCTIONING PROPERLY,CLOUDY/OVERCAST,DAYLIGHT,SIDESWIPE SAME DIRECTION,ONE-WAY,1,STRAIGHT AND LEVEL,WET,NO DEFECTS,NOT ON SCENE (DESK REPORT),INJURY AND / OR TOW DUE TO CRASH,,,Y,"OVER $1,500",11/06/2018 12:30:00 PM,EXCEEDING AUTHORIZED SPEED LIMIT,UNABLE TO DETERMINE,8448,S,CRANDON AVE,412,,,,,,,2,NO INDICATION OF INJURY,0,0,0,0,0,2,0,11,3,11,41.741167103,-87.568653155,POINT (-87.568653155318 41.741167102586)
JB505675,Y,11/06/2018 11:05:00 AM,30,NO CONTROLS,NO CONTROLS,CLOUDY/OVERCAST,DAYLIGHT,SIDESWIPE SAME DIRECTION,ONE-WAY,3,STRAIGHT AND LEVEL,DRY,NO DEFECTS,NOT ON SCENE (DESK REPORT),NO INJURY / DRIVE AWAY,,,,"OVER $1,500",11/06/2018 11:25:00 AM,UNABLE TO DETERMINE,UNABLE TO DETERMINE,515,N,CLARK ST,1831,,,,,,,2,NO INDICATION OF INJURY,0,0,0,0,0,2,0,11,3,11,41.891371598,-87.630972449,POINT (-87.630972449199 41.891371598247)
JB505683,,11/06/2018 11:01:00 AM,30,NO CONTROLS,NO CONTROLS,RAIN,DAYLIGHT,FIXED OBJECT,DIVIDED - W/MEDIAN BARRIER,,STRAIGHT AND LEVEL,WET,NO DEFECTS,ON SCENE,NO INJURY / DRIVE AWAY,,,,"OVER $1,500",11/06/2018 11:11:00 AM,DRIVING SKILLS/KNOWLEDGE/EXPERIENCE,NOT APPLICABLE,8331,S,JEFFERY BLVD,412,,,,,,,1,NO INDICATION OF INJURY,0,0,0,0,0,1,0,11,3,11,41.743498092,-87.575689704,POINT (-87.575689703706 41.743498092447)
JB506937,Y,11/06/2018 11:00:00 AM,25,NO CONTROLS,NO CONTROLS,RAIN,DUSK,PARKED MOTOR VEHICLE,NOT DIVIDED,2,STRAIGHT AND LEVEL,WET,NO DEFECTS,NOT ON SCENE (DESK REPORT),NO INJURY / DRIVE AWAY,,,Y,"OVER $1,500",11/07/2018 10:51:00 AM,UNABLE TO DETERMINE,UNABLE TO DETERMINE,3742,E,105TH ST,432,,,,,,,2,NO INDICATION OF INJURY,0,0,0,0,0,1,0,11,3,11,41.704666507,-87.532387756,POINT (-87.532387755548 41.704666506975)
JB506558,,11/06/2018 11:00:00 AM,30,NO CONTROLS,NO CONTROLS,CLEAR,DAYLIGHT,PARKED MOTOR VEHICLE,PARKING LOT,,STRAIGHT AND LEVEL,DRY,NO DEFECTS,NOT ON SCENE (DESK REPORT),NO INJURY / DRIVE AWAY,,Y,,"OVER $1,500",11/06/2018 11:30:00 PM,DRIVING SKILLS/KNOWLEDGE/EXPERIENCE,NOT APPLICABLE,925,N,CALIFORNIA AVE,1211,,,,,,,2,NO INDICATION OF INJURY,0,0,0,0,0,1,0,11,3,11,41.898249929,-87.696620115,POINT (-87.696620115192 41.898249929183)
JB505709,,11/06/2018 11:00:00 AM,30,TRAFFIC SIGNAL,FUNCTIONING PROPERLY,CLOUDY/OVERCAST,DAYLIGHT,TURNING,NOT DIVIDED,,STRAIGHT AND LEVEL,DRY,NO DEFECTS,ON SCENE,NO INJURY / DRIVE AWAY,Y,,,$500 OR LESS,11/06/2018 11:24:00 AM,IMPROPER LANE USAGE,NOT APPLICABLE,4402,W,GRAND AVE,2533,,,,,,,2,NO INDICATION OF INJURY,0,0,0,0,0,2,0,11,3,11,41.910205727,-87.736310358,POINT (-87.736310357518 41.910205726613)
JB505696,,11/06/2018 11:00:00 AM,25,NO CONTROLS,NO CONTROLS,CLOUDY/OVERCAST,DAYLIGHT,PARKED MOTOR VEHICLE,ONE-WAY,,STRAIGHT AND LEVEL,WET,NO DEFECTS,ON SCENE,INJURY AND / OR TOW DUE TO CRASH,,,Y,"$501 - $1,500",11/06/2018 11:14:00 AM,NOT APPLICABLE,NOT APPLICABLE,11716,S,PRINCETON AVE,522,,,,,,,2,NO INDICATION OF INJURY,0,0,0,0,0,1,0,11,3,11,41.681043346,-87.63010338,POINT (-87.630103379785 41.681043345586)
JB505693,,11/06/2018 11:00:00 AM,30,NO CONTROLS,NO CONTROLS,RAIN,DAYLIGHT,ANGLE,ONE-WAY,,STRAIGHT AND LEVEL,WET,NO DEFECTS,ON SCENE,NO INJURY / DRIVE AWAY,,,Y,"OVER $1,500",11/06/2018 11:22:00 AM,"OPERATING VEHICLE IN ERRATIC, RECKLESS, CARELESS, NEGLIGENT OR AGGRESSIVE MANNER",DRIVING ON WRONG SIDE/WRONG WAY,1501,S,RIDGEWAY AVE,1014,,,,,,,3,NO INDICATION OF INJURY,0,0,0,0,0,2,0,11,3,11,41.86067248,-87.718767996,POINT (-87.71876799568 41.860672479646)
JB505733,,11/06/2018 10:59:00 AM,35,NO CONTROLS,NO CONTROLS,UNKNOWN,DAYLIGHT,PARKED MOTOR VEHICLE,DIVIDED - W/MEDIAN BARRIER,6,STRAIGHT AND LEVEL,WET,NO DEFECTS,ON SCENE,INJURY AND / OR TOW DUE TO CRASH,,,,"OVER $1,500",11/06/2018 10:59:00 AM,IMPROPER LANE USAGE,DRIVING SKILLS/KNOWLEDGE/EXPERIENCE,126,E,GARFIELD BLVD,231,,,,,,,2,NO INDICATION OF INJURY,0,0,0,0,0,1,0,10,3,11,41.794825834,-87.621273269,POINT (-87.621273269072 41.794825834354)
JB505986,,11/06/2018 10:55:00 AM,10,NO CONTROLS,NO CONTROLS,CLEAR,DAYLIGHT,PARKED MOTOR VEHICLE,PARKING LOT,,STRAIGHT AND LEVEL,DRY,NO DEFECTS,ON SCENE,NO INJURY / DRIVE AWAY,,Y,,"$501 - $1,500",11/06/2018 03:00:00 PM,IMPROPER BACKING,NOT APPLICABLE,3540,W,71ST ST,831,,,,,,,2,NO INDICATION OF INJURY,0,0,0,0,0,1,0,10,3,11,41.764362083,-87.711785572,POINT (-87.711785571757 41.764362083055)
JB505679,,11/06/2018 10:48:00 AM,30,TRAFFIC SIGNAL,FUNCTIONING IMPROPERLY,CLEAR,DAYLIGHT,PEDESTRIAN,NOT DIVIDED,2,STRAIGHT AND LEVEL,DRY,NO DEFECTS,ON SCENE,INJURY AND / OR TOW DUE TO CRASH,Y,,,"OVER $1,500",11/06/2018 10:48:00 AM,FAILING TO YIELD RIGHT-OF-WAY,FAILING TO YIELD RIGHT-OF-WAY,7131,S,JEFFERY BLVD,333,,,,,,,2,NONINCAPACITATING INJURY,1,0,0,1,0,1,0,10,3,11,41.765189524,-87.576133104,POINT (-87.576133103966 41.765189524328)
JB505677,,11/06/2018 10:44:00 AM,30,STOP SIGN/FLASHER,FUNCTIONING PROPERLY,CLEAR,DAYLIGHT,ANGLE,NOT DIVIDED,0,STRAIGHT AND LEVEL,DRY,NO DEFECTS,NOT ON SCENE (DESK REPORT),NO INJURY / DRIVE AWAY,Y,,,"$501 - $1,500",11/06/2018 10:44:00 AM,FAILING TO YIELD RIGHT-OF-WAY,UNABLE TO DETERMINE,4700,S,LAWNDALE AVE,821,,,,,,,2,NO INDICATION OF INJURY,0,0,0,0,0,3,0,10,3,11,41.80790245,-87.716375968,POINT (-87.716375968062 41.807902449705)
JB505648,,11/06/2018 10:41:00 AM,25,NO CONTROLS,NO CONTROLS,CLOUDY/OVERCAST,DAYLIGHT,SIDESWIPE SAME DIRECTION,NOT DIVIDED,,STRAIGHT AND LEVEL,DRY,NO DEFECTS,NOT ON SCENE (DESK REPORT),NO INJURY / DRIVE AWAY,,,,"OVER $1,500",11/06/2018 11:05:00 AM,UNABLE TO DETERMINE,UNABLE TO DETERMINE,811,S,PAULINA ST,1231,,,,,,,2,NO INDICATION OF INJURY,0,0,0,0,0,3,0,10,3,11,41.871248614,-87.668880307,POINT (-87.668880306573 41.871248614054)
JB505662,,11/06/2018 10:35:00 AM,30,TRAFFIC SIGNAL,FUNCTIONING PROPERLY,CLEAR,DAYLIGHT,TURNING,DIVIDED - W/MEDIAN (NOT RAISED),,STRAIGHT AND LEVEL,WET,NO DEFECTS,ON SCENE,INJURY AND / OR TOW DUE TO CRASH,Y,,,"OVER $1,500",11/06/2018 10:58:00 AM,FAILING TO YIELD RIGHT-OF-WAY,NOT APPLICABLE,1559,N,CICERO AVE,2533,,,,,,,2,INCAPACITATING INJURY,2,0,2,0,0,0,0,10,3,11,41.90953467,-87.745967679,POINT (-87.745967679057 41.909534669935)
JB507318,Y,11/06/2018 10:30:00 AM,35,NO CONTROLS,NO CONTROLS,CLEAR,DARKNESS,PARKED MOTOR VEHICLE,NOT DIVIDED,,STRAIGHT AND LEVEL,DRY,NO DEFECTS,NOT ON SCENE (DESK REPORT),NO INJURY / DRIVE AWAY,,,Y,"$501 - $1,500",11/07/2018 03:30:00 PM,UNABLE TO DETERMINE,UNABLE TO DETERMINE,4709,N,LAVERGNE AVE,1623,,,,,,,2,NO INDICATION OF INJURY,0,0,0,0,0,1,0,10,3,11,41.966595564,-87.75246553,POINT (-87.752465530274 41.966595564199)
JB506000,,11/06/2018 10:30:00 AM,30,NO CONTROLS,NO CONTROLS,CLEAR,DAYLIGHT,PARKED MOTOR VEHICLE,NOT DIVIDED,,STRAIGHT AND LEVEL,DRY,NO DEFECTS,NOT ON SCENE (DESK REPORT),NO INJURY / DRIVE AWAY,,,Y,"$501 - $1,500",11/06/2018 03:16:00 PM,NOT APPLICABLE,NOT APPLICABLE,4901,S,KOMENSKY AVE,815,,,,,,,2,NO INDICATION OF INJURY,0,0,0,0,0,1,0,10,3,11,41.804104375,-87.724551236,POINT (-87.724551236148 41.804104375242)
JB505754,,11/06/2018 10:30:00 AM,30,NO CONTROLS,NO CONTROLS,RAIN,DAYLIGHT,REAR END,NOT DIVIDED,,STRAIGHT AND LEVEL,WET,NO DEFECTS,NOT ON SCENE (DESK REPORT),NO INJURY / DRIVE AWAY,,,,"OVER $1,500",11/06/2018 12:23:00 PM,UNABLE TO DETERMINE,UNABLE TO DETERMINE,5609,S,PULASKI RD,822,,,,,,,3,NO INDICATION OF INJURY,0,0,0,0,0,3,0,10,3,11,41.79108082,-87.722955168,POINT (-87.722955167531 41.791080819924)
JB505618,,11/06/2018 10:20:00 AM,30,NO CONTROLS,NO CONTROLS,CLEAR,DAYLIGHT,ANGLE,PARKING LOT,,STRAIGHT AND LEVEL,WET,NO DEFECTS,NOT ON SCENE (DESK REPORT),NO INJURY / DRIVE AWAY,,,,"OVER $1,500",11/06/2018 10:35:00 AM,IMPROPER BACKING,UNABLE TO DETERMINE,5205,W,FULLERTON AVE,2515,,,,,,,2,NO INDICATION OF INJURY,0,0,0,0,0,2,0,10,3,11,41.923993605,-87.756361555,POINT (-87.756361555346 41.923993605155)
JB505596,,11/06/2018 10:19:00 AM,30,TRAFFIC SIGNAL,FUNCTIONING PROPERLY,RAIN,DAYLIGHT,SIDESWIPE SAME DIRECTION,DIVIDED - W/MEDIAN BARRIER,2,STRAIGHT AND LEVEL,WET,NO DEFECTS,ON SCENE,NO INJURY / DRIVE AWAY,,,,$500 OR LESS,11/06/2018 10:30:00 AM,FAILING TO YIELD RIGHT-OF-WAY,ROAD CONSTRUCTION/MAINTENANCE,952,W,ROOSEVELT RD,1232,,N,,Y,CONSTRUCTION,Y,2,NO INDICATION OF INJURY,0,0,0,0,0,3,0,10,3,11,41.867198686,-87.650950425,POINT (-87.650950424675 41.867198686465)
JB505802,,11/06/2018 10:15:00 AM,30,NO CONTROLS,NO CONTROLS,UNKNOWN,DAYLIGHT,SIDESWIPE SAME DIRECTION,NOT DIVIDED,2,STRAIGHT AND LEVEL,WET,WORN SURFACE,ON SCENE,INJURY AND / OR TOW DUE TO CRASH,,,,"OVER $1,500",11/06/2018 10:20:00 AM,UNABLE TO DETERMINE,NOT APPLICABLE,11500,S,DOTY AVE E,532,,,,,,,2,NO INDICATION OF INJURY,0,0,0,0,0,3,0,10,3,11,41.68607159,-87.600583825,POINT (-87.600583824506 41.686071590121)
JB505632,,11/06/2018 10:15:00 AM,30,NO CONTROLS,NO CONTROLS,RAIN,DAYLIGHT,SIDESWIPE SAME DIRECTION,NOT DIVIDED,4,STRAIGHT AND LEVEL,WET,NO DEFECTS,NOT ON SCENE (DESK REPORT),NO INJURY / DRIVE AWAY,,,Y,"OVER $1,500",11/06/2018 10:50:00 AM,UNABLE TO DETERMINE,DRIVING SKILLS/KNOWLEDGE/EXPERIENCE,2200,W,95TH ST,2221,,,,,,,2,NO INDICATION OF INJURY,0,0,0,0,0,2,0,10,3,11,41.721119413,-87.677282823,POINT (-87.677282823239 41.721119413196)
JB505622,Y,11/06/2018 10:15:00 AM,30,NO CONTROLS,NO CONTROLS,CLOUDY/OVERCAST,DAYLIGHT,PARKED MOTOR VEHICLE,DIVIDED - W/MEDIAN (NOT RAISED),2,STRAIGHT AND LEVEL,WET,UNKNOWN,ON SCENE,NO INJURY / DRIVE AWAY,,,Y,"OVER $1,500",11/06/2018 10:16:00 AM,EXCEEDING AUTHORIZED SPEED LIMIT,UNABLE TO DETERMINE,7255,S,DAMEN AVE,735,,,,,,,2,NO INDICATION OF INJURY,0,0,0,0,0,1,0,10,3,11,41.76136999,-87.673297498,POINT (-87.673297498151 41.761369989812)
JB505889,N,11/06/2018 10:12:00 AM,30,NO CONTROLS,UNKNOWN,RAIN,DAYLIGHT,SIDESWIPE SAME DIRECTION,NOT DIVIDED,2,STRAIGHT AND LEVEL,WET,UNKNOWN,NOT ON SCENE (DESK REPORT),NO INJURY / DRIVE AWAY,N,,,"OVER $1,500",11/06/2018 01:44:00 PM,NOT APPLICABLE,NOT APPLICABLE,11200,S,DOTY AVE W,531,,,,,,,2,NO INDICATION OF INJURY,0,0,0,0,0,2,0,10,3,11,41.69084369,-87.599711605,POINT (-87.599711604934 41.69084368952)
JB505576,,11/06/2018 10:09:00 AM,25,NO CONTROLS,NO CONTROLS,CLEAR,UNKNOWN,FIXED OBJECT,NOT DIVIDED,2,STRAIGHT AND LEVEL,UNKNOWN,NO DEFECTS,ON SCENE,INJURY AND / OR TOW DUE TO CRASH,,,N,"OVER $1,500",11/06/2018 10:10:00 AM,UNABLE TO DETERMINE,UNABLE TO DETERMINE,3250,W,MONROE ST,1124,,,,,,,1,NO INDICATION OF INJURY,0,0,0,0,0,1,0,10,3,11,41.879741174,-87.708081989,POINT (-87.708081988506 41.879741173508)
JB505658,,11/06/2018 10:06:00 AM,15,NO CONTROLS,NO CONTROLS,RAIN,DAYLIGHT,PARKED MOTOR VEHICLE,PARKING LOT,0,STRAIGHT AND LEVEL,WET,NO DEFECTS,ON SCENE,NO INJURY / DRIVE AWAY,,Y,,"OVER $1,500",11/06/2018 10:06:00 AM,UNABLE TO DETERMINE,NOT APPLICABLE,8251,S,LOOMIS BLVD,613,,,,,,,3,NO INDICATION OF INJURY,0,0,0,0,0,2,0,10,3,11,41.743463471,-87.658259161,POINT (-87.658259160542 41.743463471157)
JB511882,,11/06/2018 10:00:00 AM,25,NO CONTROLS,NO CONTROLS,UNKNOWN,UNKNOWN,PARKED MOTOR VEHICLE,ONE-WAY,1,STRAIGHT AND LEVEL,UNKNOWN,UNKNOWN,NOT ON SCENE (DESK REPORT),NO INJURY / DRIVE AWAY,,,Y,"OVER $1,500",11/11/2018 11:16:00 AM,NOT APPLICABLE,NOT APPLICABLE,5651,N,CAMPBELL AVE,2011,,,,,,,2,NO INDICATION OF INJURY,0,0,0,0,0,1,0,10,3,11,41.984663079,-87.691773788,POINT (-87.69177378839 41.984663078568)
JB508915,,11/06/2018 10:00:00 AM,30,TRAFFIC SIGNAL,FUNCTIONING PROPERLY,RAIN,DAYLIGHT,REAR END,NOT DIVIDED,2,STRAIGHT AND LEVEL,WET,NO DEFECTS,NOT ON SCENE (DESK REPORT),NO INJURY / DRIVE AWAY,,,,"OVER $1,500",11/08/2018 07:58:00 PM,FOLLOWING TOO CLOSELY,NOT APPLICABLE,6300,S,ASHLAND AVE,725,,,,,,,2,NO INDICATION OF INJURY,0,0,0,0,0,2,0,10,3,11,41.77937222,-87.664365347,POINT (-87.664365347416 41.779372220485)
JB505612,,11/06/2018 10:00:00 AM,30,NO CONTROLS,NO CONTROLS,CLEAR,DAYLIGHT,FIXED OBJECT,ONE-WAY,2,STRAIGHT AND LEVEL,WET,NO DEFECTS,ON SCENE,NO INJURY / DRIVE AWAY,,,,"OVER $1,500",11/06/2018 10:31:00 AM,IMPROPER TURNING/NO SIGNAL,DRIVING SKILLS/KNOWLEDGE/EXPERIENCE,51,W,LAKE ST,111,,,,,,,1,NO INDICATION OF INJURY,0,0,0,0,0,1,0,10,3,11,41.885632717,-87.629844383,POINT (-87.629844383486 41.885632717056)
JB505585,,11/06/2018 10:00:00 AM,35,TRAFFIC SIGNAL,FUNCTIONING PROPERLY,RAIN,DAYLIGHT,REAR END,DIVIDED - W/MEDIAN BARRIER,,STRAIGHT AND LEVEL,WET,NO DEFECTS,ON SCENE,INJURY AND / OR TOW DUE TO CRASH,,,,"OVER $1,500",11/06/2018 10:06:00 AM,FOLLOWING TOO CLOSELY,NOT APPLICABLE,3600,W,47TH ST,821,,Y,,,,,2,INCAPACITATING INJURY,1,0,1,0,0,1,0,10,3,11,41.808097772,-87.714291357,POINT (-87.714291357145 41.808097772378)
JB505574,,11/06/2018 10:00:00 AM,25,NO CONTROLS,NO CONTROLS,RAIN,DAYLIGHT,PEDALCYCLIST,NOT DIVIDED,,STRAIGHT AND LEVEL,WET,NO DEFECTS,ON SCENE,NO INJURY / DRIVE AWAY,,,Y,$500 OR LESS,11/06/2018 10:15:00 AM,IMPROPER OVERTAKING/PASSING,UNABLE TO DETERMINE,124,W,KINZIE ST,1831,,,,,,,2,NO INDICATION OF INJURY,0,0,0,0,0,2,0,10,3,11,41.889303043,-87.632192312,POINT (-87.632192312357 41.889303043486)
JB505570,,11/06/2018 09:55:00 AM,45,NO CONTROLS,NO CONTROLS,CLOUDY/OVERCAST,DAYLIGHT,OTHER OBJECT,DIVIDED - W/MEDIAN BARRIER,,STRAIGHT AND LEVEL,WET,"RUT, HOLES",ON SCENE,INJURY AND / OR TOW DUE TO CRASH,,,,"$501 - $1,500",11/06/2018 10:04:00 AM,ROAD ENGINEERING/SURFACE/MARKING DEFECTS,NOT APPLICABLE,5200,N,LAKE SHORE DR SB,2024,,,,,,,1,NO INDICATION OF INJURY,0,0,0,0,0,1,0,9,3,11,41.976621628,-87.650790026,POINT (-87.650790026249 41.976621627865)
JB505565,,11/06/2018 09:55:00 AM,30,STOP SIGN/FLASHER,FUNCTIONING PROPERLY,CLOUDY/OVERCAST,DAYLIGHT,SIDESWIPE SAME DIRECTION,NOT DIVIDED,2,STRAIGHT AND LEVEL,WET,NO DEFECTS,ON SCENE,NO INJURY / DRIVE AWAY,Y,,,$500 OR LESS,11/06/2018 09:58:00 AM,IMPROPER OVERTAKING/PASSING,IMPROPER LANE USAGE,10600,S,GREEN BAY AVE,432,,,,,,,2,NO INDICATION OF INJURY,0,0,0,0,0,2,0,9,3,11,41.702667489,-87.541488869,POINT (-87.541488868808 41.702667489478)
JB507300,,11/06/2018 09:50:00 AM,25,TRAFFIC SIGNAL,FUNCTIONING PROPERLY,RAIN,DAYLIGHT,REAR END,NOT DIVIDED,,STRAIGHT AND LEVEL,WET,NO DEFECTS,NOT ON SCENE (DESK REPORT),NO INJURY / DRIVE AWAY,,,,"OVER $1,500",11/07/2018 03:20:00 PM,FOLLOWING TOO CLOSELY,NOT APPLICABLE,6101,N,SHERIDAN RD,2433,,,,,,,2,NO INDICATION OF INJURY,0,0,0,0,0,2,0,9,3,11,41.992473227,-87.655312379,POINT (-87.655312379061 41.992473226852)
JB507500,,11/06/2018 09:45:00 AM,20,STOP SIGN/FLASHER,FUNCTIONING PROPERLY,RAIN,DAYLIGHT,ANGLE,DIVIDED - W/MEDIAN (NOT RAISED),2,STRAIGHT AND LEVEL,WET,UNKNOWN,NOT ON SCENE (DESK REPORT),NO INJURY / DRIVE AWAY,,,,"OVER $1,500",11/07/2018 05:30:00 PM,UNABLE TO DETERMINE,UNABLE TO DETERMINE,2500,W,HADDON AVE,1211,,,,,,,2,NO INDICATION OF INJURY,0,0,0,0,0,2,0,9,3,11,41.902171651,-87.689590332,POINT (-87.689590331899 41.902171651205)
JB505592,,11/06/2018 09:45:00 AM,30,NO CONTROLS,NO CONTROLS,CLEAR,DAYLIGHT,SIDESWIPE SAME DIRECTION,DIVIDED - W/MEDIAN (NOT RAISED),6,STRAIGHT AND LEVEL,WET,NO DEFECTS,ON SCENE,NO INJURY / DRIVE AWAY,,,,"OVER $1,500",11/06/2018 09:48:00 AM,IMPROPER OVERTAKING/PASSING,DRIVING SKILLS/KNOWLEDGE/EXPERIENCE,215,S,MICHIGAN AVE,114,,,,,,,3,NO INDICATION OF INJURY,0,0,0,0,0,3,0,9,3,11,41.879171885,-87.624196356,POINT (-87.624196355893 41.879171884877)
JB505528,,11/06/2018 09:35:00 AM,30,NO CONTROLS,NO CONTROLS,RAIN,DAYLIGHT,ANGLE,NOT DIVIDED,,STRAIGHT AND LEVEL,WET,NO DEFECTS,NOT ON SCENE (DESK REPORT),INJURY AND / OR TOW DUE TO CRASH,,,,"OVER $1,500",11/06/2018 12:00:00 PM,WEATHER,UNABLE TO DETERMINE,3154,W,FOSTER AVE,1712,,,,,,,2,NONINCAPACITATING INJURY,1,0,0,1,0,1,0,9,3,11,41.975859694,-87.708464968,POINT (-87.70846496773 41.975859694203)
JB505544,Y,11/06/2018 09:26:00 AM,30,NO CONTROLS,NO CONTROLS,RAIN,DAYLIGHT,PARKED MOTOR VEHICLE,NOT DIVIDED,2,STRAIGHT AND LEVEL,WET,NO DEFECTS,ON SCENE,NO INJURY / DRIVE AWAY,,,,"$501 - $1,500",11/06/2018 09:26:00 AM,UNABLE TO DETERMINE,UNABLE TO DETERMINE,309,W,76TH ST,623,,Y,,,,,2,NO INDICATION OF INJURY,0,0,0,0,0,1,0,9,3,11,41.756177643,-87.632276559,POINT (-87.632276559321 41.756177643017)
JB505572,,11/06/2018 09:25:00 AM,30,NO CONTROLS,NOT FUNCTIONING,CLOUDY/OVERCAST,DAYLIGHT,ANGLE,NOT DIVIDED,,STRAIGHT AND LEVEL,DRY,NO DEFECTS,ON SCENE,INJURY AND / OR TOW DUE TO CRASH,Y,,,"OVER $1,500",11/06/2018 10:00:00 AM,NOT APPLICABLE,NOT APPLICABLE,600,S,ASHLAND AVE,1231,,,,,,,2,NONINCAPACITATING INJURY,1,0,0,1,0,1,0,9,3,11,41.874133273,-87.666744083,POINT (-87.66674408286 41.874133273384)
JB505553,,11/06/2018 09:20:00 AM,35,TRAFFIC SIGNAL,FUNCTIONING PROPERLY,RAIN,DAYLIGHT,ANGLE,DIVIDED - W/MEDIAN BARRIER,,STRAIGHT AND LEVEL,WET,NO DEFECTS,ON SCENE,INJURY AND / OR TOW DUE TO CRASH,Y,,,"OVER $1,500",11/06/2018 09:35:00 AM,DISREGARDING TRAFFIC SIGNALS,NOT APPLICABLE,700,W,ROOSEVELT RD,1232,,,,,,,3,NO INDICATION OF INJURY,0,0,0,0,0,3,0,9,3,11,41.867287162,-87.645246942,POINT (-87.645246941532 41.867287162218)