RD_NO,CRASH_DATE_EST_I,CRASH_DATE,POSTED_SPEED_LIMIT,TRAFFIC_CONTROL_DEVICE,DEVICE_CONDITION,WEATHER_CONDITION,LIGHTING_CONDITION,FIRST_CRASH_TYPE,TRAFFICWAY_TYPE,LANE_CNT,ALIGNMENT,ROADWAY_SURFACE_COND,ROAD_DEFECT,REPORT_TYPE,CRASH_TYPE,INTERSECTION_RELATED_I,NOT_RIGHT_OF_WAY_I,HIT_AND_RUN_I,DAMAGE,DATE_POLICE_NOTIFIED,PRIM_CONTRIBUTORY_CAUSE,SEC_CONTRIBUTORY_CAUSE,STREET_NO,STREET_DIRECTION,STREET_NAME,BEAT_OF_OCCURRENCE,PHOTOS_TAKEN_I,STATEMENTS_TAKEN_I,DOORING_I,WORK_ZONE_I,WORK_ZONE_TYPE,WORKERS_PRESENT_I,NUM_UNITS,MOST_SEVERE_INJURY,INJURIES_TOTAL,INJURIES_FATAL,INJURIES_INCAPACITATING,INJURIES_NON_INCAPACITATING,INJURIES_REPORTED_NOT_EVIDENT,INJURIES_NO_INDICATION,INJURIES_UNKNOWN,CRASH_HOUR,CRASH_DAY_OF_WEEK,CRASH_MONTH,LATITUDE,LONGITUDE,LOCATION
JB505610,,11/06/2018 09:15:00 AM,15,NO CONTROLS,NO CONTROLS,CLEAR,DAYLIGHT,OTHER OBJECT,ALLEY,,"CURVE, LEVEL",OTHER,NO DEFECTS,ON SCENE,NO INJURY / DRIVE AWAY,,,,"OVER $1,500",11/06/2018 10:04:00 AM,DRIVING SKILLS/KNOWLEDGE/EXPERIENCE,IMPROPER BACKING,11121,S,GREEN ST,2233,,,,,,,1,NO INDICATION OF INJURY,0,0,0,0,0,1,0,9,3,11,41.691689335,-87.64342988,POINT (-87.643429880463 41.691689335214)
JB505519,,11/06/2018 09:15:00 AM,30,NO CONTROLS,NO CONTROLS,RAIN,DAYLIGHT,ANGLE,NOT DIVIDED,,STRAIGHT AND LEVEL,WET,NO DEFECTS,ON SCENE,INJURY AND / OR TOW DUE TO CRASH,,,,"OVER $1,500",11/06/2018 09:20:00 AM,UNABLE TO DETERMINE,UNABLE TO DETERMINE,5901,W,55TH ST,811,,,,,,,2,NO INDICATION OF INJURY,0,0,0,0,0,2,0,9,3,11,41.792479645,-87.769686951,POINT (-87.769686950901 41.79247964502)
JB507653,,11/06/2018 09:10:00 AM,10,NO CONTROLS,NO CONTROLS,CLEAR,DAYLIGHT,PARKED MOTOR VEHICLE,PARKING LOT,,STRAIGHT AND LEVEL,DRY,NO DEFECTS,NOT ON SCENE (DESK REPORT),NO INJURY / DRIVE AWAY,,N,Y,"OVER $1,500",11/07/2018 07:24:00 PM,UNABLE TO DETERMINE,NOT APPLICABLE,6311,S,CALUMET AVE,312,,,,,,,2,NO INDICATION OF INJURY,0,0,0,0,0,1,0,9,3,11,41.779797005,-87.617174942,POINT (-87.617174942397 41.779797004907)
JB505521,,11/06/2018 09:10:00 AM,30,TRAFFIC SIGNAL,FUNCTIONING PROPERLY,CLOUDY/OVERCAST,DAYLIGHT,REAR END,DIVIDED - W/MEDIAN (NOT RAISED),2,STRAIGHT AND LEVEL,WET,NO DEFECTS,NOT ON SCENE (DESK REPORT),NO INJURY / DRIVE AWAY,,,,"OVER $1,500",11/06/2018 09:40:00 AM,FOLLOWING TOO CLOSELY,UNABLE TO DETERMINE,2301,N,CENTRAL AVE,2515,,,,,,,2,NO INDICATION OF INJURY,0,0,0,0,0,2,0,9,3,11,41.922253988,-87.765778977,POINT (-87.76577897746 41.922253988366)
JB505511,,11/06/2018 09:08:00 AM,30,NO CONTROLS,NO CONTROLS,CLEAR,DAYLIGHT,ANGLE,NOT DIVIDED,2,STRAIGHT AND LEVEL,WET,NO DEFECTS,ON SCENE,NO INJURY / DRIVE AWAY,,,,"OVER $1,500",11/06/2018 09:15:00 AM,FAILING TO YIELD RIGHT-OF-WAY,"VISION OBSCURED (SIGNS, TREE LIMBS, BUILDINGS, ETC.)",2757,N,KILPATRICK AVE,2521,,,,,,,2,NO INDICATION OF INJURY,0,0,0,0,0,2,0,9,3,11,41.931304212,-87.743989493,POINT (-87.743989492938 41.931304211837)
JB505479,,11/06/2018 09:04:00 AM,30,TRAFFIC SIGNAL,FUNCTIONING PROPERLY,RAIN,DAYLIGHT,ANGLE,NOT DIVIDED,,STRAIGHT AND LEVEL,WET,NO DEFECTS,ON SCENE,INJURY AND / OR TOW DUE TO CRASH,Y,,,"OVER $1,500",11/06/2018 09:04:00 AM,FAILING TO REDUCE SPEED TO AVOID CRASH,DRIVING SKILLS/KNOWLEDGE/EXPERIENCE,4758,W,ARMITAGE AVE,2522,,,,,,,2,NO INDICATION OF INJURY,0,0,0,0,0,3,0,9,3,11,41.917043401,-87.745991417,POINT (-87.745991417422 41.917043401445)
JB505608,,11/06/2018 09:00:00 AM,30,TRAFFIC SIGNAL,UNKNOWN,CLEAR,DAYLIGHT,PEDESTRIAN,NOT DIVIDED,4,STRAIGHT AND LEVEL,DRY,UNKNOWN,ON SCENE,INJURY AND / OR TOW DUE TO CRASH,,,Y,"$501 - $1,500",11/06/2018 09:18:00 AM,EXCEEDING SAFE SPEED FOR CONDITIONS,NOT APPLICABLE,401,E,71ST ST,323,,,,,,,2,"REPORTED, NOT EVIDENT",1,0,0,0,1,1,0,9,3,11,41.765603104,-87.615197386,POINT (-87.615197386332 41.765603103978)
JB505539,,11/06/2018 08:51:00 AM,30,NO CONTROLS,NO CONTROLS,CLEAR,DAYLIGHT,REAR END,DIVIDED - W/MEDIAN (NOT RAISED),,STRAIGHT AND LEVEL,WET,NO DEFECTS,NOT ON SCENE (DESK REPORT),NO INJURY / DRIVE AWAY,,,,$500 OR LESS,11/06/2018 09:32:00 AM,UNABLE TO DETERMINE,UNABLE TO DETERMINE,11,E,71ST ST,323,,,,,,,2,NO INDICATION OF INJURY,0,0,0,0,0,2,0,8,3,11,41.765369269,-87.624358513,POINT (-87.624358512768 41.76536926948)
JB505682,,11/06/2018 08:45:00 AM,30,NO CONTROLS,NO CONTROLS,RAIN,DAYLIGHT,REAR END,DIVIDED - W/MEDIAN BARRIER,,STRAIGHT AND LEVEL,WET,NO DEFECTS,NOT ON SCENE (DESK REPORT),INJURY AND / OR TOW DUE TO CRASH,,,,$500 OR LESS,11/06/2018 11:20:00 AM,FOLLOWING TOO CLOSELY,NOT APPLICABLE,2901,W,LOGAN BLVD,1414,,,,,,,2,"REPORTED, NOT EVIDENT",1,0,0,0,1,1,0,8,3,11,41.928333898,-87.700038152,POINT (-87.700038152018 41.928333897619)
JB505481,,11/06/2018 08:44:00 AM,30,NO CONTROLS,NO CONTROLS,RAIN,DAYLIGHT,PEDESTRIAN,RAMP,2,STRAIGHT AND LEVEL,WET,NO DEFECTS,ON SCENE,INJURY AND / OR TOW DUE TO CRASH,,,Y,$500 OR LESS,11/06/2018 08:44:00 AM,UNABLE TO DETERMINE,UNABLE TO DETERMINE,7047,S,STATE ST,322,,,,,,,2,NONINCAPACITATING INJURY,1,0,0,1,0,1,0,8,3,11,41.766025605,-87.624776326,POINT (-87.624776325687 41.766025605135)
JB506742,,11/06/2018 08:40:00 AM,30,TRAFFIC SIGNAL,FUNCTIONING PROPERLY,CLEAR,DAYLIGHT,REAR END,DIVIDED - W/MEDIAN (NOT RAISED),,STRAIGHT AND LEVEL,WET,NO DEFECTS,NOT ON SCENE (DESK REPORT),NO INJURY / DRIVE AWAY,Y,,,"OVER $1,500",11/07/2018 07:58:00 AM,FOLLOWING TOO CLOSELY,UNABLE TO DETERMINE,801,W,ROOSEVELT RD,1232,,,,,,,2,NO INDICATION OF INJURY,0,0,0,0,0,2,0,8,3,11,41.867043607,-87.646966973,POINT (-87.646966972695 41.867043606915)
JB505467,,11/06/2018 08:40:00 AM,30,STOP SIGN/FLASHER,FUNCTIONING PROPERLY,CLOUDY/OVERCAST,DAYLIGHT,ANGLE,DIVIDED - W/MEDIAN (NOT RAISED),,STRAIGHT AND LEVEL,WET,NO DEFECTS,ON SCENE,NO INJURY / DRIVE AWAY,Y,,,"OVER $1,500",11/06/2018 08:45:00 AM,FAILING TO YIELD RIGHT-OF-WAY,"OPERATING VEHICLE IN ERRATIC, RECKLESS, CARELESS, NEGLIGENT OR AGGRESSIVE MANNER",6117,W,PETERSON AVE,1622,,,,,,,2,NO INDICATION OF INJURY,0,0,0,0,0,2,0,8,3,11,41.990073481,-87.781010427,POINT (-87.781010426525 41.990073481167)
JB505545,,11/06/2018 08:35:00 AM,30,STOP SIGN/FLASHER,FUNCTIONING PROPERLY,CLOUDY/OVERCAST,DAYLIGHT,REAR END,ONE-WAY,,STRAIGHT AND LEVEL,DRY,NO DEFECTS,NOT ON SCENE (DESK REPORT),NO INJURY / DRIVE AWAY,N,,,$500 OR LESS,11/06/2018 09:52:00 AM,UNABLE TO DETERMINE,UNABLE TO DETERMINE,4500,W,GEORGE ST,2521,,,,,,,2,NO INDICATION OF INJURY,0,0,0,0,0,2,0,8,3,11,41.933563427,-87.739372733,POINT (-87.73937273332 41.933563426762)
JB505524,,11/06/2018 08:35:00 AM,30,TRAFFIC SIGNAL,FUNCTIONING PROPERLY,RAIN,DAYLIGHT,TURNING,OTHER,3,STRAIGHT AND LEVEL,WET,NO DEFECTS,ON SCENE,INJURY AND / OR TOW DUE TO CRASH,Y,,,"OVER $1,500",11/06/2018 08:38:00 AM,EXCEEDING SAFE SPEED FOR CONDITIONS,EXCEEDING AUTHORIZED SPEED LIMIT,2399,E,71ST ST,334,,,,,,,2,NONINCAPACITATING INJURY,3,0,0,3,0,0,0,8,3,11,41.765711779,-87.566626387,POINT (-87.566626387407 41.765711778601)
JB505464,,11/06/2018 08:35:00 AM,30,NO CONTROLS,NO CONTROLS,RAIN,DAYLIGHT,SIDESWIPE SAME DIRECTION,NOT DIVIDED,2,STRAIGHT AND LEVEL,WET,NO DEFECTS,ON SCENE,NO INJURY / DRIVE AWAY,,,,"$501 - $1,500",11/06/2018 08:37:00 AM,UNABLE TO DETERMINE,UNABLE TO DETERMINE,1104,N,KOSTNER AVE,1111,,,,,,,2,NO INDICATION OF INJURY,0,0,0,0,0,4,0,8,3,11,41.900863829,-87.736246088,POINT (-87.736246087737 41.900863829256)
JB506393,,11/06/2018 08:30:00 AM,30,STOP SIGN/FLASHER,FUNCTIONING PROPERLY,CLEAR,DAYLIGHT,ANGLE,OTHER,0,STRAIGHT AND LEVEL,DRY,NO DEFECTS,NOT ON SCENE (DESK REPORT),NO INJURY / DRIVE AWAY,Y,,Y,"OVER $1,500",11/06/2018 07:24:00 PM,FAILING TO YIELD RIGHT-OF-WAY,DRIVING SKILLS/KNOWLEDGE/EXPERIENCE,4700,S,KEDVALE AVE,815,,,,,,,2,NO INDICATION OF INJURY,0,0,0,0,0,2,0,8,3,11,41.807731424,-87.727399444,POINT (-87.727399443553 41.807731423513)
JB505569,,11/06/2018 08:30:00 AM,30,NO CONTROLS,NO CONTROLS,RAIN,DAYLIGHT,SIDESWIPE SAME DIRECTION,DIVIDED - W/MEDIAN (NOT RAISED),,STRAIGHT AND LEVEL,WET,NO DEFECTS,NOT ON SCENE (DESK REPORT),NO INJURY / DRIVE AWAY,,,,"$501 - $1,500",11/06/2018 10:15:00 AM,IMPROPER OVERTAKING/PASSING,NOT APPLICABLE,9100,S,STONY ISLAND AVE,413,,,,,,,2,NO INDICATION OF INJURY,0,0,0,0,0,3,0,8,3,11,41.729518128,-87.585636409,POINT (-87.585636408538 41.729518128388)
JB505462,,11/06/2018 08:30:00 AM,30,NO CONTROLS,NO CONTROLS,RAIN,DAYLIGHT,TURNING,NOT DIVIDED,4,STRAIGHT AND LEVEL,WET,NO DEFECTS,ON SCENE,INJURY AND / OR TOW DUE TO CRASH,Y,,,"OVER $1,500",11/06/2018 08:40:00 AM,IMPROPER OVERTAKING/PASSING,NOT APPLICABLE,8501,S,JEFFERY BLVD,412,,,,,,,2,NONINCAPACITATING INJURY,1,0,0,1,0,1,0,8,3,11,41.740604917,-87.575628365,POINT (-87.575628365496 41.740604917489)
JB505454,,11/06/2018 08:25:00 AM,30,NO CONTROLS,NO CONTROLS,RAIN,DAYLIGHT,REAR END,DIVIDED - W/MEDIAN (NOT RAISED),,STRAIGHT AND LEVEL,WET,NO DEFECTS,ON SCENE,INJURY AND / OR TOW DUE TO CRASH,Y,,,"OVER $1,500",11/06/2018 08:25:00 AM,FAILING TO REDUCE SPEED TO AVOID CRASH,WEATHER,7728,W,BELMONT AVE,1631,,,,,,,2,"REPORTED, NOT EVIDENT",2,0,0,0,2,0,0,8,3,11,41.937977197,-87.820128448,POINT (-87.820128448211 41.937977197477)
JB505698,Y,11/06/2018 08:23:00 AM,30,NO CONTROLS,NO CONTROLS,CLEAR,DAYLIGHT,SIDESWIPE SAME DIRECTION,ONE-WAY,3,STRAIGHT AND LEVEL,DRY,NO DEFECTS,NOT ON SCENE (DESK REPORT),NO INJURY / DRIVE AWAY,,,Y,"$501 - $1,500",11/06/2018 08:23:00 AM,IMPROPER OVERTAKING/PASSING,IMPROPER LANE USAGE,430,W,JACKSON BLVD,121,,,,,,,2,NO INDICATION OF INJURY,0,0,0,0,0,2,0,8,3,11,41.878161839,-87.639002315,POINT (-87.639002315121 41.878161838777)
JB506339,,11/06/2018 08:20:00 AM,30,NO CONTROLS,NO CONTROLS,CLEAR,DAYLIGHT,REAR END,NOT DIVIDED,2,STRAIGHT AND LEVEL,UNKNOWN,UNKNOWN,NOT ON SCENE (DESK REPORT),NO INJURY / DRIVE AWAY,,,,"$501 - $1,500",11/06/2018 06:40:00 PM,UNABLE TO DETERMINE,UNABLE TO DETERMINE,2225,W,HOWARD ST,2411,,,,,,,2,NO INDICATION OF INJURY,0,0,0,0,0,2,0,8,3,11,42.019390693,-87.685702864,POINT (-87.685702863902 42.019390693416)
JB506325,,11/06/2018 08:20:00 AM,30,TRAFFIC SIGNAL,FUNCTIONING PROPERLY,CLEAR,DAYLIGHT,TURNING,NOT DIVIDED,,STRAIGHT AND LEVEL,DRY,NO DEFECTS,NOT ON SCENE (DESK REPORT),NO INJURY / DRIVE AWAY,Y,,Y,"$501 - $1,500",11/06/2018 06:25:00 PM,IMPROPER LANE USAGE,NOT APPLICABLE,6367,N,MILWAUKEE AVE,1611,,,,,,,2,NO INDICATION OF INJURY,0,0,0,0,0,2,0,8,3,11,41.996702622,-87.787086737,POINT (-87.787086736527 41.996702622486)
JB505512,,11/06/2018 08:20:00 AM,40,NO CONTROLS,NO CONTROLS,CLEAR,DAYLIGHT,REAR END,NOT DIVIDED,4,STRAIGHT AND LEVEL,DRY,NO DEFECTS,NOT ON SCENE (DESK REPORT),NO INJURY / DRIVE AWAY,,,,"OVER $1,500",11/06/2018 09:32:00 AM,FOLLOWING TOO CLOSELY,NOT APPLICABLE,99,S,LAKE SHORE DR NB,114,,,,,,,2,NO INDICATION OF INJURY,0,0,0,0,0,2,0,8,3,11,41.880982208,-87.617104651,POINT (-87.617104651185 41.88098220772)
JB505485,,11/06/2018 08:20:00 AM,25,NO CONTROLS,NO CONTROLS,CLEAR,DAYLIGHT,SIDESWIPE OPPOSITE DIRECTION,NOT DIVIDED,2,STRAIGHT AND LEVEL,DRY,NO DEFECTS,NOT ON SCENE (DESK REPORT),NO INJURY / DRIVE AWAY,,,Y,$500 OR LESS,11/06/2018 09:05:00 AM,IMPROPER LANE USAGE,NOT APPLICABLE,1848,W,36TH ST,912,,,,,,,2,NO INDICATION OF INJURY,0,0,0,0,0,2,0,8,3,11,41.828707572,-87.672310121,POINT (-87.672310121411 41.828707572376)
JB505449,,11/06/2018 08:18:00 AM,30,OTHER REG. SIGN,FUNCTIONING PROPERLY,RAIN,DAYLIGHT,SIDESWIPE SAME DIRECTION,DIVIDED - W/MEDIAN (NOT RAISED),2,STRAIGHT AND LEVEL,WET,NO DEFECTS,ON SCENE,NO INJURY / DRIVE AWAY,,,,"OVER $1,500",11/06/2018 08:21:00 AM,IMPROPER LANE USAGE,IMPROPER OVERTAKING/PASSING,10601,S,TORRENCE AVE,434,,,,,,,2,NO INDICATION OF INJURY,0,0,0,0,0,2,0,8,3,11,41.702688432,-87.559454782,POINT (-87.559454782236 41.702688432421)
JB505410,,11/06/2018 08:17:00 AM,30,TRAFFIC SIGNAL,FUNCTIONING PROPERLY,CLEAR,DAYLIGHT,REAR END,NOT DIVIDED,,STRAIGHT AND LEVEL,DRY,NO DEFECTS,NOT ON SCENE (DESK REPORT),NO INJURY / DRIVE AWAY,,,,"OVER $1,500",11/06/2018 08:17:00 AM,FOLLOWING TOO CLOSELY,DISTRACTION - FROM INSIDE VEHICLE,599,N,LA SALLE DR,1831,,,,,,,2,NO INDICATION OF INJURY,0,0,0,0,0,2,0,8,3,11,41.892391586,-87.632459331,POINT (-87.632459330772 41.892391586446)
JB505446,,11/06/2018 08:15:00 AM,30,TRAFFIC SIGNAL,FUNCTIONING PROPERLY,RAIN,DAYLIGHT,REAR END,DIVIDED - W/MEDIAN (NOT RAISED),2,STRAIGHT AND LEVEL,WET,NO DEFECTS,NOT ON SCENE (DESK REPORT),NO INJURY / DRIVE AWAY,,,,"$501 - $1,500",11/06/2018 08:30:00 AM,FAILING TO REDUCE SPEED TO AVOID CRASH,FAILING TO REDUCE SPEED TO AVOID CRASH,958,W,87TH ST,613,,,,,,,2,NO INDICATION OF INJURY,0,0,0,0,0,3,0,8,3,11,41.736114058,-87.648434848,POINT (-87.648434847896 41.736114057538)
JB505433,,11/06/2018 08:15:00 AM,35,NO CONTROLS,NO CONTROLS,RAIN,DAYLIGHT,REAR END,DIVIDED - W/MEDIAN BARRIER,8,STRAIGHT AND LEVEL,WET,UNKNOWN,ON SCENE,NO INJURY / DRIVE AWAY,,,,"OVER $1,500",11/06/2018 08:48:00 AM,FOLLOWING TOO CLOSELY,NOT APPLICABLE,7600,S,STONY ISLAND AVE,411,,,,,,,2,NO INDICATION OF INJURY,0,0,0,0,0,2,0,8,3,11,41.756897173,-87.586234285,POINT (-87.58623428507 41.756897172602)
JB505444,,11/06/2018 08:10:00 AM,25,TRAFFIC SIGNAL,FUNCTIONING PROPERLY,RAIN,DAYLIGHT,TURNING,ONE-WAY,,STRAIGHT AND LEVEL,WET,NO DEFECTS,ON SCENE,NO INJURY / DRIVE AWAY,,,,"$501 - $1,500",11/06/2018 08:15:00 AM,UNABLE TO DETERMINE,UNABLE TO DETERMINE,200,E,GRAND AVE,1834,,,,,,,2,NO INDICATION OF INJURY,0,0,0,0,0,2,0,8,3,11,41.891871695,-87.622610131,POINT (-87.622610130843 41.891871695093)
JB505442,,11/06/2018 08:10:00 AM,30,STOP SIGN/FLASHER,UNKNOWN,CLEAR,DAYLIGHT,ANGLE,NOT DIVIDED,2,STRAIGHT AND LEVEL,DRY,NO DEFECTS,NOT ON SCENE (DESK REPORT),NO INJURY / DRIVE AWAY,,,Y,"OVER $1,500",11/06/2018 08:40:00 AM,DISREGARDING STOP SIGN,NOT APPLICABLE,5301,W,JACKSON BLVD,1522,,,,,,,2,NO INDICATION OF INJURY,0,0,0,0,0,2,0,8,3,11,41.876515209,-87.757654918,POINT (-87.757654918133 41.876515208737)
JB505438,,11/06/2018 08:08:00 AM,30,TRAFFIC SIGNAL,FUNCTIONING PROPERLY,CLOUDY/OVERCAST,DAYLIGHT,TURNING,DIVIDED - W/MEDIAN (NOT RAISED),4,STRAIGHT AND LEVEL,OTHER,NO DEFECTS,ON SCENE,INJURY AND / OR TOW DUE TO CRASH,Y,,,"OVER $1,500",11/06/2018 08:08:00 AM,FAILING TO YIELD RIGHT-OF-WAY,FAILING TO YIELD RIGHT-OF-WAY,2000,W,47TH ST,924,,,,,,,2,NO INDICATION OF INJURY,0,0,0,0,0,2,0,8,3,11,41.808618522,-87.674818014,POINT (-87.674818013595 41.808618522329)
JB505794,,11/06/2018 08:05:00 AM,30,TRAFFIC SIGNAL,FUNCTIONING PROPERLY,RAIN,DAYLIGHT,REAR END,DIVIDED - W/MEDIAN (NOT RAISED),2,STRAIGHT AND LEVEL,WET,NO DEFECTS,NOT ON SCENE (DESK REPORT),NO INJURY / DRIVE AWAY,Y,,Y,"OVER $1,500",11/06/2018 12:30:00 PM,FOLLOWING TOO CLOSELY,DRIVING SKILLS/KNOWLEDGE/EXPERIENCE,7101,S,HALSTED ST,732,,,,,,,2,NO INDICATION OF INJURY,0,0,0,0,0,2,0,8,3,11,41.765114115,-87.644263786,POINT (-87.644263786005 41.765114114933)
JB508240,Y,11/06/2018 08:00:00 AM,15,NO CONTROLS,NO CONTROLS,CLEAR,DAYLIGHT,PARKED MOTOR VEHICLE,PARKING LOT,,STRAIGHT AND LEVEL,DRY,NO DEFECTS,NOT ON SCENE (DESK REPORT),NO INJURY / DRIVE AWAY,,,,"OVER $1,500",11/08/2018 11:30:00 AM,UNABLE TO DETERMINE,UNABLE TO DETERMINE,8400,S,VINCENNES AVE,622,,,,,,,2,NO INDICATION OF INJURY,0,0,0,0,0,1,0,8,3,11,41.741409589,-87.638431491,POINT (-87.638431490943 41.741409588823)
JB506021,,11/06/2018 08:00:00 AM,35,TRAFFIC SIGNAL,FUNCTIONING PROPERLY,CLEAR,DAYLIGHT,REAR END,NOT DIVIDED,2,STRAIGHT AND LEVEL,DRY,NO DEFECTS,NOT ON SCENE (DESK REPORT),NO INJURY / DRIVE AWAY,,,,"$501 - $1,500",11/06/2018 03:30:00 PM,UNABLE TO DETERMINE,UNABLE TO DETERMINE,500,S,KOSTNER AVE,1131,,,,,,,2,NO INDICATION OF INJURY,0,0,0,0,0,2,0,8,3,11,41.874211055,-87.735387089,POINT (-87.735387089165 41.874211054858)
JB505649,,11/06/2018 08:00:00 AM,30,NO CONTROLS,NO CONTROLS,CLEAR,DAYLIGHT,REAR END,NOT DIVIDED,,STRAIGHT AND LEVEL,WET,NO DEFECTS,NOT ON SCENE (DESK REPORT),NO INJURY / DRIVE AWAY,,,,"$501 - $1,500",11/06/2018 10:00:00 AM,UNABLE TO DETERMINE,UNABLE TO DETERMINE,7041,S,JEFFERY BLVD,331,,,,,,,2,NO INDICATION OF INJURY,0,0,0,0,0,2,0,8,3,11,41.766818068,-87.576170828,POINT (-87.576170828234 41.766818067539)
JB505460,,11/06/2018 08:00:00 AM,30,TRAFFIC SIGNAL,FUNCTIONING PROPERLY,RAIN,DAYLIGHT,SIDESWIPE SAME DIRECTION,DIVIDED - W/MEDIAN (NOT RAISED),2,STRAIGHT AND LEVEL,WET,NO DEFECTS,ON SCENE,NO INJURY / DRIVE AWAY,,,,"OVER $1,500",11/06/2018 08:20:00 AM,IMPROPER LANE USAGE,NOT APPLICABLE,778,W,DIVISION ST,1822,,,,,,,2,NO INDICATION OF INJURY,0,0,0,0,0,2,0,8,3,11,41.903747138,-87.64808078,POINT (-87.648080779561 41.903747138119)
JB505416,,11/06/2018 08:00:00 AM,30,NO CONTROLS,NO CONTROLS,CLOUDY/OVERCAST,DAYLIGHT,SIDESWIPE SAME DIRECTION,ONE-WAY,3,STRAIGHT AND LEVEL,WET,NO DEFECTS,NOT ON SCENE (DESK REPORT),NO INJURY / DRIVE AWAY,,,,$500 OR LESS,11/06/2018 08:20:00 AM,FAILING TO YIELD RIGHT-OF-WAY,NOT APPLICABLE,662,N,DEARBORN ST,1832,,,,,,,2,NO INDICATION OF INJURY,0,0,0,0,0,3,0,8,3,11,41.894235086,-87.62986841,POINT (-87.629868409746 41.894235086147)
JB505411,,11/06/2018 07:55:00 AM,25,NO CONTROLS,FUNCTIONING PROPERLY,RAIN,DAYLIGHT,REAR END,NOT DIVIDED,,STRAIGHT AND LEVEL,WET,NO DEFECTS,ON SCENE,NO INJURY / DRIVE AWAY,N,,Y,$500 OR LESS,11/06/2018 08:02:00 AM,UNABLE TO DETERMINE,UNABLE TO DETERMINE,10011,S,MICHIGAN AVE,511,,,,,,,2,NO INDICATION OF INJURY,0,0,0,0,0,2,0,7,3,11,41.712354416,-87.619943929,POINT (-87.619943928767 41.712354415783)
JB505406,,11/06/2018 07:52:00 AM,35,TRAFFIC SIGNAL,FUNCTIONING PROPERLY,RAIN,DAYLIGHT,ANGLE,NOT DIVIDED,,STRAIGHT AND LEVEL,WET,NO DEFECTS,ON SCENE,INJURY AND / OR TOW DUE TO CRASH,Y,,,"OVER $1,500",11/06/2018 07:52:00 AM,DISREGARDING TRAFFIC SIGNALS,NOT APPLICABLE,5400,W,MONTROSE AVE,1623,,Y,,,,,2,INCAPACITATING INJURY,2,0,1,0,1,1,0,7,3,11,41.960650541,-87.762441167,POINT (-87.762441167197 41.960650541004)
JB506317,,11/06/2018 07:50:00 AM,30,NO CONTROLS,NO CONTROLS,CLEAR,DAYLIGHT,SIDESWIPE SAME DIRECTION,NOT DIVIDED,,STRAIGHT AND LEVEL,DRY,NO DEFECTS,NOT ON SCENE (DESK REPORT),NO INJURY / DRIVE AWAY,,,,"OVER $1,500",11/06/2018 06:40:00 PM,IMPROPER OVERTAKING/PASSING,FAILING TO REDUCE SPEED TO AVOID CRASH,4231,W,FULLERTON AVE,2522,,,,,,,2,NO INDICATION OF INJURY,0,0,0,0,0,2,0,7,3,11,41.924300903,-87.732949945,POINT (-87.732949944664 41.924300903112)
JB507362,Y,11/06/2018 07:45:00 AM,30,NO CONTROLS,NO CONTROLS,CLEAR,DAYLIGHT,PARKED MOTOR VEHICLE,ONE-WAY,1,STRAIGHT AND LEVEL,DRY,NO DEFECTS,ON SCENE,NO INJURY / DRIVE AWAY,,,,"$501 - $1,500",11/07/2018 02:51:00 PM,UNABLE TO DETERMINE,NOT APPLICABLE,512,W,BROMPTON AVE,1925,,,,,,,2,NO INDICATION OF INJURY,0,0,0,0,0,1,0,7,3,11,41.947632844,-87.643498706,POINT (-87.643498706057 41.947632844201)
JB505904,,11/06/2018 07:45:00 AM,30,STOP SIGN/FLASHER,FUNCTIONING PROPERLY,CLEAR,DAYLIGHT,TURNING,NOT DIVIDED,,STRAIGHT AND LEVEL,DRY,NO DEFECTS,NOT ON SCENE (DESK REPORT),NO INJURY / DRIVE AWAY,Y,,,"OVER $1,500",11/06/2018 02:00:00 PM,FAILING TO YIELD RIGHT-OF-WAY,NOT APPLICABLE,6749,W,ADDISON ST,1632,,,,,,,2,NO INDICATION OF INJURY,0,0,0,0,0,2,0,7,3,11,41.945378255,-87.795530843,POINT (-87.795530843056 41.945378254669)
JB505407,,11/06/2018 07:45:00 AM,30,TRAFFIC SIGNAL,FUNCTIONING PROPERLY,RAIN,DAYLIGHT,REAR END,ONE-WAY,3,STRAIGHT AND LEVEL,WET,NO DEFECTS,NOT ON SCENE (DESK REPORT),NO INJURY / DRIVE AWAY,,,,$500 OR LESS,11/06/2018 08:11:00 AM,UNABLE TO DETERMINE,NOT APPLICABLE,315,W,GARFIELD BLVD,711,,,,,,,2,NO INDICATION OF INJURY,0,0,0,0,0,2,0,7,3,11,41.794041724,-87.633653602,POINT (-87.633653601706 41.794041724342)
JB505394,,11/06/2018 07:45:00 AM,30,NO CONTROLS,NO CONTROLS,RAIN,"DARKNESS, LIGHTED ROAD",REAR END,NOT DIVIDED,,STRAIGHT AND LEVEL,WET,NO DEFECTS,ON SCENE,NO INJURY / DRIVE AWAY,,,,"$501 - $1,500",11/06/2018 07:47:00 AM,WEATHER,UNABLE TO DETERMINE,6438,W,ARCHER AVE,811,,,,,,,2,NO INDICATION OF INJURY,0,0,0,0,0,2,0,7,3,11,41.792422117,-87.78334563,POINT (-87.783345629591 41.792422117289)
JB505387,,11/06/2018 07:45:00 AM,30,NO CONTROLS,NO CONTROLS,RAIN,DAYLIGHT,SIDESWIPE SAME DIRECTION,DIVIDED - W/MEDIAN (NOT RAISED),4,STRAIGHT AND LEVEL,WET,NO DEFECTS,ON SCENE,NO INJURY / DRIVE AWAY,,,,"OVER $1,500",11/06/2018 07:49:00 AM,IMPROPER LANE USAGE,NOT APPLICABLE,3775,S,ARCHER AVE,911,,,,,,,2,NO INDICATION OF INJURY,0,0,0,0,0,2,0,7,3,11,41.824816765,-87.686549584,POINT (-87.686549583953 41.824816765154)