RD_NO,CRASH_DATE_EST_I,CRASH_DATE,POSTED_SPEED_LIMIT,TRAFFIC_CONTROL_DEVICE,DEVICE_CONDITION,WEATHER_CONDITION,LIGHTING_CONDITION,FIRST_CRASH_TYPE,TRAFFICWAY_TYPE,LANE_CNT,ALIGNMENT,ROADWAY_SURFACE_COND,ROAD_DEFECT,REPORT_TYPE,CRASH_TYPE,INTERSECTION_RELATED_I,NOT_RIGHT_OF_WAY_I,HIT_AND_RUN_I,DAMAGE,DATE_POLICE_NOTIFIED,PRIM_CONTRIBUTORY_CAUSE,SEC_CONTRIBUTORY_CAUSE,STREET_NO,STREET_DIRECTION,STREET_NAME,BEAT_OF_OCCURRENCE,PHOTOS_TAKEN_I,STATEMENTS_TAKEN_I,DOORING_I,WORK_ZONE_I,WORK_ZONE_TYPE,WORKERS_PRESENT_I,NUM_UNITS,MOST_SEVERE_INJURY,INJURIES_TOTAL,INJURIES_FATAL,INJURIES_INCAPACITATING,INJURIES_NON_INCAPACITATING,INJURIES_REPORTED_NOT_EVIDENT,INJURIES_NO_INDICATION,INJURIES_UNKNOWN,CRASH_HOUR,CRASH_DAY_OF_WEEK,CRASH_MONTH,LATITUDE,LONGITUDE,LOCATION
JB505415,,11/06/2018 07:44:00 AM,30,NO CONTROLS,NO CONTROLS,RAIN,DAYLIGHT,SIDESWIPE SAME DIRECTION,DIVIDED - W/MEDIAN (NOT RAISED),4,STRAIGHT AND LEVEL,WET,NO DEFECTS,ON SCENE,NO INJURY / DRIVE AWAY,N,,Y,"OVER $1,500",11/06/2018 07:52:00 AM,IMPROPER OVERTAKING/PASSING,UNABLE TO DETERMINE,4157,W,LAKE ST,1114,,,,,,,2,NO INDICATION OF INJURY,0,0,0,0,0,6,0,7,3,11,41.885621221,-87.730537488,POINT (-87.730537487976 41.885621221064)
JB505391,,11/06/2018 07:44:00 AM,30,STOP SIGN/FLASHER,FUNCTIONING PROPERLY,RAIN,DAYLIGHT,ANGLE,NOT DIVIDED,,STRAIGHT AND LEVEL,WET,NO DEFECTS,ON SCENE,NO INJURY / DRIVE AWAY,,,Y,"OVER $1,500",11/06/2018 07:46:00 AM,FAILING TO YIELD RIGHT-OF-WAY,UNABLE TO DETERMINE,10000,S,LA SALLE ST,511,,,,,,,2,NO INDICATION OF INJURY,0,0,0,0,0,2,0,7,3,11,41.712488634,-87.627388355,POINT (-87.627388354984 41.712488633528)
JB505432,,11/06/2018 07:40:00 AM,30,NO CONTROLS,NO CONTROLS,RAIN,DAYLIGHT,FIXED OBJECT,NOT DIVIDED,4,STRAIGHT AND LEVEL,WET,NO DEFECTS,ON SCENE,INJURY AND / OR TOW DUE TO CRASH,,N,,"OVER $1,500",11/06/2018 07:45:00 AM,UNABLE TO DETERMINE,NOT APPLICABLE,11021,S,TORRENCE AVE,434,,,,,,,1,NONINCAPACITATING INJURY,1,0,0,1,0,0,0,7,3,11,41.694883842,-87.559357297,POINT (-87.559357296831 41.694883841574)
JB505395,,11/06/2018 07:40:00 AM,30,STOP SIGN/FLASHER,FUNCTIONING PROPERLY,RAIN,DAYLIGHT,TURNING,NOT DIVIDED,,STRAIGHT AND LEVEL,WET,NO DEFECTS,,INJURY AND / OR TOW DUE TO CRASH,Y,,,"OVER $1,500",11/06/2018 07:50:00 AM,WEATHER,NOT APPLICABLE,6235,W,HIGGINS AVE,1622,,,,,,,2,INCAPACITATING INJURY,1,0,1,0,0,1,0,7,3,11,41.974994828,-87.784242933,POINT (-87.784242932828 41.974994827522)
JB506109,,11/06/2018 07:35:00 AM,30,NO CONTROLS,NO CONTROLS,CLEAR,DAYLIGHT,REAR END,DIVIDED - W/MEDIAN (NOT RAISED),4,STRAIGHT AND LEVEL,DRY,UNKNOWN,NOT ON SCENE (DESK REPORT),NO INJURY / DRIVE AWAY,,,,"$501 - $1,500",11/06/2018 04:00:00 PM,FOLLOWING TOO CLOSELY,UNABLE TO DETERMINE,33,W,95TH ST,511,,,,,,,2,NO INDICATION OF INJURY,0,0,0,0,0,2,0,7,3,11,41.721577057,-87.62514039,POINT (-87.625140390312 41.721577056676)
JB505380,,11/06/2018 07:34:00 AM,35,NO CONTROLS,NO CONTROLS,RAIN,DAYLIGHT,REAR END,DIVIDED - W/MEDIAN (NOT RAISED),4,STRAIGHT AND LEVEL,WET,NO DEFECTS,ON SCENE,NO INJURY / DRIVE AWAY,,,,$500 OR LESS,11/06/2018 07:34:00 AM,EQUIPMENT - VEHICLE CONDITION,NOT APPLICABLE,7949,S,ASHLAND AVE,612,,,,,,,2,NO INDICATION OF INJURY,0,0,0,0,0,29,0,7,3,11,41.748904018,-87.663261366,POINT (-87.663261366332 41.74890401803)
JB505414,,11/06/2018 07:33:00 AM,30,TRAFFIC SIGNAL,FUNCTIONING PROPERLY,CLEAR,DAYLIGHT,TURNING,DIVIDED - W/MEDIAN (NOT RAISED),3,STRAIGHT AND LEVEL,DRY,NO DEFECTS,NOT ON SCENE (DESK REPORT),NO INJURY / DRIVE AWAY,Y,,,"OVER $1,500",11/06/2018 08:00:00 AM,IMPROPER TURNING/NO SIGNAL,FOLLOWING TOO CLOSELY,11201,S,HAMLET AVE,2234,,,,,,,2,NO INDICATION OF INJURY,0,0,0,0,0,4,0,7,3,11,41.690286098,-87.660274276,POINT (-87.660274276139 41.690286097525)
JB505804,,11/06/2018 07:30:00 AM,30,TRAFFIC SIGNAL,FUNCTIONING PROPERLY,CLEAR,DAYLIGHT,TURNING,OTHER,,STRAIGHT AND LEVEL,DRY,NO DEFECTS,NOT ON SCENE (DESK REPORT),NO INJURY / DRIVE AWAY,,,Y,"OVER $1,500",11/06/2018 02:00:00 PM,IMPROPER TURNING/NO SIGNAL,UNABLE TO DETERMINE,200,W,GARFIELD BLVD,225,,,,,,,2,NO INDICATION OF INJURY,0,0,0,0,0,2,0,7,3,11,41.794670385,-87.630547476,POINT (-87.630547476056 41.794670384689)
JB505400,,11/06/2018 07:30:00 AM,30,NO CONTROLS,NO CONTROLS,CLOUDY/OVERCAST,DAYLIGHT,REAR END,NOT DIVIDED,2,STRAIGHT AND LEVEL,WET,SHOULDER DEFECT,ON SCENE,NO INJURY / DRIVE AWAY,,,Y,"$501 - $1,500",11/06/2018 07:32:00 AM,"OPERATING VEHICLE IN ERRATIC, RECKLESS, CARELESS, NEGLIGENT OR AGGRESSIVE MANNER","OPERATING VEHICLE IN ERRATIC, RECKLESS, CARELESS, NEGLIGENT OR AGGRESSIVE MANNER",3635,W,DIVERSEY AVE,2524,,,,,,,2,NO INDICATION OF INJURY,0,0,0,0,0,3,0,7,3,11,41.931781642,-87.718632013,POINT (-87.718632012864 41.931781642117)
JB505417,,11/06/2018 07:25:00 AM,30,NO CONTROLS,NO CONTROLS,RAIN,DAYLIGHT,SIDESWIPE SAME DIRECTION,DIVIDED - W/MEDIAN (NOT RAISED),4,STRAIGHT AND LEVEL,WET,NO DEFECTS,NOT ON SCENE (DESK REPORT),NO INJURY / DRIVE AWAY,,,,"$501 - $1,500",11/06/2018 08:05:00 AM,UNABLE TO DETERMINE,UNABLE TO DETERMINE,4355,N,NARRAGANSETT AVE,1624,,,,,,,2,NO INDICATION OF INJURY,0,0,0,0,0,2,0,7,3,11,41.960020746,-87.786652732,POINT (-87.78665273246 41.960020745787)
JB505388,,11/06/2018 07:20:00 AM,30,NO CONTROLS,NO CONTROLS,CLEAR,DAYLIGHT,PARKED MOTOR VEHICLE,ONE-WAY,1,STRAIGHT AND LEVEL,DRY,NO DEFECTS,NOT ON SCENE (DESK REPORT),NO INJURY / DRIVE AWAY,,,Y,"$501 - $1,500",11/06/2018 07:50:00 AM,UNABLE TO DETERMINE,UNABLE TO DETERMINE,6758,S,LOWE AVE,723,,,,,,,2,NO INDICATION OF INJURY,0,0,0,0,0,1,0,7,3,11,41.770814633,-87.640400042,POINT (-87.640400041782 41.770814632593)
JB505376,,11/06/2018 07:18:00 AM,30,TRAFFIC SIGNAL,FUNCTIONING PROPERLY,UNKNOWN,UNKNOWN,TURNING,DIVIDED - W/MEDIAN BARRIER,6,STRAIGHT AND LEVEL,UNKNOWN,NO DEFECTS,ON SCENE,NO INJURY / DRIVE AWAY,Y,,,"OVER $1,500",11/06/2018 07:21:00 AM,IMPROPER TURNING/NO SIGNAL,IMPROPER TURNING/NO SIGNAL,500,W,WASHINGTON BLVD,121,,,,,,,3,NO INDICATION OF INJURY,0,0,0,0,0,4,0,7,3,11,41.88329092,-87.639784759,POINT (-87.639784758898 41.883290920413)
JB505856,,11/06/2018 07:15:00 AM,30,TRAFFIC SIGNAL,FUNCTIONING PROPERLY,CLEAR,DAYLIGHT,REAR END,NOT DIVIDED,,STRAIGHT AND LEVEL,DRY,NO DEFECTS,NOT ON SCENE (DESK REPORT),NO INJURY / DRIVE AWAY,,,,"OVER $1,500",11/06/2018 01:30:00 PM,FOLLOWING TOO CLOSELY,NOT APPLICABLE,4355,N,AUSTIN AVE,1624,,,,,,,2,NO INDICATION OF INJURY,0,0,0,0,0,2,0,7,3,11,41.960149403,-87.776866645,POINT (-87.77686664505 41.960149402839)
JB505456,,11/06/2018 07:15:00 AM,30,TRAFFIC SIGNAL,FUNCTIONING PROPERLY,CLOUDY/OVERCAST,DAYLIGHT,ANGLE,DIVIDED - W/MEDIAN (NOT RAISED),,STRAIGHT AND LEVEL,WET,NO DEFECTS,NOT ON SCENE (DESK REPORT),NO INJURY / DRIVE AWAY,,,,"$501 - $1,500",11/06/2018 08:31:00 AM,UNABLE TO DETERMINE,UNABLE TO DETERMINE,3201,W,DIVERSEY AVE,1412,,,,,,,2,NO INDICATION OF INJURY,0,0,0,0,0,2,0,7,3,11,41.931920016,-87.707489169,POINT (-87.707489169213 41.931920016194)
JB505378,,11/06/2018 07:10:00 AM,30,TRAFFIC SIGNAL,FUNCTIONING PROPERLY,CLOUDY/OVERCAST,DAYLIGHT,TURNING,DIVIDED - W/MEDIAN BARRIER,5,STRAIGHT AND LEVEL,WET,NO DEFECTS,NOT ON SCENE (DESK REPORT),NO INJURY / DRIVE AWAY,Y,,,"OVER $1,500",11/06/2018 07:33:00 AM,FAILING TO YIELD RIGHT-OF-WAY,UNABLE TO DETERMINE,2401,N,HARLEM AVE,2512,,,,,,,2,NO INDICATION OF INJURY,0,0,0,0,0,2,0,7,3,11,41.923587166,-87.806094442,POINT (-87.806094441903 41.923587165544)
JB505399,,11/06/2018 07:05:00 AM,35,TRAFFIC SIGNAL,FUNCTIONING PROPERLY,RAIN,DAYLIGHT,SIDESWIPE SAME DIRECTION,NOT DIVIDED,4,STRAIGHT AND LEVEL,WET,NO DEFECTS,ON SCENE,INJURY AND / OR TOW DUE TO CRASH,Y,,,"OVER $1,500",11/06/2018 07:15:00 AM,IMPROPER TURNING/NO SIGNAL,NOT APPLICABLE,3900,S,ASHLAND AVE,924,,,,,,,2,NONINCAPACITATING INJURY,1,0,0,1,0,8,0,7,3,11,41.823027657,-87.665744031,POINT (-87.665744031095 41.82302765704)
JB506909,,11/06/2018 07:00:00 AM,30,NO CONTROLS,NO CONTROLS,RAIN,DAYLIGHT,REAR END,NOT DIVIDED,,STRAIGHT AND LEVEL,WET,NO DEFECTS,NOT ON SCENE (DESK REPORT),NO INJURY / DRIVE AWAY,,,,$500 OR LESS,11/07/2018 10:36:00 AM,FAILING TO REDUCE SPEED TO AVOID CRASH,NOT APPLICABLE,2600,W,PETERSON AVE,2413,,,,,,,2,NO INDICATION OF INJURY,0,0,0,0,0,2,0,7,3,11,41.990580136,-87.694595809,POINT (-87.694595808708 41.990580136073)
JB505611,Y,11/06/2018 07:00:00 AM,5,NO CONTROLS,NO CONTROLS,RAIN,UNKNOWN,FIXED OBJECT,PARKING LOT,1,STRAIGHT AND LEVEL,WET,NO DEFECTS,ON SCENE,NO INJURY / DRIVE AWAY,,,,"OVER $1,500",11/06/2018 09:45:00 AM,UNABLE TO DETERMINE,NOT APPLICABLE,4052,W,GRAND AVE,2534,,,,,,,1,NO INDICATION OF INJURY,0,0,0,0,0,1,0,7,3,11,41.906987097,-87.728197961,POINT (-87.728197960656 41.906987096663)
JB505493,Y,11/06/2018 07:00:00 AM,30,NO CONTROLS,NO CONTROLS,CLEAR,DAYLIGHT,PARKED MOTOR VEHICLE,NOT DIVIDED,,STRAIGHT AND LEVEL,DRY,NO DEFECTS,NOT ON SCENE (DESK REPORT),NO INJURY / DRIVE AWAY,,,Y,"OVER $1,500",11/06/2018 09:17:00 AM,UNABLE TO DETERMINE,NOT APPLICABLE,2900,S,VERNON AVE,133,,,,,,,2,NO INDICATION OF INJURY,0,0,0,0,0,1,0,7,3,11,41.842041104,-87.615822145,POINT (-87.615822144625 41.842041104398)
JB505351,,11/06/2018 07:00:00 AM,20,NO CONTROLS,NO CONTROLS,OTHER,DAYLIGHT,PARKED MOTOR VEHICLE,NOT DIVIDED,2,STRAIGHT AND LEVEL,WET,NO DEFECTS,ON SCENE,NO INJURY / DRIVE AWAY,,,,"$501 - $1,500",11/06/2018 07:10:00 AM,IMPROPER OVERTAKING/PASSING,IMPROPER LANE USAGE,5959,S,CALIFORNIA AVE,824,,,,,,,2,NO INDICATION OF INJURY,0,0,0,0,0,1,0,7,3,11,41.784678683,-87.69340184,POINT (-87.693401840443 41.784678682794)
JB505368,,11/06/2018 06:55:00 AM,30,NO CONTROLS,NO CONTROLS,RAIN,DAYLIGHT,REAR END,NOT DIVIDED,,STRAIGHT AND LEVEL,WET,NO DEFECTS,ON SCENE,NO INJURY / DRIVE AWAY,,,Y,$500 OR LESS,11/06/2018 07:15:00 AM,UNABLE TO DETERMINE,UNABLE TO DETERMINE,7168,W,WELLINGTON AVE,2511,,,,,,,2,NO INDICATION OF INJURY,0,0,0,0,0,2,0,6,3,11,41.93448612,-87.806559612,POINT (-87.806559611805 41.934486119996)
JB505350,,11/06/2018 06:55:00 AM,30,NO CONTROLS,NO CONTROLS,RAIN,DAYLIGHT,REAR END,NOT DIVIDED,,STRAIGHT AND LEVEL,WET,NO DEFECTS,ON SCENE,INJURY AND / OR TOW DUE TO CRASH,,,,"OVER $1,500",11/06/2018 06:59:00 AM,FOLLOWING TOO CLOSELY,UNABLE TO DETERMINE,3003,N,HARLEM AVE,2511,,,,,,,2,NONINCAPACITATING INJURY,1,0,0,1,0,1,0,6,3,11,41.934606936,-87.806480152,POINT (-87.80648015187 41.9346069362)
JB505339,,11/06/2018 06:43:00 AM,30,NO CONTROLS,NO CONTROLS,CLEAR,DAYLIGHT,OTHER OBJECT,NOT DIVIDED,2,"CURVE, LEVEL",WET,NO DEFECTS,ON SCENE,INJURY AND / OR TOW DUE TO CRASH,,,,"OVER $1,500",11/06/2018 06:43:00 AM,DRIVING SKILLS/KNOWLEDGE/EXPERIENCE,NOT APPLICABLE,11001,S,STONY ISLAND AVE,434,,,,,,,1,NO INDICATION OF INJURY,0,0,0,0,0,2,0,6,3,11,41.695563353,-87.576520787,POINT (-87.576520787149 41.695563352535)
JB505346,,11/06/2018 06:33:00 AM,30,NO CONTROLS,NO CONTROLS,RAIN,DUSK,REAR END,DIVIDED - W/MEDIAN (NOT RAISED),4,STRAIGHT AND LEVEL,WET,NO DEFECTS,NOT ON SCENE (DESK REPORT),NO INJURY / DRIVE AWAY,,,,"$501 - $1,500",11/06/2018 06:55:00 AM,UNABLE TO DETERMINE,UNABLE TO DETERMINE,5520,N,CUMBERLAND AVE,1614,,,,,,,2,NO INDICATION OF INJURY,0,0,0,0,0,2,0,6,3,11,41.979533576,-87.836728826,POINT (-87.836728826385 41.979533576458)
JB506319,,11/06/2018 06:30:00 AM,30,TRAFFIC SIGNAL,UNKNOWN,CLEAR,DAYLIGHT,SIDESWIPE SAME DIRECTION,NOT DIVIDED,,STRAIGHT AND LEVEL,UNKNOWN,UNKNOWN,NOT ON SCENE (DESK REPORT),NO INJURY / DRIVE AWAY,,,,"$501 - $1,500",11/06/2018 06:20:00 PM,UNABLE TO DETERMINE,NOT APPLICABLE,4298,S,CICERO AVE,814,,,,,,,2,NO INDICATION OF INJURY,0,0,0,0,0,5,0,6,3,11,41.815006599,-87.743506801,POINT (-87.743506800978 41.815006599191)
JB505537,,11/06/2018 06:30:00 AM,30,NO CONTROLS,NO CONTROLS,CLEAR,"DARKNESS, LIGHTED ROAD",OTHER NONCOLLISION,NOT DIVIDED,2,STRAIGHT AND LEVEL,DRY,NO DEFECTS,NOT ON SCENE (DESK REPORT),NO INJURY / DRIVE AWAY,,,,"OVER $1,500",11/06/2018 09:57:00 AM,UNABLE TO DETERMINE,NOT APPLICABLE,101,N,LOWER WACKER DR,122,,,,,,,1,NO INDICATION OF INJURY,0,0,0,0,0,1,0,6,3,11,41.883266646,-87.636613042,POINT (-87.63661304163 41.883266645559)
JB505344,,11/06/2018 06:30:00 AM,30,STOP SIGN/FLASHER,FUNCTIONING PROPERLY,RAIN,DARKNESS,PEDESTRIAN,DIVIDED - W/MEDIAN (NOT RAISED),2,STRAIGHT AND LEVEL,WET,NO DEFECTS,ON SCENE,INJURY AND / OR TOW DUE TO CRASH,Y,,,"OVER $1,500",11/06/2018 06:45:00 AM,FAILING TO YIELD RIGHT-OF-WAY,WEATHER,1499,W,TAYLOR ST,1231,,,,,,,2,NONINCAPACITATING INJURY,1,0,0,1,0,1,0,6,3,11,41.869191596,-87.664013343,POINT (-87.664013342653 41.869191595698)
JB505333,,11/06/2018 06:28:00 AM,30,NO CONTROLS,NO CONTROLS,RAIN,DAWN,ANGLE,NOT DIVIDED,,STRAIGHT AND LEVEL,WET,NO DEFECTS,ON SCENE,INJURY AND / OR TOW DUE TO CRASH,,,,"OVER $1,500",11/06/2018 06:30:00 AM,FAILING TO REDUCE SPEED TO AVOID CRASH,NOT APPLICABLE,4210,N,CICERO AVE,1624,,,,,,,2,NO INDICATION OF INJURY,0,0,0,0,0,2,0,6,3,11,41.957429417,-87.747574416,POINT (-87.747574416049 41.957429416618)
JB506704,,11/06/2018 06:15:00 AM,20,STOP SIGN/FLASHER,FUNCTIONING PROPERLY,CLEAR,DAYLIGHT,TURNING,ONE-WAY,1,STRAIGHT AND LEVEL,DRY,NO DEFECTS,NOT ON SCENE (DESK REPORT),INJURY AND / OR TOW DUE TO CRASH,Y,,Y,"OVER $1,500",11/07/2018 06:50:00 AM,IMPROPER TURNING/NO SIGNAL,DRIVING SKILLS/KNOWLEDGE/EXPERIENCE,9049,S,BISHOP ST,2222,,,,,,,2,"REPORTED, NOT EVIDENT",1,0,0,0,1,1,0,6,3,11,41.728941851,-87.659067144,POINT (-87.659067144255 41.728941850979)
JB505461,,11/06/2018 06:15:00 AM,30,NO CONTROLS,NO CONTROLS,RAIN,DARKNESS,PARKED MOTOR VEHICLE,ONE-WAY,,STRAIGHT AND LEVEL,WET,NO DEFECTS,NOT ON SCENE (DESK REPORT),NO INJURY / DRIVE AWAY,,,Y,"OVER $1,500",11/06/2018 08:49:00 AM,IMPROPER LANE USAGE,NOT APPLICABLE,7712,S,PAULINA ST,611,,,,,,,2,NO INDICATION OF INJURY,0,0,0,0,0,1,0,6,3,11,41.7535295,-87.66609488,POINT (-87.666094880171 41.753529500153)
JB505342,,11/06/2018 06:15:00 AM,30,TRAFFIC SIGNAL,FUNCTIONING PROPERLY,RAIN,DAYLIGHT,SIDESWIPE OPPOSITE DIRECTION,NOT DIVIDED,2,STRAIGHT AND LEVEL,WET,NO DEFECTS,ON SCENE,INJURY AND / OR TOW DUE TO CRASH,Y,,,"$501 - $1,500",11/06/2018 07:00:00 AM,FAILING TO YIELD RIGHT-OF-WAY,UNABLE TO DETERMINE,766,N,OGDEN AVE,1215,,,,,,,2,NO INDICATION OF INJURY,0,0,0,0,0,3,0,6,3,11,41.895961548,-87.65506539,POINT (-87.655065390467 41.895961548466)
JB506144,Y,11/06/2018 06:00:00 AM,30,NO CONTROLS,NO CONTROLS,CLEAR,DAYLIGHT,PARKED MOTOR VEHICLE,ONE-WAY,,STRAIGHT AND LEVEL,DRY,NO DEFECTS,NOT ON SCENE (DESK REPORT),NO INJURY / DRIVE AWAY,,,Y,"OVER $1,500",11/06/2018 04:46:00 PM,UNABLE TO DETERMINE,UNABLE TO DETERMINE,702,W,47TH PL,935,,,,,,,2,NO INDICATION OF INJURY,0,0,0,0,0,1,0,6,3,11,41.80810277,-87.643288039,POINT (-87.64328803854 41.80810277013)
JB505435,,11/06/2018 05:55:00 AM,30,NO CONTROLS,NO CONTROLS,RAIN,DARKNESS,SIDESWIPE SAME DIRECTION,NOT DIVIDED,,STRAIGHT AND LEVEL,WET,NO DEFECTS,NOT ON SCENE (DESK REPORT),NO INJURY / DRIVE AWAY,,,,"$501 - $1,500",11/06/2018 08:30:00 AM,IMPROPER LANE USAGE,IMPROPER OVERTAKING/PASSING,3210,W,63RD ST,823,,,,,,,2,NO INDICATION OF INJURY,0,0,0,0,0,2,0,5,3,11,41.779074995,-87.703636753,POINT (-87.703636753281 41.779074995235)
JB505318,,11/06/2018 05:51:00 AM,35,NO CONTROLS,NO CONTROLS,RAIN,DAWN,FIXED OBJECT,DIVIDED - W/MEDIAN (NOT RAISED),2,STRAIGHT AND LEVEL,WET,NO DEFECTS,ON SCENE,INJURY AND / OR TOW DUE TO CRASH,,,,"OVER $1,500",11/06/2018 05:51:00 AM,WEATHER,NOT APPLICABLE,5841,S,KEDZIE AVE,824,,,,,,,1,NO INDICATION OF INJURY,0,0,0,0,0,1,0,5,3,11,41.786848365,-87.703216713,POINT (-87.703216713217 41.786848364589)
JB505321,,11/06/2018 05:50:00 AM,40,NO CONTROLS,NO CONTROLS,RAIN,"DARKNESS, LIGHTED ROAD",FIXED OBJECT,NOT DIVIDED,4,STRAIGHT AND LEVEL,WET,NO DEFECTS,ON SCENE,INJURY AND / OR TOW DUE TO CRASH,,,,"OVER $1,500",11/06/2018 06:01:00 AM,NOT APPLICABLE,NOT APPLICABLE,2621,N,LAKE SHORE DR NB,1935,,,,,,,1,NO INDICATION OF INJURY,0,0,0,0,0,1,0,5,3,11,41.930230517,-87.631799136,POINT (-87.63179913573 41.930230517394)
JB505329,,11/06/2018 05:45:00 AM,40,NO CONTROLS,NO CONTROLS,RAIN,"DARKNESS, LIGHTED ROAD",FIXED OBJECT,DIVIDED - W/MEDIAN BARRIER,,STRAIGHT AND LEVEL,WET,NO DEFECTS,NOT ON SCENE (DESK REPORT),INJURY AND / OR TOW DUE TO CRASH,,,,"$501 - $1,500",11/06/2018 06:00:00 AM,UNABLE TO DETERMINE,UNABLE TO DETERMINE,1000,N,LAKE SHORE DR NB,1824,,,,,,,1,NO INDICATION OF INJURY,0,0,0,0,0,1,0,5,3,11,41.901002863,-87.619779806,POINT (-87.619779806193 41.901002863094)
JB505348,Y,11/06/2018 05:38:00 AM,30,NO CONTROLS,NO CONTROLS,RAIN,DAYLIGHT,PARKED MOTOR VEHICLE,NOT DIVIDED,2,STRAIGHT AND LEVEL,WET,NO DEFECTS,ON SCENE,NO INJURY / DRIVE AWAY,,,Y,"$501 - $1,500",11/06/2018 06:49:00 AM,NOT APPLICABLE,NOT APPLICABLE,1261,W,ARDMORE AVE,2013,,,,,,,2,NO INDICATION OF INJURY,0,0,0,0,0,1,0,5,3,11,41.988009019,-87.662606112,POINT (-87.662606112448 41.98800901862)
JB510319,,11/06/2018 05:30:00 AM,30,UNKNOWN,UNKNOWN,UNKNOWN,DAYLIGHT,OTHER NONCOLLISION,DIVIDED - W/MEDIAN (NOT RAISED),,STRAIGHT AND LEVEL,UNKNOWN,OTHER,NOT ON SCENE (DESK REPORT),NO INJURY / DRIVE AWAY,,,,"$501 - $1,500",11/09/2018 09:15:00 PM,ROAD ENGINEERING/SURFACE/MARKING DEFECTS,NOT APPLICABLE,4059,W,NORTH AVE,2534,,,,,,,1,NO INDICATION OF INJURY,0,0,0,0,0,1,0,5,3,11,41.909741388,-87.728869453,POINT (-87.728869452884 41.909741388464)
JB505359,,11/06/2018 05:15:00 AM,30,TRAFFIC SIGNAL,FUNCTIONING PROPERLY,CLEAR,DAYLIGHT,REAR END,NOT DIVIDED,,STRAIGHT AND LEVEL,WET,NO DEFECTS,NOT ON SCENE (DESK REPORT),NO INJURY / DRIVE AWAY,,,,$500 OR LESS,11/06/2018 06:26:00 AM,UNABLE TO DETERMINE,UNABLE TO DETERMINE,1600,E,76TH ST,411,,,,,,,2,NO INDICATION OF INJURY,0,0,0,0,0,4,0,5,3,11,41.757059392,-87.585635024,POINT (-87.585635023779 41.757059392156)
JB506202,,11/06/2018 05:00:00 AM,30,NO CONTROLS,NO CONTROLS,RAIN,DARKNESS,REAR END,DIVIDED - W/MEDIAN (NOT RAISED),,STRAIGHT AND LEVEL,WET,NO DEFECTS,NOT ON SCENE (DESK REPORT),NO INJURY / DRIVE AWAY,,,Y,"OVER $1,500",11/06/2018 05:17:00 PM,UNABLE TO DETERMINE,NOT APPLICABLE,5755,W,63RD ST,812,,,,,,,2,NO INDICATION OF INJURY,0,0,0,0,0,3,0,5,3,11,41.777845079,-87.766381437,POINT (-87.766381437086 41.777845078994)
JB505938,,11/06/2018 04:45:00 AM,30,NO CONTROLS,NO CONTROLS,CLEAR,DAYLIGHT,PARKED MOTOR VEHICLE,NOT DIVIDED,,STRAIGHT AND LEVEL,DRY,NO DEFECTS,NOT ON SCENE (DESK REPORT),NO INJURY / DRIVE AWAY,,,Y,"$501 - $1,500",11/06/2018 02:30:00 PM,NOT APPLICABLE,NOT APPLICABLE,6317,S,TALMAN AVE,825,,,,,,,2,NO INDICATION OF INJURY,0,0,0,0,0,1,0,4,3,11,41.778607743,-87.68957679,POINT (-87.689576789858 41.778607742637)
JB505290,,11/06/2018 04:26:00 AM,30,NO CONTROLS,NO CONTROLS,CLEAR,"DARKNESS, LIGHTED ROAD",ANGLE,NOT DIVIDED,2,STRAIGHT AND LEVEL,WET,NO DEFECTS,ON SCENE,INJURY AND / OR TOW DUE TO CRASH,Y,,Y,"OVER $1,500",11/06/2018 04:26:00 AM,FAILING TO YIELD RIGHT-OF-WAY,NOT APPLICABLE,5729,W,GRAND AVE,2515,,,,,,,2,NO INDICATION OF INJURY,0,0,0,0,0,2,0,4,3,11,41.919313466,-87.769446313,POINT (-87.769446313417 41.919313465984)
JB505302,Y,11/06/2018 04:00:00 AM,30,STOP SIGN/FLASHER,FUNCTIONING PROPERLY,CLEAR,"DARKNESS, LIGHTED ROAD",PARKED MOTOR VEHICLE,NOT DIVIDED,2,STRAIGHT AND LEVEL,WET,NO DEFECTS,ON SCENE,NO INJURY / DRIVE AWAY,,,,"OVER $1,500",11/06/2018 05:15:00 AM,UNABLE TO DETERMINE,NOT APPLICABLE,4302,S,HERMITAGE AVE,924,,,,,,,2,NO INDICATION OF INJURY,0,0,0,0,0,1,0,4,3,11,41.815689622,-87.668948166,POINT (-87.668948166303 41.815689621744)
JB507769,,11/06/2018 03:58:00 AM,30,TRAFFIC SIGNAL,FUNCTIONING PROPERLY,CLEAR,"DARKNESS, LIGHTED ROAD",REAR END,NOT DIVIDED,,STRAIGHT AND LEVEL,WET,NO DEFECTS,NOT ON SCENE (DESK REPORT),NO INJURY / DRIVE AWAY,N,,,"$501 - $1,500",11/07/2018 09:45:00 PM,NOT APPLICABLE,NOT APPLICABLE,601,S,WESTERN AVE,1225,,,,,,,2,NO INDICATION OF INJURY,0,0,0,0,0,2,0,3,3,11,41.873847226,-87.686087569,POINT (-87.686087569371 41.873847225759)