RD_NO,CRASH_DATE_EST_I,CRASH_DATE,POSTED_SPEED_LIMIT,TRAFFIC_CONTROL_DEVICE,DEVICE_CONDITION,WEATHER_CONDITION,LIGHTING_CONDITION,FIRST_CRASH_TYPE,TRAFFICWAY_TYPE,LANE_CNT,ALIGNMENT,ROADWAY_SURFACE_COND,ROAD_DEFECT,REPORT_TYPE,CRASH_TYPE,INTERSECTION_RELATED_I,NOT_RIGHT_OF_WAY_I,HIT_AND_RUN_I,DAMAGE,DATE_POLICE_NOTIFIED,PRIM_CONTRIBUTORY_CAUSE,SEC_CONTRIBUTORY_CAUSE,STREET_NO,STREET_DIRECTION,STREET_NAME,BEAT_OF_OCCURRENCE,PHOTOS_TAKEN_I,STATEMENTS_TAKEN_I,DOORING_I,WORK_ZONE_I,WORK_ZONE_TYPE,WORKERS_PRESENT_I,NUM_UNITS,MOST_SEVERE_INJURY,INJURIES_TOTAL,INJURIES_FATAL,INJURIES_INCAPACITATING,INJURIES_NON_INCAPACITATING,INJURIES_REPORTED_NOT_EVIDENT,INJURIES_NO_INDICATION,INJURIES_UNKNOWN,CRASH_HOUR,CRASH_DAY_OF_WEEK,CRASH_MONTH,LATITUDE,LONGITUDE,LOCATION
JB505631,Y,11/06/2018 03:00:00 AM,30,NO CONTROLS,NO CONTROLS,RAIN,UNKNOWN,PARKED MOTOR VEHICLE,NOT DIVIDED,,STRAIGHT AND LEVEL,WET,NO DEFECTS,ON SCENE,NO INJURY / DRIVE AWAY,,,Y,"OVER $1,500",11/06/2018 10:40:00 AM,UNABLE TO DETERMINE,UNABLE TO DETERMINE,12211,S,BISHOP ST,524,,,,,,,2,NO INDICATION OF INJURY,0,0,0,0,0,1,0,3,3,11,41.671697149,-87.65739638,POINT (-87.657396379765 41.671697149161)
JB505426,,11/06/2018 03:00:00 AM,30,NO CONTROLS,NO CONTROLS,UNKNOWN,"DARKNESS, LIGHTED ROAD",PARKED MOTOR VEHICLE,NOT DIVIDED,1,STRAIGHT AND LEVEL,WET,NO DEFECTS,NOT ON SCENE (DESK REPORT),NO INJURY / DRIVE AWAY,,,Y,"OVER $1,500",11/06/2018 08:30:00 AM,UNABLE TO DETERMINE,UNABLE TO DETERMINE,6502,S,KOSTNER AVE,833,,,,,,,2,NO INDICATION OF INJURY,0,0,0,0,0,1,0,3,3,11,41.774752586,-87.732566038,POINT (-87.732566038365 41.774752586391)
JB505262,,11/06/2018 02:35:00 AM,30,NO CONTROLS,NO CONTROLS,RAIN,"DARKNESS, LIGHTED ROAD",SIDESWIPE SAME DIRECTION,NOT DIVIDED,4,STRAIGHT AND LEVEL,WET,NO DEFECTS,ON SCENE,NO INJURY / DRIVE AWAY,,,Y,"$501 - $1,500",11/06/2018 02:39:00 AM,IMPROPER OVERTAKING/PASSING,NOT APPLICABLE,13,W,87TH ST,634,,,,,,,2,NO INDICATION OF INJURY,0,0,0,0,0,2,0,2,3,11,41.736170924,-87.624966329,POINT (-87.624966329234 41.73617092381)
JB505471,,11/06/2018 01:30:00 AM,35,NO CONTROLS,NO CONTROLS,RAIN,DUSK,PARKED MOTOR VEHICLE,NOT DIVIDED,2,STRAIGHT AND LEVEL,WET,NO DEFECTS,ON SCENE,NO INJURY / DRIVE AWAY,,,Y,"OVER $1,500",11/06/2018 08:43:00 AM,NOT APPLICABLE,NOT APPLICABLE,3412,S,MORGAN ST,913,,,,,,,3,NO INDICATION OF INJURY,0,0,0,0,0,1,0,1,3,11,41.83234371,-87.651151379,POINT (-87.651151378861 41.832343709962)
JB505238,,11/06/2018 12:25:00 AM,30,TRAFFIC SIGNAL,FUNCTIONING PROPERLY,RAIN,"DARKNESS, LIGHTED ROAD",TURNING,DIVIDED - W/MEDIAN BARRIER,4,STRAIGHT AND LEVEL,WET,NO DEFECTS,ON SCENE,INJURY AND / OR TOW DUE TO CRASH,,,,"OVER $1,500",11/06/2018 12:30:00 AM,FOLLOWING TOO CLOSELY,UNABLE TO DETERMINE,344,N,LOWER MICHIGAN AVE,111,,,,,,,2,NO INDICATION OF INJURY,0,0,0,0,0,3,0,0,3,11,41.887906094,-87.624743849,POINT (-87.624743848652 41.887906093945)
JB505221,,11/06/2018 12:13:00 AM,30,TRAFFIC SIGNAL,FUNCTIONING PROPERLY,RAIN,"DARKNESS, LIGHTED ROAD",HEAD ON,NOT DIVIDED,4,STRAIGHT AND LEVEL,WET,NO DEFECTS,NOT ON SCENE (DESK REPORT),NO INJURY / DRIVE AWAY,,,N,"$501 - $1,500",11/06/2018 12:15:00 AM,"OPERATING VEHICLE IN ERRATIC, RECKLESS, CARELESS, NEGLIGENT OR AGGRESSIVE MANNER",UNABLE TO DETERMINE,4428,S,ARCHER AVE,821,,,,,,,2,NO INDICATION OF INJURY,0,0,0,0,0,2,0,0,3,11,41.812926452,-87.706372171,POINT (-87.706372170806 41.812926451667)
JB505718,,11/06/2018 12:10:00 AM,30,NO CONTROLS,NO CONTROLS,UNKNOWN,UNKNOWN,PARKED MOTOR VEHICLE,PARKING LOT,,STRAIGHT AND LEVEL,UNKNOWN,UNKNOWN,NOT ON SCENE (DESK REPORT),NO INJURY / DRIVE AWAY,,,Y,"OVER $1,500",11/06/2018 11:40:00 AM,UNABLE TO DETERMINE,NOT APPLICABLE,4628,S,WOODLAWN AVE,222,,,,,,,2,NO INDICATION OF INJURY,0,0,0,0,0,1,0,0,3,11,41.81054944,-87.596997041,POINT (-87.596997041215 41.810549439941)
JB506516,,11/06/2018 12:08:00 AM,30,TRAFFIC SIGNAL,UNKNOWN,UNKNOWN,UNKNOWN,PARKED MOTOR VEHICLE,NOT DIVIDED,2,STRAIGHT AND LEVEL,WET,NO DEFECTS,NOT ON SCENE (DESK REPORT),NO INJURY / DRIVE AWAY,,,N,"$501 - $1,500",11/06/2018 10:04:00 PM,UNABLE TO DETERMINE,NOT APPLICABLE,1147,W,BALMORAL AVE,2023,,,,,,,2,NO INDICATION OF INJURY,0,0,0,0,0,1,0,0,3,11,41.979862769,-87.659862874,POINT (-87.659862873512 41.979862769317)
JB505377,,11/06/2018 12:01:00 AM,30,STOP SIGN/FLASHER,FUNCTIONING PROPERLY,RAIN,"DARKNESS, LIGHTED ROAD",PARKED MOTOR VEHICLE,DIVIDED - W/MEDIAN (NOT RAISED),2,STRAIGHT AND LEVEL,WET,NO DEFECTS,NOT ON SCENE (DESK REPORT),NO INJURY / DRIVE AWAY,,,Y,"$501 - $1,500",11/06/2018 07:00:00 AM,UNABLE TO DETERMINE,UNABLE TO DETERMINE,10909,S,DR MARTIN LUTHER KING JR DR,513,,,,,,,2,NO INDICATION OF INJURY,0,0,0,0,0,1,0,0,3,11,41.696061977,-87.613317852,POINT (-87.613317851592 41.696061977265)
JB505227,,11/05/2018 11:30:00 PM,30,TRAFFIC SIGNAL,FUNCTIONING PROPERLY,RAIN,"DARKNESS, LIGHTED ROAD",TURNING,DIVIDED - W/MEDIAN (NOT RAISED),4,STRAIGHT AND LEVEL,WET,UNKNOWN,NOT ON SCENE (DESK REPORT),NO INJURY / DRIVE AWAY,Y,,,"$501 - $1,500",11/05/2018 11:50:00 PM,DISREGARDING ROAD MARKINGS,IMPROPER OVERTAKING/PASSING,6401,N,SHERIDAN RD,2432,,,,,,,2,NO INDICATION OF INJURY,0,0,0,0,0,2,0,23,2,11,41.998308806,-87.659696383,POINT (-87.659696383256 41.99830880639)
JB505215,,11/05/2018 11:30:00 PM,30,TRAFFIC SIGNAL,FUNCTIONING PROPERLY,RAIN,DARKNESS,TURNING,NOT DIVIDED,,STRAIGHT AND LEVEL,WET,NO DEFECTS,NOT ON SCENE (DESK REPORT),NO INJURY / DRIVE AWAY,Y,,,"OVER $1,500",11/06/2018 12:21:00 AM,UNABLE TO DETERMINE,UNABLE TO DETERMINE,5500,S,CICERO AVE,813,,,,,,,2,NO INDICATION OF INJURY,0,0,0,0,0,3,0,23,2,11,41.792910883,-87.742077343,POINT (-87.742077342959 41.792910883497)
JB505204,,11/05/2018 11:30:00 PM,30,NO CONTROLS,NO CONTROLS,RAIN,"DARKNESS, LIGHTED ROAD",TURNING,DIVIDED - W/MEDIAN (NOT RAISED),2,STRAIGHT AND LEVEL,WET,NO DEFECTS,ON SCENE,INJURY AND / OR TOW DUE TO CRASH,,,,"OVER $1,500",11/05/2018 11:32:00 PM,FAILING TO REDUCE SPEED TO AVOID CRASH,FAILING TO YIELD RIGHT-OF-WAY,10423,S,KEDZIE AVE,2211,,,,,,,2,NONINCAPACITATING INJURY,1,0,0,1,0,1,0,23,2,11,41.703640473,-87.701110095,POINT (-87.701110094802 41.703640472788)
JB505201,,11/05/2018 11:10:00 PM,30,NO CONTROLS,NO CONTROLS,CLEAR,"DARKNESS, LIGHTED ROAD",PARKED MOTOR VEHICLE,OTHER,0,STRAIGHT AND LEVEL,WET,WORN SURFACE,NOT ON SCENE (DESK REPORT),NO INJURY / DRIVE AWAY,,Y,Y,"OVER $1,500",11/05/2018 11:34:00 PM,UNABLE TO DETERMINE,UNABLE TO DETERMINE,1640,W,115TH ST,2234,,,,,,,2,NO INDICATION OF INJURY,0,0,0,0,0,1,0,23,2,11,41.684899085,-87.663352066,POINT (-87.663352066438 41.684899085362)
JB505198,,11/05/2018 11:05:00 PM,30,TRAFFIC SIGNAL,FUNCTIONING PROPERLY,RAIN,"DARKNESS, LIGHTED ROAD",SIDESWIPE SAME DIRECTION,NOT DIVIDED,4,STRAIGHT AND LEVEL,WET,NO DEFECTS,ON SCENE,NO INJURY / DRIVE AWAY,,,,"OVER $1,500",11/05/2018 11:10:00 PM,UNABLE TO DETERMINE,UNABLE TO DETERMINE,4758,W,72ND ST,833,,Y,,,,,2,NO INDICATION OF INJURY,0,0,0,0,0,2,0,23,2,11,41.762041741,-87.741614991,POINT (-87.741614990754 41.762041741125)
JB505187,,11/05/2018 10:56:00 PM,30,NO CONTROLS,NO CONTROLS,RAIN,"DARKNESS, LIGHTED ROAD",REAR END,PARKING LOT,,STRAIGHT AND LEVEL,WET,NO DEFECTS,ON SCENE,NO INJURY / DRIVE AWAY,,,Y,"$501 - $1,500",11/05/2018 11:08:00 PM,IMPROPER BACKING,UNABLE TO DETERMINE,8302,S,ASHLAND AVE,614,,,,,,,2,NO INDICATION OF INJURY,0,0,0,0,0,5,0,22,2,11,41.742927035,-87.663395453,POINT (-87.663395452869 41.742927035182)
JB505197,,11/05/2018 10:30:00 PM,30,NO CONTROLS,NO CONTROLS,RAIN,"DARKNESS, LIGHTED ROAD",PARKED MOTOR VEHICLE,DIVIDED - W/MEDIAN (NOT RAISED),2,STRAIGHT AND LEVEL,WET,NO DEFECTS,NOT ON SCENE (DESK REPORT),NO INJURY / DRIVE AWAY,,,,"$501 - $1,500",11/05/2018 11:10:00 PM,UNABLE TO DETERMINE,NOT APPLICABLE,307,E,75TH ST,623,,,,,,,2,NO INDICATION OF INJURY,0,0,0,0,0,1,0,22,2,11,41.758247951,-87.617967183,POINT (-87.617967182621 41.758247950599)
JB505173,,11/05/2018 10:30:00 PM,20,UNKNOWN,UNKNOWN,RAIN,"DARKNESS, LIGHTED ROAD",PARKED MOTOR VEHICLE,NOT DIVIDED,2,STRAIGHT AND LEVEL,WET,UNKNOWN,,INJURY AND / OR TOW DUE TO CRASH,,,Y,"OVER $1,500",11/05/2018 10:35:00 PM,"OPERATING VEHICLE IN ERRATIC, RECKLESS, CARELESS, NEGLIGENT OR AGGRESSIVE MANNER",UNABLE TO DETERMINE,10927,S,DR MARTIN LUTHER KING JR DR,513,,,,,,,2,NO INDICATION OF INJURY,0,0,0,0,0,1,0,22,2,11,41.695556825,-87.613304661,POINT (-87.613304660557 41.695556824542)
JB505164,,11/05/2018 10:30:00 PM,30,TRAFFIC SIGNAL,FUNCTIONING PROPERLY,RAIN,"DARKNESS, LIGHTED ROAD",PEDESTRIAN,NOT DIVIDED,2,STRAIGHT AND LEVEL,WET,NO DEFECTS,,INJURY AND / OR TOW DUE TO CRASH,Y,,,"OVER $1,500",11/05/2018 10:38:00 PM,WEATHER,UNABLE TO DETERMINE,1000,W,FULLERTON AVE,1932,,,,,,,3,NONINCAPACITATING INJURY,2,0,0,2,0,2,0,22,2,11,41.925484445,-87.6536765,POINT (-87.653676500405 41.92548444455)
JB505166,,11/05/2018 10:20:00 PM,25,TRAFFIC SIGNAL,FUNCTIONING PROPERLY,RAIN,"DARKNESS, LIGHTED ROAD",PEDESTRIAN,DIVIDED - W/MEDIAN (NOT RAISED),2,STRAIGHT AND LEVEL,WET,NO DEFECTS,ON SCENE,INJURY AND / OR TOW DUE TO CRASH,Y,,,$500 OR LESS,11/05/2018 10:25:00 PM,DRIVING SKILLS/KNOWLEDGE/EXPERIENCE,WEATHER,1999,W,NORTH AVE,1424,,,,,,,2,"REPORTED, NOT EVIDENT",1,0,0,0,1,1,0,22,2,11,41.910365997,-87.677514971,POINT (-87.677514970703 41.910365997187)
JB505158,,11/05/2018 10:20:00 PM,30,NO CONTROLS,NO CONTROLS,RAIN,"DARKNESS, LIGHTED ROAD",REAR END,DIVIDED - W/MEDIAN (NOT RAISED),2,STRAIGHT AND LEVEL,WET,NO DEFECTS,NOT ON SCENE (DESK REPORT),NO INJURY / DRIVE AWAY,,,Y,$500 OR LESS,11/05/2018 10:24:00 PM,UNABLE TO DETERMINE,UNABLE TO DETERMINE,1827,W,PERSHING RD,924,,,,,,,2,NO INDICATION OF INJURY,0,0,0,0,0,2,0,22,2,11,41.823049065,-87.671206658,POINT (-87.671206657804 41.823049064587)
JB505194,,11/05/2018 10:15:00 PM,30,STOP SIGN/FLASHER,NO CONTROLS,RAIN,"DARKNESS, LIGHTED ROAD",TURNING,DIVIDED - W/MEDIAN BARRIER,,STRAIGHT AND LEVEL,WET,NO DEFECTS,NOT ON SCENE (DESK REPORT),NO INJURY / DRIVE AWAY,,,Y,"OVER $1,500",11/05/2018 11:20:00 PM,UNABLE TO DETERMINE,UNABLE TO DETERMINE,2034,W,DEVON AVE,2412,,,,,,,2,NO INDICATION OF INJURY,0,0,0,0,0,3,0,22,2,11,41.997982385,-87.681504684,POINT (-87.681504684479 41.997982384819)
JB505165,Y,11/05/2018 10:15:00 PM,30,NO CONTROLS,NO CONTROLS,RAIN,"DARKNESS, LIGHTED ROAD",SIDESWIPE SAME DIRECTION,DIVIDED - W/MEDIAN BARRIER,4,STRAIGHT AND LEVEL,WET,NO DEFECTS,ON SCENE,NO INJURY / DRIVE AWAY,,,,$500 OR LESS,11/05/2018 10:20:00 PM,IMPROPER OVERTAKING/PASSING,IMPROPER TURNING/NO SIGNAL,175,N,STATE ST,111,,Y,,,,,2,NO INDICATION OF INJURY,0,0,0,0,0,2,0,22,2,11,41.885237799,-87.627781834,POINT (-87.627781834474 41.885237799493)
JB505159,,11/05/2018 10:11:00 PM,30,NO CONTROLS,NO CONTROLS,RAIN,"DARKNESS, LIGHTED ROAD",PARKED MOTOR VEHICLE,ALLEY,,STRAIGHT AND LEVEL,WET,UNKNOWN,NOT ON SCENE (DESK REPORT),NO INJURY / DRIVE AWAY,,,,$500 OR LESS,11/05/2018 10:12:00 PM,IMPROPER OVERTAKING/PASSING,EXCEEDING AUTHORIZED SPEED LIMIT,1609,N,CENTRAL AVE,2532,,,,,,,2,NO INDICATION OF INJURY,0,0,0,0,0,2,0,22,2,11,41.909669676,-87.765481309,POINT (-87.765481309016 41.909669676006)
JB506306,,11/05/2018 10:00:00 PM,0,NO CONTROLS,NO CONTROLS,RAIN,DARKNESS,OTHER OBJECT,DIVIDED - W/MEDIAN (NOT RAISED),2,STRAIGHT AND LEVEL,WET,NO DEFECTS,NOT ON SCENE (DESK REPORT),NO INJURY / DRIVE AWAY,,,,"OVER $1,500",11/06/2018 06:20:00 PM,UNABLE TO DETERMINE,UNABLE TO DETERMINE,2350,W,GARFIELD BLVD,932,,,,,,,1,NO INDICATION OF INJURY,0,0,0,0,0,1,0,22,2,11,41.793933002,-87.683143755,POINT (-87.683143754624 41.793933002156)
JB505857,Y,11/05/2018 10:00:00 PM,30,NO CONTROLS,NO CONTROLS,RAIN,DAYLIGHT,SIDESWIPE SAME DIRECTION,NOT DIVIDED,,STRAIGHT AND LEVEL,WET,NO DEFECTS,NOT ON SCENE (DESK REPORT),NO INJURY / DRIVE AWAY,,,Y,"$501 - $1,500",11/06/2018 01:46:00 PM,FAILING TO YIELD RIGHT-OF-WAY,NOT APPLICABLE,3012,W,DEVON AVE,2412,,,,,,,2,NO INDICATION OF INJURY,0,0,0,0,0,2,0,22,2,11,41.997574344,-87.705084248,POINT (-87.705084248393 41.997574343947)
JB505176,,11/05/2018 10:00:00 PM,30,NO CONTROLS,NO CONTROLS,RAIN,"DARKNESS, LIGHTED ROAD",REAR END,DIVIDED - W/MEDIAN (NOT RAISED),,STRAIGHT AND LEVEL,WET,NO DEFECTS,NOT ON SCENE (DESK REPORT),NO INJURY / DRIVE AWAY,Y,,,"OVER $1,500",11/05/2018 10:20:00 PM,EQUIPMENT - VEHICLE CONDITION,NOT APPLICABLE,7900,S,LOOMIS BLVD,612,,,,,,,3,NO INDICATION OF INJURY,0,0,0,0,0,3,0,22,2,11,41.750403779,-87.658735708,POINT (-87.658735707932 41.750403778707)
JB505142,,11/05/2018 10:00:00 PM,20,NO CONTROLS,NO CONTROLS,RAIN,DARKNESS,SIDESWIPE SAME DIRECTION,PARKING LOT,,STRAIGHT AND LEVEL,WET,NO DEFECTS,ON SCENE,NO INJURY / DRIVE AWAY,,,,$500 OR LESS,11/05/2018 10:01:00 PM,IMPROPER OVERTAKING/PASSING,EXCEEDING SAFE SPEED FOR CONDITIONS,10000,W,BRYN MAWR AVE,1654,,,,,,,2,NO INDICATION OF INJURY,0,0,0,0,0,2,0,22,2,11,41.975067561,-87.875990828,POINT (-87.875990827645 41.975067561101)
JB514819,,11/05/2018 09:55:00 PM,30,NO CONTROLS,NO CONTROLS,CLEAR,"DARKNESS, LIGHTED ROAD",PARKED MOTOR VEHICLE,NOT DIVIDED,4,STRAIGHT AND LEVEL,DRY,NO DEFECTS,NOT ON SCENE (DESK REPORT),NO INJURY / DRIVE AWAY,,,,"$501 - $1,500",11/13/2018 06:55:00 PM,NOT APPLICABLE,NOT APPLICABLE,4849,W,IRVING PARK RD,1634,,,N,,,,2,NO INDICATION OF INJURY,0,0,0,0,0,1,0,21,2,11,41.953288383,-87.749157502,POINT (-87.749157502157 41.953288383072)
JB505157,,11/05/2018 09:55:00 PM,30,NO CONTROLS,NO CONTROLS,RAIN,"DARKNESS, LIGHTED ROAD",PARKED MOTOR VEHICLE,NOT DIVIDED,4,STRAIGHT AND LEVEL,WET,NO DEFECTS,ON SCENE,NO INJURY / DRIVE AWAY,,,,"$501 - $1,500",11/05/2018 10:09:00 PM,WEATHER,UNABLE TO DETERMINE,146,N,CENTRAL AVE,1512,,,,,,,2,NO INDICATION OF INJURY,0,0,0,0,0,6,0,21,2,11,41.883628817,-87.765123729,POINT (-87.765123729344 41.883628817358)
JB505538,,11/05/2018 09:50:00 PM,30,TRAFFIC SIGNAL,FUNCTIONING PROPERLY,RAIN,"DARKNESS, LIGHTED ROAD",REAR END,DIVIDED - W/MEDIAN (NOT RAISED),4,STRAIGHT AND LEVEL,WET,NO DEFECTS,NOT ON SCENE (DESK REPORT),NO INJURY / DRIVE AWAY,Y,,Y,"OVER $1,500",11/06/2018 09:45:00 AM,FOLLOWING TOO CLOSELY,NOT APPLICABLE,458,W,PERSHING RD,915,,,,,,,2,NO INDICATION OF INJURY,0,0,0,0,0,2,0,21,2,11,41.8236634,-87.638558546,POINT (-87.638558545935 41.823663400291)
JB505133,,11/05/2018 09:45:00 PM,30,NO CONTROLS,NO CONTROLS,RAIN,"DARKNESS, LIGHTED ROAD",PARKED MOTOR VEHICLE,NOT DIVIDED,4,STRAIGHT AND LEVEL,WET,NO DEFECTS,NOT ON SCENE (DESK REPORT),NO INJURY / DRIVE AWAY,,,Y,"$501 - $1,500",11/05/2018 10:11:00 PM,EXCEEDING AUTHORIZED SPEED LIMIT,EXCEEDING AUTHORIZED SPEED LIMIT,2402,W,63RD ST,825,,,,,,,2,NO INDICATION OF INJURY,0,0,0,0,0,1,0,21,2,11,41.779343178,-87.683766559,POINT (-87.683766558677 41.779343177541)
JB505125,,11/05/2018 09:38:00 PM,30,TRAFFIC SIGNAL,FUNCTIONING PROPERLY,RAIN,"DARKNESS, LIGHTED ROAD",TURNING,DIVIDED - W/MEDIAN (NOT RAISED),1,STRAIGHT AND LEVEL,WET,NO DEFECTS,ON SCENE,NO INJURY / DRIVE AWAY,Y,,Y,"$501 - $1,500",11/05/2018 09:42:00 PM,FAILING TO YIELD RIGHT-OF-WAY,DISREGARDING TRAFFIC SIGNALS,598,S,CALIFORNIA AVE,1135,,,,,,,2,NO INDICATION OF INJURY,0,0,0,0,0,3,0,21,2,11,41.873845605,-87.696249916,POINT (-87.69624991647 41.873845604765)
JB505153,,11/05/2018 09:37:00 PM,30,TRAFFIC SIGNAL,FUNCTIONING PROPERLY,RAIN,"DARKNESS, LIGHTED ROAD",REAR END,NOT DIVIDED,2,STRAIGHT AND LEVEL,WET,NO DEFECTS,NOT ON SCENE (DESK REPORT),NO INJURY / DRIVE AWAY,,,,"OVER $1,500",11/05/2018 10:00:00 PM,UNABLE TO DETERMINE,UNABLE TO DETERMINE,3911,W,NORTH AVE,2535,,,,,,,2,NO INDICATION OF INJURY,0,0,0,0,0,2,0,21,2,11,41.909797521,-87.724557519,POINT (-87.72455751926 41.90979752081)
JB505138,,11/05/2018 09:35:00 PM,30,STOP SIGN/FLASHER,FUNCTIONING PROPERLY,RAIN,"DARKNESS, LIGHTED ROAD",FIXED OBJECT,NOT DIVIDED,,STRAIGHT AND LEVEL,WET,NO DEFECTS,ON SCENE,INJURY AND / OR TOW DUE TO CRASH,,Y,Y,"OVER $1,500",11/05/2018 09:37:00 PM,EXCEEDING SAFE SPEED FOR CONDITIONS,EXCEEDING AUTHORIZED SPEED LIMIT,200,E,107TH ST,512,,,,,,,1,NO INDICATION OF INJURY,0,0,0,0,0,1,0,21,2,11,41.700052587,-87.61838687,POINT (-87.618386870182 41.700052587175)
JB505141,Y,11/05/2018 09:30:00 PM,30,NO CONTROLS,NO CONTROLS,RAIN,UNKNOWN,PARKED MOTOR VEHICLE,NOT DIVIDED,2,STRAIGHT AND LEVEL,WET,NO DEFECTS,ON SCENE,NO INJURY / DRIVE AWAY,,,Y,"$501 - $1,500",11/05/2018 10:14:00 PM,UNABLE TO DETERMINE,NOT APPLICABLE,1133,W,TAYLOR ST,1232,,,,,,,2,NO INDICATION OF INJURY,0,0,0,0,0,1,0,21,2,11,41.869326793,-87.655494411,POINT (-87.655494411385 41.869326792513)
JB505109,,11/05/2018 09:20:00 PM,30,NO CONTROLS,NO CONTROLS,RAIN,"DARKNESS, LIGHTED ROAD",TURNING,DIVIDED - W/MEDIAN (NOT RAISED),4,STRAIGHT AND LEVEL,WET,NO DEFECTS,NOT ON SCENE (DESK REPORT),INJURY AND / OR TOW DUE TO CRASH,,,Y,"OVER $1,500",11/05/2018 09:20:00 PM,IMPROPER TURNING/NO SIGNAL,EQUIPMENT - VEHICLE CONDITION,8145,S,PULASKI RD,834,,,,,,,2,NO INDICATION OF INJURY,0,0,0,0,0,2,0,21,2,11,41.744472165,-87.721602131,POINT (-87.721602130824 41.744472165415)
JB505100,,11/05/2018 09:20:00 PM,30,TRAFFIC SIGNAL,FUNCTIONING PROPERLY,RAIN,DARKNESS,TURNING,NOT DIVIDED,2,STRAIGHT AND LEVEL,WET,NO DEFECTS,ON SCENE,NO INJURY / DRIVE AWAY,,,,"OVER $1,500",11/05/2018 09:25:00 PM,UNABLE TO DETERMINE,WEATHER,1759,W,DIVISION ST,1213,,,,,,,2,NO INDICATION OF INJURY,0,0,0,0,0,2,0,21,2,11,41.903159664,-87.672232287,POINT (-87.672232287493 41.903159663844)
JB505135,,11/05/2018 09:19:00 PM,30,NO CONTROLS,NO CONTROLS,RAIN,"DARKNESS, LIGHTED ROAD",TURNING,DIVIDED - W/MEDIAN (NOT RAISED),4,STRAIGHT AND LEVEL,WET,NO DEFECTS,ON SCENE,INJURY AND / OR TOW DUE TO CRASH,,,,"$501 - $1,500",11/05/2018 09:34:00 PM,IMPROPER TURNING/NO SIGNAL,WEATHER,9399,S,WESTERN AVE,2221,,,,,,,2,NO INDICATION OF INJURY,0,0,0,0,0,2,0,21,2,11,41.72286537,-87.681978409,POINT (-87.681978409031 41.722865370154)
JB505148,,11/05/2018 09:15:00 PM,30,TRAFFIC SIGNAL,FUNCTIONING PROPERLY,RAIN,DARKNESS,PEDESTRIAN,OTHER,0,STRAIGHT AND LEVEL,WET,UNKNOWN,NOT ON SCENE (DESK REPORT),INJURY AND / OR TOW DUE TO CRASH,Y,,,$500 OR LESS,11/05/2018 10:25:00 PM,UNABLE TO DETERMINE,UNABLE TO DETERMINE,45,E,MADISON ST,112,,,,,,,2,NONINCAPACITATING INJURY,1,0,0,1,0,1,0,21,2,11,41.881972288,-87.62616219,POINT (-87.626162189962 41.881972287626)
JB505106,,11/05/2018 09:06:00 PM,30,STOP SIGN/FLASHER,FUNCTIONING PROPERLY,RAIN,"DARKNESS, LIGHTED ROAD",ANGLE,DIVIDED - W/MEDIAN BARRIER,4,STRAIGHT AND LEVEL,WET,NO DEFECTS,ON SCENE,NO INJURY / DRIVE AWAY,Y,,,"OVER $1,500",11/05/2018 09:08:00 PM,DISREGARDING STOP SIGN,UNABLE TO DETERMINE,139,S,SANGAMON ST,1232,,,,,,,2,NO INDICATION OF INJURY,0,0,0,0,0,2,0,21,2,11,41.879225021,-87.650637071,POINT (-87.650637070968 41.879225021061)
JB505118,,11/05/2018 09:05:00 PM,35,TRAFFIC SIGNAL,FUNCTIONING PROPERLY,RAIN,"DARKNESS, LIGHTED ROAD",REAR END,DIVIDED - W/MEDIAN (NOT RAISED),3,STRAIGHT AND LEVEL,WET,UNKNOWN,NOT ON SCENE (DESK REPORT),NO INJURY / DRIVE AWAY,Y,,,"OVER $1,500",11/05/2018 09:40:00 PM,UNABLE TO DETERMINE,UNABLE TO DETERMINE,1148,W,GARFIELD BLVD,934,,,,,,,2,NO INDICATION OF INJURY,0,0,0,0,0,2,0,21,2,11,41.794283964,-87.654362407,POINT (-87.654362406547 41.794283964182)
JB505147,,11/05/2018 09:00:00 PM,35,UNKNOWN,UNKNOWN,RAIN,"DARKNESS, LIGHTED ROAD",REAR END,DIVIDED - W/MEDIAN (NOT RAISED),2,STRAIGHT AND LEVEL,WET,NO DEFECTS,ON SCENE,INJURY AND / OR TOW DUE TO CRASH,,,,"OVER $1,500",11/05/2018 09:55:00 PM,FAILING TO REDUCE SPEED TO AVOID CRASH,FOLLOWING TOO CLOSELY,6031,S,HARLEM AVE,812,,,,,,,2,NO INDICATION OF INJURY,0,0,0,0,0,2,0,21,2,11,41.781906182,-87.800950939,POINT (-87.800950939396 41.781906182101)
JB505101,,11/05/2018 09:00:00 PM,30,NO CONTROLS,NO CONTROLS,RAIN,"DARKNESS, LIGHTED ROAD",PARKED MOTOR VEHICLE,ONE-WAY,,STRAIGHT AND LEVEL,WET,NO DEFECTS,ON SCENE,NO INJURY / DRIVE AWAY,,,,"OVER $1,500",11/05/2018 09:10:00 PM,EQUIPMENT - VEHICLE CONDITION,NOT APPLICABLE,3004,S,KEELER AVE,1031,,,,,,,2,NO INDICATION OF INJURY,0,0,0,0,0,1,0,21,2,11,41.838460309,-87.729404085,POINT (-87.729404084502 41.838460308547)