RD_NO,CRASH_DATE_EST_I,CRASH_DATE,POSTED_SPEED_LIMIT,TRAFFIC_CONTROL_DEVICE,DEVICE_CONDITION,WEATHER_CONDITION,LIGHTING_CONDITION,FIRST_CRASH_TYPE,TRAFFICWAY_TYPE,LANE_CNT,ALIGNMENT,ROADWAY_SURFACE_COND,ROAD_DEFECT,REPORT_TYPE,CRASH_TYPE,INTERSECTION_RELATED_I,NOT_RIGHT_OF_WAY_I,HIT_AND_RUN_I,DAMAGE,DATE_POLICE_NOTIFIED,PRIM_CONTRIBUTORY_CAUSE,SEC_CONTRIBUTORY_CAUSE,STREET_NO,STREET_DIRECTION,STREET_NAME,BEAT_OF_OCCURRENCE,PHOTOS_TAKEN_I,STATEMENTS_TAKEN_I,DOORING_I,WORK_ZONE_I,WORK_ZONE_TYPE,WORKERS_PRESENT_I,NUM_UNITS,MOST_SEVERE_INJURY,INJURIES_TOTAL,INJURIES_FATAL,INJURIES_INCAPACITATING,INJURIES_NON_INCAPACITATING,INJURIES_REPORTED_NOT_EVIDENT,INJURIES_NO_INDICATION,INJURIES_UNKNOWN,CRASH_HOUR,CRASH_DAY_OF_WEEK,CRASH_MONTH,LATITUDE,LONGITUDE,LOCATION
JB505573,,11/05/2018 08:50:00 PM,30,NO CONTROLS,NO CONTROLS,RAIN,"DARKNESS, LIGHTED ROAD",HEAD ON,ONE-WAY,1,STRAIGHT AND LEVEL,WET,NO DEFECTS,NOT ON SCENE (DESK REPORT),INJURY AND / OR TOW DUE TO CRASH,,,,"$501 - $1,500",11/06/2018 10:20:00 AM,IMPROPER BACKING,FAILING TO REDUCE SPEED TO AVOID CRASH,1316,N,ARTESIAN AVE,1423,,,,,,,2,INCAPACITATING INJURY,1,0,1,0,0,3,0,20,2,11,41.905374929,-87.688467209,POINT (-87.688467209181 41.905374928843)
JB505122,,11/05/2018 08:50:00 PM,25,NO CONTROLS,NO CONTROLS,RAIN,"DARKNESS, LIGHTED ROAD",PARKED MOTOR VEHICLE,OTHER,1,STRAIGHT AND LEVEL,WET,UNKNOWN,ON SCENE,INJURY AND / OR TOW DUE TO CRASH,,,,"OVER $1,500",11/05/2018 08:55:00 PM,IMPROPER LANE USAGE,WEATHER,5519,W,GRACE ST,1633,,,,,,,3,NO INDICATION OF INJURY,0,0,0,0,0,1,0,20,2,11,41.949440943,-87.7652277,POINT (-87.765227699821 41.949440942614)
JB505097,,11/05/2018 08:50:00 PM,35,NO CONTROLS,NO CONTROLS,RAIN,DARKNESS,PARKED MOTOR VEHICLE,NOT DIVIDED,4,STRAIGHT AND LEVEL,WET,NO DEFECTS,NOT ON SCENE (DESK REPORT),NO INJURY / DRIVE AWAY,,,Y,"OVER $1,500",11/05/2018 09:15:00 PM,UNABLE TO DETERMINE,UNABLE TO DETERMINE,225,S,CANAL ST,121,,,,,,,2,NO INDICATION OF INJURY,0,0,0,0,0,2,0,20,2,11,41.878531278,-87.63942746,POINT (-87.639427459627 41.878531278354)
JB505081,,11/05/2018 08:38:00 PM,35,TRAFFIC SIGNAL,FUNCTIONING PROPERLY,RAIN,DARKNESS,SIDESWIPE SAME DIRECTION,NOT DIVIDED,4,STRAIGHT AND LEVEL,WET,NO DEFECTS,ON SCENE,NO INJURY / DRIVE AWAY,Y,,,$500 OR LESS,11/05/2018 09:03:00 PM,IMPROPER LANE USAGE,UNABLE TO DETERMINE,619,S,CICERO AVE,1131,,,,,,,2,NO INDICATION OF INJURY,0,0,0,0,0,2,0,20,2,11,41.872528358,-87.744804804,POINT (-87.744804803919 41.872528358452)
JB506224,,11/05/2018 08:30:00 PM,30,NO CONTROLS,NO CONTROLS,RAIN,"DARKNESS, LIGHTED ROAD",FIXED OBJECT,ONE-WAY,,STRAIGHT AND LEVEL,WET,"RUT, HOLES",NOT ON SCENE (DESK REPORT),NO INJURY / DRIVE AWAY,,,,$500 OR LESS,11/06/2018 05:30:00 PM,UNABLE TO DETERMINE,NOT APPLICABLE,1600,N,RICHMOND ST,1421,,,,,,,1,NO INDICATION OF INJURY,0,0,0,0,0,1,0,20,2,11,41.910291124,-87.700387007,POINT (-87.700387007275 41.910291124227)
JB505073,,11/05/2018 08:29:00 PM,30,STOP SIGN/FLASHER,FUNCTIONING PROPERLY,RAIN,"DARKNESS, LIGHTED ROAD",ANGLE,NOT DIVIDED,4,STRAIGHT AND LEVEL,WET,UNKNOWN,ON SCENE,INJURY AND / OR TOW DUE TO CRASH,Y,,,"OVER $1,500",11/05/2018 09:02:00 PM,FAILING TO YIELD RIGHT-OF-WAY,FAILING TO REDUCE SPEED TO AVOID CRASH,11000,S,AVENUE L,433,,,,,,,2,NO INDICATION OF INJURY,0,0,0,0,0,2,0,20,2,11,41.695386421,-87.536637425,POINT (-87.536637424562 41.695386420597)
JB505052,,11/05/2018 08:25:00 PM,30,NO CONTROLS,NO CONTROLS,CLEAR,DAYLIGHT,PEDESTRIAN,NOT DIVIDED,2,STRAIGHT AND LEVEL,WET,NO DEFECTS,ON SCENE,INJURY AND / OR TOW DUE TO CRASH,Y,,,$500 OR LESS,11/05/2018 08:25:00 PM,WEATHER,EXCEEDING SAFE SPEED FOR CONDITIONS,1202,S,STATE ST,131,,,,,,,2,INCAPACITATING INJURY,1,0,1,0,0,1,0,20,2,11,41.867278643,-87.627566327,POINT (-87.627566327067 41.86727864345)
JB505185,,11/05/2018 08:23:00 PM,30,NO CONTROLS,NO CONTROLS,RAIN,DARKNESS,SIDESWIPE SAME DIRECTION,NOT DIVIDED,,STRAIGHT AND LEVEL,WET,NO DEFECTS,NOT ON SCENE (DESK REPORT),NO INJURY / DRIVE AWAY,,,,"$501 - $1,500",11/05/2018 09:00:00 PM,FAILING TO YIELD RIGHT-OF-WAY,UNABLE TO DETERMINE,800,N,MICHIGAN AVE,1833,,,,,,,2,NO INDICATION OF INJURY,0,0,0,0,0,2,0,20,2,11,41.896790572,-87.624380655,POINT (-87.624380655444 41.896790572039)
JB505068,,11/05/2018 08:18:00 PM,30,NO CONTROLS,NO CONTROLS,RAIN,DARKNESS,FIXED OBJECT,CENTER TURN LANE,4,STRAIGHT AND LEVEL,WET,UNKNOWN,ON SCENE,INJURY AND / OR TOW DUE TO CRASH,,,,"OVER $1,500",11/05/2018 08:28:00 PM,DRIVING SKILLS/KNOWLEDGE/EXPERIENCE,EXCEEDING SAFE SPEED FOR CONDITIONS,2707,W,PETERSON AVE,2011,,,,,,,1,NONINCAPACITATING INJURY,2,0,0,2,0,2,0,20,2,11,41.990344657,-87.697278113,POINT (-87.697278112928 41.990344657069)
JB505050,,11/05/2018 08:15:00 PM,30,STOP SIGN/FLASHER,FUNCTIONING PROPERLY,RAIN,"DARKNESS, LIGHTED ROAD",FIXED OBJECT,ONE-WAY,1,STRAIGHT AND LEVEL,WET,NO DEFECTS,ON SCENE,INJURY AND / OR TOW DUE TO CRASH,,,,"OVER $1,500",11/05/2018 08:27:00 PM,UNABLE TO DETERMINE,UNABLE TO DETERMINE,1100,W,105TH ST,2232,,,,,,,1,NO INDICATION OF INJURY,0,0,0,0,0,1,0,20,2,11,41.703314322,-87.650058873,POINT (-87.650058873247 41.703314322099)
JB505038,,11/05/2018 08:15:00 PM,30,TRAFFIC SIGNAL,FUNCTIONING PROPERLY,RAIN,DARKNESS,TURNING,NOT DIVIDED,2,STRAIGHT AND LEVEL,WET,NO DEFECTS,NOT ON SCENE (DESK REPORT),NO INJURY / DRIVE AWAY,Y,,Y,$500 OR LESS,11/05/2018 08:16:00 PM,IMPROPER TURNING/NO SIGNAL,WEATHER,6400,W,BELMONT AVE,1632,,,,,,,2,NO INDICATION OF INJURY,0,0,0,0,0,4,0,20,2,11,41.938426463,-87.786089398,POINT (-87.78608939776 41.938426462543)
JB505048,,11/05/2018 08:10:00 PM,25,NO CONTROLS,NO CONTROLS,RAIN,DARKNESS,REAR END,NOT DIVIDED,,STRAIGHT AND LEVEL,WET,NO DEFECTS,ON SCENE,NO INJURY / DRIVE AWAY,,,,"OVER $1,500",11/05/2018 08:30:00 PM,NOT APPLICABLE,WEATHER,4452,W,BELMONT AVE,1731,,,,,,,3,NO INDICATION OF INJURY,0,0,0,0,0,4,0,20,2,11,41.939042157,-87.739201273,POINT (-87.739201273143 41.939042157379)
JB505046,,11/05/2018 08:10:00 PM,30,TRAFFIC SIGNAL,FUNCTIONING PROPERLY,RAIN,"DARKNESS, LIGHTED ROAD",PEDESTRIAN,ONE-WAY,4,STRAIGHT AND LEVEL,WET,NO DEFECTS,ON SCENE,INJURY AND / OR TOW DUE TO CRASH,Y,,,$500 OR LESS,11/05/2018 08:33:00 PM,DISREGARDING TRAFFIC SIGNALS,UNABLE TO DETERMINE,202,W,OHIO ST,1831,,Y,,,,,2,NONINCAPACITATING INJURY,1,0,0,1,0,1,0,20,2,11,41.892496393,-87.634251019,POINT (-87.634251018615 41.892496392999)
JB505123,,11/05/2018 08:00:00 PM,30,NO CONTROLS,NO CONTROLS,RAIN,DARKNESS,SIDESWIPE OPPOSITE DIRECTION,PARKING LOT,,STRAIGHT AND LEVEL,WET,NO DEFECTS,NOT ON SCENE (DESK REPORT),NO INJURY / DRIVE AWAY,,,Y,"$501 - $1,500",11/05/2018 09:45:00 PM,UNABLE TO DETERMINE,IMPROPER BACKING,4259,S,COTTAGE GROVE AVE,214,,,,,,,2,NO INDICATION OF INJURY,0,0,0,0,0,2,0,20,2,11,41.816871451,-87.606562199,POINT (-87.606562198969 41.816871451168)
JB505121,,11/05/2018 08:00:00 PM,30,TRAFFIC SIGNAL,FUNCTIONING PROPERLY,RAIN,"DARKNESS, LIGHTED ROAD",HEAD ON,OTHER,4,STRAIGHT AND LEVEL,WET,"RUT, HOLES",NOT ON SCENE (DESK REPORT),NO INJURY / DRIVE AWAY,Y,,,$500 OR LESS,11/05/2018 09:00:00 PM,IMPROPER OVERTAKING/PASSING,IMPROPER OVERTAKING/PASSING,336,W,ONTARIO ST,1831,,,,,,,2,NO INDICATION OF INJURY,0,0,0,0,0,2,0,20,2,11,41.893256711,-87.637007797,POINT (-87.637007797127 41.893256711085)
JB505067,,11/05/2018 08:00:00 PM,30,TRAFFIC SIGNAL,FUNCTIONING PROPERLY,RAIN,"DARKNESS, LIGHTED ROAD",SIDESWIPE SAME DIRECTION,OTHER,4,STRAIGHT AND LEVEL,WET,NO DEFECTS,NOT ON SCENE (DESK REPORT),NO INJURY / DRIVE AWAY,Y,,,"$501 - $1,500",11/05/2018 09:00:00 PM,IMPROPER LANE USAGE,IMPROPER LANE USAGE,336,W,ONTARIO ST,1831,,,,,,,2,NO INDICATION OF INJURY,0,0,0,0,0,2,0,20,2,11,41.893256711,-87.637007797,POINT (-87.637007797127 41.893256711085)
JB505045,,11/05/2018 08:00:00 PM,30,UNKNOWN,NO CONTROLS,CLEAR,DARKNESS,PARKED MOTOR VEHICLE,ONE-WAY,,STRAIGHT AND LEVEL,DRY,UNKNOWN,NOT ON SCENE (DESK REPORT),NO INJURY / DRIVE AWAY,,,Y,$500 OR LESS,11/05/2018 08:33:00 PM,UNABLE TO DETERMINE,NOT APPLICABLE,6219,W,SCHOOL ST,1633,,,,,,,2,NO INDICATION OF INJURY,0,0,0,0,0,1,0,20,2,11,41.940100241,-87.781946565,POINT (-87.781946565002 41.940100240557)
JB505042,,11/05/2018 08:00:00 PM,30,TRAFFIC SIGNAL,FUNCTIONING PROPERLY,RAIN,"DARKNESS, LIGHTED ROAD",TURNING,NOT DIVIDED,,STRAIGHT AND LEVEL,WET,NO DEFECTS,NOT ON SCENE (DESK REPORT),NO INJURY / DRIVE AWAY,Y,,,"$501 - $1,500",11/05/2018 08:11:00 PM,FAILING TO REDUCE SPEED TO AVOID CRASH,FOLLOWING TOO CLOSELY,300,W,76TH ST,623,,,,,,,2,NO INDICATION OF INJURY,0,0,0,0,0,2,0,20,2,11,41.756397155,-87.632280988,POINT (-87.632280987903 41.756397154807)
JB505040,,11/05/2018 07:55:00 PM,30,NO CONTROLS,NO CONTROLS,RAIN,"DARKNESS, LIGHTED ROAD",SIDESWIPE OPPOSITE DIRECTION,UNKNOWN,1,STRAIGHT AND LEVEL,WET,"RUT, HOLES",ON SCENE,NO INJURY / DRIVE AWAY,,,,"$501 - $1,500",11/05/2018 07:57:00 PM,ROAD CONSTRUCTION/MAINTENANCE,ROAD ENGINEERING/SURFACE/MARKING DEFECTS,430,N,HAMLIN AVE,1122,,,,,,,2,NO INDICATION OF INJURY,0,0,0,0,0,3,0,19,2,11,41.888908288,-87.721153679,POINT (-87.721153679139 41.888908287957)
JB505034,,11/05/2018 07:55:00 PM,30,NO CONTROLS,NO CONTROLS,RAIN,"DARKNESS, LIGHTED ROAD",PARKED MOTOR VEHICLE,NOT DIVIDED,2,STRAIGHT AND LEVEL,WET,NO DEFECTS,ON SCENE,NO INJURY / DRIVE AWAY,,,,$500 OR LESS,11/05/2018 07:55:00 PM,UNABLE TO DETERMINE,NOT APPLICABLE,6056,W,BELDEN AVE,2512,,,,,,,2,NO INDICATION OF INJURY,0,0,0,0,0,1,0,19,2,11,41.92208183,-87.777945277,POINT (-87.777945276758 41.922081830213)
JB505066,,11/05/2018 07:50:00 PM,30,NO CONTROLS,NO CONTROLS,RAIN,"DARKNESS, LIGHTED ROAD",ANGLE,DIVIDED - W/MEDIAN (NOT RAISED),2,STRAIGHT AND LEVEL,WET,NO DEFECTS,NOT ON SCENE (DESK REPORT),NO INJURY / DRIVE AWAY,Y,,,"$501 - $1,500",11/05/2018 08:54:00 PM,FAILING TO YIELD RIGHT-OF-WAY,UNABLE TO DETERMINE,4759,W,78TH ST,834,,,,,,,2,NO INDICATION OF INJURY,0,0,0,0,0,2,0,19,2,11,41.750878102,-87.741364113,POINT (-87.741364112753 41.750878101964)
JB505032,Y,11/05/2018 07:43:00 PM,30,TRAFFIC SIGNAL,FUNCTIONING PROPERLY,RAIN,"DARKNESS, LIGHTED ROAD",PEDESTRIAN,CENTER TURN LANE,2,STRAIGHT AND LEVEL,WET,NO DEFECTS,ON SCENE,INJURY AND / OR TOW DUE TO CRASH,Y,,,"$501 - $1,500",11/05/2018 07:47:00 PM,UNABLE TO DETERMINE,FAILING TO YIELD RIGHT-OF-WAY,2200,S,PRAIRIE AVE,132,,,,,,,2,"REPORTED, NOT EVIDENT",1,0,0,0,1,1,0,19,2,11,41.852819671,-87.620809542,POINT (-87.620809541707 41.852819671483)
JB505009,,11/05/2018 07:40:00 PM,30,TRAFFIC SIGNAL,FUNCTIONING PROPERLY,RAIN,"DARKNESS, LIGHTED ROAD",REAR END,NOT DIVIDED,2,STRAIGHT AND LEVEL,WET,NO DEFECTS,NOT ON SCENE (DESK REPORT),NO INJURY / DRIVE AWAY,Y,,,"$501 - $1,500",11/05/2018 08:00:00 PM,FAILING TO REDUCE SPEED TO AVOID CRASH,NOT APPLICABLE,5335,N,CUMBERLAND AVE,1614,,,,,,,2,NO INDICATION OF INJURY,0,0,0,0,0,4,0,19,2,11,41.976636832,-87.836468532,POINT (-87.836468531782 41.976636832245)
JB505053,,11/05/2018 07:35:00 PM,30,NO CONTROLS,NO CONTROLS,RAIN,"DARKNESS, LIGHTED ROAD",PARKED MOTOR VEHICLE,PARKING LOT,,STRAIGHT AND LEVEL,WET,NO DEFECTS,ON SCENE,INJURY AND / OR TOW DUE TO CRASH,,,Y,"OVER $1,500",11/05/2018 07:36:00 PM,"OPERATING VEHICLE IN ERRATIC, RECKLESS, CARELESS, NEGLIGENT OR AGGRESSIVE MANNER",NOT APPLICABLE,4244,W,MADISON ST,1115,,,,,,,2,"REPORTED, NOT EVIDENT",1,0,0,0,1,0,0,19,2,11,41.880756571,-87.732373043,POINT (-87.732373043337 41.880756570897)
JB505098,N,11/05/2018 07:30:00 PM,5,NO CONTROLS,NO CONTROLS,UNKNOWN,DARKNESS,PARKED MOTOR VEHICLE,PARKING LOT,,STRAIGHT AND LEVEL,UNKNOWN,NO DEFECTS,ON SCENE,NO INJURY / DRIVE AWAY,,Y,Y,"OVER $1,500",11/05/2018 10:35:00 PM,UNABLE TO DETERMINE,NOT APPLICABLE,1220,S,ASHLAND AVE,1233,,,,,,,2,NO INDICATION OF INJURY,0,0,0,0,0,1,0,19,2,11,41.866254176,-87.66652414,POINT (-87.666524140131 41.866254176143)
JB504993,,11/05/2018 07:30:00 PM,30,UNKNOWN,UNKNOWN,CLEAR,DUSK,TURNING,NOT DIVIDED,,STRAIGHT AND LEVEL,DRY,UNKNOWN,NOT ON SCENE (DESK REPORT),NO INJURY / DRIVE AWAY,,,,"OVER $1,500",11/05/2018 07:52:00 PM,UNABLE TO DETERMINE,NOT APPLICABLE,2333,N,HARLEM AVE,2512,,,,,,,2,NO INDICATION OF INJURY,0,0,0,0,0,2,0,19,2,11,41.922112857,-87.806047723,POINT (-87.806047723217 41.922112857283)
JB504974,,11/05/2018 07:30:00 PM,35,TRAFFIC SIGNAL,FUNCTIONING PROPERLY,RAIN,DARKNESS,TURNING,OTHER,,STRAIGHT AND LEVEL,WET,NO DEFECTS,ON SCENE,INJURY AND / OR TOW DUE TO CRASH,Y,,,"OVER $1,500",11/05/2018 07:37:00 PM,FAILING TO YIELD RIGHT-OF-WAY,NOT APPLICABLE,1600,E,87TH ST,412,,,,,,,2,NONINCAPACITATING INJURY,1,0,0,1,0,6,0,19,2,11,41.737030992,-87.585086454,POINT (-87.585086453532 41.737030992315)
JB504985,,11/05/2018 07:26:00 PM,30,TRAFFIC SIGNAL,NOT FUNCTIONING,CLEAR,"DARKNESS, LIGHTED ROAD",ANGLE,ONE-WAY,2,STRAIGHT AND LEVEL,WET,NO DEFECTS,ON SCENE,INJURY AND / OR TOW DUE TO CRASH,Y,,,"OVER $1,500",11/05/2018 07:26:00 PM,FAILING TO REDUCE SPEED TO AVOID CRASH,FAILING TO YIELD RIGHT-OF-WAY,100,S,CLARK ST,122,,,,,,,2,"REPORTED, NOT EVIDENT",3,0,0,0,3,0,0,19,2,11,41.880662868,-87.630999233,POINT (-87.630999232701 41.880662867542)
JB504979,,11/05/2018 07:20:00 PM,30,TRAFFIC SIGNAL,FUNCTIONING PROPERLY,RAIN,"DARKNESS, LIGHTED ROAD",PARKED MOTOR VEHICLE,NOT DIVIDED,2,STRAIGHT AND LEVEL,WET,NO DEFECTS,ON SCENE,INJURY AND / OR TOW DUE TO CRASH,,,Y,"OVER $1,500",11/05/2018 07:26:00 PM,UNABLE TO DETERMINE,DRIVING SKILLS/KNOWLEDGE/EXPERIENCE,2203,W,FULTON ST,1223,,,,,,,2,NO INDICATION OF INJURY,0,0,0,0,0,1,0,19,2,11,41.886586149,-87.681817879,POINT (-87.681817879499 41.886586148913)
JB504978,,11/05/2018 07:15:00 PM,30,TRAFFIC SIGNAL,FUNCTIONING PROPERLY,RAIN,"DARKNESS, LIGHTED ROAD",REAR END,NOT DIVIDED,,STRAIGHT AND LEVEL,WET,NO DEFECTS,NOT ON SCENE (DESK REPORT),NO INJURY / DRIVE AWAY,,,,"OVER $1,500",11/05/2018 07:42:00 PM,FOLLOWING TOO CLOSELY,NOT APPLICABLE,5022,W,MONTROSE AVE,1623,,,,,,,3,NO INDICATION OF INJURY,0,0,0,0,0,3,0,19,2,11,41.960752781,-87.753335957,POINT (-87.753335957052 41.960752780891)
JB506213,,11/05/2018 07:10:00 PM,30,NO CONTROLS,NO CONTROLS,CLEAR,"DARKNESS, LIGHTED ROAD",TURNING,NOT DIVIDED,2,STRAIGHT AND LEVEL,DRY,NO DEFECTS,NOT ON SCENE (DESK REPORT),NO INJURY / DRIVE AWAY,Y,,,"OVER $1,500",11/06/2018 05:20:00 PM,IMPROPER OVERTAKING/PASSING,DRIVING SKILLS/KNOWLEDGE/EXPERIENCE,2300,W,71ST ST,832,,,,,,,2,NO INDICATION OF INJURY,0,0,0,0,0,2,0,19,2,11,41.764843945,-87.680766731,POINT (-87.680766731476 41.764843944686)
JB504983,,11/05/2018 07:10:00 PM,30,TRAFFIC SIGNAL,FUNCTIONING PROPERLY,CLEAR,DAWN,REAR END,NOT DIVIDED,,STRAIGHT AND LEVEL,DRY,NO DEFECTS,NOT ON SCENE (DESK REPORT),NO INJURY / DRIVE AWAY,,,,"$501 - $1,500",11/05/2018 07:46:00 PM,UNABLE TO DETERMINE,NOT APPLICABLE,3855,W,MADISON ST,1122,,,,,,,3,NO INDICATION OF INJURY,0,0,0,0,0,3,0,19,2,11,41.880651295,-87.722969583,POINT (-87.722969582701 41.880651295067)
JB513609,,11/05/2018 07:00:00 PM,15,STOP SIGN/FLASHER,FUNCTIONING PROPERLY,CLEAR,"DARKNESS, LIGHTED ROAD",SIDESWIPE OPPOSITE DIRECTION,OTHER,2,STRAIGHT AND LEVEL,DRY,NO DEFECTS,NOT ON SCENE (DESK REPORT),NO INJURY / DRIVE AWAY,,Y,,"$501 - $1,500",11/12/2018 07:30:00 PM,IMPROPER BACKING,IMPROPER OVERTAKING/PASSING,4018,N,KEDZIE AVE,1724,,,,,,,2,NO INDICATION OF INJURY,0,0,0,0,0,2,0,19,2,11,41.954515675,-87.70818018,POINT (-87.70818018048 41.954515675257)
JB505988,,11/05/2018 07:00:00 PM,30,TRAFFIC SIGNAL,FUNCTIONING PROPERLY,RAIN,DARKNESS,FIXED OBJECT,DIVIDED - W/MEDIAN BARRIER,,"CURVE, LEVEL",WET,NO DEFECTS,NOT ON SCENE (DESK REPORT),NO INJURY / DRIVE AWAY,,,,"OVER $1,500",11/06/2018 01:00:00 PM,WEATHER,NOT APPLICABLE,4547,N,CICERO AVE,1722,,,,,,,1,NO INDICATION OF INJURY,0,0,0,0,0,3,0,19,2,11,41.963905731,-87.747291655,POINT (-87.747291655302 41.963905731042)
JB504958,,11/05/2018 06:49:00 PM,30,TRAFFIC SIGNAL,FUNCTIONING PROPERLY,RAIN,"DARKNESS, LIGHTED ROAD",TURNING,NOT DIVIDED,4,STRAIGHT AND LEVEL,WET,NO DEFECTS,ON SCENE,INJURY AND / OR TOW DUE TO CRASH,Y,,,"OVER $1,500",11/05/2018 06:49:00 PM,UNABLE TO DETERMINE,NOT APPLICABLE,4756,W,MONTROSE AVE,1722,,,,,,,3,NO INDICATION OF INJURY,0,0,0,0,0,4,0,18,2,11,41.960834005,-87.747412752,POINT (-87.747412752333 41.960834005082)
JB504949,,11/05/2018 06:45:00 PM,35,TRAFFIC SIGNAL,OTHER,CLEAR,DUSK,REAR END,NOT DIVIDED,,STRAIGHT AND LEVEL,DRY,NO DEFECTS,NOT ON SCENE (DESK REPORT),NO INJURY / DRIVE AWAY,Y,,,"$501 - $1,500",11/05/2018 06:55:00 PM,FAILING TO REDUCE SPEED TO AVOID CRASH,DRIVING SKILLS/KNOWLEDGE/EXPERIENCE,6300,S,STEWART AVE,722,,,,,,,2,NO INDICATION OF INJURY,0,0,0,0,0,3,0,18,2,11,41.779816753,-87.635194202,POINT (-87.635194202493 41.779816752642)
JB504932,,11/05/2018 06:45:00 PM,35,UNKNOWN,UNKNOWN,UNKNOWN,DARKNESS,PARKED MOTOR VEHICLE,NOT DIVIDED,,STRAIGHT AND LEVEL,UNKNOWN,UNKNOWN,NOT ON SCENE (DESK REPORT),INJURY AND / OR TOW DUE TO CRASH,,,Y,"OVER $1,500",11/05/2018 06:46:00 PM,UNABLE TO DETERMINE,NOT APPLICABLE,2035,N,PULASKI RD,2525,,,,,,,3,NO INDICATION OF INJURY,0,0,0,0,0,1,0,18,2,11,41.918244845,-87.72644696,POINT (-87.726446959542 41.918244845012)
JB504913,,11/05/2018 06:45:00 PM,30,STOP SIGN/FLASHER,FUNCTIONING PROPERLY,CLEAR,DARKNESS,SIDESWIPE SAME DIRECTION,NOT DIVIDED,,STRAIGHT AND LEVEL,DRY,NO DEFECTS,NOT ON SCENE (DESK REPORT),NO INJURY / DRIVE AWAY,,,,"$501 - $1,500",11/05/2018 06:56:00 PM,IMPROPER OVERTAKING/PASSING,NOT APPLICABLE,3003,W,MADISON ST,1124,,,,,,,2,NO INDICATION OF INJURY,0,0,0,0,0,2,0,18,2,11,41.880915121,-87.701343753,POINT (-87.701343753005 41.88091512061)
JB504931,,11/05/2018 06:40:00 PM,35,NO CONTROLS,NO CONTROLS,RAIN,"DARKNESS, LIGHTED ROAD",TURNING,NOT DIVIDED,,STRAIGHT AND LEVEL,WET,NO DEFECTS,ON SCENE,INJURY AND / OR TOW DUE TO CRASH,Y,,Y,"$501 - $1,500",11/05/2018 06:42:00 PM,UNABLE TO DETERMINE,UNABLE TO DETERMINE,5400,S,PULASKI RD,815,,,,,,,2,NO INDICATION OF INJURY,0,0,0,0,0,4,0,18,2,11,41.794957445,-87.723356565,POINT (-87.723356564996 41.794957444828)
JB508628,,11/05/2018 06:38:00 PM,30,TRAFFIC SIGNAL,FUNCTIONING PROPERLY,RAIN,"DARKNESS, LIGHTED ROAD",REAR END,NOT DIVIDED,2,STRAIGHT AND LEVEL,WET,UNKNOWN,NOT ON SCENE (DESK REPORT),NO INJURY / DRIVE AWAY,,,,"OVER $1,500",11/08/2018 04:12:00 PM,EXCEEDING SAFE SPEED FOR CONDITIONS,NOT APPLICABLE,2567,W,MONTROSE AVE,1911,,,,,,,2,NO INDICATION OF INJURY,0,0,0,0,0,3,0,18,2,11,41.961170319,-87.693745273,POINT (-87.693745272663 41.961170319055)
JB504956,,11/05/2018 06:35:00 PM,30,STOP SIGN/FLASHER,FUNCTIONING PROPERLY,CLEAR,DARKNESS,FIXED OBJECT,DIVIDED - W/MEDIAN BARRIER,,STRAIGHT AND LEVEL,WET,NO DEFECTS,ON SCENE,INJURY AND / OR TOW DUE TO CRASH,Y,,Y,"OVER $1,500",11/05/2018 06:40:00 PM,"OPERATING VEHICLE IN ERRATIC, RECKLESS, CARELESS, NEGLIGENT OR AGGRESSIVE MANNER",NOT APPLICABLE,1903,N,KEDZIE AVE,1421,,,,,,,1,NO INDICATION OF INJURY,0,0,0,0,0,2,0,18,2,11,41.9156862,-87.706771707,POINT (-87.706771707487 41.915686200267)
JB505746,,11/05/2018 06:30:00 PM,10,NO CONTROLS,NO CONTROLS,CLEAR,DUSK,PARKED MOTOR VEHICLE,PARKING LOT,,STRAIGHT AND LEVEL,DRY,UNKNOWN,NOT ON SCENE (DESK REPORT),NO INJURY / DRIVE AWAY,,Y,,$500 OR LESS,11/06/2018 12:10:00 PM,UNABLE TO DETERMINE,UNABLE TO DETERMINE,456,E,35TH ST,211,,,,,,,2,NO INDICATION OF INJURY,0,0,0,0,0,2,0,18,2,11,41.831301728,-87.614692763,POINT (-87.614692763468 41.831301728075)
JB504935,,11/05/2018 06:30:00 PM,30,TRAFFIC SIGNAL,FUNCTIONING PROPERLY,CLEAR,"DARKNESS, LIGHTED ROAD",REAR END,NOT DIVIDED,,STRAIGHT AND LEVEL,DRY,NO DEFECTS,NOT ON SCENE (DESK REPORT),NO INJURY / DRIVE AWAY,Y,,,$500 OR LESS,11/05/2018 07:00:00 PM,IMPROPER BACKING,UNABLE TO DETERMINE,4658,S,COTTAGE GROVE AVE,221,,,,,,,2,NO INDICATION OF INJURY,0,0,0,0,0,2,0,18,2,11,41.80962191,-87.606713993,POINT (-87.60671399272 41.809621910024)
JB504904,,11/05/2018 06:23:00 PM,30,NO CONTROLS,NO CONTROLS,CLEAR,"DARKNESS, LIGHTED ROAD",REAR END,NOT DIVIDED,2,STRAIGHT AND LEVEL,DRY,NO DEFECTS,ON SCENE,NO INJURY / DRIVE AWAY,,,,"OVER $1,500",11/05/2018 06:40:00 PM,DRIVING SKILLS/KNOWLEDGE/EXPERIENCE,EQUIPMENT - VEHICLE CONDITION,8116,S,JEFFERY BLVD,414,,,,,,,2,NO INDICATION OF INJURY,0,0,0,0,0,2,0,18,2,11,41.747426182,-87.576055228,POINT (-87.576055227985 41.74742618198)