RD_NO,CRASH_DATE_EST_I,CRASH_DATE,POSTED_SPEED_LIMIT,TRAFFIC_CONTROL_DEVICE,DEVICE_CONDITION,WEATHER_CONDITION,LIGHTING_CONDITION,FIRST_CRASH_TYPE,TRAFFICWAY_TYPE,LANE_CNT,ALIGNMENT,ROADWAY_SURFACE_COND,ROAD_DEFECT,REPORT_TYPE,CRASH_TYPE,INTERSECTION_RELATED_I,NOT_RIGHT_OF_WAY_I,HIT_AND_RUN_I,DAMAGE,DATE_POLICE_NOTIFIED,PRIM_CONTRIBUTORY_CAUSE,SEC_CONTRIBUTORY_CAUSE,STREET_NO,STREET_DIRECTION,STREET_NAME,BEAT_OF_OCCURRENCE,PHOTOS_TAKEN_I,STATEMENTS_TAKEN_I,DOORING_I,WORK_ZONE_I,WORK_ZONE_TYPE,WORKERS_PRESENT_I,NUM_UNITS,MOST_SEVERE_INJURY,INJURIES_TOTAL,INJURIES_FATAL,INJURIES_INCAPACITATING,INJURIES_NON_INCAPACITATING,INJURIES_REPORTED_NOT_EVIDENT,INJURIES_NO_INDICATION,INJURIES_UNKNOWN,CRASH_HOUR,CRASH_DAY_OF_WEEK,CRASH_MONTH,LATITUDE,LONGITUDE,LOCATION
JB504962,,11/05/2018 06:15:00 PM,30,STOP SIGN/FLASHER,UNKNOWN,CLEAR,"DARKNESS, LIGHTED ROAD",ANGLE,NOT DIVIDED,,STRAIGHT AND LEVEL,UNKNOWN,UNKNOWN,NOT ON SCENE (DESK REPORT),NO INJURY / DRIVE AWAY,Y,,Y,"OVER $1,500",11/05/2018 07:30:00 PM,DISREGARDING STOP SIGN,NOT APPLICABLE,2460,S,BLUE ISLAND AVE,1034,,,,,,,3,NO INDICATION OF INJURY,0,0,0,0,0,4,0,18,2,11,41.847753301,-87.678118266,POINT (-87.678118265629 41.847753300613)
JB505779,,11/05/2018 06:05:00 PM,30,NO CONTROLS,NO CONTROLS,CLEAR,DARKNESS,PARKED MOTOR VEHICLE,NOT DIVIDED,,STRAIGHT AND LEVEL,DRY,NO DEFECTS,NOT ON SCENE (DESK REPORT),NO INJURY / DRIVE AWAY,,,Y,$500 OR LESS,11/06/2018 12:28:00 PM,UNABLE TO DETERMINE,UNABLE TO DETERMINE,1132,W,83RD ST,613,,,,,,,2,NO INDICATION OF INJURY,0,0,0,0,0,1,0,18,2,11,41.743341469,-87.652390793,POINT (-87.652390793088 41.743341468738)
JB510910,,11/05/2018 06:00:00 PM,35,STOP SIGN/FLASHER,FUNCTIONING PROPERLY,RAIN,"DARKNESS, LIGHTED ROAD",TURNING,NOT DIVIDED,,STRAIGHT AND LEVEL,WET,NO DEFECTS,NOT ON SCENE (DESK REPORT),NO INJURY / DRIVE AWAY,Y,,Y,"$501 - $1,500",11/10/2018 01:00:00 PM,UNABLE TO DETERMINE,UNABLE TO DETERMINE,2431,S,BLUE ISLAND AVE,1034,,,,,,,2,NO INDICATION OF INJURY,0,0,0,0,0,3,0,18,2,11,41.848038724,-87.67672549,POINT (-87.676725489842 41.848038724427)
JB506165,,11/05/2018 06:00:00 PM,30,NO CONTROLS,NO CONTROLS,CLEAR,"DARKNESS, LIGHTED ROAD",PEDALCYCLIST,NOT DIVIDED,,STRAIGHT AND LEVEL,DRY,NO DEFECTS,NOT ON SCENE (DESK REPORT),INJURY AND / OR TOW DUE TO CRASH,,,,$500 OR LESS,11/06/2018 04:55:00 PM,UNABLE TO DETERMINE,NOT APPLICABLE,1940,W,ADDISON ST,1922,,,,,,,2,NONINCAPACITATING INJURY,1,0,0,1,0,1,0,18,2,11,41.946984412,-87.677756998,POINT (-87.677756998096 41.946984411962)
JB506004,Y,11/05/2018 06:00:00 PM,25,STOP SIGN/FLASHER,FUNCTIONING PROPERLY,UNKNOWN,UNKNOWN,PARKED MOTOR VEHICLE,NOT DIVIDED,2,STRAIGHT AND LEVEL,UNKNOWN,NO DEFECTS,ON SCENE,NO INJURY / DRIVE AWAY,Y,,Y,"OVER $1,500",11/06/2018 02:38:00 PM,UNABLE TO DETERMINE,UNABLE TO DETERMINE,1830,W,37TH ST,912,,,,,,,2,NO INDICATION OF INJURY,0,0,0,0,0,1,0,18,2,11,41.826892174,-87.671456426,POINT (-87.671456426397 41.826892173755)
JB505760,Y,11/05/2018 06:00:00 PM,0,NO CONTROLS,NO CONTROLS,RAIN,"DARKNESS, LIGHTED ROAD",PARKED MOTOR VEHICLE,ONE-WAY,1,STRAIGHT AND LEVEL,WET,NO DEFECTS,NOT ON SCENE (DESK REPORT),NO INJURY / DRIVE AWAY,,,Y,"OVER $1,500",11/06/2018 12:23:00 PM,UNABLE TO DETERMINE,UNABLE TO DETERMINE,2004,W,LE MOYNE ST,1424,,,,,,,2,NO INDICATION OF INJURY,0,0,0,0,0,1,0,18,2,11,41.908361358,-87.677680798,POINT (-87.677680797625 41.908361358274)
JB505126,,11/05/2018 06:00:00 PM,30,STOP SIGN/FLASHER,FUNCTIONING PROPERLY,CLOUDY/OVERCAST,"DARKNESS, LIGHTED ROAD",ANGLE,NOT DIVIDED,2,STRAIGHT AND LEVEL,DRY,NO DEFECTS,NOT ON SCENE (DESK REPORT),NO INJURY / DRIVE AWAY,Y,,,"OVER $1,500",11/05/2018 10:00:00 PM,FAILING TO YIELD RIGHT-OF-WAY,NOT APPLICABLE,4700,N,RACINE AVE,1913,Y,,,,,,2,NO INDICATION OF INJURY,0,0,0,0,0,3,0,18,2,11,41.967249011,-87.659797937,POINT (-87.659797937387 41.967249011136)
JB504936,,11/05/2018 05:51:00 PM,30,NO CONTROLS,NO CONTROLS,CLEAR,DARKNESS,REAR END,PARKING LOT,,STRAIGHT AND LEVEL,DRY,NO DEFECTS,NOT ON SCENE (DESK REPORT),NO INJURY / DRIVE AWAY,,,Y,"OVER $1,500",11/05/2018 07:00:00 PM,UNABLE TO DETERMINE,NOT APPLICABLE,2551,W,CERMAK RD,1034,,,,,,,2,NO INDICATION OF INJURY,0,0,0,0,0,3,0,17,2,11,41.851868272,-87.690075121,POINT (-87.690075121295 41.851868271661)
JB504864,,11/05/2018 05:51:00 PM,30,TRAFFIC SIGNAL,FUNCTIONING PROPERLY,CLEAR,"DARKNESS, LIGHTED ROAD",SIDESWIPE SAME DIRECTION,DIVIDED - W/MEDIAN BARRIER,4,STRAIGHT AND LEVEL,DRY,UNKNOWN,ON SCENE,NO INJURY / DRIVE AWAY,Y,,Y,$500 OR LESS,11/05/2018 05:58:00 PM,IMPROPER OVERTAKING/PASSING,NOT APPLICABLE,938,N,MICHIGAN AVE,1833,,,,,,,2,NO INDICATION OF INJURY,0,0,0,0,0,2,0,17,2,11,41.900182652,-87.624320988,POINT (-87.624320988179 41.90018265171)
JB505036,,11/05/2018 05:45:00 PM,30,TRAFFIC SIGNAL,FUNCTIONING PROPERLY,CLEAR,DAYLIGHT,TURNING,NOT DIVIDED,2,STRAIGHT AND LEVEL,DRY,NO DEFECTS,NOT ON SCENE (DESK REPORT),NO INJURY / DRIVE AWAY,Y,,,"OVER $1,500",11/05/2018 08:00:00 PM,UNABLE TO DETERMINE,UNABLE TO DETERMINE,1,W,DIVISION ST,1824,,,,,,,2,NO INDICATION OF INJURY,0,0,0,0,0,2,0,17,2,11,41.903831046,-87.628740048,POINT (-87.628740047759 41.903831045544)
JB504876,,11/05/2018 05:45:00 PM,30,NO CONTROLS,NO CONTROLS,CLEAR,"DARKNESS, LIGHTED ROAD",SIDESWIPE SAME DIRECTION,OTHER,,CURVE ON GRADE,DRY,NO DEFECTS,NOT ON SCENE (DESK REPORT),NO INJURY / DRIVE AWAY,,,,"OVER $1,500",11/05/2018 06:10:00 PM,UNABLE TO DETERMINE,NOT APPLICABLE,3150,W,LOGAN BLVD,1411,,,,,,,2,NO INDICATION OF INJURY,0,0,0,0,0,2,0,17,2,11,41.928865932,-87.706797744,POINT (-87.706797743636 41.92886593239)
JB504825,,11/05/2018 05:44:00 PM,30,NO CONTROLS,NO CONTROLS,CLEAR,"DARKNESS, LIGHTED ROAD",REAR END,NOT DIVIDED,,STRAIGHT AND LEVEL,DRY,NO DEFECTS,ON SCENE,INJURY AND / OR TOW DUE TO CRASH,,,,"OVER $1,500",11/05/2018 05:44:00 PM,FOLLOWING TOO CLOSELY,FAILING TO REDUCE SPEED TO AVOID CRASH,740,W,63RD ST,711,,,,,,,2,NO INDICATION OF INJURY,0,0,0,0,0,3,0,17,2,11,41.779863168,-87.644527876,POINT (-87.644527875623 41.779863167873)
JB504896,,11/05/2018 05:40:00 PM,30,TRAFFIC SIGNAL,FUNCTIONING PROPERLY,CLOUDY/OVERCAST,"DARKNESS, LIGHTED ROAD",TURNING,NOT DIVIDED,2,STRAIGHT AND LEVEL,DRY,NO DEFECTS,ON SCENE,NO INJURY / DRIVE AWAY,,,,"OVER $1,500",11/05/2018 06:11:00 PM,IMPROPER OVERTAKING/PASSING,NOT APPLICABLE,100,E,WACKER DR,114,,,,,,,2,NO INDICATION OF INJURY,0,0,0,0,0,4,0,17,2,11,41.888403032,-87.624396423,POINT (-87.624396422774 41.888403031993)
JB504849,,11/05/2018 05:40:00 PM,35,NO CONTROLS,NO CONTROLS,CLEAR,"DARKNESS, LIGHTED ROAD",REAR END,NOT DIVIDED,2,STRAIGHT AND LEVEL,DRY,NO DEFECTS,ON SCENE,INJURY AND / OR TOW DUE TO CRASH,,,,"OVER $1,500",11/05/2018 05:47:00 PM,UNABLE TO DETERMINE,UNABLE TO DETERMINE,3124,S,CALIFORNIA AVE,1033,,,,,,,3,NONINCAPACITATING INJURY,1,0,0,1,0,2,0,17,2,11,41.836294028,-87.695145218,POINT (-87.695145217505 41.83629402751)
JB504848,,11/05/2018 05:40:00 PM,30,NO CONTROLS,NO CONTROLS,CLEAR,DARKNESS,REAR END,NOT DIVIDED,1,STRAIGHT AND LEVEL,DRY,UNKNOWN,NOT ON SCENE (DESK REPORT),NO INJURY / DRIVE AWAY,,,,"OVER $1,500",11/05/2018 06:05:00 PM,FOLLOWING TOO CLOSELY,UNABLE TO DETERMINE,1300,W,LAWRENCE AVE,2033,,,,,,,2,NO INDICATION OF INJURY,0,0,0,0,0,2,0,17,2,11,41.969086313,-87.66300763,POINT (-87.663007629715 41.96908631349)
JB504841,,11/05/2018 05:40:00 PM,30,NO CONTROLS,NO CONTROLS,CLEAR,"DARKNESS, LIGHTED ROAD",TURNING,DIVIDED - W/MEDIAN BARRIER,4,STRAIGHT AND LEVEL,DRY,NO DEFECTS,ON SCENE,NO INJURY / DRIVE AWAY,Y,,,"OVER $1,500",11/05/2018 05:42:00 PM,IMPROPER OVERTAKING/PASSING,UNABLE TO DETERMINE,3699,W,DEVON AVE,1711,,,,,,,2,NO INDICATION OF INJURY,0,0,0,0,0,3,0,17,2,11,41.997157381,-87.721464809,POINT (-87.721464808931 41.997157380724)
JB504822,,11/05/2018 05:36:00 PM,30,STOP SIGN/FLASHER,FUNCTIONING PROPERLY,RAIN,DUSK,ANGLE,NOT DIVIDED,4,STRAIGHT AND LEVEL,DRY,NO DEFECTS,ON SCENE,INJURY AND / OR TOW DUE TO CRASH,,,,"OVER $1,500",11/05/2018 05:38:00 PM,DISREGARDING STOP SIGN,FAILING TO YIELD RIGHT-OF-WAY,7800,S,ASHLAND AVE,611,,,,,,,2,NONINCAPACITATING INJURY,2,0,0,2,0,1,0,17,2,11,41.752081197,-87.663624437,POINT (-87.663624436866 41.752081197063)
JB504852,,11/05/2018 05:35:00 PM,30,NO CONTROLS,NO CONTROLS,CLEAR,DARKNESS,REAR END,NOT DIVIDED,,STRAIGHT AND LEVEL,UNKNOWN,NO DEFECTS,NOT ON SCENE (DESK REPORT),NO INJURY / DRIVE AWAY,,,,"$501 - $1,500",11/05/2018 06:00:00 PM,UNABLE TO DETERMINE,UNABLE TO DETERMINE,513,W,BELMONT AVE,1934,,,,,,,2,NO INDICATION OF INJURY,0,0,0,0,0,2,0,17,2,11,41.939964952,-87.64254153,POINT (-87.64254153023 41.939964952491)
JB507465,,11/05/2018 05:30:00 PM,30,NO CONTROLS,NO CONTROLS,CLEAR,DARKNESS,PARKED MOTOR VEHICLE,NOT DIVIDED,1,STRAIGHT AND LEVEL,DRY,NO DEFECTS,NOT ON SCENE (DESK REPORT),NO INJURY / DRIVE AWAY,,,N,"$501 - $1,500",11/07/2018 05:10:00 PM,FOLLOWING TOO CLOSELY,NOT APPLICABLE,4700,N,ST LOUIS AVE,1723,,,,,,,2,NO INDICATION OF INJURY,0,0,0,0,0,1,0,17,2,11,41.966645159,-87.715903562,POINT (-87.715903561971 41.96664515882)
JB504861,,11/05/2018 05:30:00 PM,0,NO CONTROLS,NO CONTROLS,CLEAR,"DARKNESS, LIGHTED ROAD",REAR END,PARKING LOT,0,STRAIGHT AND LEVEL,DRY,NO DEFECTS,NOT ON SCENE (DESK REPORT),NO INJURY / DRIVE AWAY,,Y,,"$501 - $1,500",11/05/2018 06:09:00 PM,IMPROPER BACKING,DRIVING SKILLS/KNOWLEDGE/EXPERIENCE,4658,S,WESTERN AVE,922,,,,,,,2,NO INDICATION OF INJURY,0,0,0,0,0,2,0,17,2,11,41.808469737,-87.684573399,POINT (-87.684573398567 41.808469736745)
JB504817,,11/05/2018 05:30:00 PM,25,NO CONTROLS,NO CONTROLS,RAIN,DARKNESS,SIDESWIPE SAME DIRECTION,ONE-WAY,,STRAIGHT AND LEVEL,WET,NO DEFECTS,ON SCENE,NO INJURY / DRIVE AWAY,,,Y,"OVER $1,500",11/05/2018 05:32:00 PM,IMPROPER OVERTAKING/PASSING,"OPERATING VEHICLE IN ERRATIC, RECKLESS, CARELESS, NEGLIGENT OR AGGRESSIVE MANNER",1,W,TERMINAL ST,1651,Y,,,,,,2,NO INDICATION OF INJURY,0,0,0,0,0,2,0,17,2,11,,,
JB504804,Y,11/05/2018 05:30:00 PM,30,TRAFFIC SIGNAL,FUNCTIONING PROPERLY,CLEAR,"DARKNESS, LIGHTED ROAD",REAR END,DIVIDED - W/MEDIAN (NOT RAISED),2,STRAIGHT AND LEVEL,DRY,NO DEFECTS,ON SCENE,INJURY AND / OR TOW DUE TO CRASH,,,Y,"OVER $1,500",11/05/2018 05:35:00 PM,UNABLE TO DETERMINE,UNABLE TO DETERMINE,4401,N,MELVINA AVE,1622,,,,,,,6,INCAPACITATING INJURY,1,0,1,0,0,1,0,17,2,11,41.960309028,-87.781759954,POINT (-87.781759953763 41.960309027691)
JB504862,,11/05/2018 05:25:00 PM,30,STOP SIGN/FLASHER,FUNCTIONING PROPERLY,CLEAR,"DARKNESS, LIGHTED ROAD",ANGLE,NOT DIVIDED,2,STRAIGHT AND LEVEL,DRY,NO DEFECTS,ON SCENE,INJURY AND / OR TOW DUE TO CRASH,Y,,Y,"$501 - $1,500",11/05/2018 05:32:00 PM,DISREGARDING STOP SIGN,FAILING TO YIELD RIGHT-OF-WAY,3800,N,CLAREMONT AVE,1921,,,,,,,2,"REPORTED, NOT EVIDENT",1,0,0,0,1,1,0,17,2,11,41.950486127,-87.687298395,POINT (-87.687298394821 41.950486126907)
JB504819,,11/05/2018 05:25:00 PM,25,TRAFFIC SIGNAL,FUNCTIONING PROPERLY,CLEAR,DAWN,SIDESWIPE SAME DIRECTION,NOT DIVIDED,2,STRAIGHT AND LEVEL,DRY,NO DEFECTS,ON SCENE,NO INJURY / DRIVE AWAY,,,,"OVER $1,500",11/05/2018 05:26:00 PM,UNABLE TO DETERMINE,UNABLE TO DETERMINE,3958,W,CHICAGO AVE,1112,,,,,,,2,NO INDICATION OF INJURY,0,0,0,0,0,2,0,17,2,11,41.895478051,-87.7260217,POINT (-87.726021699575 41.895478051302)
JB505190,,11/05/2018 05:20:00 PM,30,TRAFFIC SIGNAL,FUNCTIONING PROPERLY,RAIN,"DARKNESS, LIGHTED ROAD",REAR END,NOT DIVIDED,,STRAIGHT AND LEVEL,WET,UNKNOWN,NOT ON SCENE (DESK REPORT),NO INJURY / DRIVE AWAY,,,,"OVER $1,500",11/05/2018 11:13:00 PM,UNABLE TO DETERMINE,UNABLE TO DETERMINE,4600,W,MONTROSE AVE,1722,,,,,,,2,NO INDICATION OF INJURY,0,0,0,0,0,3,0,17,2,11,41.960889822,-87.742649505,POINT (-87.742649505184 41.960889822368)
JB504875,,11/05/2018 05:15:00 PM,30,NO CONTROLS,NO CONTROLS,CLEAR,"DARKNESS, LIGHTED ROAD",TURNING,NOT DIVIDED,,STRAIGHT AND LEVEL,DRY,NO DEFECTS,NOT ON SCENE (DESK REPORT),NO INJURY / DRIVE AWAY,,,,"OVER $1,500",11/05/2018 06:16:00 PM,UNABLE TO DETERMINE,NOT APPLICABLE,800,W,DIVISION ST,1822,,,,,,,2,NO INDICATION OF INJURY,0,0,0,0,0,3,0,17,2,11,41.903745557,-87.648167011,POINT (-87.648167010628 41.903745557347)
JB504844,,11/05/2018 05:15:00 PM,30,NO CONTROLS,NO CONTROLS,CLEAR,"DARKNESS, LIGHTED ROAD",SIDESWIPE SAME DIRECTION,NOT DIVIDED,4,STRAIGHT AND LEVEL,DRY,NO DEFECTS,NOT ON SCENE (DESK REPORT),NO INJURY / DRIVE AWAY,,,,"OVER $1,500",11/05/2018 06:00:00 PM,FAILING TO YIELD RIGHT-OF-WAY,DRIVING SKILLS/KNOWLEDGE/EXPERIENCE,2760,W,26TH ST,1034,,,,,,,2,NO INDICATION OF INJURY,0,0,0,0,0,2,0,17,2,11,41.844804053,-87.695130463,POINT (-87.695130462538 41.844804052798)
JB504811,N,11/05/2018 05:13:00 PM,30,TRAFFIC SIGNAL,FUNCTIONING PROPERLY,CLEAR,DUSK,TURNING,OTHER,5,STRAIGHT AND LEVEL,DRY,NO DEFECTS,ON SCENE,INJURY AND / OR TOW DUE TO CRASH,Y,,,"OVER $1,500",11/05/2018 05:15:00 PM,FAILING TO YIELD RIGHT-OF-WAY,TURNING RIGHT ON RED,6000,W,NORTH AVE,2531,,,,,,,2,INCAPACITATING INJURY,1,0,1,0,0,2,0,17,2,11,41.909362791,-87.775643661,POINT (-87.775643660723 41.909362791269)
JB504827,,11/05/2018 05:12:00 PM,30,NO CONTROLS,NO CONTROLS,CLEAR,"DARKNESS, LIGHTED ROAD",SIDESWIPE SAME DIRECTION,NOT DIVIDED,2,STRAIGHT AND LEVEL,DRY,NO DEFECTS,ON SCENE,NO INJURY / DRIVE AWAY,,,,"$501 - $1,500",11/05/2018 05:28:00 PM,IMPROPER LANE USAGE,NOT APPLICABLE,5130,W,ROOSEVELT RD,1533,,,,,,,2,NO INDICATION OF INJURY,0,0,0,0,0,2,0,17,2,11,41.865879462,-87.753247743,POINT (-87.753247742505 41.865879461957)
JB504802,,11/05/2018 05:12:00 PM,30,TRAFFIC SIGNAL,FUNCTIONING PROPERLY,CLEAR,DAYLIGHT,TURNING,DIVIDED - W/MEDIAN BARRIER,,STRAIGHT AND LEVEL,DRY,NO DEFECTS,ON SCENE,INJURY AND / OR TOW DUE TO CRASH,Y,,,"OVER $1,500",11/05/2018 05:19:00 PM,FAILING TO YIELD RIGHT-OF-WAY,UNABLE TO DETERMINE,10300,S,HARPER AVE,434,,,,,,,2,NONINCAPACITATING INJURY,1,0,0,1,0,2,0,17,2,11,41.707745673,-87.584614135,POINT (-87.584614134519 41.707745672819)
JB504836,,11/05/2018 05:11:00 PM,30,STOP SIGN/FLASHER,FUNCTIONING PROPERLY,CLEAR,"DARKNESS, LIGHTED ROAD",ANGLE,NOT DIVIDED,2,STRAIGHT AND LEVEL,DRY,NO DEFECTS,ON SCENE,NO INJURY / DRIVE AWAY,Y,,,"OVER $1,500",11/05/2018 05:12:00 PM,FAILING TO YIELD RIGHT-OF-WAY,UNABLE TO DETERMINE,9200,S,PHILLIPS AVE,423,,,,,,,2,NO INDICATION OF INJURY,0,0,0,0,0,2,0,17,2,11,41.727985681,-87.564691937,POINT (-87.564691936856 41.727985681274)
JB509669,,11/05/2018 05:10:00 PM,30,UNKNOWN,UNKNOWN,UNKNOWN,UNKNOWN,SIDESWIPE SAME DIRECTION,NOT DIVIDED,,STRAIGHT AND LEVEL,UNKNOWN,UNKNOWN,NOT ON SCENE (DESK REPORT),NO INJURY / DRIVE AWAY,,,,"OVER $1,500",11/09/2018 01:00:00 PM,UNABLE TO DETERMINE,NOT APPLICABLE,743,N,LAKE SHORE DR,1833,,,,,,,2,NO INDICATION OF INJURY,0,0,0,0,0,2,0,17,2,11,41.896278308,-87.61650534,POINT (-87.616505339689 41.896278307758)
JB506394,,11/05/2018 05:00:00 PM,30,NO CONTROLS,NO CONTROLS,UNKNOWN,UNKNOWN,TURNING,NOT DIVIDED,,STRAIGHT AND LEVEL,UNKNOWN,UNKNOWN,NOT ON SCENE (DESK REPORT),NO INJURY / DRIVE AWAY,,,,"OVER $1,500",11/06/2018 07:30:00 PM,UNABLE TO DETERMINE,UNABLE TO DETERMINE,1131,W,SHERIDAN RD,2433,,,,,,,2,NO INDICATION OF INJURY,0,0,0,0,0,2,0,17,2,11,41.99808894,-87.65973228,POINT (-87.659732280232 41.998088940111)
JB504801,,11/05/2018 05:00:00 PM,35,TRAFFIC SIGNAL,FUNCTIONING PROPERLY,CLEAR,DAYLIGHT,TURNING,NOT DIVIDED,2,STRAIGHT AND LEVEL,DRY,NO DEFECTS,NOT ON SCENE (DESK REPORT),NO INJURY / DRIVE AWAY,,,,"$501 - $1,500",11/05/2018 05:35:00 PM,UNABLE TO DETERMINE,UNABLE TO DETERMINE,4400,W,OGDEN AVE,1013,,,,,,,2,NO INDICATION OF INJURY,0,0,0,0,0,2,0,17,2,11,41.847777523,-87.734505969,POINT (-87.734505968748 41.847777522805)
JB504782,,11/05/2018 05:00:00 PM,35,NO CONTROLS,NO CONTROLS,CLEAR,DUSK,SIDESWIPE SAME DIRECTION,NOT DIVIDED,4,STRAIGHT AND LEVEL,DRY,NO DEFECTS,NOT ON SCENE (DESK REPORT),NO INJURY / DRIVE AWAY,,,,"OVER $1,500",11/05/2018 05:20:00 PM,FAILING TO YIELD RIGHT-OF-WAY,UNABLE TO DETERMINE,8441,S,COTTAGE GROVE AVE,632,,,,,,,2,NO INDICATION OF INJURY,0,0,0,0,0,2,0,17,2,11,41.740890654,-87.604798084,POINT (-87.604798083746 41.740890653707)
JB504759,,11/05/2018 04:57:00 PM,35,NO CONTROLS,NO CONTROLS,RAIN,"DARKNESS, LIGHTED ROAD",REAR END,DIVIDED - W/MEDIAN BARRIER,3,STRAIGHT ON GRADE,WET,NO DEFECTS,ON SCENE,INJURY AND / OR TOW DUE TO CRASH,,,,"OVER $1,500",11/05/2018 04:58:00 PM,FAILING TO REDUCE SPEED TO AVOID CRASH,NOT APPLICABLE,5523,N,CUMBERLAND AVE,1614,,,,,,,2,NONINCAPACITATING INJURY,1,0,0,1,0,1,0,16,2,11,41.980025345,-87.836434456,POINT (-87.836434456331 41.980025345251)
JB504763,,11/05/2018 04:56:00 PM,30,STOP SIGN/FLASHER,FUNCTIONING PROPERLY,CLEAR,"DARKNESS, LIGHTED ROAD",REAR END,NOT DIVIDED,,STRAIGHT AND LEVEL,DRY,NO DEFECTS,NOT ON SCENE (DESK REPORT),NO INJURY / DRIVE AWAY,,,,"$501 - $1,500",11/05/2018 05:06:00 PM,UNABLE TO DETERMINE,NOT APPLICABLE,119,S,CENTRAL PARK BLVD,1123,,,,,,,2,NO INDICATION OF INJURY,0,0,0,0,0,2,0,16,2,11,41.878902062,-87.715683194,POINT (-87.715683194191 41.878902061838)
JB504755,,11/05/2018 04:55:00 PM,30,TRAFFIC SIGNAL,FUNCTIONING PROPERLY,RAIN,"DARKNESS, LIGHTED ROAD",SIDESWIPE SAME DIRECTION,NOT DIVIDED,,STRAIGHT AND LEVEL,WET,UNKNOWN,NOT ON SCENE (DESK REPORT),NO INJURY / DRIVE AWAY,,,,"OVER $1,500",11/05/2018 04:58:00 PM,UNABLE TO DETERMINE,UNABLE TO DETERMINE,1161,N,HALSTED ST,1822,,,,,,,2,NO INDICATION OF INJURY,0,0,0,0,0,2,0,16,2,11,41.903350217,-87.647922978,POINT (-87.64792297751 41.903350216811)
JB504946,,11/05/2018 04:50:00 PM,30,NO CONTROLS,NO CONTROLS,CLEAR,DAYLIGHT,PARKED MOTOR VEHICLE,NOT DIVIDED,,STRAIGHT AND LEVEL,DRY,NO DEFECTS,NOT ON SCENE (DESK REPORT),NO INJURY / DRIVE AWAY,,,,"$501 - $1,500",11/05/2018 07:07:00 PM,NOT APPLICABLE,NOT APPLICABLE,5500,S,WESTERN AVE,824,,,,,,,2,NO INDICATION OF INJURY,0,0,0,0,0,2,0,16,2,11,41.793370554,-87.684175377,POINT (-87.684175376759 41.79337055433)
JB504887,,11/05/2018 04:50:00 PM,30,UNKNOWN,UNKNOWN,UNKNOWN,UNKNOWN,PARKED MOTOR VEHICLE,UNKNOWN,4,STRAIGHT AND LEVEL,UNKNOWN,UNKNOWN,NOT ON SCENE (DESK REPORT),NO INJURY / DRIVE AWAY,,,,"OVER $1,500",11/05/2018 06:30:00 PM,UNABLE TO DETERMINE,UNABLE TO DETERMINE,9541,S,HALSTED ST,2223,,,,,,,2,NO INDICATION OF INJURY,0,0,0,0,0,2,0,16,2,11,41.720245733,-87.643035515,POINT (-87.643035514751 41.72024573258)
JB504970,,11/05/2018 04:45:00 PM,30,NO CONTROLS,NO CONTROLS,CLEAR,DARKNESS,PARKED MOTOR VEHICLE,NOT DIVIDED,2,STRAIGHT AND LEVEL,DRY,NO DEFECTS,NOT ON SCENE (DESK REPORT),NO INJURY / DRIVE AWAY,,,,"$501 - $1,500",11/05/2018 07:30:00 PM,UNABLE TO DETERMINE,UNABLE TO DETERMINE,1165,N,CLARK ST,1824,,,,,,,2,NO INDICATION OF INJURY,0,0,0,0,0,2,0,16,2,11,41.903739796,-87.631293179,POINT (-87.63129317947 41.903739796495)
JB504783,,11/05/2018 04:36:00 PM,30,TRAFFIC SIGNAL,FUNCTIONING PROPERLY,CLEAR,DARKNESS,ANGLE,NOT DIVIDED,6,STRAIGHT AND LEVEL,DRY,NO DEFECTS,NOT ON SCENE (DESK REPORT),NO INJURY / DRIVE AWAY,Y,,,"OVER $1,500",11/05/2018 05:25:00 PM,UNABLE TO DETERMINE,UNABLE TO DETERMINE,800,N,MICHIGAN AVE,1833,,,,,,,2,NO INDICATION OF INJURY,0,0,0,0,0,2,0,16,2,11,41.896790572,-87.624380655,POINT (-87.624380655444 41.896790572039)
JB504835,,11/05/2018 04:35:00 PM,30,NO CONTROLS,NO CONTROLS,CLEAR,DAYLIGHT,SIDESWIPE SAME DIRECTION,NOT DIVIDED,6,STRAIGHT AND LEVEL,DRY,NO DEFECTS,NOT ON SCENE (DESK REPORT),NO INJURY / DRIVE AWAY,,,,"$501 - $1,500",11/05/2018 05:55:00 PM,UNABLE TO DETERMINE,UNABLE TO DETERMINE,670,N,MICHIGAN AVE,1834,,,,,,,2,NO INDICATION OF INJURY,0,0,0,0,0,2,0,16,2,11,41.894609432,-87.624390743,POINT (-87.62439074312 41.894609432024)
JB504830,,11/05/2018 04:32:00 PM,30,TRAFFIC SIGNAL,FUNCTIONING PROPERLY,CLEAR,DAYLIGHT,REAR END,NOT DIVIDED,,STRAIGHT AND LEVEL,DRY,NO DEFECTS,NOT ON SCENE (DESK REPORT),NO INJURY / DRIVE AWAY,Y,,,$500 OR LESS,11/05/2018 05:45:00 PM,FOLLOWING TOO CLOSELY,EXCEEDING AUTHORIZED SPEED LIMIT,2932,N,SHERIDAN RD,1934,,,,,,,2,NO INDICATION OF INJURY,0,0,0,0,0,2,0,16,2,11,41.935352186,-87.639537245,POINT (-87.639537244997 41.935352186152)