RD_NO,CRASH_DATE_EST_I,CRASH_DATE,POSTED_SPEED_LIMIT,TRAFFIC_CONTROL_DEVICE,DEVICE_CONDITION,WEATHER_CONDITION,LIGHTING_CONDITION,FIRST_CRASH_TYPE,TRAFFICWAY_TYPE,LANE_CNT,ALIGNMENT,ROADWAY_SURFACE_COND,ROAD_DEFECT,REPORT_TYPE,CRASH_TYPE,INTERSECTION_RELATED_I,NOT_RIGHT_OF_WAY_I,HIT_AND_RUN_I,DAMAGE,DATE_POLICE_NOTIFIED,PRIM_CONTRIBUTORY_CAUSE,SEC_CONTRIBUTORY_CAUSE,STREET_NO,STREET_DIRECTION,STREET_NAME,BEAT_OF_OCCURRENCE,PHOTOS_TAKEN_I,STATEMENTS_TAKEN_I,DOORING_I,WORK_ZONE_I,WORK_ZONE_TYPE,WORKERS_PRESENT_I,NUM_UNITS,MOST_SEVERE_INJURY,INJURIES_TOTAL,INJURIES_FATAL,INJURIES_INCAPACITATING,INJURIES_NON_INCAPACITATING,INJURIES_REPORTED_NOT_EVIDENT,INJURIES_NO_INDICATION,INJURIES_UNKNOWN,CRASH_HOUR,CRASH_DAY_OF_WEEK,CRASH_MONTH,LATITUDE,LONGITUDE,LOCATION
JB504754,,11/05/2018 04:30:00 PM,30,NO CONTROLS,NO CONTROLS,CLEAR,DAYLIGHT,REAR END,NOT DIVIDED,,STRAIGHT AND LEVEL,DRY,NO DEFECTS,NOT ON SCENE (DESK REPORT),NO INJURY / DRIVE AWAY,,,,"OVER $1,500",11/05/2018 05:04:00 PM,UNABLE TO DETERMINE,UNABLE TO DETERMINE,1005,N,LA SALLE DR,1824,,,,,,,2,NO INDICATION OF INJURY,0,0,0,0,0,3,0,16,2,11,41.900710586,-87.632694015,POINT (-87.632694015233 41.900710585785)
JB504720,,11/05/2018 04:30:00 PM,30,NO CONTROLS,NO CONTROLS,CLEAR,DUSK,REAR END,PARKING LOT,0,STRAIGHT AND LEVEL,DRY,NO DEFECTS,NOT ON SCENE (DESK REPORT),NO INJURY / DRIVE AWAY,,Y,Y,"$501 - $1,500",11/05/2018 04:42:00 PM,IMPROPER BACKING,DRIVING SKILLS/KNOWLEDGE/EXPERIENCE,4001,W,59TH ST,813,,,,,,,2,NO INDICATION OF INJURY,0,0,0,0,0,5,0,16,2,11,41.785825694,-87.723019071,POINT (-87.723019071166 41.785825693622)
JB504735,,11/05/2018 04:29:00 PM,30,NO CONTROLS,NO CONTROLS,CLEAR,DAWN,REAR END,NOT DIVIDED,2,STRAIGHT AND LEVEL,DRY,NO DEFECTS,ON SCENE,NO INJURY / DRIVE AWAY,,,,"OVER $1,500",11/05/2018 04:29:00 PM,DRIVING SKILLS/KNOWLEDGE/EXPERIENCE,FOLLOWING TOO CLOSELY,2153,W,79TH ST,611,,,,,,,2,NO INDICATION OF INJURY,0,0,0,0,0,2,0,16,2,11,41.750062966,-87.677732473,POINT (-87.677732473493 41.750062965539)
JB504796,,11/05/2018 04:25:00 PM,30,STOP SIGN/FLASHER,FUNCTIONING PROPERLY,CLEAR,DAYLIGHT,ANGLE,ONE-WAY,,STRAIGHT AND LEVEL,DRY,NO DEFECTS,NOT ON SCENE (DESK REPORT),NO INJURY / DRIVE AWAY,Y,,,"$501 - $1,500",11/05/2018 05:25:00 PM,FAILING TO YIELD RIGHT-OF-WAY,DRIVING SKILLS/KNOWLEDGE/EXPERIENCE,45,E,71ST ST,323,,,,,,,2,NO INDICATION OF INJURY,0,0,0,0,0,4,0,16,2,11,41.76543797,-87.623128593,POINT (-87.623128592806 41.765437970472)
JB504750,,11/05/2018 04:25:00 PM,25,STOP SIGN/FLASHER,FUNCTIONING PROPERLY,RAIN,DUSK,REAR END,DIVIDED - W/MEDIAN (NOT RAISED),,STRAIGHT AND LEVEL,WET,NO DEFECTS,ON SCENE,INJURY AND / OR TOW DUE TO CRASH,Y,,,$500 OR LESS,11/05/2018 04:39:00 PM,WEATHER,EQUIPMENT - VEHICLE CONDITION,2909,W,PRATT BLVD,2412,,,,,,,2,"REPORTED, NOT EVIDENT",1,0,0,0,1,2,0,16,2,11,42.004686399,-87.702602236,POINT (-87.702602235982 42.004686399338)
JB504838,Y,11/05/2018 04:15:00 PM,25,STOP SIGN/FLASHER,FUNCTIONING PROPERLY,CLEAR,DUSK,PEDESTRIAN,NOT DIVIDED,,STRAIGHT AND LEVEL,DRY,NO DEFECTS,NOT ON SCENE (DESK REPORT),INJURY AND / OR TOW DUE TO CRASH,,,Y,"OVER $1,500",11/05/2018 04:40:00 PM,FAILING TO YIELD RIGHT-OF-WAY,EXCEEDING AUTHORIZED SPEED LIMIT,3131,W,ROOSEVELT RD,1022,,,,,,,2,"REPORTED, NOT EVIDENT",1,0,0,0,1,1,0,16,2,11,41.866312165,-87.704382762,POINT (-87.704382762441 41.866312164765)
JB504738,,11/05/2018 04:08:00 PM,30,NO CONTROLS,NO CONTROLS,CLEAR,DAYLIGHT,SIDESWIPE SAME DIRECTION,ONE-WAY,1,STRAIGHT AND LEVEL,DRY,NO DEFECTS,NOT ON SCENE (DESK REPORT),NO INJURY / DRIVE AWAY,,,,"$501 - $1,500",11/05/2018 04:55:00 PM,UNABLE TO DETERMINE,UNABLE TO DETERMINE,1651,W,SUPERIOR ST,1215,,,,,,,2,NO INDICATION OF INJURY,0,0,0,0,0,2,0,16,2,11,41.895014921,-87.669268325,POINT (-87.669268325311 41.895014921338)
JB504732,,11/05/2018 04:07:00 PM,30,NO CONTROLS,NO CONTROLS,CLEAR,DAYLIGHT,PARKED MOTOR VEHICLE,ONE-WAY,,STRAIGHT AND LEVEL,DRY,NO DEFECTS,NOT ON SCENE (DESK REPORT),NO INJURY / DRIVE AWAY,,,Y,"OVER $1,500",11/05/2018 04:53:00 PM,UNABLE TO DETERMINE,NOT APPLICABLE,200,W,MONROE ST,122,,,,,,,2,NO INDICATION OF INJURY,0,0,0,0,0,1,0,16,2,11,41.880768961,-87.633874974,POINT (-87.633874974095 41.880768960918)
JB504701,,11/05/2018 04:05:00 PM,30,NO CONTROLS,NO CONTROLS,RAIN,DAWN,SIDESWIPE SAME DIRECTION,DIVIDED - W/MEDIAN (NOT RAISED),4,STRAIGHT AND LEVEL,WET,NO DEFECTS,ON SCENE,NO INJURY / DRIVE AWAY,,,Y,$500 OR LESS,11/05/2018 04:10:00 PM,IMPROPER LANE USAGE,DRIVING SKILLS/KNOWLEDGE/EXPERIENCE,5149,N,WESTERN AVE,2031,,N,,,,,2,NO INDICATION OF INJURY,0,0,0,0,0,2,0,16,2,11,41.975536244,-87.688988913,POINT (-87.688988913054 41.975536244486)
JB504938,,11/05/2018 04:00:00 PM,30,NO CONTROLS,NO CONTROLS,CLEAR,DAWN,FIXED OBJECT,ONE-WAY,2,STRAIGHT AND LEVEL,DRY,NO DEFECTS,ON SCENE,INJURY AND / OR TOW DUE TO CRASH,,,Y,"OVER $1,500",11/05/2018 04:00:00 PM,"OPERATING VEHICLE IN ERRATIC, RECKLESS, CARELESS, NEGLIGENT OR AGGRESSIVE MANNER",EXCEEDING AUTHORIZED SPEED LIMIT,5524,S,WELLS ST,711,,,,,,,1,NO INDICATION OF INJURY,0,0,0,0,0,2,0,16,2,11,41.793386984,-87.631955452,POINT (-87.63195545199 41.793386984481)
JB504797,,11/05/2018 04:00:00 PM,30,NO CONTROLS,NO CONTROLS,CLEAR,DUSK,TURNING,NOT DIVIDED,,STRAIGHT AND LEVEL,DRY,NO DEFECTS,NOT ON SCENE (DESK REPORT),NO INJURY / DRIVE AWAY,,,Y,"$501 - $1,500",11/05/2018 05:07:00 PM,NOT APPLICABLE,NOT APPLICABLE,6300,S,RICHMOND ST,823,,,,,,,2,NO INDICATION OF INJURY,0,0,0,0,0,3,0,16,2,11,41.778968612,-87.697190466,POINT (-87.697190465965 41.77896861225)
JB504696,Y,11/05/2018 04:00:00 PM,30,NO CONTROLS,FUNCTIONING PROPERLY,CLEAR,DAYLIGHT,PARKED MOTOR VEHICLE,NOT DIVIDED,,STRAIGHT AND LEVEL,DRY,NO DEFECTS,NOT ON SCENE (DESK REPORT),NO INJURY / DRIVE AWAY,,,,"OVER $1,500",11/05/2018 04:30:00 PM,"OPERATING VEHICLE IN ERRATIC, RECKLESS, CARELESS, NEGLIGENT OR AGGRESSIVE MANNER",NOT APPLICABLE,1359,N,CLARK ST,1824,,,,,,,2,NO INDICATION OF INJURY,0,0,0,0,0,1,0,16,2,11,41.907462229,-87.631411874,POINT (-87.631411873785 41.907462228564)
JB504886,,11/05/2018 03:56:00 PM,30,TRAFFIC SIGNAL,FUNCTIONING PROPERLY,CLEAR,DAYLIGHT,PEDESTRIAN,OTHER,4,STRAIGHT AND LEVEL,DRY,NO DEFECTS,ON SCENE,INJURY AND / OR TOW DUE TO CRASH,Y,,Y,"OVER $1,500",11/05/2018 03:56:00 PM,"OPERATING VEHICLE IN ERRATIC, RECKLESS, CARELESS, NEGLIGENT OR AGGRESSIVE MANNER",DRIVING SKILLS/KNOWLEDGE/EXPERIENCE,5500,S,WENTWORTH AVE,225,,,,,,,2,INCAPACITATING INJURY,1,0,1,0,0,1,0,15,2,11,,,
JB504673,,11/05/2018 03:48:00 PM,30,UNKNOWN,UNKNOWN,CLEAR,DUSK,REAR END,NOT DIVIDED,,STRAIGHT AND LEVEL,DRY,NO DEFECTS,NOT ON SCENE (DESK REPORT),NO INJURY / DRIVE AWAY,Y,,,"$501 - $1,500",11/05/2018 04:12:00 PM,FOLLOWING TOO CLOSELY,NOT APPLICABLE,544,N,MILWAUKEE AVE,1214,,,,,,,2,NO INDICATION OF INJURY,0,0,0,0,0,2,0,15,2,11,41.892085807,-87.649179216,POINT (-87.649179215604 41.892085807376)
JB504700,,11/05/2018 03:45:00 PM,35,STOP SIGN/FLASHER,FUNCTIONING PROPERLY,CLEAR,DAYLIGHT,SIDESWIPE SAME DIRECTION,NOT DIVIDED,2,STRAIGHT AND LEVEL,DRY,NO DEFECTS,NOT ON SCENE (DESK REPORT),NO INJURY / DRIVE AWAY,,,,"OVER $1,500",11/05/2018 04:20:00 PM,IMPROPER OVERTAKING/PASSING,UNABLE TO DETERMINE,6201,S,DORCHESTER AVE,314,,,,,,,2,NO INDICATION OF INJURY,0,0,0,0,0,2,0,15,2,11,41.782342505,-87.591246508,POINT (-87.591246508342 41.782342504942)
JB504657,,11/05/2018 03:45:00 PM,30,NO CONTROLS,NO CONTROLS,RAIN,"DARKNESS, LIGHTED ROAD",REAR END,DIVIDED - W/MEDIAN BARRIER,6,STRAIGHT AND LEVEL,WET,UNKNOWN,ON SCENE,NO INJURY / DRIVE AWAY,,,,"OVER $1,500",11/05/2018 03:47:00 PM,FOLLOWING TOO CLOSELY,WEATHER,5343,N,CUMBERLAND AVE,1614,,,,,,,2,NO INDICATION OF INJURY,0,0,0,0,0,2,0,15,2,11,41.976839019,-87.836466383,POINT (-87.83646638254 41.976839018761)
JB504691,,11/05/2018 03:42:00 PM,35,TRAFFIC SIGNAL,FUNCTIONING PROPERLY,CLEAR,DAYLIGHT,REAR END,NOT DIVIDED,,STRAIGHT AND LEVEL,WET,NO DEFECTS,NOT ON SCENE (DESK REPORT),NO INJURY / DRIVE AWAY,,,Y,"OVER $1,500",11/05/2018 04:30:00 PM,FAILING TO REDUCE SPEED TO AVOID CRASH,NOT APPLICABLE,2501,W,BELMONT AVE,1931,,,,,,,2,NO INDICATION OF INJURY,0,0,0,0,0,2,0,15,2,11,41.939332563,-87.690146134,POINT (-87.690146134173 41.93933256295)
JB505721,,11/05/2018 03:40:00 PM,20,NO CONTROLS,NO CONTROLS,CLEAR,DAYLIGHT,PARKED MOTOR VEHICLE,NOT DIVIDED,2,STRAIGHT AND LEVEL,DRY,NO DEFECTS,NOT ON SCENE (DESK REPORT),NO INJURY / DRIVE AWAY,,,,"OVER $1,500",11/06/2018 12:00:00 PM,UNABLE TO DETERMINE,UNABLE TO DETERMINE,5467,S,WOODLAWN AVE,234,,,,,,,2,NO INDICATION OF INJURY,0,0,0,0,0,2,0,15,2,11,41.796023987,-87.596417497,POINT (-87.596417497127 41.796023987236)
JB504832,,11/05/2018 03:40:00 PM,30,UNKNOWN,UNKNOWN,CLEAR,DAYLIGHT,TURNING,ONE-WAY,,STRAIGHT AND LEVEL,DRY,UNKNOWN,NOT ON SCENE (DESK REPORT),NO INJURY / DRIVE AWAY,,,Y,"$501 - $1,500",11/05/2018 05:57:00 PM,UNABLE TO DETERMINE,NOT APPLICABLE,200,E,ONTARIO ST,1834,,,,,,,2,NO INDICATION OF INJURY,0,0,0,0,0,2,0,15,2,11,41.893473053,-87.622600112,POINT (-87.622600111563 41.893473052802)
JB504818,,11/05/2018 03:34:00 PM,0,TRAFFIC SIGNAL,FUNCTIONING PROPERLY,CLOUDY/OVERCAST,DAYLIGHT,REAR END,NOT DIVIDED,1,STRAIGHT AND LEVEL,DRY,NO DEFECTS,NOT ON SCENE (DESK REPORT),NO INJURY / DRIVE AWAY,,,Y,"OVER $1,500",11/05/2018 05:45:00 PM,UNABLE TO DETERMINE,UNABLE TO DETERMINE,3858,S,COTTAGE GROVE AVE,212,,,,,,,2,NO INDICATION OF INJURY,0,0,0,0,0,2,0,15,2,11,41.824455809,-87.607316981,POINT (-87.607316980718 41.824455808502)
JB504789,,11/05/2018 03:30:00 PM,30,NO CONTROLS,NO CONTROLS,CLEAR,DAYLIGHT,REAR END,NOT DIVIDED,,STRAIGHT AND LEVEL,DRY,NO DEFECTS,NOT ON SCENE (DESK REPORT),NO INJURY / DRIVE AWAY,,,,$500 OR LESS,11/05/2018 05:24:00 PM,UNABLE TO DETERMINE,NOT APPLICABLE,1814,W,NORTH AVE,1434,,,,,,,2,NO INDICATION OF INJURY,0,0,0,0,0,2,0,15,2,11,41.91066051,-87.67323341,POINT (-87.673233410159 41.910660509738)
JB504661,,11/05/2018 03:30:00 PM,30,TRAFFIC SIGNAL,FUNCTIONING PROPERLY,CLEAR,DAYLIGHT,REAR END,DIVIDED - W/MEDIAN (NOT RAISED),4,STRAIGHT AND LEVEL,DRY,NO DEFECTS,NOT ON SCENE (DESK REPORT),NO INJURY / DRIVE AWAY,,,,"OVER $1,500",11/05/2018 03:55:00 PM,UNABLE TO DETERMINE,UNABLE TO DETERMINE,1005,W,35TH ST,915,,,,,,,2,NO INDICATION OF INJURY,0,0,0,0,0,2,0,15,2,11,41.830572232,-87.651227257,POINT (-87.651227257084 41.830572231761)
JB504636,,11/05/2018 03:30:00 PM,30,TRAFFIC SIGNAL,FUNCTIONING PROPERLY,CLEAR,DAYLIGHT,TURNING,DIVIDED - W/MEDIAN BARRIER,,STRAIGHT AND LEVEL,DRY,NO DEFECTS,ON SCENE,INJURY AND / OR TOW DUE TO CRASH,Y,,,"$501 - $1,500",11/05/2018 03:37:00 PM,"VISION OBSCURED (SIGNS, TREE LIMBS, BUILDINGS, ETC.)",FAILING TO YIELD RIGHT-OF-WAY,100,N,ASHLAND AVE,1224,,,,,,,2,NO INDICATION OF INJURY,0,0,0,0,0,3,0,15,2,11,41.883346018,-87.667019225,POINT (-87.667019224707 41.883346017771)
JB504599,,11/05/2018 03:21:00 PM,30,STOP SIGN/FLASHER,FUNCTIONING PROPERLY,CLEAR,DAYLIGHT,TURNING,NOT DIVIDED,2,STRAIGHT AND LEVEL,DRY,NO DEFECTS,ON SCENE,NO INJURY / DRIVE AWAY,Y,,,"OVER $1,500",11/05/2018 03:21:00 PM,FAILING TO YIELD RIGHT-OF-WAY,DRIVING SKILLS/KNOWLEDGE/EXPERIENCE,6600,S,DR MARTIN LUTHER KING JR DR,312,,,,,,,2,NO INDICATION OF INJURY,0,0,0,0,0,4,0,15,2,11,41.774693459,-87.615636822,POINT (-87.615636821647 41.774693459289)
JB504659,,11/05/2018 03:20:00 PM,0,NO CONTROLS,NO CONTROLS,CLOUDY/OVERCAST,DAYLIGHT,ANGLE,ONE-WAY,1,STRAIGHT AND LEVEL,DRY,NO DEFECTS,NOT ON SCENE (DESK REPORT),NO INJURY / DRIVE AWAY,,,,"OVER $1,500",11/05/2018 04:00:00 PM,UNABLE TO DETERMINE,UNABLE TO DETERMINE,4715,S,LAFLIN ST,933,,,,,,,2,NO INDICATION OF INJURY,0,0,0,0,0,2,0,15,2,11,41.808150451,-87.662371695,POINT (-87.662371694711 41.808150451472)
JB504618,,11/05/2018 03:15:00 PM,30,NO CONTROLS,NO CONTROLS,CLEAR,DAYLIGHT,REAR END,DIVIDED - W/MEDIAN (NOT RAISED),4,STRAIGHT AND LEVEL,DRY,NO DEFECTS,NOT ON SCENE (DESK REPORT),NO INJURY / DRIVE AWAY,,,,"OVER $1,500",11/05/2018 03:45:00 PM,FOLLOWING TOO CLOSELY,DRIVING SKILLS/KNOWLEDGE/EXPERIENCE,2610,W,IRVING PARK RD,1911,,,,,,,3,NO INDICATION OF INJURY,0,0,0,0,0,3,0,15,2,11,41.95410436,-87.693747031,POINT (-87.693747030724 41.954104359808)
JB505029,,11/05/2018 03:10:00 PM,30,NO CONTROLS,NO CONTROLS,CLEAR,DAYLIGHT,PARKED MOTOR VEHICLE,ONE-WAY,,STRAIGHT AND LEVEL,DRY,NO DEFECTS,NOT ON SCENE (DESK REPORT),NO INJURY / DRIVE AWAY,,,,"$501 - $1,500",11/05/2018 08:24:00 PM,NOT APPLICABLE,NOT APPLICABLE,5727,W,ALTGELD ST,2515,,,,,,,2,NO INDICATION OF INJURY,0,0,0,0,0,3,0,15,2,11,41.925637972,-87.769635376,POINT (-87.769635375793 41.925637971815)
JB504679,,11/05/2018 03:10:00 PM,30,NO CONTROLS,NO CONTROLS,CLEAR,DAYLIGHT,OTHER OBJECT,NOT DIVIDED,,STRAIGHT AND LEVEL,DRY,NO DEFECTS,NOT ON SCENE (DESK REPORT),NO INJURY / DRIVE AWAY,,,,"OVER $1,500",11/05/2018 04:19:00 PM,NOT APPLICABLE,NOT APPLICABLE,3700,W,62ND PL,823,,,,,,,1,NO INDICATION OF INJURY,0,0,0,0,0,2,0,15,2,11,41.779792391,-87.715550912,POINT (-87.715550912439 41.779792391269)
JB504954,,11/05/2018 03:08:00 PM,30,NO CONTROLS,NO CONTROLS,CLEAR,DAYLIGHT,REAR END,DIVIDED - W/MEDIAN (NOT RAISED),2,STRAIGHT AND LEVEL,DRY,NO DEFECTS,NOT ON SCENE (DESK REPORT),NO INJURY / DRIVE AWAY,,,,"$501 - $1,500",11/05/2018 07:21:00 PM,FOLLOWING TOO CLOSELY,UNABLE TO DETERMINE,2729,W,IRVING PARK RD,1733,,,,,,,3,NO INDICATION OF INJURY,0,0,0,0,0,3,0,15,2,11,41.953869557,-87.697248013,POINT (-87.697248013137 41.953869557265)
JB504575,,11/05/2018 03:06:00 PM,35,UNKNOWN,UNKNOWN,CLEAR,DAYLIGHT,PARKED MOTOR VEHICLE,ALLEY,,STRAIGHT AND LEVEL,DRY,NO DEFECTS,ON SCENE,NO INJURY / DRIVE AWAY,,,,"OVER $1,500",11/05/2018 03:06:00 PM,UNABLE TO DETERMINE,UNABLE TO DETERMINE,5335,W,BELDEN AVE,2515,,,,,,,2,NO INDICATION OF INJURY,0,0,0,0,0,1,0,15,2,11,41.922120367,-87.759996153,POINT (-87.759996152763 41.922120367429)
JB505962,,11/05/2018 03:00:00 PM,30,NO CONTROLS,NO CONTROLS,CLEAR,DAYLIGHT,PARKED MOTOR VEHICLE,ALLEY,,STRAIGHT AND LEVEL,DRY,NO DEFECTS,NOT ON SCENE (DESK REPORT),NO INJURY / DRIVE AWAY,,,Y,"OVER $1,500",11/06/2018 02:55:00 PM,UNABLE TO DETERMINE,UNABLE TO DETERMINE,6400,S,MARSHFIELD AVE,725,,,,,,,2,NO INDICATION OF INJURY,0,0,0,0,0,1,0,15,2,11,41.777542406,-87.665579768,POINT (-87.66557976796 41.777542406237)
JB505806,,11/05/2018 03:00:00 PM,25,NO CONTROLS,NO CONTROLS,CLEAR,DAYLIGHT,PARKED MOTOR VEHICLE,ONE-WAY,,STRAIGHT AND LEVEL,DRY,NO DEFECTS,NOT ON SCENE (DESK REPORT),NO INJURY / DRIVE AWAY,,,Y,"OVER $1,500",11/06/2018 01:03:00 PM,IMPROPER LANE USAGE,NOT APPLICABLE,1710,S,UNION AVE,1235,,,,,,,2,NO INDICATION OF INJURY,0,0,0,0,0,1,0,15,2,11,41.858801038,-87.644984338,POINT (-87.64498433785 41.858801037892)
JB504791,,11/05/2018 03:00:00 PM,30,UNKNOWN,UNKNOWN,UNKNOWN,DAYLIGHT,TURNING,NOT DIVIDED,,STRAIGHT AND LEVEL,DRY,UNKNOWN,NOT ON SCENE (DESK REPORT),NO INJURY / DRIVE AWAY,,,,"$501 - $1,500",11/05/2018 05:31:00 PM,UNABLE TO DETERMINE,NOT APPLICABLE,2200,W,DIVISION ST,1424,,,,,,,2,NO INDICATION OF INJURY,0,0,0,0,0,2,0,15,2,11,41.903215424,-87.682203365,POINT (-87.682203365406 41.903215424236)
JB504703,,11/05/2018 03:00:00 PM,15,NO CONTROLS,NO CONTROLS,CLEAR,DAYLIGHT,PARKED MOTOR VEHICLE,PARKING LOT,,STRAIGHT AND LEVEL,DRY,NO DEFECTS,,NO INJURY / DRIVE AWAY,,,Y,"$501 - $1,500",11/05/2018 03:51:00 PM,IMPROPER BACKING,NOT APPLICABLE,2720,W,DEVON AVE,2412,,,,,,,2,NO INDICATION OF INJURY,0,0,0,0,0,1,0,15,2,11,41.997696314,-87.698118287,POINT (-87.69811828656 41.997696313512)
JB504690,,11/05/2018 03:00:00 PM,35,STOP SIGN/FLASHER,FUNCTIONING PROPERLY,CLEAR,DAYLIGHT,REAR END,DIVIDED - W/MEDIAN (NOT RAISED),2,STRAIGHT AND LEVEL,DRY,NO DEFECTS,NOT ON SCENE (DESK REPORT),NO INJURY / DRIVE AWAY,Y,,,"$501 - $1,500",11/05/2018 04:07:00 PM,IMPROPER BACKING,IMPROPER LANE USAGE,6500,S,PEORIA ST,723,,,,,,,2,NO INDICATION OF INJURY,0,0,0,0,0,2,0,15,2,11,41.775981647,-87.647265909,POINT (-87.647265909279 41.775981647204)
JB504600,,11/05/2018 03:00:00 PM,30,TRAFFIC SIGNAL,FUNCTIONING PROPERLY,CLEAR,DAYLIGHT,TURNING,NOT DIVIDED,,STRAIGHT AND LEVEL,DRY,NO DEFECTS,NOT ON SCENE (DESK REPORT),NO INJURY / DRIVE AWAY,,,,$500 OR LESS,11/05/2018 03:30:00 PM,UNABLE TO DETERMINE,NOT APPLICABLE,1196,N,LEAVITT ST,1212,,,,,,,2,NO INDICATION OF INJURY,0,0,0,0,0,2,0,15,2,11,41.903056757,-87.682285173,POINT (-87.682285173206 41.903056757068)
JB505666,,11/05/2018 02:50:00 PM,30,NO CONTROLS,NO CONTROLS,UNKNOWN,DAYLIGHT,ANGLE,NOT DIVIDED,2,STRAIGHT AND LEVEL,UNKNOWN,UNKNOWN,,INJURY AND / OR TOW DUE TO CRASH,,,,"OVER $1,500",11/06/2018 11:18:00 AM,FAILING TO YIELD RIGHT-OF-WAY,FAILING TO YIELD RIGHT-OF-WAY,500,E,61ST ST,313,,,,,,,2,"REPORTED, NOT EVIDENT",1,0,0,0,1,2,0,14,2,11,41.784038775,-87.613195974,POINT (-87.613195974387 41.784038774705)
JB504557,,11/05/2018 02:48:00 PM,30,NO CONTROLS,NO CONTROLS,CLEAR,DAYLIGHT,SIDESWIPE SAME DIRECTION,DIVIDED - W/MEDIAN (NOT RAISED),,STRAIGHT AND LEVEL,DRY,NO DEFECTS,ON SCENE,NO INJURY / DRIVE AWAY,,,,"OVER $1,500",11/05/2018 02:55:00 PM,IMPROPER LANE USAGE,FAILING TO YIELD RIGHT-OF-WAY,1040,N,HALSTED ST,1822,,,,,,,2,NO INDICATION OF INJURY,0,0,0,0,0,3,0,14,2,11,41.901347591,-87.64812126,POINT (-87.648121260367 41.901347591325)
JB505477,,11/05/2018 02:40:00 PM,15,NO CONTROLS,NO CONTROLS,UNKNOWN,DAYLIGHT,SIDESWIPE SAME DIRECTION,ONE-WAY,1,STRAIGHT AND LEVEL,UNKNOWN,NO DEFECTS,NOT ON SCENE (DESK REPORT),NO INJURY / DRIVE AWAY,,,,"OVER $1,500",11/06/2018 09:05:00 AM,FAILING TO REDUCE SPEED TO AVOID CRASH,UNABLE TO DETERMINE,5421,N,BERNARD ST,1712,,,,,,,2,NO INDICATION OF INJURY,0,0,0,0,0,2,0,14,2,11,41.980005985,-87.714720126,POINT (-87.7147201263 41.980005984567)
JB504686,,11/05/2018 02:40:00 PM,35,STOP SIGN/FLASHER,FUNCTIONING PROPERLY,CLEAR,DAYLIGHT,TURNING,NOT DIVIDED,,STRAIGHT AND LEVEL,DRY,NO DEFECTS,ON SCENE,NO INJURY / DRIVE AWAY,,,,$500 OR LESS,11/05/2018 04:30:00 PM,UNABLE TO DETERMINE,UNABLE TO DETERMINE,4800,S,KEDZIE AVE,821,,,,,,,2,NO INDICATION OF INJURY,0,0,0,0,0,2,0,14,2,11,41.80618456,-87.704066201,POINT (-87.704066200932 41.806184560305)
JB504551,,11/05/2018 02:40:00 PM,30,NO CONTROLS,NO CONTROLS,CLOUDY/OVERCAST,DAYLIGHT,ANGLE,ONE-WAY,1,STRAIGHT AND LEVEL,DRY,NO DEFECTS,ON SCENE,INJURY AND / OR TOW DUE TO CRASH,Y,,,"OVER $1,500",11/05/2018 02:45:00 PM,FAILING TO YIELD RIGHT-OF-WAY,NOT APPLICABLE,4047,N,SPAULDING AVE,1724,,,,,,,2,NONINCAPACITATING INJURY,1,0,0,1,0,2,0,14,2,11,41.955344715,-87.710364796,POINT (-87.710364796153 41.955344714947)
JB504558,,11/05/2018 02:39:00 PM,35,TRAFFIC SIGNAL,FUNCTIONING PROPERLY,CLEAR,DAYLIGHT,REAR END,DIVIDED - W/MEDIAN (NOT RAISED),4,STRAIGHT AND LEVEL,DRY,NO DEFECTS,NOT ON SCENE (DESK REPORT),INJURY AND / OR TOW DUE TO CRASH,Y,,,"OVER $1,500",11/05/2018 02:39:00 PM,FAILING TO REDUCE SPEED TO AVOID CRASH,FOLLOWING TOO CLOSELY,8234,W,FOREST PRESERVE AVE,1631,,,,,,,3,NONINCAPACITATING INJURY,1,0,0,1,0,2,0,14,2,11,41.941797261,-87.832619625,POINT (-87.832619624762 41.941797260727)
JB504947,,11/05/2018 02:35:00 PM,30,NO CONTROLS,NO CONTROLS,CLEAR,DAYLIGHT,SIDESWIPE SAME DIRECTION,NOT DIVIDED,,STRAIGHT AND LEVEL,DRY,NO DEFECTS,NOT ON SCENE (DESK REPORT),NO INJURY / DRIVE AWAY,,,Y,"OVER $1,500",11/05/2018 06:35:00 PM,UNABLE TO DETERMINE,UNABLE TO DETERMINE,1132,S,HAMILTON AVE,1225,,,,,,,2,NO INDICATION OF INJURY,0,0,0,0,0,2,0,14,2,11,41.866962345,-87.680427267,POINT (-87.680427267136 41.866962344659)
JB504728,,11/05/2018 02:35:00 PM,30,NO CONTROLS,NO CONTROLS,CLEAR,DAYLIGHT,PARKED MOTOR VEHICLE,DIVIDED - W/MEDIAN (NOT RAISED),,STRAIGHT AND LEVEL,DRY,NO DEFECTS,ON SCENE,NO INJURY / DRIVE AWAY,,,Y,"OVER $1,500",11/05/2018 04:45:00 PM,FOLLOWING TOO CLOSELY,NOT APPLICABLE,2319,W,19TH ST,1234,,,,,,,2,NO INDICATION OF INJURY,0,0,0,0,0,1,0,14,2,11,41.855614689,-87.684120696,POINT (-87.684120695763 41.855614689081)