RD_NO,CRASH_DATE_EST_I,CRASH_DATE,POSTED_SPEED_LIMIT,TRAFFIC_CONTROL_DEVICE,DEVICE_CONDITION,WEATHER_CONDITION,LIGHTING_CONDITION,FIRST_CRASH_TYPE,TRAFFICWAY_TYPE,LANE_CNT,ALIGNMENT,ROADWAY_SURFACE_COND,ROAD_DEFECT,REPORT_TYPE,CRASH_TYPE,INTERSECTION_RELATED_I,NOT_RIGHT_OF_WAY_I,HIT_AND_RUN_I,DAMAGE,DATE_POLICE_NOTIFIED,PRIM_CONTRIBUTORY_CAUSE,SEC_CONTRIBUTORY_CAUSE,STREET_NO,STREET_DIRECTION,STREET_NAME,BEAT_OF_OCCURRENCE,PHOTOS_TAKEN_I,STATEMENTS_TAKEN_I,DOORING_I,WORK_ZONE_I,WORK_ZONE_TYPE,WORKERS_PRESENT_I,NUM_UNITS,MOST_SEVERE_INJURY,INJURIES_TOTAL,INJURIES_FATAL,INJURIES_INCAPACITATING,INJURIES_NON_INCAPACITATING,INJURIES_REPORTED_NOT_EVIDENT,INJURIES_NO_INDICATION,INJURIES_UNKNOWN,CRASH_HOUR,CRASH_DAY_OF_WEEK,CRASH_MONTH,LATITUDE,LONGITUDE,LOCATION
JB504803,,11/05/2018 02:33:00 PM,20,NO CONTROLS,NO CONTROLS,CLOUDY/OVERCAST,DAYLIGHT,PARKED MOTOR VEHICLE,PARKING LOT,,STRAIGHT AND LEVEL,DRY,NO DEFECTS,NOT ON SCENE (DESK REPORT),NO INJURY / DRIVE AWAY,,,,"OVER $1,500",11/05/2018 05:00:00 PM,IMPROPER BACKING,UNABLE TO DETERMINE,2334,N,KILBOURN AVE,2522,,,,,,,2,NO INDICATION OF INJURY,0,0,0,0,0,1,0,14,2,11,41.923560951,-87.739120819,POINT (-87.739120818866 41.923560951368)
JB508138,,11/05/2018 02:30:00 PM,0,NO CONTROLS,NO CONTROLS,UNKNOWN,UNKNOWN,PARKED MOTOR VEHICLE,PARKING LOT,,STRAIGHT AND LEVEL,UNKNOWN,UNKNOWN,,NO INJURY / DRIVE AWAY,,,Y,"OVER $1,500",11/08/2018 10:20:00 AM,IMPROPER BACKING,NOT APPLICABLE,7541,N,CLARK ST,2422,,,,,,,2,NO INDICATION OF INJURY,0,0,0,0,0,1,0,14,2,11,42.018903507,-87.675958148,POINT (-87.675958147903 42.018903507079)
JB504664,,11/05/2018 02:30:00 PM,30,TRAFFIC SIGNAL,FUNCTIONING PROPERLY,CLEAR,DAYLIGHT,SIDESWIPE SAME DIRECTION,NOT DIVIDED,6,STRAIGHT AND LEVEL,DRY,NO DEFECTS,NOT ON SCENE (DESK REPORT),NO INJURY / DRIVE AWAY,Y,,,"OVER $1,500",11/05/2018 04:10:00 PM,IMPROPER LANE USAGE,NOT APPLICABLE,400,S,MORGAN ST,1232,,,,,,,2,NO INDICATION OF INJURY,0,0,0,0,0,3,0,14,2,11,41.87656877,-87.652019717,POINT (-87.652019717096 41.876568769918)
JB504580,,11/05/2018 02:30:00 PM,30,NO CONTROLS,NO CONTROLS,CLEAR,DAYLIGHT,PARKED MOTOR VEHICLE,ONE-WAY,1,STRAIGHT AND LEVEL,DRY,NO DEFECTS,ON SCENE,INJURY AND / OR TOW DUE TO CRASH,,,Y,"OVER $1,500",11/05/2018 03:05:00 PM,"OPERATING VEHICLE IN ERRATIC, RECKLESS, CARELESS, NEGLIGENT OR AGGRESSIVE MANNER",NOT APPLICABLE,933,N,MONTICELLO AVE,1112,,,,,,,2,NO INDICATION OF INJURY,0,0,0,0,0,1,0,14,2,11,41.898272965,-87.717479719,POINT (-87.717479718793 41.898272965086)
JB504570,,11/05/2018 02:30:00 PM,30,TRAFFIC SIGNAL,FUNCTIONING PROPERLY,CLEAR,DAYLIGHT,REAR END,NOT DIVIDED,4,STRAIGHT AND LEVEL,DRY,NO DEFECTS,NOT ON SCENE (DESK REPORT),NO INJURY / DRIVE AWAY,Y,,Y,"$501 - $1,500",11/05/2018 03:10:00 PM,UNABLE TO DETERMINE,UNABLE TO DETERMINE,2400,W,NORTH AVE,1434,,,,,,,2,NO INDICATION OF INJURY,0,0,0,0,0,3,0,14,2,11,41.910429862,-87.687284221,POINT (-87.687284220508 41.910429862359)
JB504654,,11/05/2018 02:21:00 PM,30,TRAFFIC SIGNAL,FUNCTIONING PROPERLY,CLEAR,DAYLIGHT,PEDESTRIAN,ONE-WAY,2,STRAIGHT AND LEVEL,DRY,UNKNOWN,NOT ON SCENE (DESK REPORT),INJURY AND / OR TOW DUE TO CRASH,Y,,,$500 OR LESS,11/05/2018 04:00:00 PM,UNABLE TO DETERMINE,UNABLE TO DETERMINE,300,S,WABASH AVE,113,Y,,,,,,2,"REPORTED, NOT EVIDENT",1,0,0,0,1,1,0,14,2,11,41.878181705,-87.626228938,POINT (-87.62622893831 41.878181705359)
JB504584,,11/05/2018 02:15:00 PM,30,NO CONTROLS,NO CONTROLS,CLEAR,DAYLIGHT,SIDESWIPE SAME DIRECTION,DIVIDED - W/MEDIAN BARRIER,2,STRAIGHT AND LEVEL,DRY,NO DEFECTS,ON SCENE,NO INJURY / DRIVE AWAY,,,,"OVER $1,500",11/05/2018 02:48:00 PM,"OPERATING VEHICLE IN ERRATIC, RECKLESS, CARELESS, NEGLIGENT OR AGGRESSIVE MANNER",NOT APPLICABLE,929,W,FULLERTON AVE,1812,,,,,,,2,NO INDICATION OF INJURY,0,0,0,0,0,2,0,14,2,11,41.925287606,-87.652357286,POINT (-87.652357285696 41.925287606128)
JB504513,,11/05/2018 02:15:00 PM,30,TRAFFIC SIGNAL,FUNCTIONING PROPERLY,CLEAR,DAYLIGHT,REAR END,NOT DIVIDED,6,STRAIGHT AND LEVEL,DRY,NO DEFECTS,NOT ON SCENE (DESK REPORT),NO INJURY / DRIVE AWAY,,,,"$501 - $1,500",11/05/2018 02:35:00 PM,FOLLOWING TOO CLOSELY,NOT APPLICABLE,1198,S,ASHLAND AVE,1231,,,,,,,2,NO INDICATION OF INJURY,0,0,0,0,0,2,0,14,2,11,41.866940064,-87.666532428,POINT (-87.666532428284 41.866940063689)
JB504534,,11/05/2018 02:10:00 PM,30,NO CONTROLS,NO CONTROLS,CLOUDY/OVERCAST,DAYLIGHT,TURNING,NOT DIVIDED,2,STRAIGHT AND LEVEL,WET,NO DEFECTS,ON SCENE,INJURY AND / OR TOW DUE TO CRASH,,,,"OVER $1,500",11/05/2018 02:26:00 PM,UNABLE TO DETERMINE,NOT APPLICABLE,5747,W,AUGUSTA BLVD,1511,,,,,,,3,INCAPACITATING INJURY,3,0,1,0,2,2,0,14,2,11,41.898325188,-87.769815278,POINT (-87.769815278256 41.898325187843)
JB504567,,11/05/2018 02:07:00 PM,30,NO CONTROLS,NO CONTROLS,CLOUDY/OVERCAST,DAYLIGHT,TURNING,DIVIDED - W/MEDIAN (NOT RAISED),2,STRAIGHT AND LEVEL,DRY,NO DEFECTS,ON SCENE,INJURY AND / OR TOW DUE TO CRASH,,,,"OVER $1,500",11/05/2018 02:30:00 PM,UNABLE TO DETERMINE,NOT APPLICABLE,2354,W,CHICAGO AVE,1212,,,,,,,2,NO INDICATION OF INJURY,0,0,0,0,0,3,0,14,2,11,41.89585732,-87.686571576,POINT (-87.686571575526 41.895857320025)
JB504526,,11/05/2018 02:02:00 PM,15,NO CONTROLS,NO CONTROLS,CLEAR,DAYLIGHT,TURNING,ONE-WAY,1,STRAIGHT AND LEVEL,DRY,NO DEFECTS,NOT ON SCENE (DESK REPORT),NO INJURY / DRIVE AWAY,,,,"OVER $1,500",11/05/2018 02:35:00 PM,IMPROPER BACKING,UNABLE TO DETERMINE,7083,S,MERRILL AVE,331,,,,,,,2,NO INDICATION OF INJURY,0,0,0,0,0,2,0,14,2,11,41.766119806,-87.572448303,POINT (-87.572448303262 41.766119805893)
JB505822,,11/05/2018 02:00:00 PM,30,STOP SIGN/FLASHER,FUNCTIONING PROPERLY,CLEAR,DAYLIGHT,REAR END,ONE-WAY,4,STRAIGHT AND LEVEL,DRY,UNKNOWN,NOT ON SCENE (DESK REPORT),NO INJURY / DRIVE AWAY,Y,,Y,"$501 - $1,500",11/06/2018 01:11:00 PM,UNABLE TO DETERMINE,UNABLE TO DETERMINE,5300,S,DR MARTIN LUTHER KING JR DR,231,,,,,,,2,NO INDICATION OF INJURY,0,0,0,0,0,2,0,14,2,11,41.79837223,-87.616218143,POINT (-87.616218143428 41.798372229972)
JB504556,,11/05/2018 02:00:00 PM,10,NO CONTROLS,NO CONTROLS,CLOUDY/OVERCAST,DAYLIGHT,REAR END,PARKING LOT,,STRAIGHT AND LEVEL,DRY,UNKNOWN,NOT ON SCENE (DESK REPORT),NO INJURY / DRIVE AWAY,,,Y,$500 OR LESS,11/05/2018 03:01:00 PM,IMPROPER BACKING,FAILING TO YIELD RIGHT-OF-WAY,149,N,WESTERN AVE,1223,,,,,,,2,NO INDICATION OF INJURY,0,0,0,0,0,3,0,14,2,11,41.884526242,-87.686378732,POINT (-87.686378731844 41.88452624211)
JB504507,Y,11/05/2018 01:47:00 PM,30,NO CONTROLS,NO CONTROLS,CLEAR,DAYLIGHT,PARKED MOTOR VEHICLE,NOT DIVIDED,2,STRAIGHT AND LEVEL,DRY,NO DEFECTS,ON SCENE,NO INJURY / DRIVE AWAY,,,Y,$500 OR LESS,11/05/2018 01:47:00 PM,UNABLE TO DETERMINE,NOT APPLICABLE,1732,N,PULASKI RD,2534,,,,,,,2,NO INDICATION OF INJURY,0,0,0,0,0,1,0,13,2,11,41.912625693,-87.726565171,POINT (-87.726565170628 41.912625692554)
JB504537,,11/05/2018 01:46:00 PM,30,UNKNOWN,UNKNOWN,UNKNOWN,DAYLIGHT,REAR END,NOT DIVIDED,,STRAIGHT AND LEVEL,UNKNOWN,NO DEFECTS,NOT ON SCENE (DESK REPORT),NO INJURY / DRIVE AWAY,,,,"OVER $1,500",11/05/2018 03:00:00 PM,UNABLE TO DETERMINE,NOT APPLICABLE,809,W,WELLINGTON AVE,1933,,,,,,,2,NO INDICATION OF INJURY,0,0,0,0,0,2,0,13,2,11,41.936252812,-87.64950783,POINT (-87.649507829545 41.93625281227)
JB504479,N,11/05/2018 01:45:00 PM,30,NO CONTROLS,NO CONTROLS,CLEAR,DAYLIGHT,PARKED MOTOR VEHICLE,DIVIDED - W/MEDIAN BARRIER,4,STRAIGHT AND LEVEL,DRY,NO DEFECTS,ON SCENE,NO INJURY / DRIVE AWAY,,,Y,"OVER $1,500",11/05/2018 01:55:00 PM,UNABLE TO DETERMINE,UNABLE TO DETERMINE,208,W,95TH ST,634,,,,,,,2,NO INDICATION OF INJURY,0,0,0,0,0,1,0,13,2,11,41.721765362,-87.629022359,POINT (-87.629022359398 41.721765362443)
JB504485,N,11/05/2018 01:44:00 PM,15,NO CONTROLS,NO CONTROLS,CLEAR,DAYLIGHT,FIXED OBJECT,ALLEY,,STRAIGHT AND LEVEL,DRY,NO DEFECTS,ON SCENE,NO INJURY / DRIVE AWAY,,Y,,$500 OR LESS,11/05/2018 01:59:00 PM,UNABLE TO DETERMINE,NOT APPLICABLE,30,N,LA SALLE ST,122,,,,,,,1,NO INDICATION OF INJURY,0,0,0,0,0,1,0,13,2,11,41.882694669,-87.632531427,POINT (-87.632531426661 41.882694668611)
JB504515,,11/05/2018 01:40:00 PM,30,NO CONTROLS,NO CONTROLS,CLEAR,DAYLIGHT,ANGLE,ALLEY,,STRAIGHT AND LEVEL,DRY,NO DEFECTS,NOT ON SCENE (DESK REPORT),NO INJURY / DRIVE AWAY,,,,"$501 - $1,500",11/05/2018 02:22:00 PM,NOT APPLICABLE,NOT APPLICABLE,6300,S,KOMENSKY AVE,813,,,,,,,2,NO INDICATION OF INJURY,0,0,0,0,0,3,0,13,2,11,41.778615616,-87.72412904,POINT (-87.724129039895 41.778615616452)
JB504504,,11/05/2018 01:40:00 PM,35,NO CONTROLS,NO CONTROLS,CLEAR,DAYLIGHT,ANGLE,NOT DIVIDED,6,STRAIGHT AND LEVEL,DRY,NO DEFECTS,ON SCENE,NO INJURY / DRIVE AWAY,,,,"OVER $1,500",11/06/2018 01:45:00 PM,IMPROPER LANE USAGE,IMPROPER LANE USAGE,8051,S,CICERO AVE,834,,,,,,,2,NO INDICATION OF INJURY,0,0,0,0,0,2,0,13,2,11,41.746156833,-87.741106528,POINT (-87.741106527725 41.746156832926)
JB506860,,11/05/2018 01:30:00 PM,30,NO CONTROLS,NO CONTROLS,CLEAR,DAYLIGHT,REAR END,DIVIDED - W/MEDIAN BARRIER,4,STRAIGHT AND LEVEL,DRY,NO DEFECTS,NOT ON SCENE (DESK REPORT),NO INJURY / DRIVE AWAY,,,,"OVER $1,500",11/07/2018 09:45:00 AM,FAILING TO REDUCE SPEED TO AVOID CRASH,NOT APPLICABLE,1075,W,ROOSEVELT RD,1232,,,,,,,2,NO INDICATION OF INJURY,0,0,0,0,0,2,0,13,2,11,41.866931249,-87.65395861,POINT (-87.653958609634 41.866931248828)
JB504885,,11/05/2018 01:30:00 PM,15,NO CONTROLS,NO CONTROLS,CLEAR,DAYLIGHT,PARKED MOTOR VEHICLE,ONE-WAY,1,STRAIGHT AND LEVEL,DRY,NO DEFECTS,NOT ON SCENE (DESK REPORT),NO INJURY / DRIVE AWAY,,,,$500 OR LESS,11/05/2018 06:25:00 PM,UNABLE TO DETERMINE,NOT APPLICABLE,99,S,LOCKWOOD AVE,1522,,,,,,,2,NO INDICATION OF INJURY,0,0,0,0,0,1,0,13,2,11,41.879397333,-87.757510628,POINT (-87.757510628359 41.879397332813)
JB504646,,11/05/2018 01:30:00 PM,30,NO CONTROLS,NO CONTROLS,CLEAR,DAYLIGHT,TURNING,CENTER TURN LANE,3,STRAIGHT AND LEVEL,DRY,NO DEFECTS,NOT ON SCENE (DESK REPORT),NO INJURY / DRIVE AWAY,Y,,,"OVER $1,500",11/05/2018 04:00:00 PM,FAILING TO REDUCE SPEED TO AVOID CRASH,FAILING TO YIELD RIGHT-OF-WAY,1154,S,CLARK ST,123,,,,,,,2,NO INDICATION OF INJURY,0,0,0,0,0,2,0,13,2,11,41.867571015,-87.630586474,POINT (-87.630586473861 41.867571015433)
JB504563,,11/05/2018 01:30:00 PM,30,NO CONTROLS,NO CONTROLS,CLEAR,DAYLIGHT,PARKED MOTOR VEHICLE,ONE-WAY,,STRAIGHT AND LEVEL,DRY,UNKNOWN,NOT ON SCENE (DESK REPORT),NO INJURY / DRIVE AWAY,,,,"$501 - $1,500",11/05/2018 03:00:00 PM,UNABLE TO DETERMINE,UNABLE TO DETERMINE,8936,S,HARPER AVE,413,,,,,,,2,NO INDICATION OF INJURY,0,0,0,0,0,1,0,13,2,11,41.732141661,-87.586961326,POINT (-87.586961325521 41.732141661235)
JB504484,,11/05/2018 01:30:00 PM,30,STOP SIGN/FLASHER,FUNCTIONING PROPERLY,CLOUDY/OVERCAST,DAYLIGHT,REAR END,NOT DIVIDED,,STRAIGHT AND LEVEL,DRY,UNKNOWN,NOT ON SCENE (DESK REPORT),NO INJURY / DRIVE AWAY,,,,$500 OR LESS,11/05/2018 02:00:00 PM,FOLLOWING TOO CLOSELY,EXCEEDING AUTHORIZED SPEED LIMIT,300,S,COLUMBUS DR,114,,,,,,,2,NO INDICATION OF INJURY,0,0,0,0,0,2,0,13,2,11,41.878265578,-87.620822303,POINT (-87.620822302974 41.878265577833)
JB504424,,11/05/2018 01:25:00 PM,30,NO CONTROLS,NO CONTROLS,CLEAR,DAYLIGHT,SIDESWIPE SAME DIRECTION,NOT DIVIDED,,STRAIGHT AND LEVEL,DRY,NO DEFECTS,ON SCENE,NO INJURY / DRIVE AWAY,,,,"$501 - $1,500",11/05/2018 01:29:00 PM,UNABLE TO DETERMINE,UNABLE TO DETERMINE,1699,S,WOOD ST,1234,,,,,,,2,NO INDICATION OF INJURY,0,0,0,0,0,2,0,13,2,11,41.858684326,-87.670976653,POINT (-87.670976653263 41.858684325986)
JB507469,,11/05/2018 01:20:00 PM,0,UNKNOWN,UNKNOWN,UNKNOWN,DAYLIGHT,TURNING,DIVIDED - W/MEDIAN (NOT RAISED),4,STRAIGHT AND LEVEL,UNKNOWN,UNKNOWN,NOT ON SCENE (DESK REPORT),NO INJURY / DRIVE AWAY,,,,"OVER $1,500",11/07/2018 05:00:00 PM,IMPROPER BACKING,UNABLE TO DETERMINE,4658,S,WESTERN AVE,922,,,,,,,2,NO INDICATION OF INJURY,0,0,0,0,0,2,0,13,2,11,41.808469737,-87.684573399,POINT (-87.684573398567 41.808469736745)
JB504435,Y,11/05/2018 01:15:00 PM,30,TRAFFIC SIGNAL,FUNCTIONING PROPERLY,CLEAR,DAYLIGHT,TURNING,NOT DIVIDED,,STRAIGHT AND LEVEL,DRY,NO DEFECTS,ON SCENE,NO INJURY / DRIVE AWAY,Y,,,"OVER $1,500",11/05/2018 01:15:00 PM,"VISION OBSCURED (SIGNS, TREE LIMBS, BUILDINGS, ETC.)",FAILING TO YIELD RIGHT-OF-WAY,4624,W,47TH ST,815,,,,,,,2,NO INDICATION OF INJURY,0,0,0,0,0,2,0,13,2,11,41.807780027,-87.73943065,POINT (-87.739430650421 41.807780027373)
JB504413,,11/05/2018 01:15:00 PM,30,NO CONTROLS,NO CONTROLS,CLOUDY/OVERCAST,DAYLIGHT,SIDESWIPE SAME DIRECTION,ALLEY,,STRAIGHT AND LEVEL,DRY,NO DEFECTS,ON SCENE,NO INJURY / DRIVE AWAY,,,,$500 OR LESS,11/05/2018 01:40:00 PM,DRIVING SKILLS/KNOWLEDGE/EXPERIENCE,NOT APPLICABLE,2107,N,KEDZIE AVE,1414,,,,,,,2,NO INDICATION OF INJURY,0,0,0,0,0,2,0,13,2,11,41.919483936,-87.706896104,POINT (-87.706896104411 41.919483935662)
JB504734,,11/05/2018 01:11:00 PM,10,NO CONTROLS,NO CONTROLS,CLEAR,DAYLIGHT,FIXED OBJECT,PARKING LOT,0,STRAIGHT AND LEVEL,DRY,NO DEFECTS,ON SCENE,NO INJURY / DRIVE AWAY,,Y,Y,"OVER $1,500",11/05/2018 02:59:00 PM,UNABLE TO DETERMINE,NOT APPLICABLE,2433,N,HARLEM AVE,2512,,,,,,,1,NO INDICATION OF INJURY,0,0,0,0,0,1,0,13,2,11,41.924447812,-87.806121798,POINT (-87.806121797627 41.924447811757)
JB504564,,11/05/2018 01:10:00 PM,30,NO CONTROLS,NO CONTROLS,CLEAR,DAYLIGHT,PARKED MOTOR VEHICLE,ONE-WAY,,STRAIGHT AND LEVEL,DRY,NO DEFECTS,NOT ON SCENE (DESK REPORT),NO INJURY / DRIVE AWAY,,,,"$501 - $1,500",11/05/2018 03:11:00 PM,NOT APPLICABLE,NOT APPLICABLE,3299,N,WHIPPLE ST,1733,,,,,,,2,,,,,,,,,13,2,11,41.940975188,-87.703850121,POINT (-87.703850120896 41.940975187607)
JB504426,,11/05/2018 01:00:00 PM,30,NO CONTROLS,NO CONTROLS,CLEAR,DAYLIGHT,PARKED MOTOR VEHICLE,PARKING LOT,,"CURVE, LEVEL",DRY,NO DEFECTS,NOT ON SCENE (DESK REPORT),NO INJURY / DRIVE AWAY,,,,$500 OR LESS,11/05/2018 01:20:00 PM,NOT APPLICABLE,NOT APPLICABLE,2006,E,95TH ST,413,,,,,,,2,NO INDICATION OF INJURY,0,0,0,0,0,1,0,13,2,11,41.722582057,-87.575041988,POINT (-87.575041988021 41.722582056747)
JB504403,,11/05/2018 01:00:00 PM,30,NO CONTROLS,NO CONTROLS,CLEAR,DAYLIGHT,REAR END,NOT DIVIDED,2,STRAIGHT AND LEVEL,DRY,NO DEFECTS,ON SCENE,NO INJURY / DRIVE AWAY,,,,$500 OR LESS,11/05/2018 01:04:00 PM,FOLLOWING TOO CLOSELY,UNABLE TO DETERMINE,5127,W,DIVISION ST,1531,,,,,,,2,NO INDICATION OF INJURY,0,0,0,0,0,4,0,13,2,11,41.902154236,-87.754409613,POINT (-87.754409613174 41.902154236388)
JB504452,,11/05/2018 12:55:00 PM,30,NO CONTROLS,NO CONTROLS,CLOUDY/OVERCAST,DAYLIGHT,TURNING,NOT DIVIDED,4,STRAIGHT AND LEVEL,UNKNOWN,UNKNOWN,NOT ON SCENE (DESK REPORT),NO INJURY / DRIVE AWAY,,,,"OVER $1,500",11/05/2018 01:50:00 PM,IMPROPER TURNING/NO SIGNAL,NOT APPLICABLE,3426,S,KEDZIE AVE,911,,,,,,,2,NO INDICATION OF INJURY,0,0,0,0,0,2,0,12,2,11,41.830824035,-87.704790637,POINT (-87.704790637218 41.830824034822)
JB504407,,11/05/2018 12:50:00 PM,30,NO CONTROLS,NO CONTROLS,CLEAR,DAYLIGHT,REAR END,PARKING LOT,,STRAIGHT AND LEVEL,DRY,NO DEFECTS,NOT ON SCENE (DESK REPORT),NO INJURY / DRIVE AWAY,,,,"OVER $1,500",11/05/2018 01:20:00 PM,FAILING TO YIELD RIGHT-OF-WAY,NOT APPLICABLE,759,N,CICERO AVE,1111,,,,,,,2,NO INDICATION OF INJURY,0,0,0,0,0,2,0,12,2,11,41.894959094,-87.745658899,POINT (-87.74565889869 41.894959093611)
JB513111,,11/05/2018 12:45:00 PM,30,TRAFFIC SIGNAL,FUNCTIONING PROPERLY,UNKNOWN,DAYLIGHT,SIDESWIPE SAME DIRECTION,NOT DIVIDED,4,STRAIGHT AND LEVEL,UNKNOWN,UNKNOWN,NOT ON SCENE (DESK REPORT),NO INJURY / DRIVE AWAY,Y,,,"$501 - $1,500",11/12/2018 12:50:00 PM,UNABLE TO DETERMINE,NOT APPLICABLE,3998,W,55TH ST,822,,,,,,,2,NO INDICATION OF INJURY,0,0,0,0,0,2,0,12,2,11,41.793314973,-87.723099046,POINT (-87.723099046052 41.793314972705)
JB504427,,11/05/2018 12:45:00 PM,30,NO CONTROLS,NO CONTROLS,CLEAR,DAYLIGHT,SIDESWIPE SAME DIRECTION,DIVIDED - W/MEDIAN BARRIER,,STRAIGHT AND LEVEL,DRY,NO DEFECTS,ON SCENE,NO INJURY / DRIVE AWAY,,,,"OVER $1,500",11/05/2018 12:51:00 PM,DRIVING SKILLS/KNOWLEDGE/EXPERIENCE,FAILING TO REDUCE SPEED TO AVOID CRASH,10935,S,HALSTED ST,2233,,,,,,,2,NO INDICATION OF INJURY,0,0,0,0,0,2,0,12,2,11,41.694948946,-87.64231341,POINT (-87.642313409796 41.694948946275)
JB505995,,11/05/2018 12:30:00 PM,30,NO CONTROLS,NO CONTROLS,RAIN,DAYLIGHT,OTHER OBJECT,PARKING LOT,,STRAIGHT AND LEVEL,WET,NO DEFECTS,NOT ON SCENE (DESK REPORT),NO INJURY / DRIVE AWAY,,,,"$501 - $1,500",11/06/2018 03:00:00 PM,DISTRACTION - FROM OUTSIDE VEHICLE,WEATHER,1932,E,75TH ST,333,,,,,,,1,NO INDICATION OF INJURY,0,0,0,0,0,1,0,12,2,11,41.758973539,-87.577299189,POINT (-87.577299189217 41.758973539258)
JB504640,,11/05/2018 12:30:00 PM,30,NO CONTROLS,NO CONTROLS,CLEAR,DAYLIGHT,PARKED MOTOR VEHICLE,NOT DIVIDED,2,STRAIGHT AND LEVEL,DRY,NO DEFECTS,NOT ON SCENE (DESK REPORT),NO INJURY / DRIVE AWAY,,,,"$501 - $1,500",11/05/2018 04:00:00 PM,UNABLE TO DETERMINE,UNABLE TO DETERMINE,1158,N,CLEVELAND AVE,1823,,,,,,,2,NO INDICATION OF INJURY,0,0,0,0,0,1,0,12,2,11,41.903220481,-87.641346074,POINT (-87.641346074154 41.903220480588)
JB504578,Y,11/05/2018 12:25:00 PM,30,NO CONTROLS,FUNCTIONING PROPERLY,CLEAR,DAYLIGHT,PARKED MOTOR VEHICLE,NOT DIVIDED,,STRAIGHT AND LEVEL,DRY,NO DEFECTS,NOT ON SCENE (DESK REPORT),NO INJURY / DRIVE AWAY,,,Y,"OVER $1,500",11/05/2018 01:30:00 PM,"OPERATING VEHICLE IN ERRATIC, RECKLESS, CARELESS, NEGLIGENT OR AGGRESSIVE MANNER",NOT APPLICABLE,2425,N,CLARK ST,1935,,,,,,,2,NO INDICATION OF INJURY,0,0,0,0,0,1,0,12,2,11,41.926318938,-87.640768896,POINT (-87.64076889557 41.926318938297)
JB504390,,11/05/2018 12:20:00 PM,30,STOP SIGN/FLASHER,FUNCTIONING PROPERLY,CLEAR,DAYLIGHT,ANGLE,OTHER,,STRAIGHT AND LEVEL,DRY,NO DEFECTS,NOT ON SCENE (DESK REPORT),NO INJURY / DRIVE AWAY,Y,,,"OVER $1,500",11/05/2018 01:00:00 PM,FAILING TO REDUCE SPEED TO AVOID CRASH,UNABLE TO DETERMINE,5801,W,WRIGHTWOOD AVE,2515,,,,,,,2,NO INDICATION OF INJURY,0,0,0,0,0,3,0,12,2,11,41.927446189,-87.771036198,POINT (-87.771036198297 41.927446189106)
JB504398,,11/05/2018 12:18:00 PM,30,STOP SIGN/FLASHER,FUNCTIONING PROPERLY,CLEAR,DAYLIGHT,FIXED OBJECT,NOT DIVIDED,2,STRAIGHT AND LEVEL,DRY,NO DEFECTS,ON SCENE,INJURY AND / OR TOW DUE TO CRASH,Y,,,"OVER $1,500",11/05/2018 01:25:00 PM,EXCEEDING AUTHORIZED SPEED LIMIT,NOT APPLICABLE,7000,S,DR MARTIN LUTHER KING JR DR,322,,,,,,,1,INCAPACITATING INJURY,1,0,1,0,0,0,0,12,2,11,41.767477176,-87.61545181,POINT (-87.615451810109 41.767477176487)
JB504372,,11/05/2018 12:18:00 PM,30,TRAFFIC SIGNAL,FUNCTIONING PROPERLY,CLEAR,DAYLIGHT,TURNING,OTHER,4,STRAIGHT AND LEVEL,DRY,NO DEFECTS,ON SCENE,INJURY AND / OR TOW DUE TO CRASH,Y,,,"OVER $1,500",11/05/2018 12:18:00 PM,IMPROPER TURNING/NO SIGNAL,DRIVING ON WRONG SIDE/WRONG WAY,520,W,18TH ST,1235,,,,,,,5,NONINCAPACITATING INJURY,2,0,0,1,1,7,0,12,2,11,41.857758774,-87.639918655,POINT (-87.639918655312 41.857758774421)
JB506854,,11/05/2018 12:15:00 PM,30,NO CONTROLS,NO CONTROLS,CLEAR,DAYLIGHT,REAR END,ONE-WAY,1,STRAIGHT AND LEVEL,DRY,NO DEFECTS,NOT ON SCENE (DESK REPORT),NO INJURY / DRIVE AWAY,,,,"OVER $1,500",11/07/2018 09:45:00 AM,IMPROPER BACKING,UNABLE TO DETERMINE,4837,W,MONTANA ST,2521,,,,,,,2,NO INDICATION OF INJURY,0,0,0,0,0,2,0,12,2,11,41.925061944,-87.747838409,POINT (-87.747838409303 41.925061943514)
JB504354,,11/05/2018 12:15:00 PM,30,STOP SIGN/FLASHER,FUNCTIONING PROPERLY,CLEAR,DAYLIGHT,TURNING,OTHER,4,STRAIGHT AND LEVEL,DRY,NO DEFECTS,NOT ON SCENE (DESK REPORT),NO INJURY / DRIVE AWAY,Y,,,"OVER $1,500",11/05/2018 12:30:00 PM,FAILING TO YIELD RIGHT-OF-WAY,NOT APPLICABLE,1878,W,OGDEN AVE,1225,,,,,,,2,NO INDICATION OF INJURY,0,0,0,0,0,2,0,12,2,11,41.87515478,-87.673755882,POINT (-87.673755881513 41.875154779829)
JB504453,,11/05/2018 12:03:00 PM,30,NO CONTROLS,NO CONTROLS,CLEAR,DAYLIGHT,REAR END,NOT DIVIDED,2,STRAIGHT AND LEVEL,DRY,NO DEFECTS,NOT ON SCENE (DESK REPORT),NO INJURY / DRIVE AWAY,,,,"$501 - $1,500",11/05/2018 01:35:00 PM,UNABLE TO DETERMINE,NOT APPLICABLE,4448,W,FIFTH AVE,1131,,,,,,,2,NO INDICATION OF INJURY,0,0,0,0,0,2,0,12,2,11,41.869917166,-87.736918303,POINT (-87.736918302534 41.869917165763)