RD_NO,CRASH_DATE_EST_I,CRASH_DATE,POSTED_SPEED_LIMIT,TRAFFIC_CONTROL_DEVICE,DEVICE_CONDITION,WEATHER_CONDITION,LIGHTING_CONDITION,FIRST_CRASH_TYPE,TRAFFICWAY_TYPE,LANE_CNT,ALIGNMENT,ROADWAY_SURFACE_COND,ROAD_DEFECT,REPORT_TYPE,CRASH_TYPE,INTERSECTION_RELATED_I,NOT_RIGHT_OF_WAY_I,HIT_AND_RUN_I,DAMAGE,DATE_POLICE_NOTIFIED,PRIM_CONTRIBUTORY_CAUSE,SEC_CONTRIBUTORY_CAUSE,STREET_NO,STREET_DIRECTION,STREET_NAME,BEAT_OF_OCCURRENCE,PHOTOS_TAKEN_I,STATEMENTS_TAKEN_I,DOORING_I,WORK_ZONE_I,WORK_ZONE_TYPE,WORKERS_PRESENT_I,NUM_UNITS,MOST_SEVERE_INJURY,INJURIES_TOTAL,INJURIES_FATAL,INJURIES_INCAPACITATING,INJURIES_NON_INCAPACITATING,INJURIES_REPORTED_NOT_EVIDENT,INJURIES_NO_INDICATION,INJURIES_UNKNOWN,CRASH_HOUR,CRASH_DAY_OF_WEEK,CRASH_MONTH,LATITUDE,LONGITUDE,LOCATION
JB504451,,11/05/2018 12:00:00 PM,30,NO CONTROLS,NO CONTROLS,CLEAR,DAYLIGHT,PARKED MOTOR VEHICLE,NOT DIVIDED,2,STRAIGHT AND LEVEL,DRY,NO DEFECTS,NOT ON SCENE (DESK REPORT),INJURY AND / OR TOW DUE TO CRASH,,,,"OVER $1,500",11/05/2018 01:50:00 PM,UNABLE TO DETERMINE,UNABLE TO DETERMINE,1137,W,CATALPA AVE,2023,,,,,,,2,INCAPACITATING INJURY,1,0,1,0,0,0,0,12,2,11,41.981694757,-87.659511297,POINT (-87.659511297447 41.981694756526)
JB504375,,11/05/2018 12:00:00 PM,5,NO CONTROLS,NO CONTROLS,CLEAR,DAYLIGHT,FIXED OBJECT,PARKING LOT,1,STRAIGHT AND LEVEL,DRY,NO DEFECTS,NOT ON SCENE (DESK REPORT),NO INJURY / DRIVE AWAY,,Y,,$500 OR LESS,11/05/2018 12:50:00 PM,IMPROPER BACKING,NOT APPLICABLE,1300,W,LAKE ST,1215,,,,,,,1,NO INDICATION OF INJURY,0,0,0,0,0,1,0,12,2,11,41.88558042,-87.658956911,POINT (-87.658956910752 41.885580420009)
JB504305,,11/05/2018 11:57:00 AM,20,NO CONTROLS,NO CONTROLS,CLEAR,DAYLIGHT,ANGLE,NOT DIVIDED,1,STRAIGHT AND LEVEL,DRY,NO DEFECTS,NOT ON SCENE (DESK REPORT),NO INJURY / DRIVE AWAY,,,,"$501 - $1,500",11/05/2018 12:45:00 PM,UNABLE TO DETERMINE,UNABLE TO DETERMINE,9800,S,SEELEY AVE,2213,,,,,,,2,NO INDICATION OF INJURY,0,0,0,0,0,2,0,11,2,11,41.715511664,-87.673567808,POINT (-87.673567808055 41.715511663932)
JB504335,,11/05/2018 11:55:00 AM,30,NO CONTROLS,NO CONTROLS,CLEAR,DAYLIGHT,PARKED MOTOR VEHICLE,DIVIDED - W/MEDIAN BARRIER,2,STRAIGHT AND LEVEL,DRY,NO DEFECTS,NOT ON SCENE (DESK REPORT),NO INJURY / DRIVE AWAY,,,,"OVER $1,500",11/05/2018 12:39:00 PM,IMPROPER BACKING,DRIVING SKILLS/KNOWLEDGE/EXPERIENCE,1529,S,STATE ST,131,,,,,,,2,NO INDICATION OF INJURY,0,0,0,0,0,1,0,11,2,11,41.861078123,-87.627124025,POINT (-87.62712402455 41.861078122968)
JB504310,,11/05/2018 11:55:00 AM,30,NO CONTROLS,NO CONTROLS,CLEAR,DAYLIGHT,FIXED OBJECT,OTHER,0,STRAIGHT AND LEVEL,DRY,NO DEFECTS,ON SCENE,NO INJURY / DRIVE AWAY,,Y,,"OVER $1,500",11/05/2018 11:58:00 AM,UNABLE TO DETERMINE,NOT APPLICABLE,6737,S,WESTERN AVE,832,,,,,,,2,NO INDICATION OF INJURY,0,0,0,0,0,1,0,11,2,11,41.770867381,-87.683265032,POINT (-87.683265031734 41.770867381377)
JB504288,,11/05/2018 11:55:00 AM,15,NO CONTROLS,NO CONTROLS,CLEAR,DAYLIGHT,PARKED MOTOR VEHICLE,PARKING LOT,1,STRAIGHT AND LEVEL,DRY,NO DEFECTS,ON SCENE,NO INJURY / DRIVE AWAY,,,,"$501 - $1,500",11/05/2018 11:56:00 AM,IMPROPER TURNING/NO SIGNAL,NOT APPLICABLE,635,N,CLARK ST,1832,,,,,,,2,NO INDICATION OF INJURY,0,0,0,0,0,1,0,11,2,11,41.893415629,-87.631024483,POINT (-87.631024483046 41.893415628815)
JB504274,,11/05/2018 11:46:00 AM,30,TRAFFIC SIGNAL,FUNCTIONING PROPERLY,CLEAR,DAYLIGHT,ANGLE,NOT DIVIDED,,STRAIGHT AND LEVEL,DRY,UNKNOWN,ON SCENE,INJURY AND / OR TOW DUE TO CRASH,Y,,,"OVER $1,500",11/05/2018 11:46:00 AM,DISREGARDING TRAFFIC SIGNALS,FAILING TO REDUCE SPEED TO AVOID CRASH,237,W,59TH ST,711,,,,,,,2,NONINCAPACITATING INJURY,1,0,0,1,0,1,0,11,2,11,41.787108908,-87.631928591,POINT (-87.631928590732 41.787108907834)
JB504457,,11/05/2018 11:45:00 AM,35,TRAFFIC SIGNAL,FUNCTIONING PROPERLY,CLEAR,DAYLIGHT,REAR END,NOT DIVIDED,,STRAIGHT AND LEVEL,DRY,NO DEFECTS,NOT ON SCENE (DESK REPORT),NO INJURY / DRIVE AWAY,,,,"OVER $1,500",11/05/2018 01:30:00 PM,UNABLE TO DETERMINE,NOT APPLICABLE,50,S,HOMAN AVE,1123,,,,,,,3,NO INDICATION OF INJURY,0,0,0,0,0,3,0,11,2,11,41.879655053,-87.71111478,POINT (-87.711114779702 41.87965505287)
JB504289,,11/05/2018 11:40:00 AM,30,STOP SIGN/FLASHER,FUNCTIONING PROPERLY,CLEAR,DAYLIGHT,ANGLE,OTHER,1,STRAIGHT AND LEVEL,DRY,NO DEFECTS,ON SCENE,INJURY AND / OR TOW DUE TO CRASH,Y,,,"OVER $1,500",11/05/2018 11:46:00 AM,UNABLE TO DETERMINE,UNABLE TO DETERMINE,1828,W,WEBSTER AVE,1432,,,,,,,2,NO INDICATION OF INJURY,0,0,0,0,0,2,0,11,2,11,41.921568074,-87.673903008,POINT (-87.6739030077 41.92156807352)
JB504256,,11/05/2018 11:33:00 AM,35,TRAFFIC SIGNAL,FUNCTIONING PROPERLY,CLEAR,DAYLIGHT,TURNING,NOT DIVIDED,4,STRAIGHT AND LEVEL,DRY,NO DEFECTS,NOT ON SCENE (DESK REPORT),NO INJURY / DRIVE AWAY,,,,"OVER $1,500",11/05/2018 11:44:00 AM,FAILING TO YIELD RIGHT-OF-WAY,IMPROPER TURNING/NO SIGNAL,5300,S,ASHLAND AVE,932,,,,,,,2,NO INDICATION OF INJURY,0,0,0,0,0,2,0,11,2,11,41.797579996,-87.664824819,POINT (-87.664824818501 41.797579996037)
JB504283,,11/05/2018 11:30:00 AM,30,NO CONTROLS,NO CONTROLS,CLEAR,DAYLIGHT,SIDESWIPE SAME DIRECTION,DIVIDED - W/MEDIAN (NOT RAISED),4,STRAIGHT AND LEVEL,DRY,NO DEFECTS,ON SCENE,NO INJURY / DRIVE AWAY,,,,"OVER $1,500",11/05/2018 11:31:00 AM,FAILING TO YIELD RIGHT-OF-WAY,DRIVING SKILLS/KNOWLEDGE/EXPERIENCE,7070,N,SHERIDAN RD,2423,,,,,,,2,NO INDICATION OF INJURY,0,0,0,0,0,2,0,11,2,11,42.011182018,-87.662894966,POINT (-87.662894966403 42.011182018127)
JB504277,Y,11/05/2018 11:30:00 AM,25,NO CONTROLS,NO CONTROLS,CLOUDY/OVERCAST,DAYLIGHT,PARKED MOTOR VEHICLE,RAMP,1,STRAIGHT AND LEVEL,DRY,NO DEFECTS,NOT ON SCENE (DESK REPORT),NO INJURY / DRIVE AWAY,,,,"OVER $1,500",11/05/2018 11:55:00 AM,UNABLE TO DETERMINE,UNABLE TO DETERMINE,625,W,KEMPER PL,1812,,,,,,,2,NO INDICATION OF INJURY,0,0,0,0,0,1,0,11,2,11,41.924491248,-87.644900321,POINT (-87.644900320824 41.924491248184)
JB504229,,11/05/2018 11:30:00 AM,30,TRAFFIC SIGNAL,FUNCTIONING PROPERLY,CLEAR,DAYLIGHT,TURNING,DIVIDED - W/MEDIAN BARRIER,2,STRAIGHT AND LEVEL,DRY,NO DEFECTS,ON SCENE,NO INJURY / DRIVE AWAY,,,,"OVER $1,500",11/05/2018 11:45:00 AM,IMPROPER TURNING/NO SIGNAL,NOT APPLICABLE,13000,S,TORRENCE AVE,434,,,,,,,2,NO INDICATION OF INJURY,0,0,0,0,0,3,0,11,2,11,41.65912619,-87.559432742,POINT (-87.559432741943 41.659126189932)
JB504257,,11/05/2018 11:20:00 AM,30,NO CONTROLS,NO CONTROLS,CLEAR,DAYLIGHT,SIDESWIPE SAME DIRECTION,NOT DIVIDED,,STRAIGHT AND LEVEL,DRY,NO DEFECTS,NOT ON SCENE (DESK REPORT),NO INJURY / DRIVE AWAY,,,,"$501 - $1,500",11/05/2018 11:35:00 AM,IMPROPER OVERTAKING/PASSING,NOT APPLICABLE,5550,N,WESTERN AVE,2011,,,,,,,2,NO INDICATION OF INJURY,0,0,0,0,0,2,0,11,2,11,41.982852756,-87.689583335,POINT (-87.68958333519 41.982852756089)
JB504622,,11/05/2018 11:15:00 AM,30,NO CONTROLS,NO CONTROLS,CLOUDY/OVERCAST,DAYLIGHT,SIDESWIPE SAME DIRECTION,ONE-WAY,4,STRAIGHT AND LEVEL,DRY,NO DEFECTS,NOT ON SCENE (DESK REPORT),NO INJURY / DRIVE AWAY,,,Y,"$501 - $1,500",11/05/2018 03:40:00 PM,UNABLE TO DETERMINE,NOT APPLICABLE,1617,W,CONGRESS PKWY,1231,,,,,,,2,NO INDICATION OF INJURY,0,0,0,0,0,2,0,11,2,11,41.875054309,-87.667364494,POINT (-87.667364493955 41.875054309229)
JB504548,,11/05/2018 11:15:00 AM,30,NO CONTROLS,NO CONTROLS,CLOUDY/OVERCAST,DAYLIGHT,PARKED MOTOR VEHICLE,ONE-WAY,,STRAIGHT AND LEVEL,DRY,UNKNOWN,NOT ON SCENE (DESK REPORT),NO INJURY / DRIVE AWAY,,,Y,$500 OR LESS,11/05/2018 03:00:00 PM,IMPROPER OVERTAKING/PASSING,IMPROPER OVERTAKING/PASSING,7900,S,RIDGELAND AVE,414,,,,,,,2,NO INDICATION OF INJURY,0,0,0,0,0,2,0,11,2,11,41.751442207,-87.581823216,POINT (-87.581823215883 41.751442206869)
JB504371,,11/05/2018 11:15:00 AM,30,NO CONTROLS,NO CONTROLS,CLEAR,DAYLIGHT,TURNING,NOT DIVIDED,,STRAIGHT AND LEVEL,DRY,NO DEFECTS,ON SCENE,NO INJURY / DRIVE AWAY,,,,"OVER $1,500",11/05/2018 12:26:00 PM,IMPROPER TURNING/NO SIGNAL,NOT APPLICABLE,1801,W,WINNEMAC AVE,2032,,,,Y,CONSTRUCTION,,2,NO INDICATION OF INJURY,0,0,0,0,0,2,0,11,2,11,41.97324044,-87.674903869,POINT (-87.674903869005 41.973240440382)
JB504260,,11/05/2018 11:11:00 AM,30,NO CONTROLS,NO CONTROLS,CLOUDY/OVERCAST,DAYLIGHT,PEDALCYCLIST,NOT DIVIDED,2,STRAIGHT AND LEVEL,DRY,NO DEFECTS,NOT ON SCENE (DESK REPORT),NO INJURY / DRIVE AWAY,Y,,Y,"OVER $1,500",11/05/2018 12:40:00 PM,HAD BEEN DRINKING (USE WHEN ARREST IS NOT MADE),NOT APPLICABLE,4600,S,ST LAWRENCE AVE,221,,,,,,,2,NO INDICATION OF INJURY,0,0,0,0,0,2,0,11,2,11,41.811233024,-87.611644772,POINT (-87.611644772361 41.81123302396)
JB504235,,11/05/2018 11:00:00 AM,30,TRAFFIC SIGNAL,FUNCTIONING PROPERLY,CLEAR,DAYLIGHT,REAR END,NOT DIVIDED,4,STRAIGHT AND LEVEL,DRY,NO DEFECTS,NOT ON SCENE (DESK REPORT),NO INJURY / DRIVE AWAY,,,,"OVER $1,500",11/05/2018 11:15:00 AM,FOLLOWING TOO CLOSELY,NOT APPLICABLE,8898,W,BELMONT AVE,1631,,,,,,,2,NO INDICATION OF INJURY,0,0,0,0,0,2,0,11,2,11,41.937504486,-87.844467673,POINT (-87.844467673096 41.937504485829)
JB504208,,11/05/2018 10:57:00 AM,35,NO CONTROLS,NO CONTROLS,CLOUDY/OVERCAST,DAYLIGHT,OTHER NONCOLLISION,DIVIDED - W/MEDIAN (NOT RAISED),2,STRAIGHT AND LEVEL,WET,NO DEFECTS,ON SCENE,INJURY AND / OR TOW DUE TO CRASH,,,,$500 OR LESS,11/05/2018 10:57:00 AM,DRIVING SKILLS/KNOWLEDGE/EXPERIENCE,WEATHER,1430,E,130TH ST,434,,,,,,,1,NO INDICATION OF INJURY,0,0,0,0,0,1,0,10,2,11,41.660502408,-87.588835837,POINT (-87.588835836631 41.660502407567)
JB504215,,11/05/2018 10:30:00 AM,5,NO CONTROLS,NO CONTROLS,CLEAR,DAYLIGHT,FIXED OBJECT,PARKING LOT,1,STRAIGHT AND LEVEL,DRY,NO DEFECTS,NOT ON SCENE (DESK REPORT),NO INJURY / DRIVE AWAY,,Y,,"$501 - $1,500",11/05/2018 11:10:00 AM,DISTRACTION - FROM OUTSIDE VEHICLE,NOT APPLICABLE,5310,N,HARLEM AVE,1613,,,,,,,1,NO INDICATION OF INJURY,0,0,0,0,0,1,0,10,2,11,41.976681262,-87.807164699,POINT (-87.807164699489 41.976681261936)
JB504188,,11/05/2018 10:30:00 AM,30,NO CONTROLS,NO CONTROLS,CLOUDY/OVERCAST,DAYLIGHT,FIXED OBJECT,DRIVEWAY,,STRAIGHT AND LEVEL,DRY,NO DEFECTS,ON SCENE,NO INJURY / DRIVE AWAY,,,,$500 OR LESS,11/05/2018 10:35:00 AM,IMPROPER BACKING,NOT APPLICABLE,2301,N,SPAULDING AVE,1413,,,,,,,1,NO INDICATION OF INJURY,0,0,0,0,0,1,0,10,2,11,41.922946493,-87.710276629,POINT (-87.710276628708 41.922946493145)
JB504182,,11/05/2018 10:28:00 AM,30,TRAFFIC SIGNAL,FUNCTIONING PROPERLY,CLOUDY/OVERCAST,DAYLIGHT,TURNING,ONE-WAY,3,STRAIGHT AND LEVEL,DRY,NO DEFECTS,ON SCENE,NO INJURY / DRIVE AWAY,Y,,Y,"OVER $1,500",11/05/2018 10:35:00 AM,IMPROPER TURNING/NO SIGNAL,IMPROPER OVERTAKING/PASSING,157,W,JACKSON BLVD,122,,,,,,,2,NO INDICATION OF INJURY,0,0,0,0,0,2,0,10,2,11,41.878018183,-87.632823035,POINT (-87.632823035045 41.878018183131)
JB504162,,11/05/2018 10:25:00 AM,30,TRAFFIC SIGNAL,FUNCTIONING PROPERLY,CLEAR,DAYLIGHT,PEDALCYCLIST,DIVIDED - W/MEDIAN (NOT RAISED),4,STRAIGHT AND LEVEL,DRY,"RUT, HOLES",ON SCENE,NO INJURY / DRIVE AWAY,Y,,Y,$500 OR LESS,11/05/2018 10:28:00 AM,FAILING TO YIELD RIGHT-OF-WAY,NOT APPLICABLE,3958,W,FULLERTON AVE,2524,,,,Y,CONSTRUCTION,Y,2,NO INDICATION OF INJURY,0,0,0,0,0,2,0,10,2,11,41.924594566,-87.72671052,POINT (-87.726710520322 41.924594566385)
JB504204,,11/05/2018 10:20:00 AM,30,TRAFFIC SIGNAL,FUNCTIONING PROPERLY,CLEAR,DAYLIGHT,SIDESWIPE SAME DIRECTION,DIVIDED - W/MEDIAN BARRIER,4,STRAIGHT AND LEVEL,DRY,NO DEFECTS,ON SCENE,INJURY AND / OR TOW DUE TO CRASH,,Y,,"OVER $1,500",11/05/2018 10:30:00 AM,UNABLE TO DETERMINE,IMPROPER OVERTAKING/PASSING,324,S,WESTERN AVE,1125,,,,,,,2,NONINCAPACITATING INJURY,1,0,0,1,0,2,0,10,2,11,41.876749093,-87.686467148,POINT (-87.686467148193 41.876749092715)
JB504189,,11/05/2018 10:15:00 AM,30,NO CONTROLS,NO CONTROLS,CLEAR,DAYLIGHT,SIDESWIPE SAME DIRECTION,NOT DIVIDED,2,STRAIGHT AND LEVEL,DRY,NO DEFECTS,NOT ON SCENE (DESK REPORT),NO INJURY / DRIVE AWAY,,,,"$501 - $1,500",11/05/2018 10:15:00 AM,IMPROPER BACKING,IMPROPER BACKING,5759,W,AUGUSTA BLVD,1511,,,,,,,2,NO INDICATION OF INJURY,0,0,0,0,0,2,0,10,2,11,41.898317192,-87.770320268,POINT (-87.770320268309 41.898317191516)
JB504169,,11/05/2018 10:15:00 AM,30,TRAFFIC SIGNAL,FUNCTIONING PROPERLY,CLOUDY/OVERCAST,DAYLIGHT,ANGLE,NOT DIVIDED,4,STRAIGHT AND LEVEL,DRY,NO DEFECTS,ON SCENE,INJURY AND / OR TOW DUE TO CRASH,Y,,,"OVER $1,500",11/05/2018 10:28:00 AM,DISREGARDING TRAFFIC SIGNALS,NOT APPLICABLE,500,S,CALIFORNIA AVE,1135,,,,,,,2,NO INDICATION OF INJURY,0,0,0,0,0,2,0,10,2,11,41.874839768,-87.696271565,POINT (-87.696271565241 41.874839767646)
JB512853,,11/05/2018 10:10:00 AM,35,STOP SIGN/FLASHER,OTHER,CLEAR,DAYLIGHT,ANGLE,NOT DIVIDED,,STRAIGHT AND LEVEL,DRY,NO DEFECTS,NOT ON SCENE (DESK REPORT),INJURY AND / OR TOW DUE TO CRASH,Y,,,"$501 - $1,500",11/12/2018 10:14:00 AM,FAILING TO YIELD RIGHT-OF-WAY,DRIVING SKILLS/KNOWLEDGE/EXPERIENCE,4300,S,PRAIRIE AVE,215,Y,,,,,,3,NO INDICATION OF INJURY,0,0,0,0,0,3,0,10,2,11,41.816493491,-87.619935135,POINT (-87.619935135497 41.81649349083)
JB504165,N,11/05/2018 10:05:00 AM,30,STOP SIGN/FLASHER,FUNCTIONING PROPERLY,CLEAR,DAYLIGHT,ANGLE,ONE-WAY,2,STRAIGHT AND LEVEL,DRY,NO DEFECTS,ON SCENE,INJURY AND / OR TOW DUE TO CRASH,Y,,,"OVER $1,500",11/05/2018 10:12:00 AM,FAILING TO YIELD RIGHT-OF-WAY,UNABLE TO DETERMINE,1850,W,CONGRESS PKWY,1225,,,,,,,2,NONINCAPACITATING INJURY,3,0,0,2,1,2,0,10,2,11,41.875174358,-87.67356672,POINT (-87.673566720064 41.87517435823)
JB512881,Y,11/05/2018 10:00:00 AM,30,NO CONTROLS,NO CONTROLS,CLEAR,DAYLIGHT,PARKED MOTOR VEHICLE,ONE-WAY,1,STRAIGHT AND LEVEL,DRY,NO DEFECTS,ON SCENE,NO INJURY / DRIVE AWAY,,,Y,"$501 - $1,500",11/12/2018 10:40:00 AM,UNABLE TO DETERMINE,UNABLE TO DETERMINE,1350,W,ANCONA ST,1215,,,,,,,2,NO INDICATION OF INJURY,0,0,0,0,0,1,0,10,2,11,41.894006259,-87.661566094,POINT (-87.661566093917 41.894006259255)
JB504217,,11/05/2018 10:00:00 AM,35,NO CONTROLS,NO CONTROLS,CLEAR,DAYLIGHT,PARKED MOTOR VEHICLE,NOT DIVIDED,2,STRAIGHT AND LEVEL,DRY,NO DEFECTS,NOT ON SCENE (DESK REPORT),NO INJURY / DRIVE AWAY,,,,"OVER $1,500",11/05/2018 11:05:00 AM,UNABLE TO DETERMINE,NOT APPLICABLE,5126,W,AINSLIE ST,1623,,,,,,,2,NO INDICATION OF INJURY,0,0,0,0,0,1,0,10,2,11,41.969860476,-87.75619374,POINT (-87.756193740252 41.969860476427)
JB504148,,11/05/2018 10:00:00 AM,35,LANE USE MARKING,FUNCTIONING PROPERLY,CLEAR,DAYLIGHT,SIDESWIPE SAME DIRECTION,DIVIDED - W/MEDIAN BARRIER,4,STRAIGHT AND LEVEL,DRY,NO DEFECTS,ON SCENE,NO INJURY / DRIVE AWAY,,,,"OVER $1,500",11/05/2018 10:01:00 AM,IMPROPER LANE USAGE,IMPROPER TURNING/NO SIGNAL,498,S,ASHLAND AVE,1231,,,,,,,2,NO INDICATION OF INJURY,0,0,0,0,0,3,0,10,2,11,41.875190141,-87.666773734,POINT (-87.666773733757 41.875190140846)
JB504129,,11/05/2018 09:59:00 AM,30,NO CONTROLS,NO CONTROLS,CLEAR,DAYLIGHT,SIDESWIPE SAME DIRECTION,NOT DIVIDED,4,STRAIGHT AND LEVEL,DRY,NO DEFECTS,ON SCENE,NO INJURY / DRIVE AWAY,,,,"OVER $1,500",11/05/2018 09:59:00 AM,UNABLE TO DETERMINE,NOT APPLICABLE,498,N,CICERO AVE,1532,,,,,,,2,NO INDICATION OF INJURY,0,0,0,0,0,2,0,9,2,11,41.889522044,-87.745761282,POINT (-87.745761281943 41.889522044441)
JB504120,,11/05/2018 09:55:00 AM,30,NO CONTROLS,NO CONTROLS,CLEAR,DAYLIGHT,TURNING,NOT DIVIDED,2,STRAIGHT AND LEVEL,DRY,NO DEFECTS,NOT ON SCENE (DESK REPORT),NO INJURY / DRIVE AWAY,,,,"OVER $1,500",11/05/2018 10:15:00 AM,FAILING TO YIELD RIGHT-OF-WAY,NOT APPLICABLE,5535,W,LAWRENCE AVE,1623,,,,,,,2,NO INDICATION OF INJURY,0,0,0,0,0,2,0,9,2,11,41.967685232,-87.766472566,POINT (-87.766472565568 41.967685231936)
JB504119,,11/05/2018 09:55:00 AM,30,STOP SIGN/FLASHER,FUNCTIONING PROPERLY,CLOUDY/OVERCAST,DAYLIGHT,ANGLE,DIVIDED - W/MEDIAN BARRIER,,STRAIGHT AND LEVEL,WET,NO DEFECTS,ON SCENE,INJURY AND / OR TOW DUE TO CRASH,Y,,,"OVER $1,500",11/05/2018 10:15:00 AM,FAILING TO YIELD RIGHT-OF-WAY,NOT APPLICABLE,9129,S,DR MARTIN LUTHER KING JR DR,633,,,,,,,2,NO INDICATION OF INJURY,0,0,0,0,0,5,0,9,2,11,41.728332288,-87.614167409,POINT (-87.614167408937 41.728332287609)
JB504121,,11/05/2018 09:54:00 AM,30,NO CONTROLS,NO CONTROLS,CLEAR,DAYLIGHT,SIDESWIPE SAME DIRECTION,NOT DIVIDED,,STRAIGHT AND LEVEL,DRY,NO DEFECTS,ON SCENE,NO INJURY / DRIVE AWAY,,,,"OVER $1,500",11/05/2018 10:00:00 AM,FOLLOWING TOO CLOSELY,NOT APPLICABLE,4650,W,MADISON ST,1113,,,,,,,2,NO INDICATION OF INJURY,0,0,0,0,0,2,0,9,2,11,41.880643788,-87.742171927,POINT (-87.742171926643 41.880643788046)
JB505419,,11/05/2018 09:30:00 AM,35,NO CONTROLS,NO CONTROLS,CLEAR,DAYLIGHT,SIDESWIPE SAME DIRECTION,ONE-WAY,,STRAIGHT AND LEVEL,DRY,NO DEFECTS,NOT ON SCENE (DESK REPORT),NO INJURY / DRIVE AWAY,,,,"OVER $1,500",11/06/2018 08:30:00 AM,EXCEEDING SAFE SPEED FOR CONDITIONS,FAILING TO REDUCE SPEED TO AVOID CRASH,2100,W,DIVISION ST,1424,,,,,,,2,NO INDICATION OF INJURY,0,0,0,0,0,2,0,9,2,11,41.903254515,-87.679825045,POINT (-87.679825045347 41.903254515018)
JB504126,,11/05/2018 09:30:00 AM,30,NO CONTROLS,NO CONTROLS,RAIN,DAYLIGHT,SIDESWIPE SAME DIRECTION,NOT DIVIDED,,STRAIGHT AND LEVEL,WET,NO DEFECTS,ON SCENE,INJURY AND / OR TOW DUE TO CRASH,,,,"OVER $1,500",11/05/2018 09:30:00 AM,UNABLE TO DETERMINE,UNABLE TO DETERMINE,2343,W,IOWA ST,1212,,,,,,,2,NO INDICATION OF INJURY,0,0,0,0,0,2,0,9,2,11,41.897464477,-87.686155071,POINT (-87.686155071132 41.897464476524)
JB504083,,11/05/2018 09:30:00 AM,30,TRAFFIC SIGNAL,FUNCTIONING PROPERLY,CLEAR,DAYLIGHT,REAR END,NOT DIVIDED,,STRAIGHT AND LEVEL,DRY,NO DEFECTS,NOT ON SCENE (DESK REPORT),NO INJURY / DRIVE AWAY,,,Y,"OVER $1,500",11/05/2018 09:45:00 AM,FOLLOWING TOO CLOSELY,UNABLE TO DETERMINE,3049,S,KEDZIE AVE,1033,,,,,,,3,NO INDICATION OF INJURY,0,0,0,0,0,3,0,9,2,11,41.837609549,-87.704686374,POINT (-87.704686374089 41.837609548972)
JB504100,,11/05/2018 09:17:00 AM,30,TRAFFIC SIGNAL,FUNCTIONING PROPERLY,CLEAR,DAYLIGHT,ANGLE,DIVIDED - W/MEDIAN (NOT RAISED),4,STRAIGHT AND LEVEL,DRY,NO DEFECTS,ON SCENE,INJURY AND / OR TOW DUE TO CRASH,,,,"OVER $1,500",11/05/2018 09:32:00 AM,FAILING TO YIELD RIGHT-OF-WAY,UNABLE TO DETERMINE,5145,W,LAWRENCE AVE,1623,,,,,,,2,NO INDICATION OF INJURY,0,0,0,0,0,2,0,9,2,11,41.967808657,-87.756544841,POINT (-87.75654484052 41.967808657028)
JB507034,Y,11/05/2018 09:15:00 AM,20,NO CONTROLS,NO CONTROLS,CLEAR,DAYLIGHT,PARKED MOTOR VEHICLE,ALLEY,,STRAIGHT AND LEVEL,DRY,NO DEFECTS,NOT ON SCENE (DESK REPORT),NO INJURY / DRIVE AWAY,,,Y,"$501 - $1,500",11/07/2018 12:00:00 PM,IMPROPER OVERTAKING/PASSING,UNABLE TO DETERMINE,5719,S,INDIANA AVE,232,,,,,,,2,NO INDICATION OF INJURY,0,0,0,0,0,1,0,9,2,11,41.790493899,-87.620592936,POINT (-87.620592935605 41.790493899207)
JB504076,,11/05/2018 09:15:00 AM,30,TRAFFIC SIGNAL,FUNCTIONING PROPERLY,CLOUDY/OVERCAST,DAYLIGHT,REAR END,DIVIDED - W/MEDIAN (NOT RAISED),2,STRAIGHT AND LEVEL,UNKNOWN,NO DEFECTS,NOT ON SCENE (DESK REPORT),NO INJURY / DRIVE AWAY,,,,"OVER $1,500",11/05/2018 09:31:00 AM,UNABLE TO DETERMINE,UNABLE TO DETERMINE,4740,W,ARMITAGE AVE,2522,,,,,,,2,NO INDICATION OF INJURY,0,0,0,0,0,2,0,9,2,11,41.917050973,-87.745317727,POINT (-87.745317727471 41.91705097308)
JB504051,,11/05/2018 09:13:00 AM,30,STOP SIGN/FLASHER,FUNCTIONING PROPERLY,CLEAR,DAYLIGHT,ANGLE,NOT DIVIDED,2,STRAIGHT AND LEVEL,DRY,NO DEFECTS,ON SCENE,NO INJURY / DRIVE AWAY,Y,,Y,$500 OR LESS,11/05/2018 09:29:00 AM,UNABLE TO DETERMINE,UNABLE TO DETERMINE,4517,W,BELMONT AVE,2521,,,,,,,2,NO INDICATION OF INJURY,0,0,0,0,0,2,0,9,2,11,41.938809673,-87.740177424,POINT (-87.740177423559 41.938809673119)
JB505128,,11/05/2018 09:10:00 AM,30,STOP SIGN/FLASHER,FUNCTIONING PROPERLY,RAIN,"DARKNESS, LIGHTED ROAD",REAR END,NOT DIVIDED,2,STRAIGHT AND LEVEL,WET,UNKNOWN,NOT ON SCENE (DESK REPORT),NO INJURY / DRIVE AWAY,,,,$500 OR LESS,11/05/2018 10:12:00 AM,FOLLOWING TOO CLOSELY,UNABLE TO DETERMINE,1300,S,BLUE ISLAND AVE,1232,N,,,,,,2,NO INDICATION OF INJURY,0,0,0,0,0,2,0,9,2,11,41.865509943,-87.654808711,POINT (-87.654808710583 41.86550994283)
JB504901,,11/05/2018 09:00:00 AM,30,STOP SIGN/FLASHER,FUNCTIONING PROPERLY,CLEAR,DAYLIGHT,ANGLE,DIVIDED - W/MEDIAN (NOT RAISED),2,STRAIGHT AND LEVEL,DRY,NO DEFECTS,NOT ON SCENE (DESK REPORT),NO INJURY / DRIVE AWAY,Y,,Y,"$501 - $1,500",11/05/2018 06:46:00 PM,DISREGARDING STOP SIGN,DRIVING SKILLS/KNOWLEDGE/EXPERIENCE,6200,S,LAWNDALE AVE,823,,,,,,,2,NO INDICATION OF INJURY,0,0,0,0,0,3,0,9,2,11,41.780545684,-87.715596654,POINT (-87.715596653797 41.780545684201)