RD_NO,CRASH_DATE_EST_I,CRASH_DATE,POSTED_SPEED_LIMIT,TRAFFIC_CONTROL_DEVICE,DEVICE_CONDITION,WEATHER_CONDITION,LIGHTING_CONDITION,FIRST_CRASH_TYPE,TRAFFICWAY_TYPE,LANE_CNT,ALIGNMENT,ROADWAY_SURFACE_COND,ROAD_DEFECT,REPORT_TYPE,CRASH_TYPE,INTERSECTION_RELATED_I,NOT_RIGHT_OF_WAY_I,HIT_AND_RUN_I,DAMAGE,DATE_POLICE_NOTIFIED,PRIM_CONTRIBUTORY_CAUSE,SEC_CONTRIBUTORY_CAUSE,STREET_NO,STREET_DIRECTION,STREET_NAME,BEAT_OF_OCCURRENCE,PHOTOS_TAKEN_I,STATEMENTS_TAKEN_I,DOORING_I,WORK_ZONE_I,WORK_ZONE_TYPE,WORKERS_PRESENT_I,NUM_UNITS,MOST_SEVERE_INJURY,INJURIES_TOTAL,INJURIES_FATAL,INJURIES_INCAPACITATING,INJURIES_NON_INCAPACITATING,INJURIES_REPORTED_NOT_EVIDENT,INJURIES_NO_INDICATION,INJURIES_UNKNOWN,CRASH_HOUR,CRASH_DAY_OF_WEEK,CRASH_MONTH,LATITUDE,LONGITUDE,LOCATION
JB503836,,11/05/2018 01:50:00 AM,30,STOP SIGN/FLASHER,NO CONTROLS,RAIN,"DARKNESS, LIGHTED ROAD",ANGLE,NOT DIVIDED,2,STRAIGHT AND LEVEL,WET,NO DEFECTS,ON SCENE,NO INJURY / DRIVE AWAY,Y,,Y,"$501 - $1,500",11/05/2018 01:56:00 AM,FAILING TO YIELD RIGHT-OF-WAY,DISREGARDING STOP SIGN,200,E,76TH ST,623,,,,,,,2,NO INDICATION OF INJURY,0,0,0,0,0,3,0,1,2,11,41.756609309,-87.619811204,POINT (-87.619811203834 41.756609309098)
JB504582,,11/05/2018 01:40:00 AM,30,TRAFFIC SIGNAL,FUNCTIONING PROPERLY,RAIN,"DARKNESS, LIGHTED ROAD",REAR END,DIVIDED - W/MEDIAN BARRIER,,STRAIGHT AND LEVEL,DRY,NO DEFECTS,NOT ON SCENE (DESK REPORT),NO INJURY / DRIVE AWAY,,,Y,$500 OR LESS,11/05/2018 03:20:00 PM,FAILING TO REDUCE SPEED TO AVOID CRASH,UNABLE TO DETERMINE,9930,S,HALSTED ST,2232,,,,,,,3,NO INDICATION OF INJURY,0,0,0,0,0,4,0,1,2,11,41.713263058,-87.64312147,POINT (-87.643121470493 41.713263057747)
JB507335,,11/05/2018 01:30:00 AM,20,NO CONTROLS,NO CONTROLS,RAIN,"DARKNESS, LIGHTED ROAD",PARKED MOTOR VEHICLE,NOT DIVIDED,1,STRAIGHT AND LEVEL,DRY,NO DEFECTS,NOT ON SCENE (DESK REPORT),NO INJURY / DRIVE AWAY,,,,"$501 - $1,500",11/07/2018 03:35:00 PM,UNABLE TO DETERMINE,UNABLE TO DETERMINE,10407,S,MORGAN ST,2232,,,,,,,2,NO INDICATION OF INJURY,0,0,0,0,0,1,0,1,2,11,41.704834595,-87.647488479,POINT (-87.647488478635 41.704834595211)
JB503819,,11/05/2018 01:15:00 AM,35,NO CONTROLS,NO CONTROLS,RAIN,"DARKNESS, LIGHTED ROAD",FIXED OBJECT,DIVIDED - W/MEDIAN (NOT RAISED),,"CURVE, LEVEL",WET,NO DEFECTS,ON SCENE,INJURY AND / OR TOW DUE TO CRASH,,,,"OVER $1,500",11/05/2018 01:20:00 AM,EXCEEDING SAFE SPEED FOR CONDITIONS,FAILING TO REDUCE SPEED TO AVOID CRASH,1000,N,LAKE SHORE DR NB,1824,,,,,,,1,NO INDICATION OF INJURY,0,0,0,0,0,1,0,1,2,11,41.901002863,-87.619779806,POINT (-87.619779806193 41.901002863094)
JB503821,,11/05/2018 01:05:00 AM,30,STOP SIGN/FLASHER,OTHER,RAIN,"DARKNESS, LIGHTED ROAD",REAR END,DIVIDED - W/MEDIAN (NOT RAISED),2,STRAIGHT AND LEVEL,WET,UNKNOWN,NOT ON SCENE (DESK REPORT),NO INJURY / DRIVE AWAY,,,,"OVER $1,500",11/05/2018 01:40:00 AM,DRIVING SKILLS/KNOWLEDGE/EXPERIENCE,DRIVING SKILLS/KNOWLEDGE/EXPERIENCE,332,S,LARAMIE AVE,1522,,,,,,,2,NO INDICATION OF INJURY,0,0,0,0,0,2,0,1,2,11,41.875795718,-87.75504255,POINT (-87.755042549612 41.875795717752)
JB504092,,11/05/2018 01:00:00 AM,30,TRAFFIC SIGNAL,FUNCTIONING PROPERLY,RAIN,"DARKNESS, LIGHTED ROAD",HEAD ON,NOT DIVIDED,2,STRAIGHT AND LEVEL,WET,NO DEFECTS,NOT ON SCENE (DESK REPORT),NO INJURY / DRIVE AWAY,,,Y,"OVER $1,500",11/05/2018 09:54:00 AM,"OPERATING VEHICLE IN ERRATIC, RECKLESS, CARELESS, NEGLIGENT OR AGGRESSIVE MANNER","OPERATING VEHICLE IN ERRATIC, RECKLESS, CARELESS, NEGLIGENT OR AGGRESSIVE MANNER",7100,S,NORMAL BLVD,732,,,,,,,3,NO INDICATION OF INJURY,0,0,0,0,0,3,0,1,2,11,41.76521542,-87.637255378,POINT (-87.637255378312 41.765215420146)
JB504023,Y,11/05/2018 12:30:00 AM,30,NO CONTROLS,NO CONTROLS,RAIN,DARKNESS,PARKED MOTOR VEHICLE,NOT DIVIDED,2,STRAIGHT AND LEVEL,WET,NO DEFECTS,ON SCENE,NO INJURY / DRIVE AWAY,,,Y,$500 OR LESS,11/05/2018 08:41:00 AM,UNABLE TO DETERMINE,NOT APPLICABLE,6212,W,IRVING PARK RD,1624,,,,,,,2,NO INDICATION OF INJURY,0,0,0,0,0,1,0,0,2,11,41.953082561,-87.782234843,POINT (-87.782234843119 41.953082560808)
JB505360,,11/05/2018 12:20:00 AM,25,LANE USE MARKING,FUNCTIONING PROPERLY,RAIN,"DARKNESS, LIGHTED ROAD",TURNING,DIVIDED - W/MEDIAN (NOT RAISED),2,STRAIGHT AND LEVEL,SNOW OR SLUSH,NO DEFECTS,NOT ON SCENE (DESK REPORT),NO INJURY / DRIVE AWAY,,,Y,$500 OR LESS,11/06/2018 07:10:00 AM,IMPROPER TURNING/NO SIGNAL,NOT APPLICABLE,517,W,POLK ST,124,,,,,,,2,NO INDICATION OF INJURY,0,0,0,0,0,2,0,0,2,11,41.871908407,-87.640157652,POINT (-87.640157651721 41.871908406611)
JB503809,,11/05/2018 12:13:00 AM,20,NO CONTROLS,NO CONTROLS,RAIN,"DARKNESS, LIGHTED ROAD",PARKED MOTOR VEHICLE,UNKNOWN,,STRAIGHT AND LEVEL,WET,NO DEFECTS,ON SCENE,INJURY AND / OR TOW DUE TO CRASH,,,Y,"OVER $1,500",11/05/2018 12:14:00 AM,NOT APPLICABLE,NOT APPLICABLE,306,W,113TH ST,522,,,,,,,3,NO INDICATION OF INJURY,0,0,0,0,0,2,0,0,2,11,41.68897507,-87.630442524,POINT (-87.630442524388 41.68897506992)
JB503785,,11/05/2018 12:02:00 AM,30,STOP SIGN/FLASHER,NO CONTROLS,RAIN,DARKNESS,ANGLE,NOT DIVIDED,,STRAIGHT AND LEVEL,WET,NO DEFECTS,ON SCENE,INJURY AND / OR TOW DUE TO CRASH,Y,,,"$501 - $1,500",11/05/2018 12:02:00 AM,DISREGARDING STOP SIGN,NOT APPLICABLE,8300,S,HERMITAGE AVE,614,,,,,,,2,NO INDICATION OF INJURY,0,0,0,0,0,2,0,0,2,11,41.742929694,-87.667041809,POINT (-87.667041808685 41.742929694126)
JB504626,Y,11/05/2018 12:01:00 AM,30,UNKNOWN,UNKNOWN,UNKNOWN,UNKNOWN,PARKED MOTOR VEHICLE,NOT DIVIDED,2,STRAIGHT AND LEVEL,UNKNOWN,UNKNOWN,NOT ON SCENE (DESK REPORT),NO INJURY / DRIVE AWAY,,,Y,"OVER $1,500",11/05/2018 03:46:00 PM,UNABLE TO DETERMINE,UNABLE TO DETERMINE,413,W,100TH PL,2232,,,,,,,2,NO INDICATION OF INJURY,0,0,0,0,0,1,0,0,2,11,41.711482667,-87.634264604,POINT (-87.634264603709 41.711482666783)
JB504471,Y,11/05/2018 12:01:00 AM,30,UNKNOWN,UNKNOWN,UNKNOWN,UNKNOWN,PARKED MOTOR VEHICLE,UNKNOWN,,STRAIGHT AND LEVEL,UNKNOWN,UNKNOWN,NOT ON SCENE (DESK REPORT),NO INJURY / DRIVE AWAY,,,Y,"OVER $1,500",11/05/2018 02:00:00 PM,UNABLE TO DETERMINE,UNABLE TO DETERMINE,8801,S,MORGAN ST,2222,,,,,,,2,NO INDICATION OF INJURY,0,0,0,0,0,1,0,0,2,11,41.734094634,-87.648296059,POINT (-87.648296058843 41.734094633662)
JB503786,Y,11/04/2018 11:59:00 PM,20,STOP SIGN/FLASHER,FUNCTIONING PROPERLY,RAIN,DARKNESS,PARKED MOTOR VEHICLE,ONE-WAY,1,STRAIGHT AND LEVEL,WET,NO DEFECTS,ON SCENE,INJURY AND / OR TOW DUE TO CRASH,,,Y,"OVER $1,500",11/05/2018 12:08:00 AM,NOT APPLICABLE,NOT APPLICABLE,7036,N,OAKLEY AVE,2411,,,,,,,3,NO INDICATION OF INJURY,0,0,0,0,0,1,0,23,1,11,42.009849171,-87.688266069,POINT (-87.688266068633 42.009849171171)
JB503797,,11/04/2018 11:55:00 PM,30,TRAFFIC SIGNAL,FUNCTIONING PROPERLY,RAIN,DARKNESS,REAR END,DIVIDED - W/MEDIAN (NOT RAISED),2,STRAIGHT AND LEVEL,WET,NO DEFECTS,NOT ON SCENE (DESK REPORT),NO INJURY / DRIVE AWAY,Y,,,"OVER $1,500",11/05/2018 12:45:00 AM,EXCEEDING SAFE SPEED FOR CONDITIONS,NOT APPLICABLE,4358,W,OGDEN AVE,1013,,,,,,,2,NO INDICATION OF INJURY,0,0,0,0,0,2,0,23,1,11,41.848173517,-87.733322091,POINT (-87.733322090515 41.848173517097)
JB504039,,11/04/2018 11:45:00 PM,30,STOP SIGN/FLASHER,FUNCTIONING PROPERLY,RAIN,"DARKNESS, LIGHTED ROAD",PEDESTRIAN,ONE-WAY,1,STRAIGHT AND LEVEL,WET,NO DEFECTS,NOT ON SCENE (DESK REPORT),INJURY AND / OR TOW DUE TO CRASH,Y,,Y,$500 OR LESS,11/05/2018 09:00:00 AM,UNABLE TO DETERMINE,UNABLE TO DETERMINE,6600,S,ROCKWELL ST,831,,,,,,,2,"REPORTED, NOT EVIDENT",1,0,0,0,1,1,0,23,1,11,41.773615346,-87.688522018,POINT (-87.688522018248 41.773615346256)
JB503771,,11/04/2018 11:45:00 PM,30,NO CONTROLS,UNKNOWN,RAIN,"DARKNESS, LIGHTED ROAD",REAR END,DIVIDED - W/MEDIAN BARRIER,4,STRAIGHT AND LEVEL,WET,UNKNOWN,ON SCENE,INJURY AND / OR TOW DUE TO CRASH,,,,"OVER $1,500",11/04/2018 11:45:00 PM,UNABLE TO DETERMINE,UNABLE TO DETERMINE,4242,S,CICERO AVE,814,,,,,,,2,NO INDICATION OF INJURY,0,0,0,0,0,2,0,23,1,11,41.815459313,-87.74350704,POINT (-87.743507040146 41.815459313068)
JB504073,Y,11/04/2018 11:35:00 PM,35,NO CONTROLS,UNKNOWN,UNKNOWN,UNKNOWN,PARKED MOTOR VEHICLE,OTHER,,STRAIGHT AND LEVEL,UNKNOWN,NO DEFECTS,NOT ON SCENE (DESK REPORT),NO INJURY / DRIVE AWAY,,,Y,"OVER $1,500",11/05/2018 09:30:00 AM,UNABLE TO DETERMINE,NOT APPLICABLE,4832,S,JUSTINE ST,933,,,,,,,2,NO INDICATION OF INJURY,0,0,0,0,0,1,0,23,1,11,41.805801451,-87.663822901,POINT (-87.663822900905 41.805801451377)
JB503779,,11/04/2018 11:26:00 PM,30,NO CONTROLS,NO CONTROLS,RAIN,"DARKNESS, LIGHTED ROAD",REAR END,DIVIDED - W/MEDIAN BARRIER,3,STRAIGHT AND LEVEL,WET,NO DEFECTS,ON SCENE,INJURY AND / OR TOW DUE TO CRASH,,,,"OVER $1,500",11/04/2018 11:30:00 PM,FAILING TO YIELD RIGHT-OF-WAY,DRIVING SKILLS/KNOWLEDGE/EXPERIENCE,3099,S,LAKE SHORE DR NB,133,,,,,,,2,NO INDICATION OF INJURY,0,0,0,0,0,3,0,23,1,11,41.83867473,-87.608234515,POINT (-87.608234515448 41.838674729615)
JB503775,,11/04/2018 11:15:00 PM,30,NO CONTROLS,NO CONTROLS,RAIN,"DARKNESS, LIGHTED ROAD",PARKED MOTOR VEHICLE,NOT DIVIDED,1,STRAIGHT AND LEVEL,WET,NO DEFECTS,ON SCENE,INJURY AND / OR TOW DUE TO CRASH,,,Y,"OVER $1,500",11/04/2018 11:45:00 PM,UNABLE TO DETERMINE,UNABLE TO DETERMINE,1810,W,16TH ST,1234,,,,,,,2,NO INDICATION OF INJURY,0,0,0,0,0,1,0,23,1,11,41.859640648,-87.67163296,POINT (-87.671632959734 41.859640648391)
JB503763,,11/04/2018 11:00:00 PM,25,NO CONTROLS,NO CONTROLS,RAIN,"DARKNESS, LIGHTED ROAD",SIDESWIPE SAME DIRECTION,DIVIDED - W/MEDIAN BARRIER,4,"CURVE, LEVEL",WET,NO DEFECTS,ON SCENE,NO INJURY / DRIVE AWAY,,,,"OVER $1,500",11/04/2018 11:10:00 PM,WEATHER,WEATHER,1000,N,LAKE SHORE DR SB,1824,,,,,,,2,NO INDICATION OF INJURY,0,0,0,0,0,2,0,23,1,11,41.900958919,-87.619928174,POINT (-87.619928173678 41.900958919109)
JB503759,,11/04/2018 11:00:00 PM,25,NO CONTROLS,NO CONTROLS,RAIN,"DARKNESS, LIGHTED ROAD",SIDESWIPE SAME DIRECTION,DIVIDED - W/MEDIAN BARRIER,4,"CURVE, LEVEL",WET,NO DEFECTS,ON SCENE,NO INJURY / DRIVE AWAY,,,Y,"OVER $1,500",11/04/2018 11:10:00 PM,UNABLE TO DETERMINE,UNABLE TO DETERMINE,1000,N,LAKE SHORE DR SB,1824,,,,,,,2,NO INDICATION OF INJURY,0,0,0,0,0,2,0,23,1,11,41.900958919,-87.619928174,POINT (-87.619928173678 41.900958919109)
JB503751,,11/04/2018 11:00:00 PM,25,NO CONTROLS,NO CONTROLS,RAIN,"DARKNESS, LIGHTED ROAD",OTHER OBJECT,DIVIDED - W/MEDIAN BARRIER,4,"CURVE, LEVEL",WET,NO DEFECTS,ON SCENE,NO INJURY / DRIVE AWAY,,,,"OVER $1,500",11/04/2018 11:10:00 PM,WEATHER,WEATHER,1000,N,LAKE SHORE DR SB,1824,,,,,,,1,NO INDICATION OF INJURY,0,0,0,0,0,1,0,23,1,11,41.900958919,-87.619928174,POINT (-87.619928173678 41.900958919109)
JB503769,,11/04/2018 10:55:00 PM,25,NO CONTROLS,NO CONTROLS,RAIN,"DARKNESS, LIGHTED ROAD",SIDESWIPE SAME DIRECTION,NOT DIVIDED,,STRAIGHT AND LEVEL,WET,NO DEFECTS,ON SCENE,INJURY AND / OR TOW DUE TO CRASH,,,,"$501 - $1,500",11/04/2018 11:15:00 PM,UNABLE TO DETERMINE,UNABLE TO DETERMINE,5709,N,RIDGE AVE,2013,,,,,,,2,NO INDICATION OF INJURY,0,0,0,0,0,2,0,22,1,11,41.985925878,-87.663595514,POINT (-87.663595514362 41.985925877977)
JB503755,,11/04/2018 10:44:00 PM,30,TRAFFIC SIGNAL,FUNCTIONING PROPERLY,RAIN,"DARKNESS, LIGHTED ROAD",REAR END,DIVIDED - W/MEDIAN BARRIER,6,STRAIGHT AND LEVEL,WET,UNKNOWN,ON SCENE,INJURY AND / OR TOW DUE TO CRASH,,,,"OVER $1,500",11/04/2018 10:45:00 PM,FAILING TO REDUCE SPEED TO AVOID CRASH,UNDER THE INFLUENCE OF ALCOHOL/DRUGS (USE WHEN ARREST IS EFFECTED),801,W,GARFIELD BLVD,712,,,,,,,2,NO INDICATION OF INJURY,0,0,0,0,0,5,0,22,1,11,41.793833474,-87.645207275,POINT (-87.645207274947 41.793833474309)
JB503739,,11/04/2018 10:34:00 PM,40,NO CONTROLS,NO CONTROLS,RAIN,"DARKNESS, LIGHTED ROAD",FIXED OBJECT,DIVIDED - W/MEDIAN BARRIER,3,"CURVE, LEVEL",WET,NO DEFECTS,ON SCENE,INJURY AND / OR TOW DUE TO CRASH,,,,"OVER $1,500",11/04/2018 10:37:00 PM,UNABLE TO DETERMINE,UNABLE TO DETERMINE,900,N,LAKE SHORE DR SB,1833,,Y,,,,,1,NO INDICATION OF INJURY,0,0,0,0,0,1,0,22,1,11,41.899322279,-87.618738433,POINT (-87.618738433114 41.899322278833)
JB507369,,11/04/2018 10:30:00 PM,30,TRAFFIC SIGNAL,FUNCTIONING PROPERLY,RAIN,"DARKNESS, LIGHTED ROAD",OTHER OBJECT,DIVIDED - W/MEDIAN (NOT RAISED),,STRAIGHT AND LEVEL,WET,"RUT, HOLES",NOT ON SCENE (DESK REPORT),NO INJURY / DRIVE AWAY,,,,$500 OR LESS,11/07/2018 04:05:00 PM,ROAD ENGINEERING/SURFACE/MARKING DEFECTS,WEATHER,1300,E,79TH ST,411,,,,,,,1,NO INDICATION OF INJURY,0,0,0,0,0,1,0,22,1,11,41.751524659,-87.592994124,POINT (-87.592994124211 41.751524658593)
JB503725,,11/04/2018 10:25:00 PM,30,TRAFFIC SIGNAL,FUNCTIONING PROPERLY,CLEAR,"DARKNESS, LIGHTED ROAD",REAR END,NOT DIVIDED,4,STRAIGHT AND LEVEL,WET,NO DEFECTS,ON SCENE,NO INJURY / DRIVE AWAY,Y,,,$500 OR LESS,11/04/2018 10:26:00 PM,FAILING TO REDUCE SPEED TO AVOID CRASH,DRIVING SKILLS/KNOWLEDGE/EXPERIENCE,301,S,CICERO AVE,1131,,,,,,,2,NO INDICATION OF INJURY,0,0,0,0,0,2,0,22,1,11,41.876764729,-87.744997971,POINT (-87.744997971441 41.876764729315)
JB503733,,11/04/2018 10:16:00 PM,45,NO CONTROLS,NO CONTROLS,RAIN,"DARKNESS, LIGHTED ROAD",FIXED OBJECT,ONE-WAY,3,STRAIGHT AND LEVEL,WET,NO DEFECTS,ON SCENE,INJURY AND / OR TOW DUE TO CRASH,,,,"OVER $1,500",11/04/2018 10:18:00 PM,WEATHER,WEATHER,3800,N,LAKE SHORE DR NB,1925,,,,,,,1,NO INDICATION OF INJURY,0,0,0,0,0,1,0,22,1,11,41.952398681,-87.64473284,POINT (-87.644732840259 41.95239868088)
JB503722,,11/04/2018 10:10:00 PM,30,TRAFFIC SIGNAL,FUNCTIONING PROPERLY,RAIN,"DARKNESS, LIGHTED ROAD",REAR END,ONE-WAY,3,STRAIGHT AND LEVEL,WET,NO DEFECTS,ON SCENE,NO INJURY / DRIVE AWAY,Y,,Y,"$501 - $1,500",11/04/2018 10:25:00 PM,FOLLOWING TOO CLOSELY,NOT APPLICABLE,6600,S,CORNELL DR,331,,N,,,,,2,NO INDICATION OF INJURY,0,0,0,0,0,3,0,22,1,11,41.775157909,-87.585044709,POINT (-87.58504470943 41.77515790913)
JB503695,,11/04/2018 09:55:00 PM,30,NO CONTROLS,NO CONTROLS,RAIN,"DARKNESS, LIGHTED ROAD",PARKED MOTOR VEHICLE,NOT DIVIDED,2,STRAIGHT AND LEVEL,WET,NO DEFECTS,NOT ON SCENE (DESK REPORT),NO INJURY / DRIVE AWAY,,,,"OVER $1,500",11/04/2018 10:05:00 PM,UNABLE TO DETERMINE,UNABLE TO DETERMINE,5959,S,KEDZIE AVE,824,,,,,,,2,NO INDICATION OF INJURY,0,0,0,0,0,1,0,21,1,11,41.784574627,-87.703154475,POINT (-87.70315447536 41.78457462674)
JB503691,,11/04/2018 09:50:00 PM,30,TRAFFIC SIGNAL,FUNCTIONING PROPERLY,RAIN,"DARKNESS, LIGHTED ROAD",FIXED OBJECT,NOT DIVIDED,,STRAIGHT AND LEVEL,WET,OTHER,ON SCENE,INJURY AND / OR TOW DUE TO CRASH,N,,,"OVER $1,500",11/04/2018 09:51:00 PM,WEATHER,NOT APPLICABLE,7748,W,DEVON AVE,1612,,,,,,,1,NO INDICATION OF INJURY,0,0,0,0,0,1,0,21,1,11,41.996977223,-87.820919604,POINT (-87.820919604459 41.996977222784)
JB503688,,11/04/2018 09:36:00 PM,30,TRAFFIC SIGNAL,FUNCTIONING PROPERLY,RAIN,"DARKNESS, LIGHTED ROAD",REAR END,DIVIDED - W/MEDIAN (NOT RAISED),4,STRAIGHT AND LEVEL,WET,NO DEFECTS,ON SCENE,NO INJURY / DRIVE AWAY,Y,,,"OVER $1,500",11/04/2018 09:37:00 PM,FOLLOWING TOO CLOSELY,UNABLE TO DETERMINE,6402,N,CLARK ST,2432,,,,,,,2,NO INDICATION OF INJURY,0,0,0,0,0,2,0,21,1,11,41.998144212,-87.670767653,POINT (-87.670767653381 41.998144211867)
JB503690,,11/04/2018 09:35:00 PM,30,NO CONTROLS,NO CONTROLS,RAIN,"DARKNESS, LIGHTED ROAD",TURNING,ONE-WAY,2,STRAIGHT AND LEVEL,WET,NO DEFECTS,ON SCENE,NO INJURY / DRIVE AWAY,,,,"OVER $1,500",11/04/2018 09:38:00 PM,IMPROPER TURNING/NO SIGNAL,IMPROPER OVERTAKING/PASSING,3806,W,CONGRESS PKWY,1133,,,,,,,2,NO INDICATION OF INJURY,0,0,0,0,0,2,0,21,1,11,41.874550246,-87.720795673,POINT (-87.720795672717 41.874550245892)
JB504044,,11/04/2018 09:30:00 PM,40,TRAFFIC SIGNAL,FUNCTIONING PROPERLY,RAIN,"DARKNESS, LIGHTED ROAD",SIDESWIPE SAME DIRECTION,DIVIDED - W/MEDIAN BARRIER,6,STRAIGHT AND LEVEL,WET,NO DEFECTS,NOT ON SCENE (DESK REPORT),NO INJURY / DRIVE AWAY,,,,"OVER $1,500",11/05/2018 09:15:00 AM,UNABLE TO DETERMINE,UNABLE TO DETERMINE,850,N,LAKE SHORE DR SB,1833,,,,,,,2,NO INDICATION OF INJURY,0,0,0,0,0,2,0,21,1,11,41.898104176,-87.617893536,POINT (-87.617893535871 41.89810417586)
JB503703,,11/04/2018 09:25:00 PM,30,TRAFFIC SIGNAL,FUNCTIONING PROPERLY,RAIN,"DARKNESS, LIGHTED ROAD",REAR END,DIVIDED - W/MEDIAN BARRIER,4,STRAIGHT AND LEVEL,WET,NO DEFECTS,ON SCENE,NO INJURY / DRIVE AWAY,Y,,Y,$500 OR LESS,11/04/2018 09:40:00 PM,FOLLOWING TOO CLOSELY,FAILING TO REDUCE SPEED TO AVOID CRASH,2198,S,MICHIGAN AVE,131,,,,,,,2,NO INDICATION OF INJURY,0,0,0,0,0,2,0,21,1,11,41.852932179,-87.623960624,POINT (-87.623960623761 41.852932178872)
JB503680,,11/04/2018 09:23:00 PM,30,NO CONTROLS,NO CONTROLS,RAIN,DARKNESS,PARKED MOTOR VEHICLE,NOT DIVIDED,2,STRAIGHT AND LEVEL,WET,NO DEFECTS,ON SCENE,NO INJURY / DRIVE AWAY,,,Y,"$501 - $1,500",11/04/2018 09:32:00 PM,UNABLE TO DETERMINE,NOT APPLICABLE,216,E,71ST ST,322,,,,,,,2,NO INDICATION OF INJURY,0,0,0,0,0,1,0,21,1,11,41.76573654,-87.619334505,POINT (-87.619334504753 41.765736539526)
JB503684,,11/04/2018 09:20:00 PM,15,NO CONTROLS,NO CONTROLS,RAIN,DARKNESS,ANGLE,ONE-WAY,1,STRAIGHT AND LEVEL,WET,NO DEFECTS,ON SCENE,INJURY AND / OR TOW DUE TO CRASH,Y,,,"OVER $1,500",11/04/2018 09:24:00 PM,IMPROPER BACKING,"VISION OBSCURED (SIGNS, TREE LIMBS, BUILDINGS, ETC.)",9347,S,MAY ST,2222,,,,,,,2,NO INDICATION OF INJURY,0,0,0,0,0,2,0,21,1,11,41.723612815,-87.651642307,POINT (-87.651642306627 41.723612814806)
JB503663,,11/04/2018 09:05:00 PM,5,NO CONTROLS,NO CONTROLS,RAIN,"DARKNESS, LIGHTED ROAD",PARKED MOTOR VEHICLE,PARKING LOT,2,STRAIGHT AND LEVEL,WET,NO DEFECTS,ON SCENE,NO INJURY / DRIVE AWAY,,,Y,$500 OR LESS,11/04/2018 09:10:00 PM,DRIVING SKILLS/KNOWLEDGE/EXPERIENCE,NOT APPLICABLE,1200,E,78TH ST,411,,,,,,,2,NO INDICATION OF INJURY,0,0,0,0,0,1,0,21,1,11,41.753320861,-87.595456401,POINT (-87.595456400865 41.75332086089)
JB504975,,11/04/2018 09:00:00 PM,30,NO CONTROLS,NO CONTROLS,CLEAR,DUSK,PARKED MOTOR VEHICLE,NOT DIVIDED,,STRAIGHT AND LEVEL,DRY,NO DEFECTS,NOT ON SCENE (DESK REPORT),NO INJURY / DRIVE AWAY,,,Y,"$501 - $1,500",11/05/2018 07:32:00 PM,NOT APPLICABLE,NOT APPLICABLE,5001,S,CHRISTIANA AVE,821,,,,,,,2,NO INDICATION OF INJURY,0,0,0,0,0,1,0,21,1,11,41.802506303,-87.707344325,POINT (-87.707344325131 41.802506303088)
JB503683,,11/04/2018 09:00:00 PM,30,TRAFFIC SIGNAL,FUNCTIONING PROPERLY,CLEAR,"DARKNESS, LIGHTED ROAD",SIDESWIPE SAME DIRECTION,OTHER,2,STRAIGHT AND LEVEL,WET,NO DEFECTS,NOT ON SCENE (DESK REPORT),NO INJURY / DRIVE AWAY,,,,"OVER $1,500",11/04/2018 09:45:00 PM,UNABLE TO DETERMINE,UNABLE TO DETERMINE,5107,W,GRAND AVE,2533,,,,,,,2,NO INDICATION OF INJURY,0,0,0,0,0,3,0,21,1,11,41.916670354,-87.753256947,POINT (-87.753256947466 41.916670353989)
JB503670,,11/04/2018 08:50:00 PM,30,TRAFFIC SIGNAL,FUNCTIONING PROPERLY,RAIN,"DARKNESS, LIGHTED ROAD",REAR END,NOT DIVIDED,4,STRAIGHT AND LEVEL,WET,NO DEFECTS,ON SCENE,INJURY AND / OR TOW DUE TO CRASH,,,,"OVER $1,500",11/04/2018 08:52:00 PM,FAILING TO REDUCE SPEED TO AVOID CRASH,WEATHER,4501,S,KEDZIE AVE,922,,,,,,,2,NO INDICATION OF INJURY,0,0,0,0,0,3,0,20,1,11,41.811607767,-87.703963945,POINT (-87.703963944953 41.811607767459)
JB503664,,11/04/2018 08:40:00 PM,25,NO CONTROLS,NO CONTROLS,RAIN,"DARKNESS, LIGHTED ROAD",PARKED MOTOR VEHICLE,NOT DIVIDED,,STRAIGHT AND LEVEL,WET,NO DEFECTS,NOT ON SCENE (DESK REPORT),NO INJURY / DRIVE AWAY,,,,"OVER $1,500",11/04/2018 09:30:00 PM,IMPROPER TURNING/NO SIGNAL,NOT APPLICABLE,3732,W,ARGYLE ST,1712,,,,,,,2,NO INDICATION OF INJURY,0,0,0,0,0,1,0,20,1,11,41.972061645,-87.722079358,POINT (-87.722079357737 41.972061645156)
JB503646,,11/04/2018 08:25:00 PM,35,TRAFFIC SIGNAL,FUNCTIONING PROPERLY,RAIN,"DARKNESS, LIGHTED ROAD",PEDESTRIAN,DIVIDED - W/MEDIAN (NOT RAISED),5,STRAIGHT AND LEVEL,WET,NO DEFECTS,ON SCENE,INJURY AND / OR TOW DUE TO CRASH,N,,,"OVER $1,500",11/04/2018 08:25:00 PM,WEATHER,UNABLE TO DETERMINE,5998,N,LINCOLN AVE,2011,,,,,,,3,NONINCAPACITATING INJURY,1,0,0,1,0,4,0,20,1,11,41.990261177,-87.707403783,POINT (-87.707403783183 41.990261176576)