RD_NO,CRASH_DATE_EST_I,CRASH_DATE,POSTED_SPEED_LIMIT,TRAFFIC_CONTROL_DEVICE,DEVICE_CONDITION,WEATHER_CONDITION,LIGHTING_CONDITION,FIRST_CRASH_TYPE,TRAFFICWAY_TYPE,LANE_CNT,ALIGNMENT,ROADWAY_SURFACE_COND,ROAD_DEFECT,REPORT_TYPE,CRASH_TYPE,INTERSECTION_RELATED_I,NOT_RIGHT_OF_WAY_I,HIT_AND_RUN_I,DAMAGE,DATE_POLICE_NOTIFIED,PRIM_CONTRIBUTORY_CAUSE,SEC_CONTRIBUTORY_CAUSE,STREET_NO,STREET_DIRECTION,STREET_NAME,BEAT_OF_OCCURRENCE,PHOTOS_TAKEN_I,STATEMENTS_TAKEN_I,DOORING_I,WORK_ZONE_I,WORK_ZONE_TYPE,WORKERS_PRESENT_I,NUM_UNITS,MOST_SEVERE_INJURY,INJURIES_TOTAL,INJURIES_FATAL,INJURIES_INCAPACITATING,INJURIES_NON_INCAPACITATING,INJURIES_REPORTED_NOT_EVIDENT,INJURIES_NO_INDICATION,INJURIES_UNKNOWN,CRASH_HOUR,CRASH_DAY_OF_WEEK,CRASH_MONTH,LATITUDE,LONGITUDE,LOCATION
JB503622,,11/04/2018 08:16:00 PM,35,NO CONTROLS,NO CONTROLS,RAIN,"DARKNESS, LIGHTED ROAD",PARKED MOTOR VEHICLE,CENTER TURN LANE,4,STRAIGHT AND LEVEL,WET,NO DEFECTS,NOT ON SCENE (DESK REPORT),INJURY AND / OR TOW DUE TO CRASH,,,,"OVER $1,500",11/04/2018 08:16:00 PM,"OPERATING VEHICLE IN ERRATIC, RECKLESS, CARELESS, NEGLIGENT OR AGGRESSIVE MANNER",DRIVING SKILLS/KNOWLEDGE/EXPERIENCE,4730,W,MADISON ST,1113,,,,,,,2,NO INDICATION OF INJURY,0,0,0,0,0,1,0,20,1,11,41.880620689,-87.744094034,POINT (-87.744094034397 41.880620689384)
JB503698,,11/04/2018 08:15:00 PM,30,TRAFFIC SIGNAL,FUNCTIONING PROPERLY,RAIN,"DARKNESS, LIGHTED ROAD",REAR END,ONE-WAY,3,STRAIGHT AND LEVEL,WET,NO DEFECTS,NOT ON SCENE (DESK REPORT),NO INJURY / DRIVE AWAY,Y,,Y,"OVER $1,500",11/04/2018 09:40:00 PM,UNABLE TO DETERMINE,UNABLE TO DETERMINE,7500,S,STATE ST,623,,,,,,,2,NO INDICATION OF INJURY,0,0,0,0,0,2,0,20,1,11,41.758092176,-87.624902228,POINT (-87.624902228247 41.758092176383)
JB503615,,11/04/2018 08:10:00 PM,30,NO CONTROLS,NO CONTROLS,RAIN,"DARKNESS, LIGHTED ROAD",SIDESWIPE SAME DIRECTION,NOT DIVIDED,2,STRAIGHT AND LEVEL,WET,NO DEFECTS,ON SCENE,NO INJURY / DRIVE AWAY,,,,"OVER $1,500",11/04/2018 08:16:00 PM,FAILING TO YIELD RIGHT-OF-WAY,FAILING TO YIELD RIGHT-OF-WAY,6331,N,KEDZIE AVE,2413,,,,,,,2,NO INDICATION OF INJURY,0,0,0,0,0,2,0,20,1,11,41.996536862,-87.709180805,POINT (-87.709180804644 41.99653686153)
JB503590,,11/04/2018 08:10:00 PM,30,TRAFFIC SIGNAL,FUNCTIONING PROPERLY,RAIN,DARKNESS,ANGLE,OTHER,0,STRAIGHT AND LEVEL,WET,NO DEFECTS,ON SCENE,INJURY AND / OR TOW DUE TO CRASH,,,,"OVER $1,500",11/04/2018 08:20:00 PM,CELL PHONE USE OTHER THAN TEXTING,NOT APPLICABLE,9101,S,WESTERN AVE,2221,,,,,,,2,"REPORTED, NOT EVIDENT",3,0,0,0,3,0,0,20,1,11,41.728143888,-87.682139901,POINT (-87.68213990053 41.728143888018)
JB503636,,11/04/2018 08:06:00 PM,30,NO CONTROLS,NO CONTROLS,RAIN,"DARKNESS, LIGHTED ROAD",PARKED MOTOR VEHICLE,ONE-WAY,1,STRAIGHT AND LEVEL,WET,NO DEFECTS,ON SCENE,NO INJURY / DRIVE AWAY,,,Y,"$501 - $1,500",11/04/2018 08:12:00 PM,NOT APPLICABLE,NOT APPLICABLE,8343,S,RHODES AVE,632,N,Y,,,,,2,NO INDICATION OF INJURY,0,0,0,0,0,1,0,20,1,11,41.742584471,-87.611308145,POINT (-87.611308145263 41.742584471429)
JB503611,,11/04/2018 07:55:00 PM,30,NO CONTROLS,NO CONTROLS,RAIN,"DARKNESS, LIGHTED ROAD",PARKED MOTOR VEHICLE,ONE-WAY,1,STRAIGHT AND LEVEL,WET,NO DEFECTS,ON SCENE,NO INJURY / DRIVE AWAY,,,Y,"OVER $1,500",11/04/2018 08:15:00 PM,UNABLE TO DETERMINE,UNABLE TO DETERMINE,3822,W,57TH ST,822,,,,,,,2,NO INDICATION OF INJURY,0,0,0,0,0,1,0,19,1,11,41.789748429,-87.719120594,POINT (-87.719120594043 41.789748428764)
JB503609,,11/04/2018 07:55:00 PM,30,NO CONTROLS,NO CONTROLS,RAIN,UNKNOWN,PEDESTRIAN,NOT DIVIDED,4,STRAIGHT AND LEVEL,WET,NO DEFECTS,ON SCENE,INJURY AND / OR TOW DUE TO CRASH,,,,"OVER $1,500",11/04/2018 08:00:00 PM,"EVASIVE ACTION DUE TO ANIMAL, OBJECT, NONMOTORIST",NOT APPLICABLE,2701,W,PETERSON AVE,2011,,,,,,,3,NONINCAPACITATING INJURY,1,0,0,1,0,2,0,19,1,11,41.990346333,-87.697025923,POINT (-87.697025922723 41.990346332533)
JB504621,,11/04/2018 07:50:00 PM,30,NO CONTROLS,NO CONTROLS,CLEAR,"DARKNESS, LIGHTED ROAD",PARKED MOTOR VEHICLE,UNKNOWN,1,STRAIGHT AND LEVEL,WET,NO DEFECTS,NOT ON SCENE (DESK REPORT),NO INJURY / DRIVE AWAY,,,Y,$500 OR LESS,11/05/2018 03:40:00 PM,NOT APPLICABLE,NOT APPLICABLE,9335,S,CLYDE AVE,413,,,,,,,2,NO INDICATION OF INJURY,0,0,0,0,0,1,0,19,1,11,41.725077642,-87.57283732,POINT (-87.572837320174 41.72507764174)
JB503631,,11/04/2018 07:47:00 PM,30,TRAFFIC SIGNAL,FUNCTIONING PROPERLY,RAIN,"DARKNESS, LIGHTED ROAD",TURNING,NOT DIVIDED,,STRAIGHT AND LEVEL,WET,NO DEFECTS,NOT ON SCENE (DESK REPORT),NO INJURY / DRIVE AWAY,Y,,,"OVER $1,500",11/04/2018 08:40:00 PM,IMPROPER TURNING/NO SIGNAL,IMPROPER OVERTAKING/PASSING,600,S,RACINE AVE,1231,,,,,,,2,NO INDICATION OF INJURY,0,0,0,0,0,3,0,19,1,11,41.874230156,-87.656966245,POINT (-87.656966244668 41.874230155606)
JB503637,,11/04/2018 07:45:00 PM,30,NO CONTROLS,NO CONTROLS,RAIN,"DARKNESS, LIGHTED ROAD",REAR END,NOT DIVIDED,,STRAIGHT AND LEVEL,WET,NO DEFECTS,NOT ON SCENE (DESK REPORT),NO INJURY / DRIVE AWAY,,,,"OVER $1,500",11/04/2018 08:19:00 PM,UNABLE TO DETERMINE,UNABLE TO DETERMINE,1019,W,WEBSTER AVE,1811,,,,,,,2,NO INDICATION OF INJURY,0,0,0,0,0,2,0,19,1,11,41.921615977,-87.654303133,POINT (-87.654303132956 41.921615976612)
JB503606,,11/04/2018 07:40:00 PM,25,NO CONTROLS,NO CONTROLS,RAIN,"DARKNESS, LIGHTED ROAD",PEDESTRIAN,ONE-WAY,1,STRAIGHT AND LEVEL,WET,NO DEFECTS,ON SCENE,NO INJURY / DRIVE AWAY,,,Y,$500 OR LESS,11/04/2018 08:00:00 PM,WEATHER,UNABLE TO DETERMINE,735,W,36TH ST,915,,,,,,,2,NO INDICATION OF INJURY,0,0,0,0,0,2,0,19,1,11,41.82882597,-87.644985952,POINT (-87.644985951966 41.828825970216)
JB503597,,11/04/2018 07:40:00 PM,35,TRAFFIC SIGNAL,NO CONTROLS,RAIN,"DARKNESS, LIGHTED ROAD",REAR END,NOT DIVIDED,,STRAIGHT AND LEVEL,WET,NO DEFECTS,NOT ON SCENE (DESK REPORT),NO INJURY / DRIVE AWAY,,,Y,$500 OR LESS,11/04/2018 08:00:00 PM,UNABLE TO DETERMINE,UNABLE TO DETERMINE,6100,S,CICERO AVE,813,,,,,,,2,NO INDICATION OF INJURY,0,0,0,0,0,4,0,19,1,11,41.781989656,-87.742555082,POINT (-87.742555081534 41.781989656337)
JB503677,,11/04/2018 07:38:00 PM,30,TRAFFIC SIGNAL,FUNCTIONING PROPERLY,RAIN,"DARKNESS, LIGHTED ROAD",REAR END,NOT DIVIDED,,STRAIGHT AND LEVEL,WET,NO DEFECTS,NOT ON SCENE (DESK REPORT),NO INJURY / DRIVE AWAY,,,,"OVER $1,500",11/04/2018 09:00:00 PM,FOLLOWING TOO CLOSELY,NOT APPLICABLE,3332,W,FOSTER AVE,1712,,,,,,,2,NO INDICATION OF INJURY,0,0,0,0,0,2,0,19,1,11,41.975814116,-87.712474404,POINT (-87.712474404278 41.975814115729)
JB506859,Y,11/04/2018 07:34:00 PM,30,TRAFFIC SIGNAL,FUNCTIONING PROPERLY,RAIN,DARKNESS,REAR END,NOT DIVIDED,2,STRAIGHT AND LEVEL,WET,NO DEFECTS,NOT ON SCENE (DESK REPORT),NO INJURY / DRIVE AWAY,,,,"OVER $1,500",11/07/2018 09:50:00 AM,UNABLE TO DETERMINE,UNABLE TO DETERMINE,604,N,LA SALLE DR,1832,,,,,,,2,NO INDICATION OF INJURY,0,0,0,0,0,2,0,19,1,11,41.892589156,-87.632761012,POINT (-87.632761012249 41.892589156435)
JB503639,,11/04/2018 07:30:00 PM,35,TRAFFIC SIGNAL,FUNCTIONING PROPERLY,RAIN,"DARKNESS, LIGHTED ROAD",REAR END,NOT DIVIDED,,STRAIGHT AND LEVEL,WET,NO DEFECTS,NOT ON SCENE (DESK REPORT),NO INJURY / DRIVE AWAY,,,,"$501 - $1,500",11/04/2018 08:35:00 PM,FOLLOWING TOO CLOSELY,UNABLE TO DETERMINE,5531,S,CALIFORNIA AVE,824,,,,,,,3,NO INDICATION OF INJURY,0,0,0,0,0,3,0,19,1,11,41.792754836,-87.693625096,POINT (-87.693625095892 41.792754836428)
JB503616,,11/04/2018 07:30:00 PM,30,NO CONTROLS,NO CONTROLS,RAIN,"DARKNESS, LIGHTED ROAD",SIDESWIPE SAME DIRECTION,DIVIDED - W/MEDIAN (NOT RAISED),,STRAIGHT AND LEVEL,WET,NO DEFECTS,NOT ON SCENE (DESK REPORT),NO INJURY / DRIVE AWAY,,,,"OVER $1,500",11/04/2018 08:20:00 PM,FAILING TO YIELD RIGHT-OF-WAY,UNABLE TO DETERMINE,2655,N,LARAMIE AVE,2521,,,,,,,2,NO INDICATION OF INJURY,0,0,0,0,0,5,0,19,1,11,41.929429824,-87.756198318,POINT (-87.756198317552 41.929429823505)
JB503570,,11/04/2018 07:21:00 PM,30,TRAFFIC SIGNAL,FUNCTIONING PROPERLY,RAIN,"DARKNESS, LIGHTED ROAD",SIDESWIPE SAME DIRECTION,NOT DIVIDED,3,STRAIGHT AND LEVEL,WET,NO DEFECTS,ON SCENE,INJURY AND / OR TOW DUE TO CRASH,,,Y,"OVER $1,500",11/04/2018 07:22:00 PM,IMPROPER LANE USAGE,WEATHER,1205,W,FOSTER AVE,2033,,,,,,,3,NONINCAPACITATING INJURY,1,0,0,1,0,1,0,19,1,11,41.97621054,-87.66009122,POINT (-87.660091220347 41.976210540074)
JB503567,,11/04/2018 07:20:00 PM,25,TRAFFIC SIGNAL,FUNCTIONING PROPERLY,RAIN,"DARKNESS, LIGHTED ROAD",PEDALCYCLIST,DIVIDED - W/MEDIAN (NOT RAISED),,STRAIGHT AND LEVEL,WET,NO DEFECTS,ON SCENE,INJURY AND / OR TOW DUE TO CRASH,Y,,,$500 OR LESS,11/04/2018 07:28:00 PM,DRIVING SKILLS/KNOWLEDGE/EXPERIENCE,UNABLE TO DETERMINE,2402,W,NORTH AVE,1434,,,,,,,2,"REPORTED, NOT EVIDENT",1,0,0,0,1,1,0,19,1,11,41.910428816,-87.687368808,POINT (-87.687368808368 41.910428816343)
JB503634,,11/04/2018 07:15:00 PM,30,TRAFFIC SIGNAL,UNKNOWN,RAIN,"DARKNESS, LIGHTED ROAD",TURNING,OTHER,4,STRAIGHT AND LEVEL,WET,UNKNOWN,NOT ON SCENE (DESK REPORT),NO INJURY / DRIVE AWAY,,,Y,"$501 - $1,500",11/04/2018 08:45:00 PM,UNABLE TO DETERMINE,UNABLE TO DETERMINE,300,W,BELMONT AVE,1925,,,,,,,2,NO INDICATION OF INJURY,0,0,0,0,0,3,0,19,1,11,41.940687459,-87.638092129,POINT (-87.638092128602 41.940687458655)
JB503551,,11/04/2018 07:10:00 PM,25,STOP SIGN/FLASHER,FUNCTIONING PROPERLY,RAIN,"DARKNESS, LIGHTED ROAD",PEDESTRIAN,ONE-WAY,,STRAIGHT AND LEVEL,WET,NO DEFECTS,ON SCENE,INJURY AND / OR TOW DUE TO CRASH,Y,,,$500 OR LESS,11/04/2018 07:12:00 PM,FAILING TO YIELD RIGHT-OF-WAY,WEATHER,3301,W,27TH ST,1032,,,,,,,2,NONINCAPACITATING INJURY,1,0,0,1,0,1,0,19,1,11,41.842547903,-87.707480996,POINT (-87.707480995651 41.842547902856)
JB503532,,11/04/2018 07:10:00 PM,10,NO CONTROLS,NO CONTROLS,RAIN,"DARKNESS, LIGHTED ROAD",PARKED MOTOR VEHICLE,PARKING LOT,,STRAIGHT AND LEVEL,WET,NO DEFECTS,ON SCENE,NO INJURY / DRIVE AWAY,,Y,,"OVER $1,500",11/04/2018 07:12:00 PM,IMPROPER BACKING,"VISION OBSCURED (SIGNS, TREE LIMBS, BUILDINGS, ETC.)",3450,S,CALIFORNIA AVE,911,,,,,,,2,NO INDICATION OF INJURY,0,0,0,0,0,1,0,19,1,11,41.830402823,-87.694952468,POINT (-87.694952467868 41.830402822602)
JB503524,N,11/04/2018 07:10:00 PM,30,STOP SIGN/FLASHER,FUNCTIONING PROPERLY,RAIN,DUSK,PEDESTRIAN,NOT DIVIDED,2,STRAIGHT AND LEVEL,WET,NO DEFECTS,ON SCENE,INJURY AND / OR TOW DUE TO CRASH,,,Y,$500 OR LESS,11/04/2018 07:15:00 PM,UNABLE TO DETERMINE,UNABLE TO DETERMINE,3849,S,WABASH AVE,213,,,,,,,2,INCAPACITATING INJURY,1,0,1,0,0,1,0,19,1,11,41.824110921,-87.624663921,POINT (-87.624663921046 41.824110920789)
JB504930,,11/04/2018 07:09:00 PM,30,NO CONTROLS,NO CONTROLS,CLEAR,DARKNESS,PEDESTRIAN,NOT DIVIDED,2,STRAIGHT AND LEVEL,DRY,NO DEFECTS,NOT ON SCENE (DESK REPORT),NO INJURY / DRIVE AWAY,,,,$500 OR LESS,11/05/2018 07:00:00 PM,UNABLE TO DETERMINE,UNABLE TO DETERMINE,1924,W,NORTH AVE,1434,,,,,,,2,NO INDICATION OF INJURY,0,0,0,0,0,2,0,19,1,11,41.910617923,-87.676101921,POINT (-87.676101920611 41.910617923471)
JB503560,,11/04/2018 07:07:00 PM,30,NO CONTROLS,NO CONTROLS,RAIN,"DARKNESS, LIGHTED ROAD",OTHER OBJECT,DIVIDED - W/MEDIAN (NOT RAISED),2,STRAIGHT AND LEVEL,WET,NO DEFECTS,ON SCENE,NO INJURY / DRIVE AWAY,,,,"OVER $1,500",11/04/2018 07:07:00 PM,DRIVING SKILLS/KNOWLEDGE/EXPERIENCE,NOT APPLICABLE,2200,E,79TH ST,414,,,,,,,1,NO INDICATION OF INJURY,0,0,0,0,0,1,0,19,1,11,41.751778885,-87.571047692,POINT (-87.571047692452 41.751778884699)
JB503541,,11/04/2018 07:05:00 PM,25,STOP SIGN/FLASHER,UNKNOWN,RAIN,"DARKNESS, LIGHTED ROAD",SIDESWIPE OPPOSITE DIRECTION,DIVIDED - W/MEDIAN (NOT RAISED),2,STRAIGHT AND LEVEL,WET,UNKNOWN,ON SCENE,INJURY AND / OR TOW DUE TO CRASH,,,Y,"OVER $1,500",11/04/2018 07:06:00 PM,FAILING TO YIELD RIGHT-OF-WAY,DISREGARDING STOP SIGN,6639,W,WELLINGTON AVE,2511,,,,,,,2,NO INDICATION OF INJURY,0,0,0,0,0,2,0,19,1,11,41.934462605,-87.792291175,POINT (-87.792291175318 41.934462605423)
JB503672,,11/04/2018 07:00:00 PM,30,TRAFFIC SIGNAL,FUNCTIONING PROPERLY,RAIN,"DARKNESS, LIGHTED ROAD",REAR END,NOT DIVIDED,,STRAIGHT AND LEVEL,WET,NO DEFECTS,NOT ON SCENE (DESK REPORT),NO INJURY / DRIVE AWAY,Y,,Y,"$501 - $1,500",11/04/2018 09:20:00 PM,FOLLOWING TOO CLOSELY,UNABLE TO DETERMINE,5932,W,DIVERSEY AVE,2514,,,,,,,2,NO INDICATION OF INJURY,0,0,0,0,0,3,0,19,1,11,41.931263749,-87.774891042,POINT (-87.774891042347 41.931263749314)
JB503585,,11/04/2018 07:00:00 PM,30,STOP SIGN/FLASHER,FUNCTIONING PROPERLY,RAIN,"DARKNESS, LIGHTED ROAD",TURNING,CENTER TURN LANE,12,STRAIGHT AND LEVEL,WET,UNKNOWN,ON SCENE,NO INJURY / DRIVE AWAY,Y,,,"$501 - $1,500",11/04/2018 08:00:00 PM,UNABLE TO DETERMINE,NOT APPLICABLE,1200,W,DIVERSEY PKWY,1932,,,,,,,2,NO INDICATION OF INJURY,0,0,0,0,0,2,0,19,1,11,41.932664887,-87.658774259,POINT (-87.658774259474 41.932664887258)
JB503566,,11/04/2018 07:00:00 PM,30,TRAFFIC SIGNAL,FUNCTIONING PROPERLY,RAIN,DARKNESS,REAR END,UNKNOWN,,STRAIGHT AND LEVEL,WET,NO DEFECTS,NOT ON SCENE (DESK REPORT),NO INJURY / DRIVE AWAY,,,Y,"OVER $1,500",11/04/2018 07:10:00 PM,FOLLOWING TOO CLOSELY,FAILING TO REDUCE SPEED TO AVOID CRASH,2300,E,87TH ST,412,,,,,,,2,NO INDICATION OF INJURY,0,0,0,0,0,2,0,19,1,11,41.737277513,-87.567846754,POINT (-87.567846753946 41.737277512887)
JB503554,,11/04/2018 07:00:00 PM,30,TRAFFIC SIGNAL,FUNCTIONING PROPERLY,RAIN,DARKNESS,SIDESWIPE SAME DIRECTION,NOT DIVIDED,4,STRAIGHT AND LEVEL,WET,UNKNOWN,NOT ON SCENE (DESK REPORT),NO INJURY / DRIVE AWAY,,,,"$501 - $1,500",11/04/2018 07:16:00 PM,IMPROPER LANE USAGE,IMPROPER OVERTAKING/PASSING,350,W,BELMONT AVE,1925,,,,,,,2,NO INDICATION OF INJURY,0,0,0,0,0,3,0,19,1,11,41.940297326,-87.639074222,POINT (-87.639074222297 41.940297326019)
JB503549,,11/04/2018 07:00:00 PM,30,NO CONTROLS,NO CONTROLS,RAIN,DAWN,REAR END,NOT DIVIDED,2,STRAIGHT AND LEVEL,WET,NO DEFECTS,ON SCENE,INJURY AND / OR TOW DUE TO CRASH,,,,"OVER $1,500",11/04/2018 07:05:00 PM,FOLLOWING TOO CLOSELY,EXCEEDING SAFE SPEED FOR CONDITIONS,8700,S,LOWE AVE,2223,,,,,,,2,NO INDICATION OF INJURY,0,0,0,0,0,2,0,19,1,11,41.735808759,-87.640109204,POINT (-87.640109203572 41.735808758933)
JB503546,,11/04/2018 07:00:00 PM,30,NO CONTROLS,NO CONTROLS,RAIN,"DARKNESS, LIGHTED ROAD",TURNING,NOT DIVIDED,2,STRAIGHT AND LEVEL,WET,NO DEFECTS,ON SCENE,NO INJURY / DRIVE AWAY,Y,,,"OVER $1,500",11/04/2018 07:04:00 PM,FAILING TO YIELD RIGHT-OF-WAY,NOT APPLICABLE,3998,N,WAYNE AVE,1923,,,,,,,2,NO INDICATION OF INJURY,0,0,0,0,0,2,0,19,1,11,41.954303986,-87.663696174,POINT (-87.663696174366 41.954303986159)
JB503548,,11/04/2018 06:57:00 PM,30,TRAFFIC SIGNAL,FUNCTIONING PROPERLY,RAIN,"DARKNESS, LIGHTED ROAD",TURNING,ONE-WAY,2,STRAIGHT AND LEVEL,WET,NO DEFECTS,NOT ON SCENE (DESK REPORT),NO INJURY / DRIVE AWAY,Y,,,"$501 - $1,500",11/04/2018 07:30:00 PM,IMPROPER TURNING/NO SIGNAL,NOT APPLICABLE,1014,S,CANAL ST,124,,,,,,,2,NO INDICATION OF INJURY,0,0,0,0,0,2,0,18,1,11,41.869265329,-87.639406509,POINT (-87.639406509437 41.869265329367)
JB503523,,11/04/2018 06:50:00 PM,35,TRAFFIC SIGNAL,FUNCTIONING PROPERLY,RAIN,DARKNESS,REAR END,NOT DIVIDED,4,STRAIGHT ON GRADE,WET,NO DEFECTS,NOT ON SCENE (DESK REPORT),NO INJURY / DRIVE AWAY,Y,,Y,"$501 - $1,500",11/04/2018 07:01:00 PM,FOLLOWING TOO CLOSELY,EXCEEDING SAFE SPEED FOR CONDITIONS,660,W,ROOSEVELT RD,1232,,,,,,,2,NO INDICATION OF INJURY,0,0,0,0,0,3,0,18,1,11,41.8672951,-87.644667965,POINT (-87.6446679647 41.86729510026)
JB503535,,11/04/2018 06:49:00 PM,15,NO CONTROLS,NO CONTROLS,RAIN,"DARKNESS, LIGHTED ROAD",SIDESWIPE SAME DIRECTION,PARKING LOT,2,"CURVE, LEVEL",WET,NO DEFECTS,ON SCENE,NO INJURY / DRIVE AWAY,,Y,,"OVER $1,500",11/04/2018 07:04:00 PM,FAILING TO REDUCE SPEED TO AVOID CRASH,IMPROPER OVERTAKING/PASSING,520,W,TAYLOR ST,124,,,,,,,2,NO INDICATION OF INJURY,0,0,0,0,0,3,0,18,1,11,41.869855597,-87.640270308,POINT (-87.640270307865 41.869855596599)
JB503529,Y,11/04/2018 06:45:00 PM,30,TRAFFIC SIGNAL,FUNCTIONING PROPERLY,CLEAR,"DARKNESS, LIGHTED ROAD",REAR END,NOT DIVIDED,4,STRAIGHT AND LEVEL,WET,NO DEFECTS,NOT ON SCENE (DESK REPORT),NO INJURY / DRIVE AWAY,,,,"OVER $1,500",11/04/2018 07:10:00 PM,FOLLOWING TOO CLOSELY,UNABLE TO DETERMINE,3960,W,IRVING PARK RD,1723,,,,,,,2,NO INDICATION OF INJURY,0,0,0,0,0,3,0,18,1,11,41.953758427,-87.727558921,POINT (-87.72755892105 41.953758426627)
JB503603,,11/04/2018 06:40:00 PM,30,NO CONTROLS,NO CONTROLS,RAIN,"DARKNESS, LIGHTED ROAD",PARKED MOTOR VEHICLE,PARKING LOT,,STRAIGHT AND LEVEL,WET,UNKNOWN,NOT ON SCENE (DESK REPORT),NO INJURY / DRIVE AWAY,,,,$500 OR LESS,11/04/2018 08:15:00 PM,IMPROPER TURNING/NO SIGNAL,IMPROPER TURNING/NO SIGNAL,364,E,87TH ST,632,,,,,,,2,NO INDICATION OF INJURY,0,0,0,0,0,1,0,18,1,11,41.736603454,-87.615174291,POINT (-87.615174290639 41.736603454243)
JB503599,,11/04/2018 06:35:00 PM,30,TRAFFIC SIGNAL,FUNCTIONING PROPERLY,RAIN,"DARKNESS, LIGHTED ROAD",REAR END,NOT DIVIDED,,STRAIGHT AND LEVEL,WET,NO DEFECTS,NOT ON SCENE (DESK REPORT),NO INJURY / DRIVE AWAY,,,,"OVER $1,500",11/04/2018 08:14:00 PM,FOLLOWING TOO CLOSELY,NOT APPLICABLE,5098,W,DEVON AVE,1621,,,,,,,2,NO INDICATION OF INJURY,0,0,0,0,0,5,0,18,1,11,41.997415364,-87.754942645,POINT (-87.754942645089 41.997415363738)
JB503509,,11/04/2018 06:30:00 PM,30,TRAFFIC SIGNAL,FUNCTIONING PROPERLY,RAIN,"DARKNESS, LIGHTED ROAD",TURNING,DIVIDED - W/MEDIAN (NOT RAISED),2,STRAIGHT AND LEVEL,WET,NO DEFECTS,NOT ON SCENE (DESK REPORT),NO INJURY / DRIVE AWAY,Y,,,"OVER $1,500",11/04/2018 06:40:00 PM,DRIVING SKILLS/KNOWLEDGE/EXPERIENCE,UNABLE TO DETERMINE,2001,W,IRVING PARK RD,1921,,,,,,,2,NO INDICATION OF INJURY,0,0,0,0,0,2,0,18,1,11,41.954046293,-87.678812012,POINT (-87.678812011999 41.954046293036)
JB503508,,11/04/2018 06:30:00 PM,30,NO CONTROLS,NO CONTROLS,UNKNOWN,DAYLIGHT,PARKED MOTOR VEHICLE,DIVIDED - W/MEDIAN (NOT RAISED),,STRAIGHT AND LEVEL,UNKNOWN,UNKNOWN,NOT ON SCENE (DESK REPORT),NO INJURY / DRIVE AWAY,,,Y,"$501 - $1,500",11/04/2018 06:45:00 PM,UNABLE TO DETERMINE,UNABLE TO DETERMINE,1450,N,HOMAN AVE,1422,,,,,,,2,NO INDICATION OF INJURY,0,0,0,0,0,1,0,18,1,11,41.907906997,-87.711987628,POINT (-87.711987628142 41.90790699716)
JB503507,,11/04/2018 06:30:00 PM,30,STOP SIGN/FLASHER,FUNCTIONING PROPERLY,RAIN,"DARKNESS, LIGHTED ROAD",ANGLE,NOT DIVIDED,2,STRAIGHT AND LEVEL,WET,NO DEFECTS,ON SCENE,NO INJURY / DRIVE AWAY,Y,,,"OVER $1,500",11/04/2018 06:38:00 PM,FAILING TO YIELD RIGHT-OF-WAY,NOT APPLICABLE,1046,W,ADAMS ST,1232,,,,,,,2,NO INDICATION OF INJURY,0,0,0,0,0,2,0,18,1,11,41.879220962,-87.653808948,POINT (-87.653808947758 41.879220961521)
JB503510,,11/04/2018 06:25:00 PM,30,NO CONTROLS,NO CONTROLS,RAIN,"DARKNESS, LIGHTED ROAD",REAR END,ONE-WAY,,STRAIGHT AND LEVEL,WET,UNKNOWN,NOT ON SCENE (DESK REPORT),NO INJURY / DRIVE AWAY,,,,"OVER $1,500",11/04/2018 06:51:00 PM,WEATHER,NOT APPLICABLE,1,S,KILDARE AVE,1115,,,,,,,2,NO INDICATION OF INJURY,0,0,0,0,0,2,0,18,1,11,41.88059356,-87.732877038,POINT (-87.732877038442 41.880593559959)
JB503595,,11/04/2018 06:20:00 PM,25,TRAFFIC SIGNAL,FUNCTIONING PROPERLY,RAIN,"DARKNESS, LIGHTED ROAD",PEDESTRIAN,NOT DIVIDED,,STRAIGHT AND LEVEL,WET,NO DEFECTS,ON SCENE,INJURY AND / OR TOW DUE TO CRASH,,,Y,$500 OR LESS,11/04/2018 07:55:00 PM,FAILING TO YIELD RIGHT-OF-WAY,FAILING TO YIELD RIGHT-OF-WAY,5259,N,LINCOLN AVE,2011,,,,,,,2,INCAPACITATING INJURY,1,0,1,0,0,1,0,18,1,11,41.977647267,-87.69239102,POINT (-87.692391020456 41.977647266543)
JB503571,,11/04/2018 06:20:00 PM,30,TRAFFIC SIGNAL,FUNCTIONING PROPERLY,RAIN,"DARKNESS, LIGHTED ROAD",REAR END,DIVIDED - W/MEDIAN (NOT RAISED),,STRAIGHT AND LEVEL,WET,NO DEFECTS,NOT ON SCENE (DESK REPORT),NO INJURY / DRIVE AWAY,,,,"$501 - $1,500",11/04/2018 07:30:00 PM,UNABLE TO DETERMINE,UNABLE TO DETERMINE,755,N,CENTRAL AVE,1524,,,,,,,2,NO INDICATION OF INJURY,0,0,0,0,0,2,0,18,1,11,41.894587634,-87.765238645,POINT (-87.765238644863 41.894587634448)