RD_NO,CRASH_DATE_EST_I,CRASH_DATE,POSTED_SPEED_LIMIT,TRAFFIC_CONTROL_DEVICE,DEVICE_CONDITION,WEATHER_CONDITION,LIGHTING_CONDITION,FIRST_CRASH_TYPE,TRAFFICWAY_TYPE,LANE_CNT,ALIGNMENT,ROADWAY_SURFACE_COND,ROAD_DEFECT,REPORT_TYPE,CRASH_TYPE,INTERSECTION_RELATED_I,NOT_RIGHT_OF_WAY_I,HIT_AND_RUN_I,DAMAGE,DATE_POLICE_NOTIFIED,PRIM_CONTRIBUTORY_CAUSE,SEC_CONTRIBUTORY_CAUSE,STREET_NO,STREET_DIRECTION,STREET_NAME,BEAT_OF_OCCURRENCE,PHOTOS_TAKEN_I,STATEMENTS_TAKEN_I,DOORING_I,WORK_ZONE_I,WORK_ZONE_TYPE,WORKERS_PRESENT_I,NUM_UNITS,MOST_SEVERE_INJURY,INJURIES_TOTAL,INJURIES_FATAL,INJURIES_INCAPACITATING,INJURIES_NON_INCAPACITATING,INJURIES_REPORTED_NOT_EVIDENT,INJURIES_NO_INDICATION,INJURIES_UNKNOWN,CRASH_HOUR,CRASH_DAY_OF_WEEK,CRASH_MONTH,LATITUDE,LONGITUDE,LOCATION
JB504950,,11/04/2018 06:15:00 PM,30,TRAFFIC SIGNAL,FUNCTIONING PROPERLY,RAIN,"DARKNESS, LIGHTED ROAD",REAR END,NOT DIVIDED,2,STRAIGHT AND LEVEL,WET,NO DEFECTS,NOT ON SCENE (DESK REPORT),NO INJURY / DRIVE AWAY,Y,,,"$501 - $1,500",11/05/2018 07:10:00 PM,FAILING TO REDUCE SPEED TO AVOID CRASH,NOT APPLICABLE,5602,N,NAGLE AVE,1612,,,,,,,2,NO INDICATION OF INJURY,0,0,0,0,0,3,0,18,1,11,41.98306662,-87.787878742,POINT (-87.787878741969 41.983066619888)
JB503533,,11/04/2018 06:15:00 PM,35,TRAFFIC SIGNAL,FUNCTIONING PROPERLY,RAIN,DARKNESS,REAR END,NOT DIVIDED,4,STRAIGHT AND LEVEL,WET,NO DEFECTS,NOT ON SCENE (DESK REPORT),NO INJURY / DRIVE AWAY,,,,"OVER $1,500",11/04/2018 07:15:00 PM,FOLLOWING TOO CLOSELY,FOLLOWING TOO CLOSELY,7600,W,FOREST PRESERVE AVE,1631,,,,,,,2,NO INDICATION OF INJURY,0,0,0,0,0,2,0,18,1,11,41.949210867,-87.817078374,POINT (-87.817078374114 41.949210866721)
JB503515,Y,11/04/2018 06:15:00 PM,30,TRAFFIC SIGNAL,FUNCTIONING PROPERLY,RAIN,"DARKNESS, LIGHTED ROAD",REAR END,NOT DIVIDED,1,STRAIGHT ON HILLCREST,WET,NO DEFECTS,NOT ON SCENE (DESK REPORT),NO INJURY / DRIVE AWAY,Y,,,"$501 - $1,500",11/04/2018 06:50:00 PM,FAILING TO REDUCE SPEED TO AVOID CRASH,WEATHER,1950,W,LUNT AVE,2424,,,,,,,2,NO INDICATION OF INJURY,0,0,0,0,0,2,0,18,1,11,42.008990714,-87.679838538,POINT (-87.679838537703 42.008990713653)
JB503521,,11/04/2018 06:10:00 PM,30,TRAFFIC SIGNAL,FUNCTIONING PROPERLY,RAIN,DARKNESS,PEDESTRIAN,NOT DIVIDED,0,STRAIGHT AND LEVEL,WET,NO DEFECTS,ON SCENE,INJURY AND / OR TOW DUE TO CRASH,Y,,Y,"$501 - $1,500",11/04/2018 06:18:00 PM,FAILING TO YIELD RIGHT-OF-WAY,UNABLE TO DETERMINE,3400,W,DIVERSEY AVE,1412,,,,,,,2,NONINCAPACITATING INJURY,1,0,0,1,0,1,0,18,1,11,41.932087747,-87.71238583,POINT (-87.712385829513 41.932087747379)
JB503460,,11/04/2018 06:10:00 PM,30,NO CONTROLS,NO CONTROLS,RAIN,"DARKNESS, LIGHTED ROAD",ANGLE,PARKING LOT,0,STRAIGHT AND LEVEL,WET,NO DEFECTS,ON SCENE,INJURY AND / OR TOW DUE TO CRASH,,,,"OVER $1,500",11/04/2018 06:15:00 PM,FAILING TO YIELD RIGHT-OF-WAY,UNABLE TO DETERMINE,2944,W,47TH ST,922,,,,,,,2,NO INDICATION OF INJURY,0,0,0,0,0,3,0,18,1,11,41.808321987,-87.698405198,POINT (-87.69840519824 41.808321986697)
JB503513,,11/04/2018 06:00:00 PM,35,NO CONTROLS,NO CONTROLS,RAIN,"DARKNESS, LIGHTED ROAD",PARKED MOTOR VEHICLE,NOT DIVIDED,,STRAIGHT AND LEVEL,WET,NO DEFECTS,NOT ON SCENE (DESK REPORT),NO INJURY / DRIVE AWAY,,,,"$501 - $1,500",11/04/2018 06:55:00 PM,UNABLE TO DETERMINE,UNABLE TO DETERMINE,4220,S,WESTERN AVE,921,,,,,,,2,NO INDICATION OF INJURY,0,0,0,0,0,1,0,18,1,11,41.816855543,-87.684806133,POINT (-87.684806133346 41.816855542555)
JB503489,,11/04/2018 06:00:00 PM,30,STOP SIGN/FLASHER,FUNCTIONING PROPERLY,RAIN,DARKNESS,REAR END,NOT DIVIDED,,STRAIGHT AND LEVEL,WET,NO DEFECTS,ON SCENE,INJURY AND / OR TOW DUE TO CRASH,,,,"OVER $1,500",11/04/2018 06:11:00 PM,FOLLOWING TOO CLOSELY,UNABLE TO DETERMINE,2222,W,69TH ST,832,,,,,,,2,INCAPACITATING INJURY,1,0,1,0,0,2,0,18,1,11,41.768484981,-87.679549423,POINT (-87.679549423326 41.768484981095)
JB503482,,11/04/2018 06:00:00 PM,30,NO CONTROLS,NO CONTROLS,RAIN,"DARKNESS, LIGHTED ROAD",REAR END,DIVIDED - W/MEDIAN (NOT RAISED),6,STRAIGHT ON GRADE,WET,NO DEFECTS,NOT ON SCENE (DESK REPORT),NO INJURY / DRIVE AWAY,,,,"$501 - $1,500",11/04/2018 06:20:00 PM,WEATHER,UNABLE TO DETERMINE,6731,S,CICERO AVE,833,,,,,,,2,NO INDICATION OF INJURY,0,0,0,0,0,2,0,18,1,11,41.770242651,-87.741883912,POINT (-87.741883911686 41.770242651018)
JB503479,,11/04/2018 06:00:00 PM,30,TRAFFIC SIGNAL,FUNCTIONING PROPERLY,RAIN,"DARKNESS, LIGHTED ROAD",ANGLE,DIVIDED - W/MEDIAN BARRIER,6,STRAIGHT AND LEVEL,WET,NO DEFECTS,ON SCENE,INJURY AND / OR TOW DUE TO CRASH,Y,,,"OVER $1,500",11/04/2018 06:03:00 PM,DISREGARDING TRAFFIC SIGNALS,NOT APPLICABLE,500,N,LA SALLE DR,1831,,,,,,,3,NONINCAPACITATING INJURY,2,0,0,2,0,3,0,18,1,11,41.890841457,-87.632706278,POINT (-87.632706277654 41.890841457198)
JB503499,,11/04/2018 05:48:00 PM,30,NO CONTROLS,NO CONTROLS,RAIN,DARKNESS,REAR END,DIVIDED - W/MEDIAN BARRIER,4,STRAIGHT AND LEVEL,WET,NO DEFECTS,NOT ON SCENE (DESK REPORT),NO INJURY / DRIVE AWAY,,,,"OVER $1,500",11/04/2018 06:35:00 PM,UNABLE TO DETERMINE,UNABLE TO DETERMINE,488,E,LOWER WACKER DR,114,,,,,,,2,NO INDICATION OF INJURY,0,0,0,0,0,2,0,17,1,11,41.887481347,-87.6158676,POINT (-87.61586760009 41.887481347292)
JB504623,,11/04/2018 05:45:00 PM,30,TRAFFIC SIGNAL,UNKNOWN,CLEAR,DAYLIGHT,REAR END,NOT DIVIDED,2,STRAIGHT AND LEVEL,DRY,NO DEFECTS,NOT ON SCENE (DESK REPORT),NO INJURY / DRIVE AWAY,,,,"OVER $1,500",11/05/2018 03:40:00 PM,FOLLOWING TOO CLOSELY,IMPROPER LANE USAGE,2011,W,HOWARD ST,2424,,,,,,,2,NO INDICATION OF INJURY,0,0,0,0,0,2,0,17,1,11,42.019342043,-87.680951699,POINT (-87.680951699177 42.019342043037)
JB503488,,11/04/2018 05:45:00 PM,30,NO CONTROLS,NO CONTROLS,RAIN,"DARKNESS, LIGHTED ROAD",PEDESTRIAN,NOT DIVIDED,,STRAIGHT AND LEVEL,WET,NO DEFECTS,ON SCENE,INJURY AND / OR TOW DUE TO CRASH,,,,"OVER $1,500",11/04/2018 05:54:00 PM,IMPROPER TURNING/NO SIGNAL,WEATHER,175,N,STATE ST,111,,,,,,,2,"REPORTED, NOT EVIDENT",1,0,0,0,1,1,0,17,1,11,41.885237799,-87.627781834,POINT (-87.627781834474 41.885237799493)
JB503456,,11/04/2018 05:45:00 PM,30,NO CONTROLS,NO CONTROLS,RAIN,"DARKNESS, LIGHTED ROAD",REAR END,NOT DIVIDED,2,STRAIGHT AND LEVEL,WET,UNKNOWN,NOT ON SCENE (DESK REPORT),NO INJURY / DRIVE AWAY,,,,"OVER $1,500",11/04/2018 06:03:00 PM,IMPROPER TURNING/NO SIGNAL,IMPROPER BACKING,5832,W,ROOSEVELT RD,1513,,,,,,,2,NO INDICATION OF INJURY,0,0,0,0,0,2,0,17,1,11,41.865622366,-87.770384085,POINT (-87.770384085167 41.865622365878)
JB503457,N,11/04/2018 05:40:00 PM,30,NO CONTROLS,NO CONTROLS,RAIN,"DARKNESS, LIGHTED ROAD",REAR END,NOT DIVIDED,6,STRAIGHT AND LEVEL,WET,NO DEFECTS,,INJURY AND / OR TOW DUE TO CRASH,,,,$500 OR LESS,11/04/2018 06:12:00 PM,FOLLOWING TOO CLOSELY,UNABLE TO DETERMINE,5100,S,ARCHER AVE,815,,,,,,,2,"REPORTED, NOT EVIDENT",1,0,0,0,1,1,0,17,1,11,41.800927845,-87.729129081,POINT (-87.729129080982 41.800927845204)
JB503447,,11/04/2018 05:40:00 PM,35,OTHER,NO CONTROLS,RAIN,DARKNESS,REAR END,DIVIDED - W/MEDIAN (NOT RAISED),2,STRAIGHT AND LEVEL,WET,NO DEFECTS,ON SCENE,INJURY AND / OR TOW DUE TO CRASH,Y,,,"OVER $1,500",11/04/2018 05:44:00 PM,FOLLOWING TOO CLOSELY,WEATHER,7100,N,RIDGE BLVD,2411,,,,,,,2,NONINCAPACITATING INJURY,1,0,0,1,0,1,0,17,1,11,42.011278,-87.682871389,POINT (-87.682871388901 42.011278000313)
JB503439,,11/04/2018 05:40:00 PM,30,NO CONTROLS,NO CONTROLS,RAIN,"DARKNESS, LIGHTED ROAD",PEDESTRIAN,ONE-WAY,1,STRAIGHT AND LEVEL,WET,NO DEFECTS,ON SCENE,INJURY AND / OR TOW DUE TO CRASH,,,,$500 OR LESS,11/04/2018 05:41:00 PM,WEATHER,NOT APPLICABLE,2808,W,OGDEN SD,1022,,,,,,,2,NONINCAPACITATING INJURY,1,0,0,1,0,2,0,17,1,11,,,
JB503454,Y,11/04/2018 05:35:00 PM,30,UNKNOWN,UNKNOWN,SNOW,DARKNESS,TURNING,NOT DIVIDED,4,STRAIGHT AND LEVEL,WET,UNKNOWN,,NO INJURY / DRIVE AWAY,,,,$500 OR LESS,11/04/2018 05:49:00 PM,FAILING TO YIELD RIGHT-OF-WAY,DISREGARDING YIELD SIGN,6300,S,ASHLAND AVE,725,,,,,,,2,NO INDICATION OF INJURY,0,0,0,0,0,2,0,17,1,11,41.77937222,-87.664365347,POINT (-87.664365347416 41.779372220485)
JB503449,Y,11/04/2018 05:32:00 PM,30,TRAFFIC SIGNAL,FUNCTIONING PROPERLY,RAIN,"DARKNESS, LIGHTED ROAD",PEDESTRIAN,NOT DIVIDED,0,STRAIGHT AND LEVEL,WET,NO DEFECTS,ON SCENE,INJURY AND / OR TOW DUE TO CRASH,Y,,,"OVER $1,500",11/04/2018 05:35:00 PM,DISREGARDING TRAFFIC SIGNALS,WEATHER,7401,N,CLARK ST,2422,,,,,,,2,NONINCAPACITATING INJURY,1,0,0,1,0,5,0,17,1,11,42.015923342,-87.675041025,POINT (-87.675041024626 42.015923341742)
JB503477,,11/04/2018 05:30:00 PM,25,STOP SIGN/FLASHER,FUNCTIONING PROPERLY,RAIN,DARKNESS,REAR END,ONE-WAY,,STRAIGHT AND LEVEL,WET,NO DEFECTS,NOT ON SCENE (DESK REPORT),NO INJURY / DRIVE AWAY,Y,,Y,"$501 - $1,500",11/04/2018 06:00:00 PM,UNABLE TO DETERMINE,UNABLE TO DETERMINE,6200,S,ALBANY AVE,823,,,,,,,2,NO INDICATION OF INJURY,0,0,0,0,0,3,0,17,1,11,41.780731887,-87.700895715,POINT (-87.700895714594 41.780731887143)
JB503452,,11/04/2018 05:30:00 PM,30,TRAFFIC SIGNAL,FUNCTIONING PROPERLY,RAIN,DARKNESS,REAR END,NOT DIVIDED,2,STRAIGHT AND LEVEL,WET,NO DEFECTS,NOT ON SCENE (DESK REPORT),NO INJURY / DRIVE AWAY,,,,"$501 - $1,500",11/04/2018 06:12:00 PM,UNABLE TO DETERMINE,UNABLE TO DETERMINE,9300,S,HARBOR AVE,424,,,,,,,2,NO INDICATION OF INJURY,0,0,0,0,0,2,0,17,1,11,41.726407922,-87.545198206,POINT (-87.5451982057 41.726407921773)
JB503442,,11/04/2018 05:30:00 PM,30,TRAFFIC SIGNAL,FUNCTIONING PROPERLY,RAIN,DUSK,TURNING,NOT DIVIDED,4,STRAIGHT AND LEVEL,WET,NO DEFECTS,ON SCENE,NO INJURY / DRIVE AWAY,,,,"OVER $1,500",11/04/2018 05:35:00 PM,FAILING TO YIELD RIGHT-OF-WAY,NOT APPLICABLE,4000,W,115TH ST,2211,,,,,,,2,NO INDICATION OF INJURY,0,0,0,0,0,2,0,17,1,11,41.684075595,-87.720127756,POINT (-87.720127755565 41.684075594578)
JB503434,,11/04/2018 05:30:00 PM,30,NO CONTROLS,NO CONTROLS,RAIN,"DARKNESS, LIGHTED ROAD",TURNING,NOT DIVIDED,2,STRAIGHT AND LEVEL,WET,UNKNOWN,ON SCENE,NO INJURY / DRIVE AWAY,,,,"OVER $1,500",11/04/2018 05:33:00 PM,IMPROPER TURNING/NO SIGNAL,IMPROPER LANE USAGE,4349,W,ARMITAGE AVE,2534,,,,,,,2,NO INDICATION OF INJURY,0,0,0,0,0,2,0,17,1,11,41.916940166,-87.735868119,POINT (-87.73586811913 41.91694016626)
JB503432,,11/04/2018 05:30:00 PM,35,NO CONTROLS,NO CONTROLS,RAIN,"DARKNESS, LIGHTED ROAD",FIXED OBJECT,DIVIDED - W/MEDIAN BARRIER,4,STRAIGHT AND LEVEL,WET,NO DEFECTS,ON SCENE,INJURY AND / OR TOW DUE TO CRASH,,Y,,"OVER $1,500",11/04/2018 05:36:00 PM,UNABLE TO DETERMINE,UNABLE TO DETERMINE,5952,N,LINCOLN AVE,2011,,,,,,,1,NO INDICATION OF INJURY,0,0,0,0,0,1,0,17,1,11,41.989258322,-87.705714347,POINT (-87.705714347149 41.989258322496)
JB504821,,11/04/2018 05:20:00 PM,30,STOP SIGN/FLASHER,FUNCTIONING PROPERLY,RAIN,DUSK,REAR END,DIVIDED - W/MEDIAN (NOT RAISED),2,STRAIGHT AND LEVEL,WET,NO DEFECTS,NOT ON SCENE (DESK REPORT),NO INJURY / DRIVE AWAY,,,,"$501 - $1,500",11/05/2018 06:48:00 PM,FOLLOWING TOO CLOSELY,DRIVING SKILLS/KNOWLEDGE/EXPERIENCE,3800,W,59TH ST,822,,,,,,,2,NO INDICATION OF INJURY,0,0,0,0,0,4,0,17,1,11,41.786121516,-87.718182595,POINT (-87.718182594902 41.78612151568)
JB503435,,11/04/2018 05:20:00 PM,30,STOP SIGN/FLASHER,UNKNOWN,RAIN,"DARKNESS, LIGHTED ROAD",ANGLE,NOT DIVIDED,,STRAIGHT AND LEVEL,UNKNOWN,UNKNOWN,NOT ON SCENE (DESK REPORT),NO INJURY / DRIVE AWAY,Y,,,"OVER $1,500",11/04/2018 05:35:00 PM,UNABLE TO DETERMINE,NOT APPLICABLE,3300,S,WALLACE ST,915,,,,,,,2,NO INDICATION OF INJURY,0,0,0,0,0,2,0,17,1,11,41.834366963,-87.641470349,POINT (-87.641470348556 41.834366963225)
JB503437,,11/04/2018 05:15:00 PM,30,TRAFFIC SIGNAL,FUNCTIONING PROPERLY,CLEAR,DUSK,TURNING,OTHER,,STRAIGHT AND LEVEL,DRY,NO DEFECTS,NOT ON SCENE (DESK REPORT),INJURY AND / OR TOW DUE TO CRASH,Y,,,$500 OR LESS,11/04/2018 05:40:00 PM,FAILING TO YIELD RIGHT-OF-WAY,FAILING TO REDUCE SPEED TO AVOID CRASH,2800,W,LOGAN BLVD,1411,,,,,,,2,"REPORTED, NOT EVIDENT",1,0,0,0,1,5,0,17,1,11,41.928574981,-87.697578354,POINT (-87.697578353694 41.928574981126)
JB503428,,11/04/2018 05:15:00 PM,30,NO CONTROLS,NO CONTROLS,RAIN,DUSK,SIDESWIPE SAME DIRECTION,NOT DIVIDED,2,STRAIGHT AND LEVEL,UNKNOWN,UNKNOWN,NOT ON SCENE (DESK REPORT),NO INJURY / DRIVE AWAY,,,,$500 OR LESS,11/04/2018 05:40:00 PM,UNABLE TO DETERMINE,NOT APPLICABLE,2053,N,LINCOLN AVE,1812,,,,,,,2,NO INDICATION OF INJURY,0,0,0,0,0,2,0,17,1,11,41.919593013,-87.640369248,POINT (-87.640369247854 41.919593012851)
JB503423,,11/04/2018 05:15:00 PM,30,NO CONTROLS,NO CONTROLS,RAIN,DARKNESS,REAR END,DIVIDED - W/MEDIAN (NOT RAISED),6,STRAIGHT ON GRADE,WET,NO DEFECTS,NOT ON SCENE (DESK REPORT),INJURY AND / OR TOW DUE TO CRASH,,,,$500 OR LESS,11/04/2018 05:40:00 PM,FOLLOWING TOO CLOSELY,UNABLE TO DETERMINE,6901,S,CICERO AVE,833,,,,,,,2,NONINCAPACITATING INJURY,1,0,0,1,0,1,0,17,1,11,41.767573099,-87.741825012,POINT (-87.741825011909 41.767573099349)
JB503411,,11/04/2018 05:14:00 PM,30,TRAFFIC SIGNAL,FUNCTIONING PROPERLY,RAIN,"DARKNESS, LIGHTED ROAD",TURNING,OTHER,7,STRAIGHT AND LEVEL,WET,NO DEFECTS,ON SCENE,INJURY AND / OR TOW DUE TO CRASH,Y,Y,N,"OVER $1,500",11/04/2018 05:20:00 PM,DRIVING SKILLS/KNOWLEDGE/EXPERIENCE,WEATHER,5398,S,ARCHER AVE,815,,,,,,,2,NO INDICATION OF INJURY,0,0,0,0,0,3,0,17,1,11,41.798778037,-87.742899031,POINT (-87.742899031077 41.7987780375)
JB503418,,11/04/2018 05:10:00 PM,15,UNKNOWN,NO CONTROLS,RAIN,DARKNESS,FIXED OBJECT,ALLEY,1,STRAIGHT AND LEVEL,WET,NO DEFECTS,ON SCENE,INJURY AND / OR TOW DUE TO CRASH,,,,"OVER $1,500",11/04/2018 05:17:00 PM,UNABLE TO DETERMINE,NOT APPLICABLE,319,S,KOSTNER AVE,1131,,Y,,,,,1,NONINCAPACITATING INJURY,3,0,0,1,2,0,0,17,1,11,41.876309988,-87.73517857,POINT (-87.735178569998 41.876309988239)
JB503416,,11/04/2018 05:10:00 PM,30,NO CONTROLS,NO CONTROLS,RAIN,DARKNESS,SIDESWIPE SAME DIRECTION,ONE-WAY,4,STRAIGHT AND LEVEL,WET,NO DEFECTS,NOT ON SCENE (DESK REPORT),NO INJURY / DRIVE AWAY,,,,"$501 - $1,500",11/04/2018 05:25:00 PM,UNABLE TO DETERMINE,UNABLE TO DETERMINE,100,E,ONTARIO ST,1834,,,,,,,2,NO INDICATION OF INJURY,0,0,0,0,0,3,0,17,1,11,41.893426147,-87.625362025,POINT (-87.625362024568 41.893426146708)
JB503493,,11/04/2018 05:05:00 PM,30,TRAFFIC SIGNAL,FUNCTIONING PROPERLY,RAIN,DAYLIGHT,ANGLE,NOT DIVIDED,,STRAIGHT AND LEVEL,WET,NO DEFECTS,NOT ON SCENE (DESK REPORT),NO INJURY / DRIVE AWAY,Y,,Y,"OVER $1,500",11/04/2018 06:35:00 PM,UNABLE TO DETERMINE,UNABLE TO DETERMINE,10,N,KILBOURN AVE,1113,,,,,,,2,NO INDICATION OF INJURY,0,0,0,0,0,2,0,17,1,11,41.880908955,-87.738085173,POINT (-87.738085173434 41.880908954759)
JB503419,,11/04/2018 05:05:00 PM,30,UNKNOWN,UNKNOWN,RAIN,DARKNESS,ANGLE,NOT DIVIDED,2,STRAIGHT AND LEVEL,WET,NO DEFECTS,NOT ON SCENE (DESK REPORT),NO INJURY / DRIVE AWAY,,,,"OVER $1,500",11/04/2018 05:30:00 PM,UNABLE TO DETERMINE,UNABLE TO DETERMINE,5700,W,SUNNYSIDE AVE,1622,,,,,,,2,NO INDICATION OF INJURY,0,0,0,0,0,2,0,17,1,11,41.962429455,-87.769812998,POINT (-87.769812997526 41.962429455091)
JB503415,,11/04/2018 05:05:00 PM,30,TRAFFIC SIGNAL,WORN REFLECTIVE MATERIAL,RAIN,"DARKNESS, LIGHTED ROAD",FIXED OBJECT,DIVIDED - W/MEDIAN (NOT RAISED),4,STRAIGHT AND LEVEL,WET,NO DEFECTS,ON SCENE,INJURY AND / OR TOW DUE TO CRASH,Y,,Y,"OVER $1,500",11/04/2018 05:10:00 PM,UNABLE TO DETERMINE,UNABLE TO DETERMINE,100,E,ROOSEVELT RD,114,,,,,,,1,"REPORTED, NOT EVIDENT",1,0,0,0,1,0,0,17,1,11,41.867566541,-87.624094175,POINT (-87.624094174802 41.867566540607)
JB503397,,11/04/2018 05:04:00 PM,25,OTHER,FUNCTIONING PROPERLY,RAIN,"DARKNESS, LIGHTED ROAD",PEDESTRIAN,DIVIDED - W/MEDIAN BARRIER,2,STRAIGHT AND LEVEL,WET,NO DEFECTS,ON SCENE,INJURY AND / OR TOW DUE TO CRASH,Y,,,$500 OR LESS,11/04/2018 05:06:00 PM,FAILING TO YIELD RIGHT-OF-WAY,DRIVING SKILLS/KNOWLEDGE/EXPERIENCE,2399,N,CLARK ST,1814,,,,,,,2,NONINCAPACITATING INJURY,1,0,0,1,0,1,0,17,1,11,41.925542173,-87.6402891,POINT (-87.640289099938 41.925542172569)
JB503569,,11/04/2018 05:00:00 PM,30,STOP SIGN/FLASHER,FUNCTIONING PROPERLY,RAIN,DAYLIGHT,REAR END,NOT DIVIDED,,STRAIGHT AND LEVEL,WET,NO DEFECTS,NOT ON SCENE (DESK REPORT),NO INJURY / DRIVE AWAY,N,,,"OVER $1,500",11/04/2018 07:30:00 PM,FOLLOWING TOO CLOSELY,UNABLE TO DETERMINE,6530,W,ADDISON ST,1632,,,,,,,2,NO INDICATION OF INJURY,0,0,0,0,0,2,0,17,1,11,41.945705631,-87.790050474,POINT (-87.790050473511 41.945705631381)
JB503403,,11/04/2018 05:00:00 PM,30,NO CONTROLS,NO CONTROLS,RAIN,"DARKNESS, LIGHTED ROAD",PARKED MOTOR VEHICLE,ONE-WAY,3,STRAIGHT AND LEVEL,WET,NO DEFECTS,ON SCENE,NO INJURY / DRIVE AWAY,,,,"$501 - $1,500",11/04/2018 05:05:00 PM,IMPROPER BACKING,WEATHER,225,W,RANDOLPH ST,122,,,,,,,2,NO INDICATION OF INJURY,0,0,0,0,0,1,0,17,1,11,41.88435558,-87.63463655,POINT (-87.634636549891 41.884355579622)
JB503399,,11/04/2018 05:00:00 PM,30,TRAFFIC SIGNAL,FUNCTIONING PROPERLY,RAIN,"DARKNESS, LIGHTED ROAD",REAR END,NOT DIVIDED,,STRAIGHT AND LEVEL,WET,NO DEFECTS,NOT ON SCENE (DESK REPORT),NO INJURY / DRIVE AWAY,,,,"OVER $1,500",11/04/2018 05:16:00 PM,FOLLOWING TOO CLOSELY,NOT APPLICABLE,7600,W,DEVON AVE,1612,,,,,,,2,NO INDICATION OF INJURY,0,0,0,0,0,3,0,17,1,11,41.997083641,-87.816814876,POINT (-87.816814875528 41.997083641265)
JB512475,,11/04/2018 04:55:00 PM,35,STOP SIGN/FLASHER,UNKNOWN,UNKNOWN,UNKNOWN,REAR END,NOT DIVIDED,,STRAIGHT AND LEVEL,UNKNOWN,UNKNOWN,NOT ON SCENE (DESK REPORT),NO INJURY / DRIVE AWAY,,,,$500 OR LESS,11/11/2018 09:00:00 PM,UNABLE TO DETERMINE,UNABLE TO DETERMINE,7000,S,SOUTH SHORE DR,331,,,,,,,2,NO INDICATION OF INJURY,0,0,0,0,0,3,0,16,1,11,41.768028469,-87.566649893,POINT (-87.566649893195 41.768028469262)
JB503396,,11/04/2018 04:50:00 PM,35,NO CONTROLS,NO CONTROLS,RAIN,"DARKNESS, LIGHTED ROAD",REAR END,DIVIDED - W/MEDIAN BARRIER,4,STRAIGHT AND LEVEL,WET,NO DEFECTS,ON SCENE,INJURY AND / OR TOW DUE TO CRASH,,,,"OVER $1,500",11/04/2018 04:55:00 PM,FAILING TO REDUCE SPEED TO AVOID CRASH,FAILING TO REDUCE SPEED TO AVOID CRASH,2300,W,PETERSON AVE,2413,,,,,,,2,NONINCAPACITATING INJURY,1,0,0,1,0,1,0,16,1,11,41.990650711,-87.687271321,POINT (-87.687271321139 41.990650711492)
JB503433,,11/04/2018 04:49:00 PM,30,NO CONTROLS,NO CONTROLS,RAIN,"DARKNESS, LIGHTED ROAD",PARKED MOTOR VEHICLE,OTHER,,STRAIGHT AND LEVEL,WET,NO DEFECTS,ON SCENE,NO INJURY / DRIVE AWAY,,Y,,"OVER $1,500",11/04/2018 05:33:00 PM,UNABLE TO DETERMINE,UNABLE TO DETERMINE,5644,N,KENTON AVE,1711,,,,,,,3,NO INDICATION OF INJURY,0,0,0,0,0,1,0,16,1,11,41.983946315,-87.743291008,POINT (-87.743291008417 41.983946315439)
JB503424,,11/04/2018 04:49:00 PM,30,STOP SIGN/FLASHER,FUNCTIONING PROPERLY,RAIN,"DARKNESS, LIGHTED ROAD",ANGLE,NOT DIVIDED,2,STRAIGHT AND LEVEL,WET,NO DEFECTS,ON SCENE,INJURY AND / OR TOW DUE TO CRASH,,,Y,"OVER $1,500",11/04/2018 04:50:00 PM,FAILING TO YIELD RIGHT-OF-WAY,UNABLE TO DETERMINE,6800,S,PULASKI RD,833,,,,,,,2,NO INDICATION OF INJURY,0,0,0,0,0,2,0,16,1,11,41.769507221,-87.722673268,POINT (-87.72267326755 41.769507220616)
JB503382,,11/04/2018 04:48:00 PM,30,NO CONTROLS,NO CONTROLS,RAIN,"DARKNESS, LIGHTED ROAD",TURNING,DIVIDED - W/MEDIAN (NOT RAISED),2,STRAIGHT AND LEVEL,WET,NO DEFECTS,ON SCENE,INJURY AND / OR TOW DUE TO CRASH,Y,,,"OVER $1,500",11/04/2018 04:48:00 PM,UNABLE TO DETERMINE,NOT APPLICABLE,3532,W,CERMAK RD,1024,,,,,,,3,NO INDICATION OF INJURY,0,0,0,0,0,5,0,16,1,11,41.851790359,-87.713566448,POINT (-87.713566448428 41.851790358529)
JB503381,,11/04/2018 04:46:00 PM,30,STOP SIGN/FLASHER,FUNCTIONING PROPERLY,RAIN,"DARKNESS, LIGHTED ROAD",TURNING,NOT DIVIDED,2,STRAIGHT AND LEVEL,WET,NO DEFECTS,ON SCENE,INJURY AND / OR TOW DUE TO CRASH,,,,"$501 - $1,500",11/04/2018 04:47:00 PM,DISREGARDING TRAFFIC SIGNALS,WEATHER,10700,S,HALSTED ST,2233,,,,,,,2,NO INDICATION OF INJURY,0,0,0,0,0,2,0,16,1,11,41.699547415,-87.642751915,POINT (-87.64275191512 41.699547414667)
JB503581,,11/04/2018 04:45:00 PM,30,NO CONTROLS,NO CONTROLS,RAIN,DAYLIGHT,SIDESWIPE OPPOSITE DIRECTION,NOT DIVIDED,,STRAIGHT AND LEVEL,WET,NO DEFECTS,NOT ON SCENE (DESK REPORT),NO INJURY / DRIVE AWAY,,,,"OVER $1,500",11/04/2018 05:45:00 PM,UNABLE TO DETERMINE,UNABLE TO DETERMINE,3000,W,ROOSEVELT RD,1134,,,,,,,2,NO INDICATION OF INJURY,0,0,0,0,0,4,0,16,1,11,41.866564727,-87.700851478,POINT (-87.70085147848 41.866564726967)