RD_NO,CRASH_DATE_EST_I,CRASH_DATE,POSTED_SPEED_LIMIT,TRAFFIC_CONTROL_DEVICE,DEVICE_CONDITION,WEATHER_CONDITION,LIGHTING_CONDITION,FIRST_CRASH_TYPE,TRAFFICWAY_TYPE,LANE_CNT,ALIGNMENT,ROADWAY_SURFACE_COND,ROAD_DEFECT,REPORT_TYPE,CRASH_TYPE,INTERSECTION_RELATED_I,NOT_RIGHT_OF_WAY_I,HIT_AND_RUN_I,DAMAGE,DATE_POLICE_NOTIFIED,PRIM_CONTRIBUTORY_CAUSE,SEC_CONTRIBUTORY_CAUSE,STREET_NO,STREET_DIRECTION,STREET_NAME,BEAT_OF_OCCURRENCE,PHOTOS_TAKEN_I,STATEMENTS_TAKEN_I,DOORING_I,WORK_ZONE_I,WORK_ZONE_TYPE,WORKERS_PRESENT_I,NUM_UNITS,MOST_SEVERE_INJURY,INJURIES_TOTAL,INJURIES_FATAL,INJURIES_INCAPACITATING,INJURIES_NON_INCAPACITATING,INJURIES_REPORTED_NOT_EVIDENT,INJURIES_NO_INDICATION,INJURIES_UNKNOWN,CRASH_HOUR,CRASH_DAY_OF_WEEK,CRASH_MONTH,LATITUDE,LONGITUDE,LOCATION
JB503405,,11/04/2018 04:45:00 PM,30,TRAFFIC SIGNAL,FUNCTIONING PROPERLY,RAIN,"DARKNESS, LIGHTED ROAD",REAR END,NOT DIVIDED,2,STRAIGHT AND LEVEL,WET,NO DEFECTS,ON SCENE,NO INJURY / DRIVE AWAY,,,Y,$500 OR LESS,11/04/2018 04:54:00 PM,UNABLE TO DETERMINE,UNABLE TO DETERMINE,1537,N,DAMEN AVE,1424,,,,,,,3,NO INDICATION OF INJURY,0,0,0,0,0,3,0,16,1,11,41.909351466,-87.677287269,POINT (-87.677287269473 41.909351465539)
JB503392,,11/04/2018 04:45:00 PM,30,TRAFFIC SIGNAL,FUNCTIONING PROPERLY,RAIN,"DARKNESS, LIGHTED ROAD",REAR END,NOT DIVIDED,4,STRAIGHT AND LEVEL,WET,NO DEFECTS,ON SCENE,INJURY AND / OR TOW DUE TO CRASH,Y,,Y,"OVER $1,500",11/04/2018 04:53:00 PM,FOLLOWING TOO CLOSELY,EXCEEDING SAFE SPEED FOR CONDITIONS,800,N,DAMEN AVE,1212,,,,,,,2,"REPORTED, NOT EVIDENT",1,0,0,0,1,1,0,16,1,11,41.895933348,-87.677199917,POINT (-87.677199916526 41.895933347984)
JB503391,,11/04/2018 04:40:00 PM,30,NO CONTROLS,UNKNOWN,RAIN,"DARKNESS, LIGHTED ROAD",REAR END,NOT DIVIDED,4,STRAIGHT AND LEVEL,WET,OTHER,ON SCENE,NO INJURY / DRIVE AWAY,,,,"OVER $1,500",11/04/2018 04:50:00 PM,FOLLOWING TOO CLOSELY,FAILING TO REDUCE SPEED TO AVOID CRASH,3420,N,CUMBERLAND AVE,1631,,,,,,,2,NO INDICATION OF INJURY,0,0,0,0,0,2,0,16,1,11,41.9410852,-87.836385877,POINT (-87.836385877246 41.941085199834)
JB503393,,11/04/2018 04:39:00 PM,30,OTHER,FUNCTIONING PROPERLY,RAIN,"DARKNESS, LIGHTED ROAD",SIDESWIPE SAME DIRECTION,NOT DIVIDED,2,STRAIGHT AND LEVEL,WET,NO DEFECTS,NOT ON SCENE (DESK REPORT),INJURY AND / OR TOW DUE TO CRASH,Y,,,"OVER $1,500",11/04/2018 04:39:00 PM,FAILING TO YIELD RIGHT-OF-WAY,"VISION OBSCURED (SIGNS, TREE LIMBS, BUILDINGS, ETC.)",6958,N,WOLCOTT AVE,2424,,,,,,,2,NO INDICATION OF INJURY,0,0,0,0,0,2,0,16,1,11,42.008243713,-87.678183407,POINT (-87.678183407182 42.008243713428)
JB509457,,11/04/2018 04:30:00 PM,30,NO CONTROLS,NO CONTROLS,UNKNOWN,DUSK,ANGLE,NOT DIVIDED,2,STRAIGHT AND LEVEL,UNKNOWN,NO DEFECTS,NOT ON SCENE (DESK REPORT),NO INJURY / DRIVE AWAY,,,,"OVER $1,500",11/09/2018 10:30:00 AM,UNABLE TO DETERMINE,UNABLE TO DETERMINE,8305,S,COTTAGE GROVE AVE,632,,,,,,,2,NO INDICATION OF INJURY,0,0,0,0,0,4,0,16,1,11,41.743763797,-87.60487952,POINT (-87.604879520191 41.743763796812)
JB504987,,11/04/2018 04:30:00 PM,20,NO CONTROLS,NO CONTROLS,CLEAR,DAYLIGHT,ANGLE,ONE-WAY,1,STRAIGHT AND LEVEL,DRY,NO DEFECTS,NOT ON SCENE (DESK REPORT),NO INJURY / DRIVE AWAY,Y,,,"OVER $1,500",11/05/2018 07:45:00 PM,IMPROPER BACKING,IMPROPER BACKING,3945,N,TROY ST,1733,,,,,,,2,NO INDICATION OF INJURY,0,0,0,0,0,2,0,16,1,11,41.953448265,-87.706632493,POINT (-87.706632492717 41.953448264912)
JB503472,,11/04/2018 04:30:00 PM,30,NO CONTROLS,NO CONTROLS,RAIN,DAWN,REAR END,NOT DIVIDED,2,STRAIGHT AND LEVEL,WET,UNKNOWN,NOT ON SCENE (DESK REPORT),INJURY AND / OR TOW DUE TO CRASH,,,,"$501 - $1,500",11/04/2018 06:00:00 PM,UNABLE TO DETERMINE,UNABLE TO DETERMINE,744,E,83RD ST,631,,,,,,,2,"REPORTED, NOT EVIDENT",1,0,0,0,1,2,0,16,1,11,41.744068635,-87.605724366,POINT (-87.605724366124 41.744068634673)
JB503388,,11/04/2018 04:30:00 PM,30,STOP SIGN/FLASHER,FUNCTIONING PROPERLY,RAIN,DUSK,SIDESWIPE SAME DIRECTION,NOT DIVIDED,2,STRAIGHT AND LEVEL,WET,NO DEFECTS,NOT ON SCENE (DESK REPORT),NO INJURY / DRIVE AWAY,,,Y,"$501 - $1,500",11/04/2018 05:00:00 PM,IMPROPER OVERTAKING/PASSING,FAILING TO YIELD RIGHT-OF-WAY,1959,W,CORTLAND ST,1434,,,,,,,2,NO INDICATION OF INJURY,0,0,0,0,0,4,0,16,1,11,41.915833605,-87.677516651,POINT (-87.677516651009 41.915833605457)
JB503377,,11/04/2018 04:30:00 PM,30,STOP SIGN/FLASHER,FUNCTIONING PROPERLY,RAIN,"DARKNESS, LIGHTED ROAD",REAR END,NOT DIVIDED,4,STRAIGHT AND LEVEL,WET,NO DEFECTS,NOT ON SCENE (DESK REPORT),NO INJURY / DRIVE AWAY,,,,"$501 - $1,500",11/04/2018 05:00:00 PM,FOLLOWING TOO CLOSELY,NOT APPLICABLE,626,N,STATE ST,1832,,,,,,,2,NO INDICATION OF INJURY,0,0,0,0,0,2,0,16,1,11,41.893235481,-87.628265053,POINT (-87.628265053391 41.893235480838)
JB503366,,11/04/2018 04:30:00 PM,30,TRAFFIC SIGNAL,UNKNOWN,RAIN,DUSK,REAR END,NOT DIVIDED,,STRAIGHT AND LEVEL,UNKNOWN,UNKNOWN,NOT ON SCENE (DESK REPORT),NO INJURY / DRIVE AWAY,Y,,,"OVER $1,500",11/04/2018 04:50:00 PM,FOLLOWING TOO CLOSELY,NOT APPLICABLE,124,W,43RD ST,213,,,,,,,2,NO INDICATION OF INJURY,0,0,0,0,0,2,0,16,1,11,41.816550382,-87.629750893,POINT (-87.629750893362 41.816550381552)
JB503354,,11/04/2018 04:30:00 PM,30,TRAFFIC SIGNAL,FUNCTIONING PROPERLY,RAIN,DUSK,HEAD ON,DIVIDED - W/MEDIAN (NOT RAISED),2,STRAIGHT AND LEVEL,WET,NO DEFECTS,ON SCENE,NO INJURY / DRIVE AWAY,,,,"OVER $1,500",11/04/2018 04:35:00 PM,UNABLE TO DETERMINE,UNABLE TO DETERMINE,3740,N,KIMBALL AVE,1732,,,,,,,2,NO INDICATION OF INJURY,0,0,0,0,0,2,0,16,1,11,41.949618327,-87.712943829,POINT (-87.712943828585 41.949618327442)
JB503365,,11/04/2018 04:22:00 PM,30,TRAFFIC SIGNAL,FUNCTIONING PROPERLY,RAIN,"DARKNESS, LIGHTED ROAD",PEDESTRIAN,DIVIDED - W/MEDIAN (NOT RAISED),4,STRAIGHT AND LEVEL,WET,NO DEFECTS,ON SCENE,INJURY AND / OR TOW DUE TO CRASH,Y,,,$500 OR LESS,11/04/2018 04:27:00 PM,FAILING TO YIELD RIGHT-OF-WAY,WEATHER,3800,N,CICERO AVE,1634,,,,,,,2,NONINCAPACITATING INJURY,1,0,0,1,0,1,0,16,1,11,41.949805688,-87.74735089,POINT (-87.747350889952 41.949805687678)
JB503413,,11/04/2018 04:20:00 PM,30,NO CONTROLS,NO CONTROLS,RAIN,DUSK,PARKED MOTOR VEHICLE,OTHER,,STRAIGHT AND LEVEL,WET,NO DEFECTS,NOT ON SCENE (DESK REPORT),NO INJURY / DRIVE AWAY,,,,$500 OR LESS,11/04/2018 05:28:00 PM,UNABLE TO DETERMINE,NOT APPLICABLE,5700,S,LAKE SHORE DR,331,,,,,,,2,NO INDICATION OF INJURY,0,0,0,0,0,3,0,16,1,11,41.791420282,-87.580147769,POINT (-87.580147768689 41.791420282098)
JB503358,,11/04/2018 04:20:00 PM,30,STOP SIGN/FLASHER,NOT FUNCTIONING,RAIN,DAYLIGHT,TURNING,NOT DIVIDED,,STRAIGHT AND LEVEL,DRY,NO DEFECTS,NOT ON SCENE (DESK REPORT),NO INJURY / DRIVE AWAY,,,,"$501 - $1,500",11/04/2018 04:45:00 PM,FAILING TO YIELD RIGHT-OF-WAY,NOT APPLICABLE,400,S,ABERDEEN ST,1232,,,,,,,2,NO INDICATION OF INJURY,0,0,0,0,0,2,0,16,1,11,41.876543223,-87.654678074,POINT (-87.654678074437 41.876543223048)
JB503339,,11/04/2018 04:15:00 PM,30,NO CONTROLS,NO CONTROLS,RAIN,"DARKNESS, LIGHTED ROAD",PARKED MOTOR VEHICLE,DIVIDED - W/MEDIAN (NOT RAISED),2,STRAIGHT AND LEVEL,WET,UNKNOWN,ON SCENE,NO INJURY / DRIVE AWAY,,,,"$501 - $1,500",11/04/2018 04:18:00 PM,IMPROPER OVERTAKING/PASSING,IMPROPER LANE USAGE,1740,N,MILWAUKEE AVE,1434,,,,,,,2,NO INDICATION OF INJURY,0,0,0,0,0,1,0,16,1,11,41.912912321,-87.681607017,POINT (-87.681607017023 41.91291232121)
JB503346,,11/04/2018 04:13:00 PM,15,NO CONTROLS,NO CONTROLS,RAIN,DUSK,REAR END,PARKING LOT,,STRAIGHT AND LEVEL,WET,NO DEFECTS,ON SCENE,INJURY AND / OR TOW DUE TO CRASH,,,,"$501 - $1,500",11/04/2018 04:13:00 PM,UNABLE TO DETERMINE,UNABLE TO DETERMINE,5130,W,JACKSON BLVD,1533,,,,,,,2,"REPORTED, NOT EVIDENT",1,0,0,0,1,2,0,16,1,11,41.87677136,-87.754771365,POINT (-87.754771364685 41.876771359965)
JB503375,,11/04/2018 04:11:00 PM,30,NO CONTROLS,NO CONTROLS,RAIN,DUSK,REAR END,DIVIDED - W/MEDIAN (NOT RAISED),,STRAIGHT AND LEVEL,WET,NO DEFECTS,ON SCENE,NO INJURY / DRIVE AWAY,,,,"$501 - $1,500",11/04/2018 05:00:00 PM,FAILING TO REDUCE SPEED TO AVOID CRASH,NOT APPLICABLE,6341,W,BELMONT AVE,2511,,,,,,,2,NO INDICATION OF INJURY,0,0,0,0,0,2,0,16,1,11,41.93822013,-87.785095442,POINT (-87.785095442381 41.93822013044)
JB504374,Y,11/04/2018 04:10:00 PM,30,UNKNOWN,UNKNOWN,UNKNOWN,DAYLIGHT,REAR END,NOT DIVIDED,,STRAIGHT AND LEVEL,UNKNOWN,UNKNOWN,NOT ON SCENE (DESK REPORT),NO INJURY / DRIVE AWAY,Y,,,"OVER $1,500",11/05/2018 01:00:00 PM,NOT APPLICABLE,NOT APPLICABLE,372,E,JACKSON DR,114,,,,,,,3,NO INDICATION OF INJURY,0,0,0,0,0,3,0,16,1,11,41.878476366,-87.618126894,POINT (-87.618126893813 41.878476365919)
JB503352,,11/04/2018 04:10:00 PM,30,NO CONTROLS,NO CONTROLS,RAIN,DUSK,REAR END,NOT DIVIDED,2,STRAIGHT AND LEVEL,WET,NO DEFECTS,ON SCENE,NO INJURY / DRIVE AWAY,,,Y,$500 OR LESS,11/04/2018 04:15:00 PM,FOLLOWING TOO CLOSELY,FOLLOWING TOO CLOSELY,4224,W,ARMITAGE AVE,2522,,,,,,,2,NO INDICATION OF INJURY,0,0,0,0,0,4,0,16,1,11,41.917197698,-87.732610709,POINT (-87.732610709118 41.917197697953)
JB503343,,11/04/2018 04:10:00 PM,30,TRAFFIC SIGNAL,FUNCTIONING PROPERLY,RAIN,DUSK,ANGLE,OTHER,,STRAIGHT AND LEVEL,WET,NO DEFECTS,ON SCENE,INJURY AND / OR TOW DUE TO CRASH,Y,,,"OVER $1,500",11/04/2018 04:17:00 PM,DISREGARDING TRAFFIC SIGNALS,NOT APPLICABLE,2000,W,WASHINGTON BLVD,1223,,,,,,,2,"REPORTED, NOT EVIDENT",1,0,0,0,1,3,0,16,1,11,41.883254928,-87.676815166,POINT (-87.676815165876 41.883254927762)
JB503360,,11/04/2018 04:00:00 PM,30,STOP SIGN/FLASHER,FUNCTIONING PROPERLY,RAIN,"DARKNESS, LIGHTED ROAD",REAR END,NOT DIVIDED,,STRAIGHT AND LEVEL,WET,NO DEFECTS,NOT ON SCENE (DESK REPORT),NO INJURY / DRIVE AWAY,,,,$500 OR LESS,11/04/2018 04:30:00 PM,NOT APPLICABLE,NOT APPLICABLE,1700,W,63RD ST,714,,,,,,,2,NO INDICATION OF INJURY,0,0,0,0,0,2,0,16,1,11,41.779527008,-87.666730977,POINT (-87.666730977486 41.77952700803)
JB503332,,11/04/2018 03:56:00 PM,30,NO CONTROLS,NO CONTROLS,RAIN,DAYLIGHT,REAR END,DIVIDED - W/MEDIAN (NOT RAISED),4,STRAIGHT AND LEVEL,WET,NO DEFECTS,ON SCENE,NO INJURY / DRIVE AWAY,,,,$500 OR LESS,11/04/2018 03:57:00 PM,WEATHER,WEATHER,6550,S,WESTERN AVE,832,,,,,,,2,NO INDICATION OF INJURY,0,0,0,0,0,5,0,15,1,11,41.774097349,-87.6836505,POINT (-87.683650500419 41.77409734891)
JB503329,,11/04/2018 03:51:00 PM,30,STOP SIGN/FLASHER,NO CONTROLS,RAIN,DAYLIGHT,ANGLE,NOT DIVIDED,,STRAIGHT AND LEVEL,WET,NO DEFECTS,ON SCENE,INJURY AND / OR TOW DUE TO CRASH,Y,,,"$501 - $1,500",11/04/2018 03:55:00 PM,DISREGARDING STOP SIGN,FAILING TO YIELD RIGHT-OF-WAY,8000,S,RACINE AVE,612,,,,,,,3,"REPORTED, NOT EVIDENT",1,0,0,0,1,2,0,15,1,11,41.748583478,-87.653833843,POINT (-87.653833842963 41.748583478125)
JB509567,Y,11/04/2018 03:45:00 PM,30,NO CONTROLS,NO CONTROLS,CLEAR,DAYLIGHT,REAR END,PARKING LOT,,STRAIGHT AND LEVEL,DRY,NO DEFECTS,NOT ON SCENE (DESK REPORT),NO INJURY / DRIVE AWAY,,Y,Y,"OVER $1,500",11/09/2018 11:50:00 AM,IMPROPER BACKING,IMPROPER BACKING,1120,W,LAWRENCE AVE,2033,,,,,,,2,NO INDICATION OF INJURY,0,0,0,0,0,2,0,15,1,11,41.969151842,-87.658516354,POINT (-87.658516353722 41.969151841632)
JB503325,,11/04/2018 03:45:00 PM,30,NO CONTROLS,NO CONTROLS,RAIN,DAYLIGHT,ANGLE,NOT DIVIDED,2,STRAIGHT AND LEVEL,WET,NO DEFECTS,NOT ON SCENE (DESK REPORT),NO INJURY / DRIVE AWAY,,,,"$501 - $1,500",11/04/2018 04:15:00 PM,"VISION OBSCURED (SIGNS, TREE LIMBS, BUILDINGS, ETC.)",NOT APPLICABLE,160,W,ERIE ST,1832,,,,,,,2,NO INDICATION OF INJURY,0,0,0,0,0,2,0,15,1,11,41.894106994,-87.63362051,POINT (-87.633620509982 41.89410699413)
JB503320,,11/04/2018 03:35:00 PM,30,TRAFFIC SIGNAL,FUNCTIONING PROPERLY,RAIN,DAYLIGHT,REAR END,DIVIDED - W/MEDIAN (NOT RAISED),4,STRAIGHT AND LEVEL,WET,UNKNOWN,ON SCENE,INJURY AND / OR TOW DUE TO CRASH,,,,"OVER $1,500",11/04/2018 03:50:00 PM,DRIVING SKILLS/KNOWLEDGE/EXPERIENCE,NOT APPLICABLE,801,W,ROOSEVELT RD,1232,,,,,,,3,NO INDICATION OF INJURY,0,0,0,0,0,3,0,15,1,11,41.867043607,-87.646966973,POINT (-87.646966972695 41.867043606915)
JB503302,,11/04/2018 03:33:00 PM,30,TRAFFIC SIGNAL,FUNCTIONING PROPERLY,RAIN,DAYLIGHT,REAR END,NOT DIVIDED,2,STRAIGHT AND LEVEL,WET,UNKNOWN,ON SCENE,NO INJURY / DRIVE AWAY,,,,"OVER $1,500",11/04/2018 03:39:00 PM,UNABLE TO DETERMINE,NOT APPLICABLE,1320,W,IRVING PARK RD,1912,,,,,,,2,NO INDICATION OF INJURY,0,0,0,0,0,2,0,15,1,11,41.954479103,-87.663118185,POINT (-87.663118185369 41.954479103414)
JB504084,,11/04/2018 03:30:00 PM,30,TRAFFIC SIGNAL,FUNCTIONING PROPERLY,CLEAR,DAYLIGHT,TURNING,CENTER TURN LANE,,STRAIGHT AND LEVEL,DRY,NO DEFECTS,NOT ON SCENE (DESK REPORT),NO INJURY / DRIVE AWAY,Y,,,"OVER $1,500",11/05/2018 09:44:00 AM,UNABLE TO DETERMINE,UNABLE TO DETERMINE,1610,N,LA SALLE DR,1814,,,,,,,2,NO INDICATION OF INJURY,0,0,0,0,0,2,0,15,1,11,41.911512937,-87.633301423,POINT (-87.633301422838 41.911512936638)
JB503303,,11/04/2018 03:25:00 PM,30,NO CONTROLS,NO CONTROLS,RAIN,DAYLIGHT,SIDESWIPE OPPOSITE DIRECTION,OTHER,2,STRAIGHT AND LEVEL,WET,UNKNOWN,ON SCENE,NO INJURY / DRIVE AWAY,,,,"OVER $1,500",11/04/2018 03:26:00 PM,IMPROPER LANE USAGE,WEATHER,7342,W,ADDISON ST,1631,,,,,,,2,NO INDICATION OF INJURY,0,0,0,0,0,2,0,15,1,11,41.945293908,-87.811121731,POINT (-87.811121730731 41.945293907856)
JB503285,,11/04/2018 03:20:00 PM,30,NO CONTROLS,NO CONTROLS,RAIN,DAYLIGHT,SIDESWIPE SAME DIRECTION,NOT DIVIDED,,STRAIGHT AND LEVEL,DRY,NO DEFECTS,NOT ON SCENE (DESK REPORT),NO INJURY / DRIVE AWAY,,,Y,$500 OR LESS,11/04/2018 03:41:00 PM,EXCEEDING AUTHORIZED SPEED LIMIT,EXCEEDING AUTHORIZED SPEED LIMIT,99,N,LARAMIE AVE,1532,,,,,,,2,NO INDICATION OF INJURY,0,0,0,0,0,3,0,15,1,11,41.882331938,-87.754991779,POINT (-87.754991779168 41.882331937786)
JB503471,,11/04/2018 03:16:00 PM,30,TRAFFIC SIGNAL,FUNCTIONING PROPERLY,RAIN,DARKNESS,ANGLE,OTHER,12,STRAIGHT AND LEVEL,WET,NO DEFECTS,ON SCENE,INJURY AND / OR TOW DUE TO CRASH,Y,,,"OVER $1,500",11/04/2018 03:21:00 PM,DISREGARDING TRAFFIC SIGNALS,FAILING TO YIELD RIGHT-OF-WAY,7900,S,STONY ISLAND AVE,411,,Y,,,,,2,INCAPACITATING INJURY,3,0,1,1,1,1,0,15,1,11,41.751460603,-87.585971993,POINT (-87.585971992965 41.751460603167)
JB503292,,11/04/2018 03:16:00 PM,30,NO CONTROLS,NO CONTROLS,RAIN,DUSK,REAR END,DIVIDED - W/MEDIAN BARRIER,3,STRAIGHT ON HILLCREST,WET,NO DEFECTS,ON SCENE,INJURY AND / OR TOW DUE TO CRASH,,,,"OVER $1,500",11/04/2018 03:23:00 PM,FAILING TO REDUCE SPEED TO AVOID CRASH,NOT APPLICABLE,6901,S,CICERO AVE,833,,,,,,,3,"REPORTED, NOT EVIDENT",2,0,0,0,2,4,0,15,1,11,41.767573099,-87.741825012,POINT (-87.741825011909 41.767573099349)
JB503347,,11/04/2018 03:15:00 PM,30,NO CONTROLS,NO CONTROLS,RAIN,DAYLIGHT,ANGLE,ONE-WAY,1,STRAIGHT AND LEVEL,WET,NO DEFECTS,NOT ON SCENE (DESK REPORT),INJURY AND / OR TOW DUE TO CRASH,,,Y,"OVER $1,500",11/04/2018 03:19:00 PM,FAILING TO YIELD RIGHT-OF-WAY,FAILING TO REDUCE SPEED TO AVOID CRASH,4715,S,LAFLIN ST,933,,,,,,,3,NONINCAPACITATING INJURY,1,0,0,1,0,1,0,15,1,11,41.808150451,-87.662371695,POINT (-87.662371694711 41.808150451472)
JB503289,,11/04/2018 03:15:00 PM,30,NO CONTROLS,NO CONTROLS,RAIN,DAYLIGHT,TURNING,NOT DIVIDED,2,STRAIGHT AND LEVEL,WET,NO DEFECTS,NOT ON SCENE (DESK REPORT),NO INJURY / DRIVE AWAY,,,,"$501 - $1,500",11/04/2018 03:40:00 PM,UNABLE TO DETERMINE,UNABLE TO DETERMINE,303,W,CHICAGO AVE,1831,,,,,,,2,NO INDICATION OF INJURY,0,0,0,0,0,4,0,15,1,11,41.896463064,-87.635842105,POINT (-87.635842105241 41.896463064284)
JB504520,,11/04/2018 03:10:00 PM,30,NO CONTROLS,NO CONTROLS,RAIN,DAYLIGHT,PARKED MOTOR VEHICLE,NOT DIVIDED,,STRAIGHT AND LEVEL,WET,NO DEFECTS,NOT ON SCENE (DESK REPORT),NO INJURY / DRIVE AWAY,,,,"OVER $1,500",11/05/2018 02:30:00 PM,DISTRACTION - FROM INSIDE VEHICLE,NOT APPLICABLE,3016,N,KENNETH AVE,2523,,,,,,,2,NO INDICATION OF INJURY,0,0,0,0,0,1,0,15,1,11,41.935837212,-87.738310969,POINT (-87.738310968853 41.93583721168)
JB503313,,11/04/2018 03:10:00 PM,30,STOP SIGN/FLASHER,FUNCTIONING PROPERLY,RAIN,DAYLIGHT,ANGLE,NOT DIVIDED,,STRAIGHT AND LEVEL,WET,NO DEFECTS,NOT ON SCENE (DESK REPORT),NO INJURY / DRIVE AWAY,Y,,,"OVER $1,500",11/04/2018 04:00:00 PM,DISREGARDING STOP SIGN,UNABLE TO DETERMINE,700,E,MORGAN DR,233,,,,,,,2,NO INDICATION OF INJURY,0,0,0,0,0,3,0,15,1,11,41.792102387,-87.608476059,POINT (-87.608476059066 41.792102387306)
JB503306,,11/04/2018 03:10:00 PM,30,TRAFFIC SIGNAL,FUNCTIONING PROPERLY,RAIN,DAYLIGHT,SIDESWIPE SAME DIRECTION,DIVIDED - W/MEDIAN (NOT RAISED),4,STRAIGHT AND LEVEL,WET,NO DEFECTS,ON SCENE,NO INJURY / DRIVE AWAY,Y,,,"$501 - $1,500",11/04/2018 03:40:00 PM,DRIVING SKILLS/KNOWLEDGE/EXPERIENCE,UNABLE TO DETERMINE,2727,N,CALIFORNIA AVE,1411,,,,,,,3,NO INDICATION OF INJURY,0,0,0,0,0,3,0,15,1,11,41.931104328,-87.697448391,POINT (-87.697448390517 41.931104327882)
JB511932,,11/04/2018 03:00:00 PM,30,TRAFFIC SIGNAL,FUNCTIONING PROPERLY,RAIN,DAYLIGHT,SIDESWIPE SAME DIRECTION,NOT DIVIDED,4,STRAIGHT AND LEVEL,WET,NO DEFECTS,NOT ON SCENE (DESK REPORT),NO INJURY / DRIVE AWAY,,,,"OVER $1,500",11/11/2018 12:15:00 PM,IMPROPER LANE USAGE,NOT APPLICABLE,1209,S,CANAL ST,124,,,,,,,2,NO INDICATION OF INJURY,0,0,0,0,0,2,0,15,1,11,41.866958043,-87.639090462,POINT (-87.639090461873 41.866958042998)
JB503330,,11/04/2018 03:00:00 PM,30,NO CONTROLS,NO CONTROLS,RAIN,DUSK,PARKED MOTOR VEHICLE,DIVIDED - W/MEDIAN (NOT RAISED),2,STRAIGHT AND LEVEL,WET,NO DEFECTS,ON SCENE,NO INJURY / DRIVE AWAY,,,Y,"OVER $1,500",11/04/2018 04:12:00 PM,NOT APPLICABLE,NOT APPLICABLE,2101,N,HUMBOLDT BLVD,1414,,,,,,,2,NO INDICATION OF INJURY,0,0,0,0,0,1,0,15,1,11,41.919778202,-87.702015971,POINT (-87.702015971258 41.919778202206)
JB503321,,11/04/2018 03:00:00 PM,45,NO CONTROLS,NO CONTROLS,RAIN,DAYLIGHT,TURNING,ONE-WAY,4,STRAIGHT AND LEVEL,WET,NO DEFECTS,NOT ON SCENE (DESK REPORT),NO INJURY / DRIVE AWAY,,,,"OVER $1,500",11/04/2018 04:10:00 PM,IMPROPER TURNING/NO SIGNAL,NOT APPLICABLE,999,N,LAKE SHORE DR,1833,,,,,,,2,NO INDICATION OF INJURY,0,0,0,0,0,2,0,15,1,11,41.900943696,-87.619707942,POINT (-87.619707942312 41.900943696033)
JB503284,,11/04/2018 03:00:00 PM,20,NO CONTROLS,NO CONTROLS,RAIN,DAYLIGHT,PARKED MOTOR VEHICLE,NOT DIVIDED,,STRAIGHT AND LEVEL,WET,NO DEFECTS,NOT ON SCENE (DESK REPORT),NO INJURY / DRIVE AWAY,,,N,"OVER $1,500",11/04/2018 03:30:00 PM,UNABLE TO DETERMINE,NOT APPLICABLE,10817,S,SANGAMON ST,2234,,,,,,,2,NO INDICATION OF INJURY,0,0,0,0,0,1,0,15,1,11,41.697232542,-87.646034898,POINT (-87.646034898216 41.697232541553)
JB503266,,11/04/2018 03:00:00 PM,25,NO CONTROLS,NO CONTROLS,RAIN,DAYLIGHT,SIDESWIPE SAME DIRECTION,NOT DIVIDED,,STRAIGHT AND LEVEL,WET,NO DEFECTS,NOT ON SCENE (DESK REPORT),NO INJURY / DRIVE AWAY,,,,"OVER $1,500",11/04/2018 03:25:00 PM,FAILING TO REDUCE SPEED TO AVOID CRASH,NOT APPLICABLE,1199,S,CANAL ST,124,,,,,,,2,NO INDICATION OF INJURY,0,0,0,0,0,3,0,15,1,11,41.867319405,-87.639056746,POINT (-87.63905674603 41.867319405339)
JB503263,,11/04/2018 03:00:00 PM,30,STOP SIGN/FLASHER,FUNCTIONING PROPERLY,RAIN,DAYLIGHT,REAR END,NOT DIVIDED,,STRAIGHT AND LEVEL,WET,NO DEFECTS,NOT ON SCENE (DESK REPORT),NO INJURY / DRIVE AWAY,,,,$500 OR LESS,11/04/2018 03:18:00 PM,UNABLE TO DETERMINE,NOT APPLICABLE,2600,N,WESTERN AVE,1411,,,,,,,2,NO INDICATION OF INJURY,0,0,0,0,0,2,0,15,1,11,41.92866979,-87.687922236,POINT (-87.687922235539 41.92866978991)
JB503257,,11/04/2018 02:57:00 PM,0,UNKNOWN,UNKNOWN,RAIN,DAYLIGHT,REAR END,DIVIDED - W/MEDIAN (NOT RAISED),2,STRAIGHT AND LEVEL,WET,UNKNOWN,ON SCENE,INJURY AND / OR TOW DUE TO CRASH,,,,"OVER $1,500",11/04/2018 03:05:00 PM,UNABLE TO DETERMINE,UNABLE TO DETERMINE,800,E,55TH ST,233,,,,,,,2,NONINCAPACITATING INJURY,1,0,0,1,0,3,0,14,1,11,41.795075207,-87.606096609,POINT (-87.606096609283 41.795075206809)
JB503243,,11/04/2018 02:53:00 PM,30,NO CONTROLS,NO CONTROLS,RAIN,DAYLIGHT,PARKED MOTOR VEHICLE,ONE-WAY,1,STRAIGHT AND LEVEL,WET,NO DEFECTS,ON SCENE,NO INJURY / DRIVE AWAY,,,Y,"$501 - $1,500",11/04/2018 02:59:00 PM,"OPERATING VEHICLE IN ERRATIC, RECKLESS, CARELESS, NEGLIGENT OR AGGRESSIVE MANNER","OPERATING VEHICLE IN ERRATIC, RECKLESS, CARELESS, NEGLIGENT OR AGGRESSIVE MANNER",3007,N,SPAULDING AVE,1412,,,,,,,2,NO INDICATION OF INJURY,0,0,0,0,0,2,0,14,1,11,41.935943536,-87.709813954,POINT (-87.709813954172 41.935943536195)