RD_NO,CRASH_DATE_EST_I,CRASH_DATE,POSTED_SPEED_LIMIT,TRAFFIC_CONTROL_DEVICE,DEVICE_CONDITION,WEATHER_CONDITION,LIGHTING_CONDITION,FIRST_CRASH_TYPE,TRAFFICWAY_TYPE,LANE_CNT,ALIGNMENT,ROADWAY_SURFACE_COND,ROAD_DEFECT,REPORT_TYPE,CRASH_TYPE,INTERSECTION_RELATED_I,NOT_RIGHT_OF_WAY_I,HIT_AND_RUN_I,DAMAGE,DATE_POLICE_NOTIFIED,PRIM_CONTRIBUTORY_CAUSE,SEC_CONTRIBUTORY_CAUSE,STREET_NO,STREET_DIRECTION,STREET_NAME,BEAT_OF_OCCURRENCE,PHOTOS_TAKEN_I,STATEMENTS_TAKEN_I,DOORING_I,WORK_ZONE_I,WORK_ZONE_TYPE,WORKERS_PRESENT_I,NUM_UNITS,MOST_SEVERE_INJURY,INJURIES_TOTAL,INJURIES_FATAL,INJURIES_INCAPACITATING,INJURIES_NON_INCAPACITATING,INJURIES_REPORTED_NOT_EVIDENT,INJURIES_NO_INDICATION,INJURIES_UNKNOWN,CRASH_HOUR,CRASH_DAY_OF_WEEK,CRASH_MONTH,LATITUDE,LONGITUDE,LOCATION
JB503267,,11/04/2018 02:52:00 PM,30,NO CONTROLS,NO CONTROLS,RAIN,DAYLIGHT,TURNING,ONE-WAY,1,STRAIGHT AND LEVEL,WET,NO DEFECTS,ON SCENE,NO INJURY / DRIVE AWAY,,,,"OVER $1,500",11/04/2018 02:52:00 PM,FAILING TO YIELD RIGHT-OF-WAY,DRIVING ON WRONG SIDE/WRONG WAY,506,E,49TH ST,223,,,,,,,2,NO INDICATION OF INJURY,0,0,0,0,0,3,0,14,1,11,41.805897649,-87.613559154,POINT (-87.61355915352 41.805897648512)
JB503268,,11/04/2018 02:51:00 PM,30,NO CONTROLS,NO CONTROLS,RAIN,DAYLIGHT,SIDESWIPE OPPOSITE DIRECTION,PARKING LOT,,STRAIGHT AND LEVEL,WET,NO DEFECTS,NOT ON SCENE (DESK REPORT),NO INJURY / DRIVE AWAY,,,,"$501 - $1,500",11/04/2018 03:15:00 PM,UNABLE TO DETERMINE,UNABLE TO DETERMINE,4626,W,DIVERSEY AVE,2521,,,,,,,2,NO INDICATION OF INJURY,0,0,0,0,0,3,0,14,1,11,41.931688919,-87.743016947,POINT (-87.743016946831 41.931688919351)
JB503249,,11/04/2018 02:50:00 PM,30,STOP SIGN/FLASHER,FUNCTIONING PROPERLY,RAIN,DAYLIGHT,ANGLE,NOT DIVIDED,2,STRAIGHT AND LEVEL,WET,NO DEFECTS,NOT ON SCENE (DESK REPORT),NO INJURY / DRIVE AWAY,Y,,,"$501 - $1,500",11/04/2018 03:10:00 PM,UNABLE TO DETERMINE,UNABLE TO DETERMINE,6100,S,CALIFORNIA AVE,823,,,,,,,2,NO INDICATION OF INJURY,0,0,0,0,0,2,0,14,1,11,41.782665683,-87.693639922,POINT (-87.693639921854 41.782665683171)
JB503519,,11/04/2018 02:45:00 PM,30,TRAFFIC SIGNAL,FUNCTIONING PROPERLY,RAIN,DAYLIGHT,REAR END,NOT DIVIDED,,STRAIGHT AND LEVEL,DRY,NO DEFECTS,NOT ON SCENE (DESK REPORT),NO INJURY / DRIVE AWAY,,,,$500 OR LESS,11/04/2018 07:00:00 PM,NOT APPLICABLE,NOT APPLICABLE,653,W,ROOSEVELT RD,1232,,,,,,,2,NO INDICATION OF INJURY,0,0,0,0,0,2,0,14,1,11,41.867080279,-87.644325249,POINT (-87.644325248556 41.867080279085)
JB503487,,11/04/2018 02:45:00 PM,25,TRAFFIC SIGNAL,FUNCTIONING PROPERLY,RAIN,DAYLIGHT,TURNING,NOT DIVIDED,,STRAIGHT AND LEVEL,WET,NO DEFECTS,NOT ON SCENE (DESK REPORT),NO INJURY / DRIVE AWAY,Y,,,"OVER $1,500",11/04/2018 06:34:00 PM,IMPROPER LANE USAGE,NOT APPLICABLE,198,S,MICHIGAN AVE,112,,,,,,,2,NO INDICATION OF INJURY,0,0,0,0,0,11,0,14,1,11,41.879616961,-87.624499957,POINT (-87.624499957019 41.879616960921)
JB503378,,11/04/2018 02:45:00 PM,35,NO CONTROLS,NO CONTROLS,RAIN,DAYLIGHT,TURNING,NOT DIVIDED,,STRAIGHT AND LEVEL,WET,NO DEFECTS,,NO INJURY / DRIVE AWAY,,,,"$501 - $1,500",11/04/2018 04:57:00 PM,UNABLE TO DETERMINE,UNABLE TO DETERMINE,3685,S,ARCHER AVE,912,,,,,,,2,NO INDICATION OF INJURY,0,0,0,0,0,3,0,14,1,11,41.8268122,-87.683237086,POINT (-87.683237086392 41.82681219988)
JB503288,,11/04/2018 02:45:00 PM,20,NO CONTROLS,NO CONTROLS,RAIN,DAYLIGHT,REAR END,NOT DIVIDED,,STRAIGHT AND LEVEL,WET,NO DEFECTS,ON SCENE,NO INJURY / DRIVE AWAY,,,Y,$500 OR LESS,11/04/2018 03:45:00 PM,NOT APPLICABLE,NOT APPLICABLE,4900,S,LOOMIS BLVD,933,,,,,,,2,NO INDICATION OF INJURY,0,0,0,0,0,2,0,14,1,11,41.805014006,-87.660158763,POINT (-87.660158763295 41.805014005598)
JB503517,,11/04/2018 02:35:00 PM,30,NO CONTROLS,NO CONTROLS,CLEAR,DAYLIGHT,REAR END,NOT DIVIDED,4,STRAIGHT AND LEVEL,WET,NO DEFECTS,NOT ON SCENE (DESK REPORT),NO INJURY / DRIVE AWAY,,,,"OVER $1,500",11/04/2018 07:07:00 PM,FOLLOWING TOO CLOSELY,NOT APPLICABLE,937,N,KINGSBURY ST,1822,,,,,,,2,NO INDICATION OF INJURY,0,0,0,0,0,2,0,14,1,11,41.899425117,-87.644430123,POINT (-87.644430123001 41.899425116881)
JB503270,,11/04/2018 02:35:00 PM,30,NO CONTROLS,NO CONTROLS,RAIN,DAYLIGHT,REAR END,DIVIDED - W/MEDIAN (NOT RAISED),,STRAIGHT AND LEVEL,WET,NO DEFECTS,NOT ON SCENE (DESK REPORT),NO INJURY / DRIVE AWAY,,,,"OVER $1,500",11/04/2018 03:25:00 PM,UNABLE TO DETERMINE,UNABLE TO DETERMINE,9434,S,HALSTED ST,2223,,,,,,,2,NO INDICATION OF INJURY,0,0,0,0,0,2,0,14,1,11,41.721947541,-87.643371981,POINT (-87.643371980948 41.721947541067)
JB503233,,11/04/2018 02:35:00 PM,30,TRAFFIC SIGNAL,FUNCTIONING PROPERLY,RAIN,DAYLIGHT,REAR END,NOT DIVIDED,5,STRAIGHT ON GRADE,WET,NO DEFECTS,NOT ON SCENE (DESK REPORT),INJURY AND / OR TOW DUE TO CRASH,Y,,,"OVER $1,500",11/04/2018 02:38:00 PM,FAILING TO REDUCE SPEED TO AVOID CRASH,WEATHER,433,W,GRAND AVE,1831,,,,,,,2,NO INDICATION OF INJURY,0,0,0,0,0,2,0,14,1,11,41.891391503,-87.639806485,POINT (-87.639806484544 41.891391502661)
JB503226,Y,11/04/2018 02:32:00 PM,15,NO CONTROLS,NO CONTROLS,RAIN,DAYLIGHT,PARKED MOTOR VEHICLE,PARKING LOT,1,STRAIGHT AND LEVEL,WET,NO DEFECTS,ON SCENE,NO INJURY / DRIVE AWAY,,Y,,"OVER $1,500",11/04/2018 02:33:00 PM,WEATHER,PHYSICAL CONDITION OF DRIVER,2402,N,CENTRAL AVE,2515,,,,,,,2,NO INDICATION OF INJURY,0,0,0,0,0,1,0,14,1,11,41.924125503,-87.766143524,POINT (-87.766143524313 41.924125503244)
JB503647,,11/04/2018 02:30:00 PM,30,TRAFFIC SIGNAL,FUNCTIONING PROPERLY,UNKNOWN,DAYLIGHT,REAR END,ONE-WAY,,STRAIGHT AND LEVEL,UNKNOWN,NO DEFECTS,NOT ON SCENE (DESK REPORT),NO INJURY / DRIVE AWAY,,,,"OVER $1,500",11/04/2018 09:00:00 PM,FOLLOWING TOO CLOSELY,NOT APPLICABLE,500,W,ONTARIO ST,1831,,,,,,,2,NO INDICATION OF INJURY,0,0,0,0,0,2,0,14,1,11,,,
JB503253,,11/04/2018 02:30:00 PM,30,TRAFFIC SIGNAL,FUNCTIONING PROPERLY,RAIN,DUSK,REAR END,NOT DIVIDED,4,STRAIGHT AND LEVEL,WET,NO DEFECTS,ON SCENE,INJURY AND / OR TOW DUE TO CRASH,,,Y,"OVER $1,500",11/04/2018 03:05:00 PM,WEATHER,FAILING TO REDUCE SPEED TO AVOID CRASH,6405,W,MONTROSE AVE,1632,,,,,,,3,"REPORTED, NOT EVIDENT",2,0,0,0,2,1,0,14,1,11,41.960103068,-87.787041921,POINT (-87.787041921182 41.96010306823)
JB503235,,11/04/2018 02:30:00 PM,30,NO CONTROLS,NO CONTROLS,RAIN,DAYLIGHT,SIDESWIPE SAME DIRECTION,NOT DIVIDED,,STRAIGHT AND LEVEL,WET,UNKNOWN,NOT ON SCENE (DESK REPORT),NO INJURY / DRIVE AWAY,,,,"$501 - $1,500",11/04/2018 02:40:00 PM,UNABLE TO DETERMINE,NOT APPLICABLE,6350,N,HARLEM AVE,1612,,,,,,,2,NO INDICATION OF INJURY,0,0,0,0,0,2,0,14,1,11,41.99693256,-87.80694863,POINT (-87.806948630241 41.996932559659)
JB503476,,11/04/2018 02:20:00 PM,30,NO CONTROLS,NO CONTROLS,RAIN,DAYLIGHT,REAR END,NOT DIVIDED,,STRAIGHT AND LEVEL,WET,NO DEFECTS,NOT ON SCENE (DESK REPORT),NO INJURY / DRIVE AWAY,,,Y,"$501 - $1,500",11/04/2018 06:09:00 PM,UNABLE TO DETERMINE,NOT APPLICABLE,300,W,GARFIELD BLVD,935,,,,,,,2,NO INDICATION OF INJURY,0,0,0,0,0,2,0,14,1,11,41.794622829,-87.633063763,POINT (-87.633063763202 41.794622829011)
JB503308,,11/04/2018 02:20:00 PM,30,TRAFFIC SIGNAL,FUNCTIONING PROPERLY,RAIN,DAYLIGHT,REAR END,ONE-WAY,4,STRAIGHT AND LEVEL,WET,NO DEFECTS,NOT ON SCENE (DESK REPORT),NO INJURY / DRIVE AWAY,,,,"$501 - $1,500",11/04/2018 04:00:00 PM,FOLLOWING TOO CLOSELY,NOT APPLICABLE,100,N,CLARK ST,122,,,,,,,2,NO INDICATION OF INJURY,0,0,0,0,0,2,0,14,1,11,41.883270662,-87.631056285,POINT (-87.631056284971 41.883270662247)
JB503229,,11/04/2018 02:20:00 PM,30,STOP SIGN/FLASHER,FUNCTIONING PROPERLY,RAIN,DAWN,PEDALCYCLIST,DIVIDED - W/MEDIAN (NOT RAISED),,STRAIGHT AND LEVEL,WET,NO DEFECTS,ON SCENE,NO INJURY / DRIVE AWAY,Y,,Y,$500 OR LESS,11/04/2018 02:37:00 PM,DISREGARDING STOP SIGN,FAILING TO YIELD RIGHT-OF-WAY,599,W,ARMITAGE AVE,1813,,,N,,,,2,NO INDICATION OF INJURY,0,0,0,0,0,3,0,14,1,11,41.918144226,-87.643603841,POINT (-87.643603841007 41.918144226245)
JB503621,,11/04/2018 02:15:00 PM,30,NO CONTROLS,NO CONTROLS,RAIN,DAYLIGHT,SIDESWIPE SAME DIRECTION,DIVIDED - W/MEDIAN (NOT RAISED),2,STRAIGHT AND LEVEL,WET,NO DEFECTS,NOT ON SCENE (DESK REPORT),NO INJURY / DRIVE AWAY,,,,"$501 - $1,500",11/04/2018 08:15:00 PM,UNABLE TO DETERMINE,NOT APPLICABLE,2247,N,LINCOLN AVE,1812,,,,,,,2,NO INDICATION OF INJURY,0,0,0,0,0,2,0,14,1,11,41.923025621,-87.645166361,POINT (-87.645166360892 41.923025621204)
JB503192,,11/04/2018 02:02:00 PM,30,STOP SIGN/FLASHER,FUNCTIONING PROPERLY,RAIN,DAYLIGHT,ANGLE,NOT DIVIDED,2,STRAIGHT AND LEVEL,WET,NO DEFECTS,ON SCENE,NO INJURY / DRIVE AWAY,Y,,Y,"OVER $1,500",11/04/2018 02:06:00 PM,FAILING TO YIELD RIGHT-OF-WAY,FAILING TO YIELD RIGHT-OF-WAY,1500,N,HOMAN AVE,1422,,,,,,,2,NO INDICATION OF INJURY,0,0,0,0,0,2,0,14,1,11,41.908267929,-87.711998413,POINT (-87.711998412997 41.908267928897)
JB503409,,11/04/2018 02:00:00 PM,30,UNKNOWN,FUNCTIONING PROPERLY,RAIN,"DARKNESS, LIGHTED ROAD",REAR END,NOT DIVIDED,,STRAIGHT AND LEVEL,WET,NO DEFECTS,NOT ON SCENE (DESK REPORT),NO INJURY / DRIVE AWAY,,,Y,$500 OR LESS,11/04/2018 04:17:00 PM,UNABLE TO DETERMINE,NOT APPLICABLE,2750,W,DIVERSEY AVE,1411,,,,,,,2,NO INDICATION OF INJURY,0,0,0,0,0,2,0,14,1,11,41.932205875,-87.69703873,POINT (-87.697038729717 41.932205874882)
JB503238,,11/04/2018 02:00:00 PM,15,NO CONTROLS,NO CONTROLS,RAIN,DAYLIGHT,PARKED MOTOR VEHICLE,ONE-WAY,1,STRAIGHT AND LEVEL,WET,NO DEFECTS,NOT ON SCENE (DESK REPORT),NO INJURY / DRIVE AWAY,,,,"OVER $1,500",11/04/2018 02:50:00 PM,UNABLE TO DETERMINE,NOT APPLICABLE,8,N,KEELER AVE,1115,,,,,,,2,NO INDICATION OF INJURY,0,0,0,0,0,1,0,14,1,11,41.880929223,-87.730730302,POINT (-87.730730301642 41.880929223278)
JB503213,,11/04/2018 02:00:00 PM,30,LANE USE MARKING,FUNCTIONING PROPERLY,RAIN,DAYLIGHT,ANGLE,DIVIDED - W/MEDIAN (NOT RAISED),,STRAIGHT AND LEVEL,WET,NO DEFECTS,ON SCENE,NO INJURY / DRIVE AWAY,Y,,,"OVER $1,500",11/04/2018 02:15:00 PM,"VISION OBSCURED (SIGNS, TREE LIMBS, BUILDINGS, ETC.)",NOT APPLICABLE,5400,N,HARLEM AVE,1613,,,,,,,2,NO INDICATION OF INJURY,0,0,0,0,0,2,0,14,1,11,41.978238618,-87.807145409,POINT (-87.807145409493 41.978238618126)
JB503211,,11/04/2018 02:00:00 PM,30,NO CONTROLS,NO CONTROLS,RAIN,DAYLIGHT,TURNING,DIVIDED - W/MEDIAN (NOT RAISED),4,STRAIGHT AND LEVEL,DRY,NO DEFECTS,NOT ON SCENE (DESK REPORT),NO INJURY / DRIVE AWAY,,,Y,$500 OR LESS,11/04/2018 02:20:00 PM,UNABLE TO DETERMINE,NOT APPLICABLE,6,S,CICERO AVE,1533,,,,,,,2,NO INDICATION OF INJURY,0,0,0,0,0,2,0,14,1,11,41.880296018,-87.745417095,POINT (-87.745417095449 41.880296017722)
JB503210,,11/04/2018 02:00:00 PM,30,NO CONTROLS,NO CONTROLS,RAIN,DAYLIGHT,REAR END,NOT DIVIDED,4,STRAIGHT AND LEVEL,WET,NO DEFECTS,ON SCENE,INJURY AND / OR TOW DUE TO CRASH,,,,"OVER $1,500",11/04/2018 02:10:00 PM,FOLLOWING TOO CLOSELY,WEATHER,1701,W,PETERSON AVE,2012,,,,,,,2,INCAPACITATING INJURY,1,0,1,0,0,1,0,14,1,11,41.990655242,-87.671804136,POINT (-87.671804136176 41.990655242005)
JB503198,,11/04/2018 02:00:00 PM,35,TRAFFIC SIGNAL,FUNCTIONING PROPERLY,CLEAR,DAYLIGHT,REAR END,NOT DIVIDED,2,STRAIGHT AND LEVEL,WET,NO DEFECTS,NOT ON SCENE (DESK REPORT),NO INJURY / DRIVE AWAY,,,Y,"$501 - $1,500",11/04/2018 02:10:00 PM,UNABLE TO DETERMINE,UNABLE TO DETERMINE,2200,S,TRUMBULL AVE,1024,,,,,,,2,NO INDICATION OF INJURY,0,0,0,0,0,2,0,14,1,11,41.851727304,-87.711056685,POINT (-87.711056685397 41.851727304292)
JB503230,,11/04/2018 01:55:00 PM,30,NO CONTROLS,NO CONTROLS,RAIN,DAYLIGHT,REAR END,NOT DIVIDED,,STRAIGHT AND LEVEL,WET,NO DEFECTS,NOT ON SCENE (DESK REPORT),NO INJURY / DRIVE AWAY,,,,"OVER $1,500",11/04/2018 02:30:00 PM,UNABLE TO DETERMINE,UNABLE TO DETERMINE,10843,S,WESTERN AVE,2212,,,,,,,2,NO INDICATION OF INJURY,0,0,0,0,0,2,0,13,1,11,41.696045481,-87.681144703,POINT (-87.681144702825 41.696045480865)
JB503259,Y,11/04/2018 01:50:00 PM,30,NO CONTROLS,NO CONTROLS,RAIN,DUSK,PARKED MOTOR VEHICLE,NOT DIVIDED,1,STRAIGHT AND LEVEL,WET,NO DEFECTS,ON SCENE,NO INJURY / DRIVE AWAY,,,,"$501 - $1,500",11/04/2018 02:25:00 PM,DRIVING SKILLS/KNOWLEDGE/EXPERIENCE,NOT APPLICABLE,610,W,24TH PL,914,,,,,,,3,NO INDICATION OF INJURY,0,0,0,0,0,1,0,13,1,11,41.848223052,-87.642119194,POINT (-87.642119194096 41.848223052163)
JB503199,,11/04/2018 01:50:00 PM,25,NO CONTROLS,NO CONTROLS,RAIN,DAYLIGHT,SIDESWIPE SAME DIRECTION,NOT DIVIDED,2,STRAIGHT AND LEVEL,WET,NO DEFECTS,ON SCENE,NO INJURY / DRIVE AWAY,,,,"OVER $1,500",11/04/2018 01:55:00 PM,FAILING TO YIELD RIGHT-OF-WAY,UNABLE TO DETERMINE,1051,W,BRYN MAWR AVE,2023,,,,,,,3,NO INDICATION OF INJURY,0,0,0,0,0,2,0,13,1,11,41.983562419,-87.657224869,POINT (-87.657224868628 41.983562418611)
JB503193,,11/04/2018 01:50:00 PM,30,NO CONTROLS,NO CONTROLS,RAIN,DAYLIGHT,SIDESWIPE SAME DIRECTION,NOT DIVIDED,,STRAIGHT AND LEVEL,WET,NO DEFECTS,ON SCENE,INJURY AND / OR TOW DUE TO CRASH,,N,,"OVER $1,500",11/04/2018 01:50:00 PM,UNABLE TO DETERMINE,UNABLE TO DETERMINE,4117,W,MADISON ST,1115,,,,,,,2,NONINCAPACITATING INJURY,1,0,0,1,0,2,0,13,1,11,41.880578076,-87.728849528,POINT (-87.728849527765 41.880578076115)
JB503181,,11/04/2018 01:50:00 PM,15,NO CONTROLS,NO CONTROLS,RAIN,DAYLIGHT,REAR END,PARKING LOT,,STRAIGHT AND LEVEL,WET,NO DEFECTS,NOT ON SCENE (DESK REPORT),NO INJURY / DRIVE AWAY,,,,$500 OR LESS,11/04/2018 02:05:00 PM,IMPROPER BACKING,NOT APPLICABLE,2333,W,MADISON ST,1223,,,,,,,2,NO INDICATION OF INJURY,0,0,0,0,0,2,0,13,1,11,41.881069374,-87.685307553,POINT (-87.68530755272 41.881069374222)
JB503144,,11/04/2018 01:46:00 PM,30,TRAFFIC SIGNAL,FUNCTIONING PROPERLY,RAIN,DAYLIGHT,ANGLE,NOT DIVIDED,2,STRAIGHT AND LEVEL,WET,UNKNOWN,ON SCENE,NO INJURY / DRIVE AWAY,Y,,,"OVER $1,500",11/04/2018 01:57:00 PM,UNABLE TO DETERMINE,UNABLE TO DETERMINE,8500,S,ST LAWRENCE AVE,632,,,,,,,2,NO INDICATION OF INJURY,0,0,0,0,0,3,0,13,1,11,41.740142428,-87.609917173,POINT (-87.609917172992 41.74014242839)
JB503175,,11/04/2018 01:40:00 PM,0,NO CONTROLS,NO CONTROLS,RAIN,DAYLIGHT,REAR END,UNKNOWN,,STRAIGHT AND LEVEL,WET,UNKNOWN,NOT ON SCENE (DESK REPORT),NO INJURY / DRIVE AWAY,,,,"OVER $1,500",11/04/2018 02:00:00 PM,UNABLE TO DETERMINE,NOT APPLICABLE,2020,W,SUPERIOR ST,1221,,,,,,,2,NO INDICATION OF INJURY,0,0,0,0,0,2,0,13,1,11,41.894896347,-87.677903397,POINT (-87.677903396572 41.894896346831)
JB503208,,11/04/2018 01:30:00 PM,30,STOP SIGN/FLASHER,FUNCTIONING PROPERLY,RAIN,DAYLIGHT,SIDESWIPE SAME DIRECTION,NOT DIVIDED,2,STRAIGHT ON GRADE,WET,NO DEFECTS,NOT ON SCENE (DESK REPORT),NO INJURY / DRIVE AWAY,,,,"OVER $1,500",11/04/2018 02:15:00 PM,FAILING TO YIELD RIGHT-OF-WAY,UNABLE TO DETERMINE,5600,N,AVONDALE AVE,1622,,,,,,,2,NO INDICATION OF INJURY,0,0,0,0,0,2,0,13,1,11,41.982888941,-87.7842611,POINT (-87.784261100094 41.982888940826)
JB503185,,11/04/2018 01:30:00 PM,30,NO CONTROLS,NO CONTROLS,RAIN,DAYLIGHT,TURNING,NOT DIVIDED,,STRAIGHT AND LEVEL,WET,NO DEFECTS,NOT ON SCENE (DESK REPORT),NO INJURY / DRIVE AWAY,,,Y,"$501 - $1,500",11/04/2018 02:04:00 PM,UNABLE TO DETERMINE,UNABLE TO DETERMINE,3005,S,PULASKI RD,1031,,,,,,,2,NO INDICATION OF INJURY,0,0,0,0,0,2,0,13,1,11,41.838519074,-87.724248222,POINT (-87.724248222394 41.838519073608)
JB503178,,11/04/2018 01:30:00 PM,30,STOP SIGN/FLASHER,FUNCTIONING PROPERLY,RAIN,DAYLIGHT,ANGLE,NOT DIVIDED,,STRAIGHT AND LEVEL,WET,NO DEFECTS,ON SCENE,INJURY AND / OR TOW DUE TO CRASH,Y,,,"OVER $1,500",11/04/2018 01:33:00 PM,FAILING TO YIELD RIGHT-OF-WAY,NOT APPLICABLE,800,E,115TH ST,531,,,,,,,2,"REPORTED, NOT EVIDENT",1,0,0,0,1,1,0,13,1,11,41.685958215,-87.603425032,POINT (-87.603425031815 41.685958214864)
JB503220,,11/04/2018 01:25:00 PM,20,TRAFFIC SIGNAL,FUNCTIONING PROPERLY,CLOUDY/OVERCAST,DAYLIGHT,REAR END,NOT DIVIDED,2,STRAIGHT AND LEVEL,WET,UNKNOWN,NOT ON SCENE (DESK REPORT),NO INJURY / DRIVE AWAY,,,,"OVER $1,500",11/04/2018 02:35:00 PM,WEATHER,NOT APPLICABLE,1148,S,CICERO AVE,1533,,,,,,,2,NO INDICATION OF INJURY,0,0,0,0,0,4,0,13,1,11,41.865974196,-87.744903494,POINT (-87.744903494382 41.865974196113)
JB503166,,11/04/2018 01:25:00 PM,30,NO CONTROLS,NO CONTROLS,RAIN,DAYLIGHT,SIDESWIPE SAME DIRECTION,DIVIDED - W/MEDIAN BARRIER,4,STRAIGHT AND LEVEL,WET,NO DEFECTS,ON SCENE,NO INJURY / DRIVE AWAY,,,,$500 OR LESS,11/04/2018 01:28:00 PM,FAILING TO YIELD RIGHT-OF-WAY,UNABLE TO DETERMINE,4011,W,LAKE ST,1114,,,,,,,2,NO INDICATION OF INJURY,0,0,0,0,0,4,0,13,1,11,41.885372829,-87.726316382,POINT (-87.726316382209 41.885372829404)
JB503201,,11/04/2018 01:15:00 PM,30,NO CONTROLS,NO CONTROLS,RAIN,DAYLIGHT,SIDESWIPE SAME DIRECTION,DIVIDED - W/MEDIAN BARRIER,4,STRAIGHT AND LEVEL,WET,NO DEFECTS,ON SCENE,NO INJURY / DRIVE AWAY,,,,"OVER $1,500",11/04/2018 01:18:00 PM,IMPROPER TURNING/NO SIGNAL,NOT APPLICABLE,120,W,87TH ST,622,,,,,,,2,NO INDICATION OF INJURY,0,0,0,0,0,2,0,13,1,11,41.736380202,-87.627699235,POINT (-87.627699234706 41.736380201841)
JB503168,,11/04/2018 01:15:00 PM,30,NO CONTROLS,NO CONTROLS,RAIN,DAYLIGHT,REAR END,NOT DIVIDED,2,STRAIGHT AND LEVEL,WET,UNKNOWN,NOT ON SCENE (DESK REPORT),INJURY AND / OR TOW DUE TO CRASH,,,,"OVER $1,500",11/04/2018 01:17:00 PM,UNABLE TO DETERMINE,UNABLE TO DETERMINE,5706,W,ROOSEVELT RD,1513,,,,,,,2,NO INDICATION OF INJURY,0,0,0,0,0,7,0,13,1,11,41.865669112,-87.767058995,POINT (-87.767058994806 41.865669111782)
JB503153,,11/04/2018 01:15:00 PM,35,NO CONTROLS,NO CONTROLS,CLOUDY/OVERCAST,DAYLIGHT,ANGLE,NOT DIVIDED,,STRAIGHT AND LEVEL,DRY,NO DEFECTS,ON SCENE,INJURY AND / OR TOW DUE TO CRASH,Y,,,"OVER $1,500",11/04/2018 01:22:00 PM,FAILING TO YIELD RIGHT-OF-WAY,DRIVING SKILLS/KNOWLEDGE/EXPERIENCE,4000,N,DRAKE AVE,1723,,,,,,,2,NONINCAPACITATING INJURY,3,0,0,3,0,0,0,13,1,11,41.95389263,-87.71673794,POINT (-87.716737940002 41.953892630141)
JB503120,,11/04/2018 01:02:00 PM,30,TRAFFIC SIGNAL,FUNCTIONING PROPERLY,RAIN,DAYLIGHT,REAR END,NOT DIVIDED,4,STRAIGHT AND LEVEL,WET,NO DEFECTS,ON SCENE,NO INJURY / DRIVE AWAY,,,,"OVER $1,500",11/04/2018 01:02:00 PM,FOLLOWING TOO CLOSELY,DRIVING SKILLS/KNOWLEDGE/EXPERIENCE,91,E,35TH ST,213,,,,,,,2,NO INDICATION OF INJURY,0,0,0,0,0,2,0,13,1,11,41.830932995,-87.623340778,POINT (-87.623340777923 41.830932995221)
JB504207,,11/04/2018 01:00:00 PM,30,NO CONTROLS,NO CONTROLS,CLEAR,DAYLIGHT,PARKED MOTOR VEHICLE,PARKING LOT,0,STRAIGHT AND LEVEL,DRY,NO DEFECTS,NOT ON SCENE (DESK REPORT),NO INJURY / DRIVE AWAY,,,Y,"OVER $1,500",11/05/2018 11:00:00 AM,NOT APPLICABLE,NOT APPLICABLE,1531,W,TAYLOR ST,1231,,,,,,,2,NO INDICATION OF INJURY,0,0,0,0,0,1,0,13,1,11,41.869170243,-87.665384466,POINT (-87.665384466355 41.86917024255)
JB503173,,11/04/2018 01:00:00 PM,25,NO CONTROLS,NO CONTROLS,RAIN,DAYLIGHT,SIDESWIPE SAME DIRECTION,DIVIDED - W/MEDIAN (NOT RAISED),,STRAIGHT AND LEVEL,WET,NO DEFECTS,ON SCENE,NO INJURY / DRIVE AWAY,,,,"$501 - $1,500",11/04/2018 01:30:00 PM,FAILING TO YIELD RIGHT-OF-WAY,UNABLE TO DETERMINE,3225,W,26TH ST,1032,,,,,,,2,NO INDICATION OF INJURY,0,0,0,0,0,2,0,13,1,11,41.844395567,-87.70591868,POINT (-87.705918679686 41.844395567451)
JB503164,,11/04/2018 01:00:00 PM,30,NO CONTROLS,NO CONTROLS,RAIN,DAYLIGHT,REAR END,NOT DIVIDED,2,STRAIGHT AND LEVEL,WET,NO DEFECTS,NOT ON SCENE (DESK REPORT),NO INJURY / DRIVE AWAY,,,,"OVER $1,500",11/04/2018 01:30:00 PM,UNABLE TO DETERMINE,UNABLE TO DETERMINE,405,N,LOWER MICHIGAN AVE,1834,,,,,,,2,NO INDICATION OF INJURY,0,0,0,0,0,2,0,13,1,11,41.889490569,-87.624102932,POINT (-87.624102932084 41.889490569498)
JB503150,,11/04/2018 01:00:00 PM,30,TRAFFIC SIGNAL,FUNCTIONING PROPERLY,RAIN,DAYLIGHT,REAR END,DIVIDED - W/MEDIAN (NOT RAISED),2,STRAIGHT AND LEVEL,WET,NO DEFECTS,NOT ON SCENE (DESK REPORT),NO INJURY / DRIVE AWAY,,,,"$501 - $1,500",11/04/2018 01:20:00 PM,DRIVING SKILLS/KNOWLEDGE/EXPERIENCE,NOT APPLICABLE,500,N,DAMEN AVE,1221,,,,,,,2,NO INDICATION OF INJURY,0,0,0,0,0,2,0,13,1,11,41.890857214,-87.677056868,POINT (-87.677056868483 41.890857214287)