RD_NO,CRASH_DATE_EST_I,CRASH_DATE,POSTED_SPEED_LIMIT,TRAFFIC_CONTROL_DEVICE,DEVICE_CONDITION,WEATHER_CONDITION,LIGHTING_CONDITION,FIRST_CRASH_TYPE,TRAFFICWAY_TYPE,LANE_CNT,ALIGNMENT,ROADWAY_SURFACE_COND,ROAD_DEFECT,REPORT_TYPE,CRASH_TYPE,INTERSECTION_RELATED_I,NOT_RIGHT_OF_WAY_I,HIT_AND_RUN_I,DAMAGE,DATE_POLICE_NOTIFIED,PRIM_CONTRIBUTORY_CAUSE,SEC_CONTRIBUTORY_CAUSE,STREET_NO,STREET_DIRECTION,STREET_NAME,BEAT_OF_OCCURRENCE,PHOTOS_TAKEN_I,STATEMENTS_TAKEN_I,DOORING_I,WORK_ZONE_I,WORK_ZONE_TYPE,WORKERS_PRESENT_I,NUM_UNITS,MOST_SEVERE_INJURY,INJURIES_TOTAL,INJURIES_FATAL,INJURIES_INCAPACITATING,INJURIES_NON_INCAPACITATING,INJURIES_REPORTED_NOT_EVIDENT,INJURIES_NO_INDICATION,INJURIES_UNKNOWN,CRASH_HOUR,CRASH_DAY_OF_WEEK,CRASH_MONTH,LATITUDE,LONGITUDE,LOCATION
JB503139,,11/04/2018 01:00:00 PM,30,STOP SIGN/FLASHER,NO CONTROLS,RAIN,DAYLIGHT,REAR END,DIVIDED - W/MEDIAN (NOT RAISED),,STRAIGHT AND LEVEL,WET,NO DEFECTS,ON SCENE,NO INJURY / DRIVE AWAY,Y,,,$500 OR LESS,11/04/2018 01:05:00 PM,FOLLOWING TOO CLOSELY,FOLLOWING TOO CLOSELY,6100,N,KIMBALL AVE,1711,,,,,,,2,NO INDICATION OF INJURY,0,0,0,0,0,4,0,13,1,11,41.992127035,-87.71418816,POINT (-87.714188160399 41.992127035009)
JB503133,,11/04/2018 12:55:00 PM,30,NO CONTROLS,NO CONTROLS,RAIN,DAYLIGHT,PEDESTRIAN,DIVIDED - W/MEDIAN (NOT RAISED),2,STRAIGHT AND LEVEL,WET,NO DEFECTS,ON SCENE,INJURY AND / OR TOW DUE TO CRASH,,,,$500 OR LESS,11/04/2018 12:58:00 PM,FAILING TO YIELD RIGHT-OF-WAY,FAILING TO YIELD RIGHT-OF-WAY,4102,W,JACKSON BLVD,1115,,,,,,,2,"REPORTED, NOT EVIDENT",1,0,0,0,1,2,0,12,1,11,41.877164426,-87.72819929,POINT (-87.728199290339 41.877164426344)
JB503087,,11/04/2018 12:49:00 PM,30,NO CONTROLS,NO CONTROLS,RAIN,DAYLIGHT,SIDESWIPE SAME DIRECTION,DIVIDED - W/MEDIAN (NOT RAISED),4,STRAIGHT AND LEVEL,WET,NO DEFECTS,ON SCENE,INJURY AND / OR TOW DUE TO CRASH,,,,"$501 - $1,500",11/04/2018 01:01:00 PM,IMPROPER LANE USAGE,FAILING TO YIELD RIGHT-OF-WAY,5768,N,RIDGE AVE,2013,,,,,,,2,NO INDICATION OF INJURY,0,0,0,0,0,2,0,12,1,11,41.986796771,-87.665479763,POINT (-87.66547976345 41.986796771473)
JB503136,,11/04/2018 12:45:00 PM,30,NO CONTROLS,NO CONTROLS,RAIN,DAYLIGHT,REAR END,NOT DIVIDED,2,STRAIGHT AND LEVEL,WET,NO DEFECTS,NOT ON SCENE (DESK REPORT),INJURY AND / OR TOW DUE TO CRASH,,,,"$501 - $1,500",11/04/2018 01:06:00 PM,WEATHER,NOT APPLICABLE,4221,W,MARQUETTE RD,833,,,,,,,2,NO INDICATION OF INJURY,0,0,0,0,0,4,0,12,1,11,41.771196326,-87.728424708,POINT (-87.728424707942 41.771196325541)
JB503115,,11/04/2018 12:45:00 PM,20,NO CONTROLS,NO CONTROLS,RAIN,DAYLIGHT,SIDESWIPE SAME DIRECTION,ONE-WAY,1,STRAIGHT AND LEVEL,WET,NO DEFECTS,ON SCENE,NO INJURY / DRIVE AWAY,,,,"OVER $1,500",11/04/2018 12:50:00 PM,UNABLE TO DETERMINE,UNABLE TO DETERMINE,2756,N,MEADE AVE,2512,,,,,,,2,NO INDICATION OF INJURY,0,0,0,0,0,2,0,12,1,11,41.930954018,-87.778535515,POINT (-87.778535515238 41.93095401797)
JB503114,,11/04/2018 12:42:00 PM,25,NO CONTROLS,FUNCTIONING PROPERLY,CLEAR,DAYLIGHT,TURNING,NOT DIVIDED,,STRAIGHT AND LEVEL,DRY,NO DEFECTS,ON SCENE,NO INJURY / DRIVE AWAY,,,,"OVER $1,500",11/04/2018 12:45:00 PM,FOLLOWING TOO CLOSELY,UNABLE TO DETERMINE,3201,N,CENTRAL AVE,1633,,,,,,,2,NO INDICATION OF INJURY,0,0,0,0,0,2,0,12,1,11,41.938623289,-87.76635437,POINT (-87.766354370499 41.938623288677)
JB503130,,11/04/2018 12:30:00 PM,30,NO CONTROLS,NO CONTROLS,CLEAR,DAYLIGHT,ANGLE,OTHER,,STRAIGHT AND LEVEL,DRY,NO DEFECTS,NOT ON SCENE (DESK REPORT),NO INJURY / DRIVE AWAY,,,,$500 OR LESS,11/04/2018 01:00:00 PM,NOT APPLICABLE,NOT APPLICABLE,700,W,63RD ST,711,,,,,,,2,NO INDICATION OF INJURY,0,0,0,0,0,2,0,12,1,11,41.779888996,-87.642842345,POINT (-87.642842344768 41.77988899606)
JB503121,,11/04/2018 12:30:00 PM,30,STOP SIGN/FLASHER,NO CONTROLS,RAIN,DAYLIGHT,PARKED MOTOR VEHICLE,NOT DIVIDED,,STRAIGHT AND LEVEL,WET,NO DEFECTS,NOT ON SCENE (DESK REPORT),NO INJURY / DRIVE AWAY,,,Y,"$501 - $1,500",11/04/2018 01:00:00 PM,IMPROPER OVERTAKING/PASSING,NOT APPLICABLE,1700,W,18TH ST,1234,,,,,,,2,NO INDICATION OF INJURY,0,0,0,0,0,2,0,12,1,11,41.85786568,-87.66868422,POINT (-87.66868421954 41.857865680039)
JB503116,,11/04/2018 12:30:00 PM,30,TRAFFIC SIGNAL,FUNCTIONING PROPERLY,RAIN,DAYLIGHT,ANGLE,NOT DIVIDED,4,STRAIGHT AND LEVEL,WET,NO DEFECTS,ON SCENE,NO INJURY / DRIVE AWAY,Y,,,$500 OR LESS,11/04/2018 12:34:00 PM,DISREGARDING TRAFFIC SIGNALS,DRIVING SKILLS/KNOWLEDGE/EXPERIENCE,1360,W,69TH ST,724,,,,,,,2,NO INDICATION OF INJURY,0,0,0,0,0,5,0,12,1,11,41.768733009,-87.659008136,POINT (-87.659008135917 41.768733008778)
JB503092,,11/04/2018 12:21:00 PM,35,NO CONTROLS,NO CONTROLS,CLEAR,DAYLIGHT,SIDESWIPE SAME DIRECTION,NOT DIVIDED,,STRAIGHT AND LEVEL,DRY,NO DEFECTS,ON SCENE,INJURY AND / OR TOW DUE TO CRASH,,,,"OVER $1,500",11/04/2018 12:25:00 PM,FAILING TO YIELD RIGHT-OF-WAY,IMPROPER LANE USAGE,1062,N,MILWAUKEE AVE,1213,,,,,,,2,NO INDICATION OF INJURY,0,0,0,0,0,2,0,12,1,11,41.901102965,-87.663198449,POINT (-87.663198448929 41.901102964506)
JB503083,,11/04/2018 12:20:00 PM,30,NO CONTROLS,NO CONTROLS,RAIN,DAYLIGHT,REAR END,NOT DIVIDED,,STRAIGHT AND LEVEL,WET,NO DEFECTS,,NO INJURY / DRIVE AWAY,,,,"$501 - $1,500",11/04/2018 12:25:00 PM,UNABLE TO DETERMINE,UNABLE TO DETERMINE,7900,S,MORGAN ST,612,,,,,,,2,NO INDICATION OF INJURY,0,0,0,0,0,2,0,12,1,11,41.750475193,-87.64903192,POINT (-87.649031919951 41.750475192888)
JB503110,,11/04/2018 12:19:00 PM,35,NO CONTROLS,NO CONTROLS,RAIN,DAYLIGHT,REAR END,NOT DIVIDED,4,STRAIGHT AND LEVEL,WET,NO DEFECTS,ON SCENE,INJURY AND / OR TOW DUE TO CRASH,,,,"OVER $1,500",11/04/2018 12:45:00 PM,EQUIPMENT - VEHICLE CONDITION,EQUIPMENT - VEHICLE CONDITION,2555,S,CALIFORNIA AVE,1034,,,,,,,2,NONINCAPACITATING INJURY,1,0,0,1,0,2,0,12,1,11,,,
JB503094,,11/04/2018 12:10:00 PM,25,NO CONTROLS,NO CONTROLS,RAIN,DAYLIGHT,PARKED MOTOR VEHICLE,NOT DIVIDED,,STRAIGHT AND LEVEL,WET,NO DEFECTS,ON SCENE,NO INJURY / DRIVE AWAY,,,Y,"$501 - $1,500",11/04/2018 12:20:00 PM,DRIVING SKILLS/KNOWLEDGE/EXPERIENCE,FAILING TO REDUCE SPEED TO AVOID CRASH,10933,S,DRAKE AVE,2211,,,,,,,2,NO INDICATION OF INJURY,0,0,0,0,0,1,0,12,1,11,41.694096804,-87.709326866,POINT (-87.709326865838 41.694096804066)
JB504466,,11/04/2018 12:00:00 PM,30,NO CONTROLS,NO CONTROLS,CLEAR,DAYLIGHT,PARKED MOTOR VEHICLE,NOT DIVIDED,2,STRAIGHT AND LEVEL,WET,NO DEFECTS,NOT ON SCENE (DESK REPORT),NO INJURY / DRIVE AWAY,,,,$500 OR LESS,11/05/2018 02:07:00 PM,NOT APPLICABLE,NOT APPLICABLE,1566,N,WELLS ST,1821,,,,,,,2,NO INDICATION OF INJURY,0,0,0,0,0,1,0,12,1,11,41.911058705,-87.634854671,POINT (-87.63485467065 41.911058704838)
JB503718,,11/04/2018 12:00:00 PM,30,UNKNOWN,UNKNOWN,RAIN,UNKNOWN,REAR END,DIVIDED - W/MEDIAN (NOT RAISED),,STRAIGHT AND LEVEL,WET,UNKNOWN,NOT ON SCENE (DESK REPORT),NO INJURY / DRIVE AWAY,,,,"$501 - $1,500",11/04/2018 09:30:00 PM,FOLLOWING TOO CLOSELY,FOLLOWING TOO CLOSELY,6308,N,CENTRAL AVE,1621,,,,,,,2,NO INDICATION OF INJURY,0,0,0,0,0,2,0,12,1,11,41.996371597,-87.764277038,POINT (-87.764277038221 41.996371597022)
JB503137,,11/04/2018 12:00:00 PM,25,STOP SIGN/FLASHER,FUNCTIONING PROPERLY,RAIN,DAYLIGHT,ANGLE,OTHER,2,STRAIGHT AND LEVEL,WET,NO DEFECTS,NOT ON SCENE (DESK REPORT),NO INJURY / DRIVE AWAY,Y,,,"OVER $1,500",11/04/2018 12:00:00 PM,DISREGARDING STOP SIGN,FAILING TO YIELD RIGHT-OF-WAY,9700,S,WALLACE ST,2223,,,,,,,2,NO INDICATION OF INJURY,0,0,0,0,0,2,0,12,1,11,41.71779957,-87.63840412,POINT (-87.638404120296 41.717799569521)
JB503097,,11/04/2018 12:00:00 PM,30,NO CONTROLS,NO CONTROLS,RAIN,DAYLIGHT,FIXED OBJECT,NOT DIVIDED,1,STRAIGHT AND LEVEL,WET,NO DEFECTS,ON SCENE,INJURY AND / OR TOW DUE TO CRASH,,,,"OVER $1,500",11/04/2018 12:30:00 PM,WEATHER,EXCEEDING SAFE SPEED FOR CONDITIONS,9354,S,EWING AVE,432,,,,,,,1,NO INDICATION OF INJURY,0,0,0,0,0,2,0,12,1,11,41.726152619,-87.539344307,POINT (-87.539344306557 41.726152619009)
JB503140,,11/04/2018 11:59:00 AM,25,NO CONTROLS,NO CONTROLS,RAIN,DAYLIGHT,SIDESWIPE SAME DIRECTION,NOT DIVIDED,2,STRAIGHT AND LEVEL,WET,NO DEFECTS,NOT ON SCENE (DESK REPORT),NO INJURY / DRIVE AWAY,,,Y,"OVER $1,500",11/04/2018 01:15:00 PM,IMPROPER OVERTAKING/PASSING,FOLLOWING TOO CLOSELY,1610,E,82ND ST,411,,,,,,,2,NO INDICATION OF INJURY,0,0,0,0,0,3,0,11,1,11,41.74614429,-87.584917811,POINT (-87.584917811049 41.746144290417)
JB503124,,11/04/2018 11:58:00 AM,30,STOP SIGN/FLASHER,FUNCTIONING PROPERLY,RAIN,DAYLIGHT,FIXED OBJECT,ONE-WAY,1,STRAIGHT AND LEVEL,WET,NO DEFECTS,ON SCENE,INJURY AND / OR TOW DUE TO CRASH,,,,"OVER $1,500",11/04/2018 11:58:00 AM,UNABLE TO DETERMINE,UNABLE TO DETERMINE,9052,S,CLYDE AVE,413,,,,,,,1,INCAPACITATING INJURY,1,0,1,0,0,0,0,11,1,11,41.730053809,-87.57325984,POINT (-87.573259839735 41.73005380872)
JB503076,,11/04/2018 11:57:00 AM,20,STOP SIGN/FLASHER,FUNCTIONING PROPERLY,RAIN,DAYLIGHT,PEDALCYCLIST,OTHER,3,STRAIGHT AND LEVEL,WET,NO DEFECTS,ON SCENE,INJURY AND / OR TOW DUE TO CRASH,Y,,Y,$500 OR LESS,11/04/2018 11:58:00 AM,UNABLE TO DETERMINE,UNABLE TO DETERMINE,4128,N,KEDZIE AVE,1724,,,,,,,2,"REPORTED, NOT EVIDENT",1,0,0,0,1,1,0,11,1,11,41.956605903,-87.708244436,POINT (-87.708244435827 41.956605903165)
JB503069,,11/04/2018 11:45:00 AM,30,OTHER,NO CONTROLS,RAIN,DAYLIGHT,REAR END,RAMP,1,"CURVE, LEVEL",WET,NO DEFECTS,ON SCENE,NO INJURY / DRIVE AWAY,,,,"OVER $1,500",11/04/2018 11:51:00 AM,NOT APPLICABLE,NOT APPLICABLE,1600,E,103RD ST,431,,,,,,,2,NO INDICATION OF INJURY,0,0,0,0,0,3,0,11,1,11,41.707899886,-87.584822889,POINT (-87.584822888781 41.707899886453)
JB503068,,11/04/2018 11:45:00 AM,30,TRAFFIC SIGNAL,FUNCTIONING PROPERLY,RAIN,DAYLIGHT,TURNING,NOT DIVIDED,4,STRAIGHT AND LEVEL,WET,NO DEFECTS,ON SCENE,INJURY AND / OR TOW DUE TO CRASH,,N,,"OVER $1,500",11/04/2018 11:51:00 AM,FAILING TO YIELD RIGHT-OF-WAY,IMPROPER TURNING/NO SIGNAL,3154,W,FOSTER AVE,1712,,,,,,,2,NONINCAPACITATING INJURY,2,0,0,2,0,3,0,11,1,11,41.975859694,-87.708464968,POINT (-87.70846496773 41.975859694203)
JB503055,,11/04/2018 11:45:00 AM,30,TRAFFIC SIGNAL,FUNCTIONING PROPERLY,RAIN,DAYLIGHT,TURNING,CENTER TURN LANE,5,STRAIGHT AND LEVEL,WET,NO DEFECTS,ON SCENE,INJURY AND / OR TOW DUE TO CRASH,Y,,,"OVER $1,500",11/04/2018 12:00:00 PM,UNABLE TO DETERMINE,UNABLE TO DETERMINE,1600,N,WELLS ST,1814,,,,,,,2,NO INDICATION OF INJURY,0,0,0,0,0,2,0,11,1,11,41.911195419,-87.634858884,POINT (-87.634858883507 41.911195419487)
JB503070,,11/04/2018 11:31:00 AM,30,TRAFFIC SIGNAL,FUNCTIONING PROPERLY,CLEAR,DAYLIGHT,REAR END,NOT DIVIDED,,STRAIGHT AND LEVEL,DRY,NO DEFECTS,ON SCENE,INJURY AND / OR TOW DUE TO CRASH,,,,"OVER $1,500",11/04/2018 11:31:00 AM,FOLLOWING TOO CLOSELY,FOLLOWING TOO CLOSELY,534,W,ROOSEVELT RD,124,,,,,,,2,NONINCAPACITATING INJURY,1,0,0,1,0,1,0,11,1,11,41.867351635,-87.640648577,POINT (-87.640648576774 41.867351634791)
JB503380,Y,11/04/2018 11:30:00 AM,30,NO CONTROLS,NO CONTROLS,RAIN,DAYLIGHT,PARKED MOTOR VEHICLE,NOT DIVIDED,3,STRAIGHT AND LEVEL,SNOW OR SLUSH,SHOULDER DEFECT,NOT ON SCENE (DESK REPORT),NO INJURY / DRIVE AWAY,,,Y,"OVER $1,500",11/04/2018 05:00:00 PM,IMPROPER BACKING,IMPROPER OVERTAKING/PASSING,7027,S,WOOD ST,735,,,,,,,2,NO INDICATION OF INJURY,0,0,0,0,0,1,0,11,1,11,41.765853119,-87.668557674,POINT (-87.668557674077 41.765853118588)
JB503104,,11/04/2018 11:30:00 AM,5,STOP SIGN/FLASHER,NO CONTROLS,RAIN,DAYLIGHT,REAR END,NOT DIVIDED,2,STRAIGHT AND LEVEL,WET,UNKNOWN,NOT ON SCENE (DESK REPORT),NO INJURY / DRIVE AWAY,,,,$500 OR LESS,11/04/2018 12:54:00 PM,FOLLOWING TOO CLOSELY,WEATHER,7500,S,CRANDON AVE,414,,,,,,,2,NO INDICATION OF INJURY,0,0,0,0,0,3,0,11,1,11,41.758870147,-87.568955793,POINT (-87.568955792644 41.758870147081)
JB503085,,11/04/2018 11:30:00 AM,30,TRAFFIC SIGNAL,FUNCTIONING PROPERLY,RAIN,DAYLIGHT,TURNING,NOT DIVIDED,,STRAIGHT AND LEVEL,WET,NO DEFECTS,NOT ON SCENE (DESK REPORT),NO INJURY / DRIVE AWAY,Y,,,"OVER $1,500",11/04/2018 12:30:00 PM,"VISION OBSCURED (SIGNS, TREE LIMBS, BUILDINGS, ETC.)",NOT APPLICABLE,6800,W,BELMONT AVE,1632,,,,,,,2,NO INDICATION OF INJURY,0,0,0,0,0,2,0,11,1,11,41.938266954,-87.795761499,POINT (-87.795761499004 41.938266954026)
JB503061,,11/04/2018 11:30:00 AM,30,NO CONTROLS,NO CONTROLS,RAIN,DAYLIGHT,TURNING,OTHER,4,STRAIGHT AND LEVEL,WET,NO DEFECTS,NOT ON SCENE (DESK REPORT),NO INJURY / DRIVE AWAY,Y,,,"OVER $1,500",11/04/2018 12:12:00 PM,NOT APPLICABLE,"OPERATING VEHICLE IN ERRATIC, RECKLESS, CARELESS, NEGLIGENT OR AGGRESSIVE MANNER",1600,N,HONORE ST,1434,,,,,,,2,NO INDICATION OF INJURY,0,0,0,0,0,5,0,11,1,11,41.910626844,-87.673952568,POINT (-87.673952567547 41.910626844483)
JB504176,,11/04/2018 11:25:00 AM,30,STOP SIGN/FLASHER,FUNCTIONING PROPERLY,CLEAR,DAYLIGHT,HEAD ON,NOT DIVIDED,,STRAIGHT AND LEVEL,DRY,NO DEFECTS,NOT ON SCENE (DESK REPORT),NO INJURY / DRIVE AWAY,,,,"OVER $1,500",11/05/2018 10:44:00 AM,UNABLE TO DETERMINE,UNABLE TO DETERMINE,1933,N,MARCEY ST,1811,,,,,,,2,NO INDICATION OF INJURY,0,0,0,0,0,2,0,11,1,11,41.916977909,-87.658696442,POINT (-87.658696441608 41.916977908636)
JB503039,,11/04/2018 11:22:00 AM,30,NO CONTROLS,NO CONTROLS,RAIN,DAYLIGHT,HEAD ON,ONE-WAY,2,STRAIGHT AND LEVEL,WET,NO DEFECTS,NOT ON SCENE (DESK REPORT),NO INJURY / DRIVE AWAY,,,,$500 OR LESS,11/04/2018 11:50:00 AM,DRIVING ON WRONG SIDE/WRONG WAY,NOT APPLICABLE,18,E,25TH ST,133,,,,,,,2,NO INDICATION OF INJURY,0,0,0,0,0,2,0,11,1,11,41.847084913,-87.626149715,POINT (-87.626149715361 41.847084913412)
JB503067,,11/04/2018 11:15:00 AM,30,NO CONTROLS,NO CONTROLS,RAIN,DAYLIGHT,SIDESWIPE SAME DIRECTION,NOT DIVIDED,,STRAIGHT AND LEVEL,WET,NO DEFECTS,NOT ON SCENE (DESK REPORT),NO INJURY / DRIVE AWAY,,,,"$501 - $1,500",11/04/2018 12:10:00 PM,UNABLE TO DETERMINE,NOT APPLICABLE,3527,W,ARMITAGE AVE,1422,,,,,,,2,NO INDICATION OF INJURY,0,0,0,0,0,2,0,11,1,11,41.91719803,-87.714660372,POINT (-87.714660372195 41.917198029831)
JB503015,,11/04/2018 11:03:00 AM,30,NO CONTROLS,NO CONTROLS,RAIN,DAYLIGHT,PARKED MOTOR VEHICLE,DIVIDED - W/MEDIAN (NOT RAISED),2,STRAIGHT AND LEVEL,WET,NO DEFECTS,ON SCENE,NO INJURY / DRIVE AWAY,,,,"OVER $1,500",11/04/2018 11:10:00 AM,UNABLE TO DETERMINE,UNABLE TO DETERMINE,330,W,DIVERSEY PKWY,1934,,,,,,,2,NO INDICATION OF INJURY,0,0,0,0,0,1,0,11,1,11,41.933041987,-87.638022711,POINT (-87.63802271095 41.933041987219)
JB504581,,11/04/2018 11:00:00 AM,30,NO CONTROLS,NO CONTROLS,RAIN,DAYLIGHT,ANGLE,NOT DIVIDED,,STRAIGHT AND LEVEL,WET,NO DEFECTS,NOT ON SCENE (DESK REPORT),NO INJURY / DRIVE AWAY,Y,,,"OVER $1,500",11/05/2018 03:17:00 PM,FAILING TO YIELD RIGHT-OF-WAY,NOT APPLICABLE,925,W,JACKSON BLVD,1232,,,,,,,2,NO INDICATION OF INJURY,0,0,0,0,0,2,0,11,1,11,41.8777806,-87.650680815,POINT (-87.650680815178 41.877780599569)
JB503372,,11/04/2018 11:00:00 AM,20,NO CONTROLS,NO CONTROLS,UNKNOWN,DAYLIGHT,PARKED MOTOR VEHICLE,ONE-WAY,3,STRAIGHT AND LEVEL,UNKNOWN,NO DEFECTS,NOT ON SCENE (DESK REPORT),NO INJURY / DRIVE AWAY,,,Y,"OVER $1,500",11/04/2018 04:27:00 PM,NOT APPLICABLE,NOT APPLICABLE,8502,S,MUSKEGON AVE,423,,,,,,,2,NO INDICATION OF INJURY,0,0,0,0,0,1,0,11,1,11,41.740824726,-87.555278236,POINT (-87.555278236376 41.740824726304)
JB503103,,11/04/2018 11:00:00 AM,30,STOP SIGN/FLASHER,FUNCTIONING PROPERLY,RAIN,DAYLIGHT,ANGLE,NOT DIVIDED,,STRAIGHT AND LEVEL,WET,NO DEFECTS,NOT ON SCENE (DESK REPORT),NO INJURY / DRIVE AWAY,Y,,,"OVER $1,500",11/04/2018 12:59:00 PM,FAILING TO YIELD RIGHT-OF-WAY,NOT APPLICABLE,300,S,SANGAMON ST,1232,,,,,,,2,NO INDICATION OF INJURY,0,0,0,0,0,2,0,11,1,11,41.87782388,-87.650887698,POINT (-87.65088769829 41.877823879929)
JB503000,,11/04/2018 10:55:00 AM,30,TRAFFIC SIGNAL,FUNCTIONING PROPERLY,RAIN,DAYLIGHT,ANGLE,DIVIDED - W/MEDIAN (NOT RAISED),0,STRAIGHT AND LEVEL,WET,NO DEFECTS,ON SCENE,INJURY AND / OR TOW DUE TO CRASH,Y,,,"OVER $1,500",11/04/2018 10:55:00 AM,FAILING TO YIELD RIGHT-OF-WAY,FAILING TO REDUCE SPEED TO AVOID CRASH,1558,W,18TH ST,1233,,Y,,,,,2,INCAPACITATING INJURY,1,0,1,0,0,1,0,10,1,11,41.857908021,-87.666027219,POINT (-87.666027219398 41.857908021191)
JB503038,,11/04/2018 10:50:00 AM,30,NO CONTROLS,NO CONTROLS,RAIN,DAYLIGHT,REAR END,DIVIDED - W/MEDIAN (NOT RAISED),,STRAIGHT AND LEVEL,WET,NO DEFECTS,ON SCENE,NO INJURY / DRIVE AWAY,,,,$500 OR LESS,11/04/2018 11:30:00 AM,UNABLE TO DETERMINE,WEATHER,1554,N,WELLS ST,1821,,,,,,,2,NO INDICATION OF INJURY,0,0,0,0,0,2,0,10,1,11,41.910730731,-87.634844503,POINT (-87.634844503473 41.910730731122)
JB503925,Y,11/04/2018 10:45:00 AM,25,NO CONTROLS,NO CONTROLS,UNKNOWN,"DARKNESS, LIGHTED ROAD",PARKED MOTOR VEHICLE,NOT DIVIDED,2,STRAIGHT AND LEVEL,WET,NO DEFECTS,ON SCENE,NO INJURY / DRIVE AWAY,,,Y,"OVER $1,500",11/05/2018 07:30:00 AM,UNABLE TO DETERMINE,UNABLE TO DETERMINE,7226,N,ROGERS AVE,2424,,,,,,,2,NO INDICATION OF INJURY,0,0,0,0,0,1,0,10,1,11,42.01300934,-87.681904813,POINT (-87.681904813406 42.013009340326)
JB503003,,11/04/2018 10:36:00 AM,15,NO CONTROLS,NO CONTROLS,RAIN,DAYLIGHT,OTHER OBJECT,ALLEY,1,STRAIGHT AND LEVEL,WET,UNKNOWN,ON SCENE,NO INJURY / DRIVE AWAY,,,,$500 OR LESS,11/04/2018 10:40:00 AM,DISTRACTION - FROM OUTSIDE VEHICLE,IMPROPER BACKING,3422,N,KEELER AVE,1731,,,,,,,1,NO INDICATION OF INJURY,0,0,0,0,0,1,0,10,1,11,41.943333661,-87.732290047,POINT (-87.732290047454 41.943333660537)
JB502989,,11/04/2018 10:34:00 AM,25,STOP SIGN/FLASHER,FUNCTIONING PROPERLY,RAIN,DUSK,ANGLE,NOT DIVIDED,8,STRAIGHT AND LEVEL,WET,NO DEFECTS,ON SCENE,INJURY AND / OR TOW DUE TO CRASH,Y,,Y,"OVER $1,500",11/04/2018 10:39:00 AM,DISREGARDING STOP SIGN,WEATHER,2900,W,HARRISON ST,1135,,Y,,,,,2,NO INDICATION OF INJURY,0,0,0,0,0,3,0,10,1,11,41.873881185,-87.698679485,POINT (-87.698679485312 41.873881184981)
JB502983,,11/04/2018 10:33:00 AM,30,STOP SIGN/FLASHER,FUNCTIONING PROPERLY,RAIN,DAYLIGHT,ANGLE,NOT DIVIDED,2,STRAIGHT AND LEVEL,WET,NO DEFECTS,ON SCENE,INJURY AND / OR TOW DUE TO CRASH,Y,,,"OVER $1,500",11/04/2018 10:34:00 AM,FAILING TO YIELD RIGHT-OF-WAY,NOT APPLICABLE,5899,W,ADDISON ST,1633,,N,,,,,2,NONINCAPACITATING INJURY,2,0,0,2,0,1,0,10,1,11,41.94568854,-87.773940438,POINT (-87.773940438059 41.945688539632)
JB503047,Y,11/04/2018 10:30:00 AM,30,NO CONTROLS,NO CONTROLS,RAIN,DAYLIGHT,HEAD ON,NOT DIVIDED,2,STRAIGHT AND LEVEL,WET,NO DEFECTS,ON SCENE,NO INJURY / DRIVE AWAY,,,Y,"OVER $1,500",11/04/2018 11:44:00 AM,NOT APPLICABLE,NOT APPLICABLE,2319,W,47TH ST,931,,,,,,,2,NO INDICATION OF INJURY,0,0,0,0,0,2,0,10,1,11,41.808313968,-87.68280693,POINT (-87.682806929818 41.808313968105)
JB503005,Y,11/04/2018 10:30:00 AM,30,NO CONTROLS,NO CONTROLS,RAIN,DAYLIGHT,PARKED MOTOR VEHICLE,NOT DIVIDED,,STRAIGHT AND LEVEL,WET,NO DEFECTS,NOT ON SCENE (DESK REPORT),NO INJURY / DRIVE AWAY,,,Y,"OVER $1,500",11/04/2018 11:00:00 AM,IMPROPER OVERTAKING/PASSING,IMPROPER OVERTAKING/PASSING,2319,S,DAMEN AVE,1034,,,,,,,3,NO INDICATION OF INJURY,0,0,0,0,0,2,0,10,1,11,41.849791261,-87.675631317,POINT (-87.675631316947 41.849791261248)
JB502988,,11/04/2018 10:30:00 AM,25,NO CONTROLS,NO CONTROLS,RAIN,DAYLIGHT,PARKED MOTOR VEHICLE,ONE-WAY,,STRAIGHT AND LEVEL,WET,NO DEFECTS,ON SCENE,NO INJURY / DRIVE AWAY,,,Y,"OVER $1,500",11/04/2018 10:30:00 AM,UNABLE TO DETERMINE,NOT APPLICABLE,7235,S,CONSTANCE AVE,324,,,,,,,2,NO INDICATION OF INJURY,0,0,0,0,0,2,0,10,1,11,41.763244424,-87.580379911,POINT (-87.580379910665 41.76324442413)
JB504219,,11/04/2018 10:28:00 AM,30,TRAFFIC SIGNAL,FUNCTIONING PROPERLY,RAIN,DAYLIGHT,SIDESWIPE SAME DIRECTION,DIVIDED - W/MEDIAN (NOT RAISED),4,STRAIGHT AND LEVEL,WET,NO DEFECTS,NOT ON SCENE (DESK REPORT),NO INJURY / DRIVE AWAY,,,,"$501 - $1,500",11/05/2018 11:05:00 AM,UNABLE TO DETERMINE,UNABLE TO DETERMINE,803,W,63RD ST,723,,,,,,,2,NO INDICATION OF INJURY,0,0,0,0,0,4,0,10,1,11,41.779639116,-87.644936588,POINT (-87.644936587894 41.779639116346)