RD_NO,CRASH_DATE_EST_I,CRASH_DATE,POSTED_SPEED_LIMIT,TRAFFIC_CONTROL_DEVICE,DEVICE_CONDITION,WEATHER_CONDITION,LIGHTING_CONDITION,FIRST_CRASH_TYPE,TRAFFICWAY_TYPE,LANE_CNT,ALIGNMENT,ROADWAY_SURFACE_COND,ROAD_DEFECT,REPORT_TYPE,CRASH_TYPE,INTERSECTION_RELATED_I,NOT_RIGHT_OF_WAY_I,HIT_AND_RUN_I,DAMAGE,DATE_POLICE_NOTIFIED,PRIM_CONTRIBUTORY_CAUSE,SEC_CONTRIBUTORY_CAUSE,STREET_NO,STREET_DIRECTION,STREET_NAME,BEAT_OF_OCCURRENCE,PHOTOS_TAKEN_I,STATEMENTS_TAKEN_I,DOORING_I,WORK_ZONE_I,WORK_ZONE_TYPE,WORKERS_PRESENT_I,NUM_UNITS,MOST_SEVERE_INJURY,INJURIES_TOTAL,INJURIES_FATAL,INJURIES_INCAPACITATING,INJURIES_NON_INCAPACITATING,INJURIES_REPORTED_NOT_EVIDENT,INJURIES_NO_INDICATION,INJURIES_UNKNOWN,CRASH_HOUR,CRASH_DAY_OF_WEEK,CRASH_MONTH,LATITUDE,LONGITUDE,LOCATION
JB502969,,11/04/2018 10:18:00 AM,35,TRAFFIC SIGNAL,FUNCTIONING PROPERLY,RAIN,DAYLIGHT,PEDESTRIAN,OTHER,8,STRAIGHT AND LEVEL,WET,NO DEFECTS,ON SCENE,INJURY AND / OR TOW DUE TO CRASH,Y,,,$500 OR LESS,11/04/2018 10:20:00 AM,WEATHER,FAILING TO YIELD RIGHT-OF-WAY,2935,N,SHERIDAN RD,1934,,,,,,,3,NONINCAPACITATING INJURY,2,0,0,2,0,1,0,10,1,11,41.93541688,-87.63924532,POINT (-87.639245320002 41.935416880248)
JB502987,,11/04/2018 10:15:00 AM,30,TRAFFIC SIGNAL,FUNCTIONING PROPERLY,RAIN,DAYLIGHT,SIDESWIPE SAME DIRECTION,NOT DIVIDED,,STRAIGHT AND LEVEL,WET,NO DEFECTS,NOT ON SCENE (DESK REPORT),NO INJURY / DRIVE AWAY,,,,$500 OR LESS,11/04/2018 10:58:00 AM,UNABLE TO DETERMINE,UNABLE TO DETERMINE,10700,S,VINCENNES AVE,2212,,,,,,,2,NO INDICATION OF INJURY,0,0,0,0,0,2,0,10,1,11,41.699388742,-87.658913357,POINT (-87.658913357315 41.699388741856)
JB502963,,11/04/2018 10:15:00 AM,30,NO CONTROLS,NO CONTROLS,RAIN,DAYLIGHT,SIDESWIPE SAME DIRECTION,DIVIDED - W/MEDIAN (NOT RAISED),4,STRAIGHT AND LEVEL,WET,NO DEFECTS,NOT ON SCENE (DESK REPORT),NO INJURY / DRIVE AWAY,,,Y,"OVER $1,500",11/04/2018 10:25:00 AM,"OPERATING VEHICLE IN ERRATIC, RECKLESS, CARELESS, NEGLIGENT OR AGGRESSIVE MANNER",NOT APPLICABLE,2059,W,NORTH AVE,1424,,,,,,,2,NO INDICATION OF INJURY,0,0,0,0,0,2,0,10,1,11,41.910331927,-87.679787879,POINT (-87.679787879061 41.910331927008)
JB502977,,11/04/2018 10:13:00 AM,0,NO CONTROLS,NO CONTROLS,RAIN,DAYLIGHT,FIXED OBJECT,OTHER,0,STRAIGHT AND LEVEL,WET,NO DEFECTS,ON SCENE,NO INJURY / DRIVE AWAY,,Y,,"OVER $1,500",11/04/2018 10:40:00 AM,DRIVING SKILLS/KNOWLEDGE/EXPERIENCE,UNABLE TO DETERMINE,2616,N,CICERO AVE,2521,,,,,,,1,NO INDICATION OF INJURY,0,0,0,0,0,1,0,10,1,11,41.928454081,-87.746615631,POINT (-87.746615631056 41.928454081408)
JB502955,,11/04/2018 10:05:00 AM,30,TRAFFIC SIGNAL,FUNCTIONING PROPERLY,RAIN,DAYLIGHT,ANGLE,DIVIDED - W/MEDIAN (NOT RAISED),4,STRAIGHT AND LEVEL,WET,NO DEFECTS,ON SCENE,INJURY AND / OR TOW DUE TO CRASH,Y,,,"OVER $1,500",11/04/2018 10:06:00 AM,DISREGARDING TRAFFIC SIGNALS,DRIVING SKILLS/KNOWLEDGE/EXPERIENCE,1200,S,RUBLE ST,1232,,,,,,,3,NO INDICATION OF INJURY,0,0,0,0,0,4,0,10,1,11,41.867134208,-87.64423752,POINT (-87.644237519792 41.867134208293)
JB508712,,11/04/2018 10:00:00 AM,30,UNKNOWN,UNKNOWN,UNKNOWN,UNKNOWN,REAR END,UNKNOWN,5,STRAIGHT AND LEVEL,UNKNOWN,UNKNOWN,NOT ON SCENE (DESK REPORT),NO INJURY / DRIVE AWAY,Y,,Y,$500 OR LESS,11/08/2018 05:14:00 PM,UNABLE TO DETERMINE,UNABLE TO DETERMINE,8698,S,SOUTH CHICAGO AVE,423,,,,,,,2,NO INDICATION OF INJURY,0,0,0,0,0,2,0,10,1,11,41.737130263,-87.56581844,POINT (-87.565818440316 41.73713026322)
JB502986,,11/04/2018 10:00:00 AM,30,TRAFFIC SIGNAL,FUNCTIONING PROPERLY,RAIN,DAYLIGHT,REAR END,NOT DIVIDED,,STRAIGHT AND LEVEL,WET,NO DEFECTS,NOT ON SCENE (DESK REPORT),NO INJURY / DRIVE AWAY,,,,"$501 - $1,500",11/04/2018 10:44:00 AM,WEATHER,FOLLOWING TOO CLOSELY,1,W,83RD ST,632,,,,,,,2,NO INDICATION OF INJURY,0,0,0,0,0,2,0,10,1,11,41.743545234,-87.624350548,POINT (-87.624350548474 41.743545234306)
JB502968,,11/04/2018 10:00:00 AM,30,NO CONTROLS,NO CONTROLS,RAIN,DAYLIGHT,TURNING,NOT DIVIDED,,STRAIGHT AND LEVEL,WET,NO DEFECTS,ON SCENE,INJURY AND / OR TOW DUE TO CRASH,,,,"OVER $1,500",11/04/2018 10:18:00 AM,FAILING TO YIELD RIGHT-OF-WAY,NOT APPLICABLE,3951,W,MARQUETTE RD,833,,,,,,,2,NO INDICATION OF INJURY,0,0,0,0,0,2,0,10,1,11,41.771270648,-87.72214612,POINT (-87.722146119667 41.771270647957)
JB502960,Y,11/04/2018 09:55:00 AM,0,NO CONTROLS,NO CONTROLS,RAIN,DAYLIGHT,PARKED MOTOR VEHICLE,NOT DIVIDED,2,STRAIGHT AND LEVEL,WET,NO DEFECTS,NOT ON SCENE (DESK REPORT),NO INJURY / DRIVE AWAY,,,N,"OVER $1,500",11/04/2018 10:30:00 AM,UNABLE TO DETERMINE,UNABLE TO DETERMINE,1720,W,19TH ST,1234,,,,,,,2,NO INDICATION OF INJURY,0,0,0,0,0,1,0,9,1,11,41.856030413,-87.669577792,POINT (-87.669577791664 41.856030412899)
JB502920,,11/04/2018 09:55:00 AM,35,STOP SIGN/FLASHER,FUNCTIONING PROPERLY,CLEAR,DAYLIGHT,SIDESWIPE SAME DIRECTION,DIVIDED - W/MEDIAN (NOT RAISED),2,STRAIGHT AND LEVEL,DRY,NO DEFECTS,ON SCENE,NO INJURY / DRIVE AWAY,,,,$500 OR LESS,11/04/2018 10:00:00 AM,IMPROPER TURNING/NO SIGNAL,FOLLOWING TOO CLOSELY,1440,S,WABASH AVE,131,,,,,,,2,NO INDICATION OF INJURY,0,0,0,0,0,2,0,9,1,11,41.862931722,-87.62587567,POINT (-87.625875670228 41.862931722246)
JB502939,,11/04/2018 09:50:00 AM,30,NO CONTROLS,NO CONTROLS,RAIN,DAYLIGHT,ANGLE,PARKING LOT,,STRAIGHT AND LEVEL,WET,NO DEFECTS,ON SCENE,NO INJURY / DRIVE AWAY,,,,$500 OR LESS,11/04/2018 10:00:00 AM,UNABLE TO DETERMINE,UNABLE TO DETERMINE,2526,W,CERMAK RD,1023,,,,,,,2,NO INDICATION OF INJURY,0,0,0,0,0,2,0,9,1,11,41.852100653,-87.689051111,POINT (-87.689051110607 41.85210065324)
JB502914,,11/04/2018 09:45:00 AM,30,STOP SIGN/FLASHER,FUNCTIONING PROPERLY,RAIN,DAYLIGHT,PARKED MOTOR VEHICLE,NOT DIVIDED,1,STRAIGHT AND LEVEL,WET,NO DEFECTS,ON SCENE,NO INJURY / DRIVE AWAY,Y,,,$500 OR LESS,11/04/2018 09:55:00 AM,NOT APPLICABLE,NOT APPLICABLE,2200,W,WABANSIA AVE,1434,,,,,,,2,NO INDICATION OF INJURY,0,0,0,0,0,1,0,9,1,11,41.912759086,-87.682660674,POINT (-87.682660674243 41.912759086099)
JB502932,,11/04/2018 09:40:00 AM,35,NO CONTROLS,NO CONTROLS,RAIN,DAYLIGHT,ANGLE,DIVIDED - W/MEDIAN BARRIER,,"CURVE, LEVEL",WET,NO DEFECTS,ON SCENE,INJURY AND / OR TOW DUE TO CRASH,,,Y,"OVER $1,500",11/04/2018 09:43:00 AM,UNABLE TO DETERMINE,WEATHER,900,N,LAKE SHORE DR SB,1833,,,,,,,2,NONINCAPACITATING INJURY,2,0,0,2,0,3,0,9,1,11,41.899322279,-87.618738433,POINT (-87.618738433114 41.899322278833)
JB503100,,11/04/2018 09:31:00 AM,0,NO CONTROLS,NO CONTROLS,UNKNOWN,UNKNOWN,SIDESWIPE SAME DIRECTION,UNKNOWN,,STRAIGHT AND LEVEL,UNKNOWN,UNKNOWN,NOT ON SCENE (DESK REPORT),NO INJURY / DRIVE AWAY,N,,Y,"OVER $1,500",11/04/2018 09:31:00 AM,UNABLE TO DETERMINE,NOT APPLICABLE,4700,S,DAMEN AVE,931,,,,,,,3,NO INDICATION OF INJURY,0,0,0,0,0,3,0,9,1,11,41.808416745,-87.674831072,POINT (-87.67483107178 41.808416744713)
JB505623,Y,11/04/2018 09:30:00 AM,30,NO CONTROLS,NO CONTROLS,UNKNOWN,UNKNOWN,PARKED MOTOR VEHICLE,OTHER,2,STRAIGHT AND LEVEL,UNKNOWN,UNKNOWN,NOT ON SCENE (DESK REPORT),NO INJURY / DRIVE AWAY,,,Y,"OVER $1,500",11/06/2018 10:30:00 AM,NOT APPLICABLE,NOT APPLICABLE,6961,N,ROCKWELL ST,2411,,,,,,,2,NO INDICATION OF INJURY,0,0,0,0,0,1,0,9,1,11,42.00851363,-87.694819096,POINT (-87.694819096076 42.008513630038)
JB502915,,11/04/2018 09:30:00 AM,25,NO CONTROLS,NO CONTROLS,RAIN,DAYLIGHT,FIXED OBJECT,ONE-WAY,1,STRAIGHT AND LEVEL,WET,NO DEFECTS,ON SCENE,NO INJURY / DRIVE AWAY,,Y,,"OVER $1,500",11/04/2018 09:36:00 AM,EXCEEDING SAFE SPEED FOR CONDITIONS,UNABLE TO DETERMINE,1345,N,KARLOV AVE,2534,,,,,,,1,NO INDICATION OF INJURY,0,0,0,0,0,1,0,9,1,11,41.905762402,-87.728706191,POINT (-87.728706190508 41.905762402343)
JB502911,,11/04/2018 09:20:00 AM,25,TRAFFIC SIGNAL,FUNCTIONING PROPERLY,RAIN,DAYLIGHT,REAR END,NOT DIVIDED,2,STRAIGHT AND LEVEL,WET,NO DEFECTS,ON SCENE,INJURY AND / OR TOW DUE TO CRASH,Y,,,"OVER $1,500",11/04/2018 09:24:00 AM,EXCEEDING SAFE SPEED FOR CONDITIONS,NOT APPLICABLE,2411,W,TOUHY AVE,2411,,,,,,,2,NONINCAPACITATING INJURY,1,0,0,1,0,3,0,9,1,11,42.012160352,-87.690738548,POINT (-87.690738547562 42.012160352442)
JB503216,,11/04/2018 09:00:00 AM,30,STOP SIGN/FLASHER,FUNCTIONING PROPERLY,RAIN,DAYLIGHT,PARKED MOTOR VEHICLE,NOT DIVIDED,,STRAIGHT AND LEVEL,WET,NO DEFECTS,NOT ON SCENE (DESK REPORT),NO INJURY / DRIVE AWAY,,,Y,"$501 - $1,500",11/04/2018 02:30:00 PM,UNABLE TO DETERMINE,UNABLE TO DETERMINE,37,E,89TH ST,634,,,,,,,2,NO INDICATION OF INJURY,0,0,0,0,0,1,0,9,1,11,41.732599089,-87.622651301,POINT (-87.62265130076 41.732599089378)
JB503196,,11/04/2018 09:00:00 AM,30,UNKNOWN,NO CONTROLS,CLEAR,DAWN,PARKED MOTOR VEHICLE,NOT DIVIDED,,STRAIGHT AND LEVEL,DRY,NO DEFECTS,NOT ON SCENE (DESK REPORT),NO INJURY / DRIVE AWAY,,,Y,"OVER $1,500",11/04/2018 02:00:00 PM,UNABLE TO DETERMINE,NOT APPLICABLE,6315,W,HYACINTH ST,1611,,,,,,,2,NO INDICATION OF INJURY,0,0,0,0,0,1,0,9,1,11,41.991895713,-87.78565443,POINT (-87.785654430485 41.991895713012)
JB502973,,11/04/2018 09:00:00 AM,30,NO CONTROLS,NO CONTROLS,RAIN,DAYLIGHT,PARKED MOTOR VEHICLE,ONE-WAY,,STRAIGHT AND LEVEL,WET,NO DEFECTS,NOT ON SCENE (DESK REPORT),NO INJURY / DRIVE AWAY,,,,"$501 - $1,500",11/04/2018 10:45:00 AM,UNABLE TO DETERMINE,NOT APPLICABLE,247,W,107TH ST,513,,,,,,,2,NO INDICATION OF INJURY,0,0,0,0,0,1,0,9,1,11,41.699683386,-87.629839583,POINT (-87.629839583279 41.699683385537)
JB502886,,11/04/2018 08:30:00 AM,30,NO CONTROLS,FUNCTIONING PROPERLY,CLOUDY/OVERCAST,DAYLIGHT,SIDESWIPE SAME DIRECTION,ONE-WAY,,STRAIGHT AND LEVEL,DRY,NO DEFECTS,NOT ON SCENE (DESK REPORT),NO INJURY / DRIVE AWAY,,,Y,"OVER $1,500",11/04/2018 09:04:00 AM,EXCEEDING AUTHORIZED SPEED LIMIT,NOT APPLICABLE,8050,S,STATE ST,623,,,,,,,2,NO INDICATION OF INJURY,0,0,0,0,0,2,0,8,1,11,41.747616128,-87.624584485,POINT (-87.624584484585 41.747616127861)
JB502880,,11/04/2018 08:30:00 AM,0,OTHER,OTHER,CLEAR,DAYLIGHT,FIXED OBJECT,DRIVEWAY,,STRAIGHT AND LEVEL,DRY,NO DEFECTS,ON SCENE,NO INJURY / DRIVE AWAY,,Y,,"OVER $1,500",11/04/2018 08:42:00 AM,DRIVING SKILLS/KNOWLEDGE/EXPERIENCE,UNABLE TO DETERMINE,3840,W,PIPPIN ST,833,,,,,,,1,NO INDICATION OF INJURY,0,0,0,0,0,1,0,8,1,11,41.75365216,-87.720006499,POINT (-87.720006499054 41.753652159817)
JB503043,,11/04/2018 08:05:00 AM,30,TRAFFIC SIGNAL,FUNCTIONING PROPERLY,RAIN,DAYLIGHT,SIDESWIPE SAME DIRECTION,DIVIDED - W/MEDIAN BARRIER,,STRAIGHT AND LEVEL,WET,NO DEFECTS,NOT ON SCENE (DESK REPORT),NO INJURY / DRIVE AWAY,,,,"$501 - $1,500",11/04/2018 12:00:00 PM,NOT APPLICABLE,NOT APPLICABLE,8700,S,LAFAYETTE AVE,634,,,,,,,2,NO INDICATION OF INJURY,0,0,0,0,0,2,0,8,1,11,41.73616511,-87.625587569,POINT (-87.625587568999 41.736165110086)
JB502841,,11/04/2018 07:25:00 AM,30,TRAFFIC SIGNAL,FUNCTIONING PROPERLY,CLEAR,DAYLIGHT,REAR END,DIVIDED - W/MEDIAN (NOT RAISED),,STRAIGHT AND LEVEL,DRY,NO DEFECTS,ON SCENE,NO INJURY / DRIVE AWAY,Y,,Y,"$501 - $1,500",11/04/2018 07:27:00 AM,FAILING TO REDUCE SPEED TO AVOID CRASH,FOLLOWING TOO CLOSELY,5301,S,PULASKI RD,822,,,,,,,3,NO INDICATION OF INJURY,0,0,0,0,0,4,0,7,1,11,41.796759099,-87.723115903,POINT (-87.723115903434 41.79675909896)
JB502903,,11/04/2018 07:06:00 AM,30,TRAFFIC SIGNAL,FUNCTIONING PROPERLY,RAIN,DAYLIGHT,REAR END,NOT DIVIDED,,STRAIGHT AND LEVEL,WET,NO DEFECTS,ON SCENE,NO INJURY / DRIVE AWAY,,,,"OVER $1,500",11/04/2018 07:08:00 AM,DRIVING SKILLS/KNOWLEDGE/EXPERIENCE,NOT APPLICABLE,38,S,LA SALLE ST,122,,,,,,,2,NO INDICATION OF INJURY,0,0,0,0,0,7,0,7,1,11,41.880950552,-87.632483531,POINT (-87.63248353085 41.880950551918)
JB502838,,11/04/2018 06:50:00 AM,35,NO CONTROLS,NO CONTROLS,CLEAR,DAYLIGHT,FIXED OBJECT,DIVIDED - W/MEDIAN (NOT RAISED),,STRAIGHT AND LEVEL,DRY,NO DEFECTS,ON SCENE,INJURY AND / OR TOW DUE TO CRASH,,,,"OVER $1,500",11/04/2018 06:54:00 AM,DISTRACTION - FROM INSIDE VEHICLE,NOT APPLICABLE,3726,N,WESTERN AVE,1921,,,,,,,1,NO INDICATION OF INJURY,0,0,0,0,0,1,0,6,1,11,41.949375826,-87.688478238,POINT (-87.688478237704 41.949375826498)
JB502832,,11/04/2018 06:45:00 AM,45,NO CONTROLS,NO CONTROLS,RAIN,DAYLIGHT,ANGLE,OTHER,,STRAIGHT AND LEVEL,WET,NO DEFECTS,ON SCENE,INJURY AND / OR TOW DUE TO CRASH,,,,"OVER $1,500",11/04/2018 06:48:00 AM,UNABLE TO DETERMINE,UNABLE TO DETERMINE,9859,W,KENNEDY EXPY IB,1654,,,,,,,4,INCAPACITATING INJURY,1,0,1,0,0,3,0,6,1,11,,,
JB502833,,11/04/2018 06:30:00 AM,30,NO CONTROLS,NO CONTROLS,RAIN,DAWN,PARKED MOTOR VEHICLE,NOT DIVIDED,2,STRAIGHT AND LEVEL,WET,NO DEFECTS,ON SCENE,NO INJURY / DRIVE AWAY,,,Y,"OVER $1,500",11/04/2018 06:58:00 AM,UNABLE TO DETERMINE,UNABLE TO DETERMINE,2813,S,PULASKI RD,1031,,,,,,,2,NO INDICATION OF INJURY,0,0,0,0,0,1,0,6,1,11,41.840132426,-87.724290288,POINT (-87.724290287803 41.840132425558)
JB502828,,11/04/2018 06:23:00 AM,35,NO CONTROLS,NO CONTROLS,RAIN,DAWN,PARKED MOTOR VEHICLE,ONE-WAY,1,STRAIGHT AND LEVEL,WET,SHOULDER DEFECT,ON SCENE,NO INJURY / DRIVE AWAY,,,Y,"OVER $1,500",11/04/2018 06:50:00 AM,UNABLE TO DETERMINE,UNABLE TO DETERMINE,5,W,108TH PL,513,,,,,,,2,NO INDICATION OF INJURY,0,0,0,0,0,1,0,6,1,11,41.697028293,-87.623500328,POINT (-87.623500327647 41.697028293247)
JB506836,,11/04/2018 06:15:00 AM,40,NO CONTROLS,NO CONTROLS,CLEAR,DAYLIGHT,SIDESWIPE SAME DIRECTION,DIVIDED - W/MEDIAN BARRIER,,"CURVE, LEVEL",WET,NO DEFECTS,NOT ON SCENE (DESK REPORT),NO INJURY / DRIVE AWAY,,,,"$501 - $1,500",11/07/2018 09:30:00 AM,UNABLE TO DETERMINE,UNABLE TO DETERMINE,1000,N,LAKE SHORE DR SB,1824,,,,,,,2,NO INDICATION OF INJURY,0,0,0,0,0,2,0,6,1,11,41.900958919,-87.619928174,POINT (-87.619928173678 41.900958919109)
JB502849,,11/04/2018 06:15:00 AM,35,TRAFFIC SIGNAL,FUNCTIONING PROPERLY,CLEAR,DAWN,SIDESWIPE SAME DIRECTION,NOT DIVIDED,,STRAIGHT AND LEVEL,DRY,NO DEFECTS,NOT ON SCENE (DESK REPORT),NO INJURY / DRIVE AWAY,,,,"$501 - $1,500",11/04/2018 07:49:00 AM,IMPROPER LANE USAGE,IMPROPER LANE USAGE,5200,W,DIVERSEY AVE,2514,,,,,,,2,NO INDICATION OF INJURY,0,0,0,0,0,3,0,6,1,11,41.931507483,-87.756545646,POINT (-87.756545646123 41.931507482859)
JB502819,,11/04/2018 06:15:00 AM,30,UNKNOWN,UNKNOWN,UNKNOWN,UNKNOWN,SIDESWIPE SAME DIRECTION,NOT DIVIDED,4,STRAIGHT AND LEVEL,UNKNOWN,UNKNOWN,NOT ON SCENE (DESK REPORT),NO INJURY / DRIVE AWAY,,,Y,"$501 - $1,500",11/04/2018 06:30:00 AM,IMPROPER OVERTAKING/PASSING,IMPROPER OVERTAKING/PASSING,5500,S,PULASKI RD,813,,,,,,,2,NO INDICATION OF INJURY,0,0,0,0,0,2,0,6,1,11,41.793155061,-87.723303765,POINT (-87.723303764642 41.793155060731)
JB503082,Y,11/04/2018 06:00:00 AM,30,NO CONTROLS,NO CONTROLS,CLEAR,"DARKNESS, LIGHTED ROAD",PARKED MOTOR VEHICLE,NOT DIVIDED,2,STRAIGHT AND LEVEL,DRY,NO DEFECTS,NOT ON SCENE (DESK REPORT),NO INJURY / DRIVE AWAY,,,Y,"OVER $1,500",11/04/2018 12:30:00 PM,UNABLE TO DETERMINE,UNABLE TO DETERMINE,4341,W,26TH ST,1031,,,,,,,2,NO INDICATION OF INJURY,0,0,0,0,0,1,0,6,1,11,41.844029003,-87.732674525,POINT (-87.732674525403 41.844029002758)
JB502815,N,11/04/2018 05:50:00 AM,30,NO CONTROLS,NO CONTROLS,RAIN,"DARKNESS, LIGHTED ROAD",PARKED MOTOR VEHICLE,NOT DIVIDED,2,STRAIGHT AND LEVEL,WET,NO DEFECTS,ON SCENE,NO INJURY / DRIVE AWAY,,,Y,"$501 - $1,500",11/04/2018 06:15:00 AM,UNABLE TO DETERMINE,UNABLE TO DETERMINE,6560,W,DIVERSEY AVE,2511,,,,,,,2,NO INDICATION OF INJURY,0,0,0,0,0,1,0,5,1,11,41.931054747,-87.79043897,POINT (-87.790438970313 41.931054747298)
JB502809,,11/04/2018 05:34:00 AM,30,TRAFFIC SIGNAL,FUNCTIONING PROPERLY,CLEAR,"DARKNESS, LIGHTED ROAD",SIDESWIPE OPPOSITE DIRECTION,DIVIDED - W/MEDIAN BARRIER,2,STRAIGHT AND LEVEL,DRY,NO DEFECTS,ON SCENE,INJURY AND / OR TOW DUE TO CRASH,Y,,,"OVER $1,500",11/04/2018 05:34:00 AM,UNABLE TO DETERMINE,NOT APPLICABLE,6300,S,STATE ST,312,,,,,,,2,NONINCAPACITATING INJURY,1,0,0,1,0,2,0,5,1,11,41.780008277,-87.625522512,POINT (-87.625522511916 41.780008277408)
JB502822,,11/04/2018 05:30:00 AM,60,NO CONTROLS,NO CONTROLS,RAIN,"DARKNESS, LIGHTED ROAD",FIXED OBJECT,DIVIDED - W/MEDIAN BARRIER,4,"CURVE, LEVEL",WET,NO DEFECTS,ON SCENE,INJURY AND / OR TOW DUE TO CRASH,,,,"OVER $1,500",11/04/2018 05:35:00 AM,WEATHER,UNABLE TO DETERMINE,6258,S,LAKE SHORE DR,331,Y,Y,,,,,1,NO INDICATION OF INJURY,0,0,0,0,0,1,0,5,1,11,,,
JB502810,,11/04/2018 05:30:00 AM,25,NO CONTROLS,NO CONTROLS,CLOUDY/OVERCAST,"DARKNESS, LIGHTED ROAD",FIXED OBJECT,DIVIDED - W/MEDIAN BARRIER,,STRAIGHT AND LEVEL,WET,NO DEFECTS,ON SCENE,INJURY AND / OR TOW DUE TO CRASH,,,,"OVER $1,500",11/04/2018 05:32:00 AM,UNABLE TO DETERMINE,UNABLE TO DETERMINE,6900,S,ANTHONY AVE,322,,,,,,,1,NO INDICATION OF INJURY,0,0,0,0,0,1,0,5,1,11,41.769346416,-87.613702998,POINT (-87.613702998216 41.769346415827)
JB502816,,11/04/2018 05:28:00 AM,30,NO CONTROLS,NO CONTROLS,CLEAR,"DARKNESS, LIGHTED ROAD",SIDESWIPE SAME DIRECTION,NOT DIVIDED,,STRAIGHT AND LEVEL,DRY,NO DEFECTS,ON SCENE,INJURY AND / OR TOW DUE TO CRASH,,,,"OVER $1,500",11/04/2018 05:33:00 AM,IMPROPER LANE USAGE,IMPROPER LANE USAGE,2755,N,HARLEM AVE,2512,,,,,,,2,NO INDICATION OF INJURY,0,0,0,0,0,2,0,5,1,11,41.930633601,-87.806341159,POINT (-87.806341158993 41.930633601259)
JB502801,,11/04/2018 05:20:00 AM,45,NO CONTROLS,NO CONTROLS,RAIN,"DARKNESS, LIGHTED ROAD",FIXED OBJECT,DIVIDED - W/MEDIAN BARRIER,4,STRAIGHT AND LEVEL,WET,NO DEFECTS,ON SCENE,INJURY AND / OR TOW DUE TO CRASH,,,,"OVER $1,500",11/04/2018 05:26:00 AM,WEATHER,DRIVING SKILLS/KNOWLEDGE/EXPERIENCE,5800,S,LAKE SHORE DR,331,,,,,,,2,NO INDICATION OF INJURY,0,0,0,0,0,3,0,5,1,11,41.789978993,-87.579020249,POINT (-87.579020248594 41.789978993058)
JB502935,Y,11/04/2018 05:00:00 AM,20,NO CONTROLS,NO CONTROLS,RAIN,"DARKNESS, LIGHTED ROAD",PARKED MOTOR VEHICLE,NOT DIVIDED,2,STRAIGHT AND LEVEL,WET,NO DEFECTS,ON SCENE,NO INJURY / DRIVE AWAY,,,Y,"$501 - $1,500",11/04/2018 10:05:00 AM,UNABLE TO DETERMINE,UNABLE TO DETERMINE,530,W,36TH ST,915,,,,,,,2,NO INDICATION OF INJURY,0,0,0,0,0,1,0,5,1,11,41.829118532,-87.639912726,POINT (-87.639912726288 41.82911853248)
JB502824,,11/04/2018 05:00:00 AM,30,NO CONTROLS,NO CONTROLS,RAIN,"DARKNESS, LIGHTED ROAD",PARKED MOTOR VEHICLE,NOT DIVIDED,,STRAIGHT AND LEVEL,WET,NO DEFECTS,ON SCENE,NO INJURY / DRIVE AWAY,,,Y,"$501 - $1,500",11/04/2018 06:50:00 AM,UNABLE TO DETERMINE,UNABLE TO DETERMINE,5113,W,WASHINGTON BLVD,1533,,,,,,,2,NO INDICATION OF INJURY,0,0,0,0,0,1,0,5,1,11,41.88160433,-87.753200131,POINT (-87.753200130691 41.881604330166)
JB502797,,11/04/2018 04:57:00 AM,30,UNKNOWN,UNKNOWN,RAIN,DAWN,PARKED MOTOR VEHICLE,DIVIDED - W/MEDIAN (NOT RAISED),2,STRAIGHT AND LEVEL,WET,UNKNOWN,ON SCENE,INJURY AND / OR TOW DUE TO CRASH,,,Y,"OVER $1,500",11/04/2018 05:00:00 AM,IMPROPER LANE USAGE,FAILING TO REDUCE SPEED TO AVOID CRASH,1035,N,PULASKI RD,1112,,,,,,,2,NO INDICATION OF INJURY,0,0,0,0,0,1,0,4,1,11,41.900077303,-87.726080021,POINT (-87.726080020727 41.900077303012)
JB502813,,11/04/2018 04:50:00 AM,30,TRAFFIC SIGNAL,UNKNOWN,UNKNOWN,UNKNOWN,TURNING,DIVIDED - W/MEDIAN (NOT RAISED),4,STRAIGHT AND LEVEL,UNKNOWN,UNKNOWN,NOT ON SCENE (DESK REPORT),NO INJURY / DRIVE AWAY,Y,,Y,"OVER $1,500",11/04/2018 06:00:00 AM,UNABLE TO DETERMINE,NOT APPLICABLE,631,S,CENTRAL AVE,1522,,,,,,,2,NO INDICATION OF INJURY,0,0,0,0,0,2,0,4,1,11,41.872305917,-87.764434443,POINT (-87.764434443217 41.872305917024)
JB502800,,11/04/2018 04:45:00 AM,30,TRAFFIC SIGNAL,FUNCTIONING PROPERLY,RAIN,"DARKNESS, LIGHTED ROAD",FIXED OBJECT,DIVIDED - W/MEDIAN BARRIER,2,CURVE ON HILLCREST,WET,NO DEFECTS,ON SCENE,NO INJURY / DRIVE AWAY,,,,"OVER $1,500",11/04/2018 04:53:00 AM,WEATHER,WEATHER,9207,S,EWING AVE,424,,,,,,,1,NO INDICATION OF INJURY,0,0,0,0,0,2,0,4,1,11,41.728429467,-87.542558092,POINT (-87.542558092401 41.728429467191)
JB502793,,11/04/2018 04:37:00 AM,30,NO CONTROLS,NO CONTROLS,CLEAR,DARKNESS,FIXED OBJECT,ONE-WAY,,STRAIGHT AND LEVEL,WET,OTHER,NOT ON SCENE (DESK REPORT),NO INJURY / DRIVE AWAY,,,,$500 OR LESS,11/04/2018 04:38:00 AM,UNABLE TO DETERMINE,UNABLE TO DETERMINE,7801,S,PEORIA ST,621,,,,,,,1,NO INDICATION OF INJURY,0,0,0,0,0,2,0,4,1,11,41.752336629,-87.64636608,POINT (-87.646366080168 41.752336629303)
JB502806,,11/04/2018 04:30:00 AM,30,STOP SIGN/FLASHER,FUNCTIONING PROPERLY,OTHER,DAWN,REAR END,NOT DIVIDED,,STRAIGHT AND LEVEL,WET,NO DEFECTS,ON SCENE,NO INJURY / DRIVE AWAY,,,,"$501 - $1,500",11/04/2018 06:00:00 AM,UNABLE TO DETERMINE,NOT APPLICABLE,7900,S,NORMAL AVE,621,,,,,,,2,NO INDICATION OF INJURY,0,0,0,0,0,2,0,4,1,11,41.750694044,-87.636872551,POINT (-87.636872551049 41.7506940441)