RD_NO,CRASH_DATE_EST_I,CRASH_DATE,POSTED_SPEED_LIMIT,TRAFFIC_CONTROL_DEVICE,DEVICE_CONDITION,WEATHER_CONDITION,LIGHTING_CONDITION,FIRST_CRASH_TYPE,TRAFFICWAY_TYPE,LANE_CNT,ALIGNMENT,ROADWAY_SURFACE_COND,ROAD_DEFECT,REPORT_TYPE,CRASH_TYPE,INTERSECTION_RELATED_I,NOT_RIGHT_OF_WAY_I,HIT_AND_RUN_I,DAMAGE,DATE_POLICE_NOTIFIED,PRIM_CONTRIBUTORY_CAUSE,SEC_CONTRIBUTORY_CAUSE,STREET_NO,STREET_DIRECTION,STREET_NAME,BEAT_OF_OCCURRENCE,PHOTOS_TAKEN_I,STATEMENTS_TAKEN_I,DOORING_I,WORK_ZONE_I,WORK_ZONE_TYPE,WORKERS_PRESENT_I,NUM_UNITS,MOST_SEVERE_INJURY,INJURIES_TOTAL,INJURIES_FATAL,INJURIES_INCAPACITATING,INJURIES_NON_INCAPACITATING,INJURIES_REPORTED_NOT_EVIDENT,INJURIES_NO_INDICATION,INJURIES_UNKNOWN,CRASH_HOUR,CRASH_DAY_OF_WEEK,CRASH_MONTH,LATITUDE,LONGITUDE,LOCATION
JB502790,,11/04/2018 04:25:00 AM,35,TRAFFIC SIGNAL,FUNCTIONING PROPERLY,RAIN,"DARKNESS, LIGHTED ROAD",REAR END,NOT DIVIDED,2,STRAIGHT AND LEVEL,WET,UNKNOWN,ON SCENE,INJURY AND / OR TOW DUE TO CRASH,,,Y,"OVER $1,500",11/04/2018 04:36:00 AM,FOLLOWING TOO CLOSELY,UNABLE TO DETERMINE,1372,N,MILWAUKEE AVE,1424,,,,,,,2,NONINCAPACITATING INJURY,1,0,0,1,0,6,0,4,1,11,41.906657377,-87.671871124,POINT (-87.671871124323 41.90665737718)
JB502773,,11/04/2018 04:12:00 AM,30,TRAFFIC SIGNAL,FUNCTIONING PROPERLY,CLEAR,"DARKNESS, LIGHTED ROAD",ANGLE,NOT DIVIDED,,STRAIGHT AND LEVEL,DRY,NO DEFECTS,ON SCENE,INJURY AND / OR TOW DUE TO CRASH,Y,,,"OVER $1,500",11/04/2018 04:20:00 AM,DISREGARDING TRAFFIC SIGNALS,FAILING TO REDUCE SPEED TO AVOID CRASH,2400,W,MADISON ST,1222,,,,,,,2,NONINCAPACITATING INJURY,1,0,0,1,0,1,0,4,1,11,41.881270504,-87.68653594,POINT (-87.686535940171 41.881270504288)
JB502761,,11/04/2018 04:10:00 AM,35,LANE USE MARKING,FUNCTIONING PROPERLY,RAIN,"DARKNESS, LIGHTED ROAD",TURNING,DIVIDED - W/MEDIAN (NOT RAISED),4,STRAIGHT AND LEVEL,WET,NO DEFECTS,ON SCENE,INJURY AND / OR TOW DUE TO CRASH,,,Y,"OVER $1,500",11/04/2018 04:20:00 AM,UNABLE TO DETERMINE,UNABLE TO DETERMINE,4650,S,WESTERN AVE,922,,,,,,,2,NO INDICATION OF INJURY,0,0,0,0,0,2,0,4,1,11,41.808726699,-87.684580944,POINT (-87.684580943638 41.808726698753)
JB503183,,11/04/2018 04:00:00 AM,15,NO CONTROLS,NO CONTROLS,RAIN,DARKNESS,REAR END,PARKING LOT,,STRAIGHT AND LEVEL,WET,NO DEFECTS,ON SCENE,NO INJURY / DRIVE AWAY,,,Y,"OVER $1,500",11/04/2018 02:00:00 PM,UNABLE TO DETERMINE,NOT APPLICABLE,3801,W,HARRISON ST,1133,,,,,,,2,NO INDICATION OF INJURY,0,0,0,0,0,2,0,4,1,11,41.873404645,-87.720399628,POINT (-87.720399628297 41.873404645345)
JB502749,,11/04/2018 03:49:00 AM,30,TRAFFIC SIGNAL,FUNCTIONING PROPERLY,RAIN,"DARKNESS, LIGHTED ROAD",TURNING,NOT DIVIDED,4,STRAIGHT ON HILLCREST,WET,NO DEFECTS,ON SCENE,INJURY AND / OR TOW DUE TO CRASH,Y,,,"OVER $1,500",11/04/2018 04:14:00 AM,UNABLE TO DETERMINE,UNABLE TO DETERMINE,500,S,HAMLIN BLVD,1133,,,,,,,2,NO INDICATION OF INJURY,0,0,0,0,0,6,0,3,1,11,41.874416945,-87.720546199,POINT (-87.720546198954 41.874416945488)
JB503011,,11/04/2018 03:33:00 AM,15,NO CONTROLS,NO CONTROLS,CLEAR,DARKNESS,OTHER NONCOLLISION,OTHER,,STRAIGHT AND LEVEL,WET,UNKNOWN,ON SCENE,INJURY AND / OR TOW DUE TO CRASH,,,,"OVER $1,500",11/04/2018 04:00:00 AM,HAD BEEN DRINKING (USE WHEN ARREST IS NOT MADE),NOT APPLICABLE,13601,S,CALHOUN AVE,434,,,,,,,1,"REPORTED, NOT EVIDENT",3,0,0,0,3,0,0,3,1,11,41.648188778,-87.561573371,POINT (-87.561573371199 41.648188777927)
JB502767,N,11/04/2018 03:30:00 AM,30,NO CONTROLS,NO CONTROLS,RAIN,"DARKNESS, LIGHTED ROAD",FIXED OBJECT,ALLEY,,STRAIGHT AND LEVEL,WET,NO DEFECTS,ON SCENE,INJURY AND / OR TOW DUE TO CRASH,,Y,,"OVER $1,500",11/04/2018 03:45:00 AM,"OPERATING VEHICLE IN ERRATIC, RECKLESS, CARELESS, NEGLIGENT OR AGGRESSIVE MANNER",NOT APPLICABLE,3945,W,105TH ST,2211,,,,,,,1,NO INDICATION OF INJURY,0,0,0,0,0,1,0,3,1,11,41.702126675,-87.720101184,POINT (-87.720101184029 41.702126674605)
JB502750,Y,11/04/2018 03:20:00 AM,30,NO CONTROLS,NO CONTROLS,RAIN,"DARKNESS, LIGHTED ROAD",PARKED MOTOR VEHICLE,DIVIDED - W/MEDIAN (NOT RAISED),2,STRAIGHT AND LEVEL,DRY,NO DEFECTS,ON SCENE,INJURY AND / OR TOW DUE TO CRASH,,,Y,"OVER $1,500",11/04/2018 03:24:00 AM,FAILING TO REDUCE SPEED TO AVOID CRASH,FAILING TO REDUCE SPEED TO AVOID CRASH,3724,W,GRAND AVE,2535,,,,,,,3,,,,,,,,,3,1,11,41.903971999,-87.720590982,POINT (-87.72059098222 41.903971999407)
JB503281,Y,11/04/2018 03:00:00 AM,35,NO CONTROLS,NO CONTROLS,RAIN,DAYLIGHT,PARKED MOTOR VEHICLE,ONE-WAY,1,STRAIGHT AND LEVEL,WET,NO DEFECTS,ON SCENE,NO INJURY / DRIVE AWAY,,,Y,"OVER $1,500",11/04/2018 01:42:00 PM,UNABLE TO DETERMINE,UNABLE TO DETERMINE,5915,S,CENTRAL PARK AVE,822,,,,,,,2,NO INDICATION OF INJURY,0,0,0,0,0,1,0,3,1,11,41.785578728,-87.712789359,POINT (-87.71278935916 41.785578728318)
JB502747,,11/04/2018 02:59:00 AM,25,DELINEATORS,UNKNOWN,RAIN,"DARKNESS, LIGHTED ROAD",REAR END,NOT DIVIDED,,STRAIGHT AND LEVEL,WET,UNKNOWN,ON SCENE,INJURY AND / OR TOW DUE TO CRASH,,,,"OVER $1,500",11/04/2018 03:01:00 AM,IMPROPER BACKING,IMPROPER BACKING,4344,W,26TH ST,1013,,,,,,,2,NO INDICATION OF INJURY,0,0,0,0,0,2,0,2,1,11,41.84424849,-87.732680689,POINT (-87.732680688574 41.844248490308)
JB504202,,11/04/2018 02:45:00 AM,40,UNKNOWN,UNKNOWN,RAIN,"DARKNESS, LIGHTED ROAD",ANIMAL,DIVIDED - W/MEDIAN (NOT RAISED),4,STRAIGHT AND LEVEL,WET,UNKNOWN,NOT ON SCENE (DESK REPORT),NO INJURY / DRIVE AWAY,,,,"$501 - $1,500",11/05/2018 10:53:00 AM,ANIMAL,ANIMAL,12200,S,TORRENCE AVE,434,,,,,,,1,NO INDICATION OF INJURY,0,0,0,0,0,1,0,2,1,11,41.673678986,-87.559398607,POINT (-87.559398607312 41.673678986233)
JB502738,,11/04/2018 02:45:00 AM,30,TRAFFIC SIGNAL,FUNCTIONING PROPERLY,RAIN,"DARKNESS, LIGHTED ROAD",PEDESTRIAN,NOT DIVIDED,2,STRAIGHT AND LEVEL,WET,UNKNOWN,ON SCENE,INJURY AND / OR TOW DUE TO CRASH,,,Y,$500 OR LESS,11/04/2018 02:45:00 AM,EXCEEDING AUTHORIZED SPEED LIMIT,NOT APPLICABLE,4000,W,FIFTH AVE,1132,,,,,,,2,NONINCAPACITATING INJURY,1,0,0,1,0,2,0,2,1,11,41.873064329,-87.725578564,POINT (-87.725578563613 41.873064328923)
JB503242,Y,11/04/2018 02:30:00 AM,30,NO CONTROLS,NO CONTROLS,UNKNOWN,DUSK,PARKED MOTOR VEHICLE,NOT DIVIDED,2,STRAIGHT AND LEVEL,UNKNOWN,UNKNOWN,ON SCENE,NO INJURY / DRIVE AWAY,,,Y,"$501 - $1,500",11/04/2018 02:53:00 PM,UNABLE TO DETERMINE,UNABLE TO DETERMINE,6551,N,HARLEM AVE,1611,,,,,,,2,NO INDICATION OF INJURY,0,0,0,0,0,1,0,2,1,11,42.000091461,-87.806622055,POINT (-87.806622054603 42.000091461247)
JB502885,Y,11/04/2018 02:30:00 AM,30,NO CONTROLS,NO CONTROLS,UNKNOWN,UNKNOWN,PARKED MOTOR VEHICLE,NOT DIVIDED,2,STRAIGHT AND LEVEL,UNKNOWN,UNKNOWN,ON SCENE,INJURY AND / OR TOW DUE TO CRASH,,,Y,"OVER $1,500",11/04/2018 08:48:00 AM,UNABLE TO DETERMINE,NOT APPLICABLE,1845,W,47TH ST,931,,,,,,,2,NO INDICATION OF INJURY,0,0,0,0,0,1,0,2,1,11,41.808429239,-87.671605026,POINT (-87.671605026178 41.8084292391)
JB502731,,11/04/2018 02:30:00 AM,40,NO CONTROLS,NO CONTROLS,RAIN,"DARKNESS, LIGHTED ROAD",SIDESWIPE SAME DIRECTION,DIVIDED - W/MEDIAN BARRIER,4,STRAIGHT AND LEVEL,WET,NO DEFECTS,ON SCENE,INJURY AND / OR TOW DUE TO CRASH,,,Y,"OVER $1,500",11/04/2018 02:37:00 AM,IMPROPER LANE USAGE,IMPROPER LANE USAGE,1600,N,LAKE SHORE DR NB,1814,,,,,,,2,NO INDICATION OF INJURY,0,0,0,0,0,3,0,2,1,11,41.911304488,-87.625878603,POINT (-87.625878603169 41.91130448787)
JB502728,,11/04/2018 02:09:00 AM,30,TRAFFIC SIGNAL,FUNCTIONING PROPERLY,RAIN,"DARKNESS, LIGHTED ROAD",TURNING,NOT DIVIDED,4,STRAIGHT AND LEVEL,WET,NO DEFECTS,ON SCENE,INJURY AND / OR TOW DUE TO CRASH,Y,,,"OVER $1,500",11/04/2018 02:09:00 AM,UNABLE TO DETERMINE,UNABLE TO DETERMINE,623,N,ORLEANS ST,1831,,Y,,,,,2,NONINCAPACITATING INJURY,1,0,0,1,0,2,0,2,1,11,41.893110283,-87.636931168,POINT (-87.636931168141 41.893110283318)
JB502727,,11/04/2018 02:07:00 AM,35,STOP SIGN/FLASHER,UNKNOWN,RAIN,"DARKNESS, LIGHTED ROAD",TURNING,UNKNOWN,,STRAIGHT AND LEVEL,WET,UNKNOWN,ON SCENE,INJURY AND / OR TOW DUE TO CRASH,Y,,,"OVER $1,500",11/04/2018 02:08:00 AM,UNABLE TO DETERMINE,NOT APPLICABLE,700,E,47TH ST,221,,,,,,,2,NO INDICATION OF INJURY,0,0,0,0,0,3,0,2,1,11,41.809609254,-87.60892911,POINT (-87.608929109564 41.809609253696)
JB502729,Y,11/04/2018 02:00:00 AM,30,NO CONTROLS,NO CONTROLS,RAIN,"DARKNESS, LIGHTED ROAD",TURNING,NOT DIVIDED,,STRAIGHT AND LEVEL,WET,NO DEFECTS,ON SCENE,INJURY AND / OR TOW DUE TO CRASH,,,Y,"OVER $1,500",11/04/2018 02:26:00 AM,FAILING TO REDUCE SPEED TO AVOID CRASH,NOT APPLICABLE,5321,S,COTTAGE GROVE AVE,233,,,,,,,2,NO INDICATION OF INJURY,0,0,0,0,0,2,0,2,1,11,41.797979652,-87.606157231,POINT (-87.606157230734 41.797979652235)
JB502700,,11/04/2018 02:00:00 AM,35,NO CONTROLS,NO CONTROLS,RAIN,"DARKNESS, LIGHTED ROAD",FIXED OBJECT,DIVIDED - W/MEDIAN BARRIER,4,STRAIGHT AND LEVEL,WET,NO DEFECTS,ON SCENE,INJURY AND / OR TOW DUE TO CRASH,,,,"OVER $1,500",11/04/2018 02:07:00 AM,WEATHER,WEATHER,1000,N,LAKE SHORE DR SB,1824,,,,,,,1,NO INDICATION OF INJURY,0,0,0,0,0,1,0,2,1,11,41.900958919,-87.619928174,POINT (-87.619928173678 41.900958919109)
JB502684,,11/04/2018 02:00:00 AM,25,NO CONTROLS,NO CONTROLS,RAIN,"DARKNESS, LIGHTED ROAD",PARKED MOTOR VEHICLE,ONE-WAY,1,STRAIGHT AND LEVEL,WET,NO DEFECTS,ON SCENE,INJURY AND / OR TOW DUE TO CRASH,,,Y,"OVER $1,500",11/04/2018 02:05:00 AM,EXCEEDING AUTHORIZED SPEED LIMIT,UNABLE TO DETERMINE,4619,S,DR MARTIN LUTHER KING JR SD,221,,,,,,,4,NO INDICATION OF INJURY,0,0,0,0,0,1,0,2,1,11,,,
JB502710,,11/04/2018 01:58:00 AM,35,NO CONTROLS,NO CONTROLS,RAIN,"DARKNESS, LIGHTED ROAD",SIDESWIPE SAME DIRECTION,DIVIDED - W/MEDIAN (NOT RAISED),,STRAIGHT AND LEVEL,WET,NO DEFECTS,ON SCENE,INJURY AND / OR TOW DUE TO CRASH,,,Y,"$501 - $1,500",11/04/2018 02:00:00 AM,UNABLE TO DETERMINE,NOT APPLICABLE,9701,S,STATE ST,511,,,,,,,2,NONINCAPACITATING INJURY,1,0,0,1,0,1,0,1,1,11,41.717992149,-87.623020157,POINT (-87.62302015744 41.71799214926)
JB502709,,11/04/2018 01:56:00 AM,5,NO CONTROLS,NO CONTROLS,RAIN,"DARKNESS, LIGHTED ROAD",ANGLE,PARKING LOT,,STRAIGHT AND LEVEL,WET,NO DEFECTS,ON SCENE,NO INJURY / DRIVE AWAY,,,Y,"OVER $1,500",11/04/2018 02:24:00 AM,IMPROPER BACKING,NOT APPLICABLE,2005,W,CHICAGO AVE,1221,,,,,,,2,NO INDICATION OF INJURY,0,0,0,0,0,2,0,1,1,11,41.895796512,-87.6773228,POINT (-87.67732279972 41.895796512442)
JB502708,,11/04/2018 01:56:00 AM,30,TRAFFIC SIGNAL,FUNCTIONING PROPERLY,RAIN,"DARKNESS, LIGHTED ROAD",TURNING,NOT DIVIDED,2,STRAIGHT AND LEVEL,WET,NO DEFECTS,ON SCENE,NO INJURY / DRIVE AWAY,Y,,,"$501 - $1,500",11/04/2018 02:15:00 AM,DISREGARDING TRAFFIC SIGNALS,NOT APPLICABLE,500,N,DAMEN AVE,1221,,,,,,,2,NO INDICATION OF INJURY,0,0,0,0,0,4,0,1,1,11,41.890857214,-87.677056868,POINT (-87.677056868483 41.890857214287)
JB502696,,11/04/2018 01:50:00 AM,15,NO CONTROLS,NO CONTROLS,RAIN,"DARKNESS, LIGHTED ROAD",OTHER OBJECT,ONE-WAY,1,STRAIGHT AND LEVEL,WET,NO DEFECTS,ON SCENE,NO INJURY / DRIVE AWAY,,,,"OVER $1,500",11/04/2018 01:54:00 AM,UNABLE TO DETERMINE,NOT APPLICABLE,918,N,KEYSTONE AVE,1111,,,,,,,2,NO INDICATION OF INJURY,0,0,0,0,0,1,0,1,1,11,41.897780023,-87.727530971,POINT (-87.727530970605 41.897780022741)
JB502664,N,11/04/2018 01:50:00 AM,30,TRAFFIC SIGNAL,FUNCTIONING PROPERLY,CLEAR,"DARKNESS, LIGHTED ROAD",SIDESWIPE SAME DIRECTION,ONE-WAY,3,STRAIGHT AND LEVEL,DRY,NO DEFECTS,ON SCENE,NO INJURY / DRIVE AWAY,,,Y,"OVER $1,500",11/04/2018 01:51:00 AM,UNABLE TO DETERMINE,NOT APPLICABLE,428,N,WELLS ST,1831,,,,,,,2,NO INDICATION OF INJURY,0,0,0,0,0,2,0,1,1,11,41.889939908,-87.634174298,POINT (-87.634174298234 41.889939907882)
JB502695,,11/04/2018 01:46:00 AM,30,TRAFFIC SIGNAL,FUNCTIONING PROPERLY,RAIN,"DARKNESS, LIGHTED ROAD",ANGLE,NOT DIVIDED,4,STRAIGHT AND LEVEL,WET,NO DEFECTS,ON SCENE,INJURY AND / OR TOW DUE TO CRASH,Y,,,"OVER $1,500",11/04/2018 01:49:00 AM,DISREGARDING TRAFFIC SIGNALS,WEATHER,4300,S,STATE ST,215,,,,,,,2,"REPORTED, NOT EVIDENT",3,0,0,0,3,0,0,1,1,11,41.816395834,-87.626412894,POINT (-87.626412894288 41.816395833928)
JB502661,,11/04/2018 01:40:00 AM,30,NO CONTROLS,NO CONTROLS,RAIN,"DARKNESS, LIGHTED ROAD",FIXED OBJECT,DIVIDED - W/MEDIAN BARRIER,2,STRAIGHT AND LEVEL,WET,NO DEFECTS,ON SCENE,INJURY AND / OR TOW DUE TO CRASH,Y,,,"OVER $1,500",11/04/2018 01:42:00 AM,EXCEEDING SAFE SPEED FOR CONDITIONS,DISREGARDING ROAD MARKINGS,631,W,63RD ST,723,,,,,,,1,NO INDICATION OF INJURY,0,0,0,0,0,1,0,1,1,11,41.77969932,-87.641004587,POINT (-87.641004586766 41.779699320407)
JB502697,,11/04/2018 01:33:00 AM,30,STOP SIGN/FLASHER,FUNCTIONING PROPERLY,RAIN,"DARKNESS, LIGHTED ROAD",HEAD ON,NOT DIVIDED,2,STRAIGHT AND LEVEL,WET,NO DEFECTS,ON SCENE,INJURY AND / OR TOW DUE TO CRASH,Y,,,"OVER $1,500",11/04/2018 01:36:00 AM,WEATHER,NOT APPLICABLE,1428,E,76TH ST,411,,,,,,,2,NONINCAPACITATING INJURY,5,0,0,4,1,0,0,1,1,11,41.757023315,-87.589601845,POINT (-87.589601844759 41.757023314677)
JB505593,,11/04/2018 01:30:00 AM,30,NO CONTROLS,NO CONTROLS,CLEAR,"DARKNESS, LIGHTED ROAD",PARKED MOTOR VEHICLE,NOT DIVIDED,,STRAIGHT AND LEVEL,DRY,NO DEFECTS,NOT ON SCENE (DESK REPORT),NO INJURY / DRIVE AWAY,,,,"$501 - $1,500",11/06/2018 10:30:00 AM,NOT APPLICABLE,NOT APPLICABLE,1748,N,LARAMIE AVE,2532,,,,,,,2,NO INDICATION OF INJURY,0,0,0,0,0,1,0,1,1,11,41.912816117,-87.755930089,POINT (-87.755930088679 41.912816117313)
JB503602,,11/04/2018 01:30:00 AM,30,STOP SIGN/FLASHER,FUNCTIONING PROPERLY,RAIN,DUSK,REAR END,DIVIDED - W/MEDIAN (NOT RAISED),2,STRAIGHT AND LEVEL,WET,NO DEFECTS,NOT ON SCENE (DESK REPORT),NO INJURY / DRIVE AWAY,,,,"$501 - $1,500",11/04/2018 08:10:00 PM,DRIVING SKILLS/KNOWLEDGE/EXPERIENCE,NOT APPLICABLE,3867,S,COTTAGE GROVE AVE,212,,,,,,,2,NO INDICATION OF INJURY,0,0,0,0,0,2,0,1,1,11,41.824279242,-87.606897017,POINT (-87.606897017363 41.824279241836)
JB502978,,11/04/2018 01:30:00 AM,30,TRAFFIC SIGNAL,FUNCTIONING PROPERLY,RAIN,"DARKNESS, LIGHTED ROAD",REAR END,NOT DIVIDED,,STRAIGHT AND LEVEL,WET,NO DEFECTS,NOT ON SCENE (DESK REPORT),NO INJURY / DRIVE AWAY,,,,"OVER $1,500",11/04/2018 10:50:00 AM,FOLLOWING TOO CLOSELY,NOT APPLICABLE,2998,W,LOGAN BLVD,1411,,,,,,,2,NO INDICATION OF INJURY,0,0,0,0,0,3,0,1,1,11,41.928534004,-87.702360747,POINT (-87.702360747206 41.928534003758)
JB502712,,11/04/2018 01:25:00 AM,35,OTHER,OTHER,RAIN,UNKNOWN,PARKED MOTOR VEHICLE,PARKING LOT,,STRAIGHT AND LEVEL,WET,UNKNOWN,NOT ON SCENE (DESK REPORT),NO INJURY / DRIVE AWAY,,,Y,"$501 - $1,500",11/04/2018 02:38:00 AM,IMPROPER BACKING,NOT APPLICABLE,3415,W,DIVERSEY AVE,1412,,,,,,,2,NO INDICATION OF INJURY,0,0,0,0,0,1,0,1,1,11,41.931852775,-87.71290125,POINT (-87.712901249654 41.931852775217)
JB502647,,11/04/2018 01:20:00 AM,30,NO CONTROLS,NO CONTROLS,CLEAR,"DARKNESS, LIGHTED ROAD",TURNING,NOT DIVIDED,4,STRAIGHT AND LEVEL,WET,NO DEFECTS,ON SCENE,NO INJURY / DRIVE AWAY,Y,,,"OVER $1,500",11/04/2018 01:20:00 AM,IMPROPER TURNING/NO SIGNAL,UNABLE TO DETERMINE,4700,S,PULASKI RD,815,,,,,,,2,NO INDICATION OF INJURY,0,0,0,0,0,2,0,1,1,11,41.807788769,-87.723730332,POINT (-87.72373033158 41.807788769095)
JB502721,,11/04/2018 01:17:00 AM,35,STOP SIGN/FLASHER,FUNCTIONING PROPERLY,RAIN,"DARKNESS, LIGHTED ROAD",PARKED MOTOR VEHICLE,NOT DIVIDED,,STRAIGHT AND LEVEL,WET,NO DEFECTS,NOT ON SCENE (DESK REPORT),NO INJURY / DRIVE AWAY,,,Y,"$501 - $1,500",11/04/2018 02:43:00 AM,UNABLE TO DETERMINE,UNABLE TO DETERMINE,2539,W,LITHUANIAN PLAZA CT,832,,,,,,,2,NO INDICATION OF INJURY,0,0,0,0,0,1,0,1,1,11,41.768160229,-87.687330265,POINT (-87.687330265014 41.768160229214)
JB502689,,11/04/2018 01:17:00 AM,30,LANE USE MARKING,FUNCTIONING PROPERLY,RAIN,"DARKNESS, LIGHTED ROAD",SIDESWIPE SAME DIRECTION,CENTER TURN LANE,4,STRAIGHT AND LEVEL,WET,NO DEFECTS,ON SCENE,INJURY AND / OR TOW DUE TO CRASH,,,,"OVER $1,500",11/04/2018 01:17:00 AM,IMPROPER LANE USAGE,FAILING TO YIELD RIGHT-OF-WAY,53,W,DIVISION ST,1824,,,,,,,2,NO INDICATION OF INJURY,0,0,0,0,0,4,0,1,1,11,41.903804591,-87.630668671,POINT (-87.630668670683 41.903804591116)
JB502674,Y,11/04/2018 01:13:00 AM,30,NO CONTROLS,NO CONTROLS,RAIN,"DARKNESS, LIGHTED ROAD",PARKED MOTOR VEHICLE,NOT DIVIDED,2,STRAIGHT AND LEVEL,WET,NO DEFECTS,ON SCENE,INJURY AND / OR TOW DUE TO CRASH,,,Y,"OVER $1,500",11/04/2018 01:59:00 AM,HAD BEEN DRINKING (USE WHEN ARREST IS NOT MADE),IMPROPER LANE USAGE,846,N,CENTRAL AVE,1511,,,,,,,2,NO INDICATION OF INJURY,0,0,0,0,0,1,0,1,1,11,41.896274407,-87.765592412,POINT (-87.765592412043 41.896274407033)
JB502672,,11/04/2018 01:12:00 AM,30,STOP SIGN/FLASHER,FUNCTIONING PROPERLY,RAIN,"DARKNESS, LIGHTED ROAD",ANGLE,NOT DIVIDED,2,STRAIGHT AND LEVEL,WET,NO DEFECTS,ON SCENE,NO INJURY / DRIVE AWAY,Y,,,"OVER $1,500",11/04/2018 01:30:00 AM,DISREGARDING STOP SIGN,FAILING TO YIELD RIGHT-OF-WAY,500,N,UNION AVE,1214,,,,,,,2,NO INDICATION OF INJURY,0,0,0,0,0,4,0,1,1,11,41.891222625,-87.645978752,POINT (-87.645978752389 41.891222625191)
JB502666,,11/04/2018 01:10:00 AM,30,TRAFFIC SIGNAL,FUNCTIONING PROPERLY,RAIN,"DARKNESS, LIGHTED ROAD",TURNING,DIVIDED - W/MEDIAN (NOT RAISED),4,STRAIGHT AND LEVEL,WET,NO DEFECTS,ON SCENE,INJURY AND / OR TOW DUE TO CRASH,,,,"OVER $1,500",11/04/2018 01:19:00 AM,IMPROPER TURNING/NO SIGNAL,WEATHER,160,W,CERMAK RD,914,,,,,,,2,NO INDICATION OF INJURY,0,0,0,0,0,3,0,1,1,11,41.852965704,-87.631755989,POINT (-87.631755989104 41.852965703857)
JB502667,,11/04/2018 01:05:00 AM,30,STOP SIGN/FLASHER,FUNCTIONING PROPERLY,RAIN,"DARKNESS, LIGHTED ROAD",ANGLE,NOT DIVIDED,,STRAIGHT AND LEVEL,WET,NO DEFECTS,ON SCENE,INJURY AND / OR TOW DUE TO CRASH,N,,,"OVER $1,500",11/04/2018 01:09:00 AM,DISREGARDING STOP SIGN,UNABLE TO DETERMINE,8600,S,DR MARTIN LUTHER KING JR DR,632,,,,,,,2,NO INDICATION OF INJURY,0,0,0,0,0,3,0,1,1,11,41.73823713,-87.614719741,POINT (-87.614719741289 41.738237130412)
JB502686,,11/04/2018 01:02:00 AM,30,NO CONTROLS,NO CONTROLS,RAIN,"DARKNESS, LIGHTED ROAD",TURNING,NOT DIVIDED,2,STRAIGHT AND LEVEL,WET,NO DEFECTS,ON SCENE,INJURY AND / OR TOW DUE TO CRASH,Y,,,"OVER $1,500",11/04/2018 01:05:00 AM,FAILING TO REDUCE SPEED TO AVOID CRASH,WEATHER,2300,W,BELMONT AVE,1921,,,,,,,2,NO INDICATION OF INJURY,0,0,0,0,0,2,0,1,1,11,41.939592766,-87.685740599,POINT (-87.685740598725 41.939592765802)
JB502671,,11/04/2018 01:02:00 AM,30,TRAFFIC SIGNAL,FUNCTIONING PROPERLY,RAIN,"DARKNESS, LIGHTED ROAD",TURNING,DIVIDED - W/MEDIAN (NOT RAISED),,STRAIGHT AND LEVEL,WET,NO DEFECTS,ON SCENE,NO INJURY / DRIVE AWAY,,,,"$501 - $1,500",11/04/2018 01:05:00 AM,DISREGARDING TRAFFIC SIGNALS,FAILING TO REDUCE SPEED TO AVOID CRASH,6600,S,STONY ISLAND AVE,321,,,,,,,2,NO INDICATION OF INJURY,0,0,0,0,0,2,0,1,1,11,41.775140858,-87.586441972,POINT (-87.586441971694 41.775140857742)
JB508710,,11/04/2018 01:00:00 AM,30,NO CONTROLS,NO CONTROLS,CLEAR,"DARKNESS, LIGHTED ROAD",PARKED MOTOR VEHICLE,NOT DIVIDED,,STRAIGHT AND LEVEL,DRY,NO DEFECTS,NOT ON SCENE (DESK REPORT),NO INJURY / DRIVE AWAY,,,,"OVER $1,500",11/08/2018 05:30:00 PM,UNABLE TO DETERMINE,NOT APPLICABLE,3632,W,111TH ST,2211,,,,,,,2,NO INDICATION OF INJURY,0,0,0,0,0,1,0,1,1,11,41.691503147,-87.711915814,POINT (-87.711915813625 41.691503146735)
JB502640,,11/04/2018 12:59:00 AM,30,TRAFFIC SIGNAL,FUNCTIONING PROPERLY,RAIN,DARKNESS,SIDESWIPE SAME DIRECTION,NOT DIVIDED,,STRAIGHT AND LEVEL,WET,NO DEFECTS,ON SCENE,NO INJURY / DRIVE AWAY,,,Y,"$501 - $1,500",11/04/2018 01:22:00 AM,UNABLE TO DETERMINE,NOT APPLICABLE,6399,N,RIDGE AVE,2433,,,,,,,2,NO INDICATION OF INJURY,0,0,0,0,0,2,0,0,1,11,41.99793801,-87.676672677,POINT (-87.676672677428 41.997938010025)
JB502629,,11/04/2018 12:45:00 AM,30,NO CONTROLS,NO CONTROLS,RAIN,"DARKNESS, LIGHTED ROAD",TURNING,NOT DIVIDED,2,STRAIGHT AND LEVEL,WET,NO DEFECTS,ON SCENE,INJURY AND / OR TOW DUE TO CRASH,Y,,,"OVER $1,500",11/04/2018 12:45:00 AM,UNABLE TO DETERMINE,NOT APPLICABLE,2325,W,DEVON AVE,2413,,,,,,,2,NO INDICATION OF INJURY,0,0,0,0,0,2,0,0,1,11,41.997642888,-87.688514505,POINT (-87.688514504742 41.99764288847)