RD_NO,CRASH_DATE_EST_I,CRASH_DATE,POSTED_SPEED_LIMIT,TRAFFIC_CONTROL_DEVICE,DEVICE_CONDITION,WEATHER_CONDITION,LIGHTING_CONDITION,FIRST_CRASH_TYPE,TRAFFICWAY_TYPE,LANE_CNT,ALIGNMENT,ROADWAY_SURFACE_COND,ROAD_DEFECT,REPORT_TYPE,CRASH_TYPE,INTERSECTION_RELATED_I,NOT_RIGHT_OF_WAY_I,HIT_AND_RUN_I,DAMAGE,DATE_POLICE_NOTIFIED,PRIM_CONTRIBUTORY_CAUSE,SEC_CONTRIBUTORY_CAUSE,STREET_NO,STREET_DIRECTION,STREET_NAME,BEAT_OF_OCCURRENCE,PHOTOS_TAKEN_I,STATEMENTS_TAKEN_I,DOORING_I,WORK_ZONE_I,WORK_ZONE_TYPE,WORKERS_PRESENT_I,NUM_UNITS,MOST_SEVERE_INJURY,INJURIES_TOTAL,INJURIES_FATAL,INJURIES_INCAPACITATING,INJURIES_NON_INCAPACITATING,INJURIES_REPORTED_NOT_EVIDENT,INJURIES_NO_INDICATION,INJURIES_UNKNOWN,CRASH_HOUR,CRASH_DAY_OF_WEEK,CRASH_MONTH,LATITUDE,LONGITUDE,LOCATION
JB502630,,11/04/2018 12:40:00 AM,30,TRAFFIC SIGNAL,FUNCTIONING PROPERLY,RAIN,"DARKNESS, LIGHTED ROAD",REAR END,DIVIDED - W/MEDIAN (NOT RAISED),4,STRAIGHT AND LEVEL,WET,NO DEFECTS,NOT ON SCENE (DESK REPORT),NO INJURY / DRIVE AWAY,,,,$500 OR LESS,11/04/2018 01:00:00 AM,UNABLE TO DETERMINE,UNABLE TO DETERMINE,127,E,ONTARIO ST,1834,,,,,,,2,NO INDICATION OF INJURY,0,0,0,0,0,2,0,0,1,11,41.893224736,-87.624270611,POINT (-87.624270611305 41.893224735926)
JB502639,,11/04/2018 12:30:00 AM,30,STOP SIGN/FLASHER,FUNCTIONING PROPERLY,RAIN,"DARKNESS, LIGHTED ROAD",ANGLE,NOT DIVIDED,4,STRAIGHT AND LEVEL,WET,NO DEFECTS,NOT ON SCENE (DESK REPORT),NO INJURY / DRIVE AWAY,Y,,,"OVER $1,500",11/04/2018 01:19:00 AM,UNABLE TO DETERMINE,UNABLE TO DETERMINE,40,W,MAPLE ST,1824,,,,,,,2,NO INDICATION OF INJURY,0,0,0,0,0,2,0,0,1,11,41.901974493,-87.629848385,POINT (-87.629848385101 41.901974493275)
JB502626,,11/04/2018 12:30:00 AM,30,NO CONTROLS,NO CONTROLS,RAIN,"DARKNESS, LIGHTED ROAD",SIDESWIPE SAME DIRECTION,DIVIDED - W/MEDIAN (NOT RAISED),2,STRAIGHT AND LEVEL,WET,UNKNOWN,ON SCENE,INJURY AND / OR TOW DUE TO CRASH,,,,"OVER $1,500",11/04/2018 12:42:00 AM,UNABLE TO DETERMINE,UNABLE TO DETERMINE,2200,N,MILWAUKEE AVE,1431,,,,,,,2,"REPORTED, NOT EVIDENT",2,0,0,0,2,0,0,0,1,11,41.920734132,-87.694041094,POINT (-87.694041093934 41.920734131956)
JB502620,,11/04/2018 12:23:00 AM,30,STOP SIGN/FLASHER,FUNCTIONING PROPERLY,RAIN,"DARKNESS, LIGHTED ROAD",REAR END,NOT DIVIDED,2,STRAIGHT AND LEVEL,WET,NO DEFECTS,ON SCENE,NO INJURY / DRIVE AWAY,,,Y,"OVER $1,500",11/04/2018 12:28:00 AM,DISREGARDING STOP SIGN,UNABLE TO DETERMINE,5227,N,CLARK ST,2013,,,,,,,2,NO INDICATION OF INJURY,0,0,0,0,0,3,0,0,1,11,41.977055906,-87.668243038,POINT (-87.668243037861 41.977055906458)
JB502607,,11/04/2018 12:20:00 AM,30,TRAFFIC SIGNAL,FUNCTIONING PROPERLY,RAIN,"DARKNESS, LIGHTED ROAD",REAR END,ONE-WAY,1,STRAIGHT AND LEVEL,WET,NO DEFECTS,ON SCENE,INJURY AND / OR TOW DUE TO CRASH,,,Y,"OVER $1,500",11/04/2018 12:20:00 AM,UNABLE TO DETERMINE,UNABLE TO DETERMINE,7900,S,LUELLA AVE,414,,,,,,,2,NO INDICATION OF INJURY,0,0,0,0,0,3,0,0,1,11,41.751591573,-87.57003166,POINT (-87.570031660403 41.751591573029)
JB502676,,11/04/2018 12:05:00 AM,35,TRAFFIC SIGNAL,FUNCTIONING PROPERLY,CLEAR,DARKNESS,TURNING,NOT DIVIDED,,STRAIGHT AND LEVEL,DRY,NO DEFECTS,NOT ON SCENE (DESK REPORT),NO INJURY / DRIVE AWAY,Y,,,"$501 - $1,500",11/04/2018 01:30:00 AM,IMPROPER TURNING/NO SIGNAL,IMPROPER TURNING/NO SIGNAL,300,N,CLARK ST,1831,,,,,,,2,NO INDICATION OF INJURY,0,0,0,0,0,2,0,0,1,11,41.887493173,-87.631169486,POINT (-87.631169486163 41.887493173012)
JB503177,,11/04/2018 12:02:00 AM,30,TRAFFIC SIGNAL,UNKNOWN,RAIN,"DARKNESS, LIGHTED ROAD",ANGLE,NOT DIVIDED,,STRAIGHT AND LEVEL,WET,UNKNOWN,NOT ON SCENE (DESK REPORT),NO INJURY / DRIVE AWAY,,,Y,"$501 - $1,500",11/04/2018 01:55:00 PM,DISREGARDING TRAFFIC SIGNALS,NOT APPLICABLE,3500,S,WESTERN AVE,911,,,,,,,2,NO INDICATION OF INJURY,0,0,0,0,0,3,0,0,1,11,41.830187255,-87.685177925,POINT (-87.685177925102 41.830187255269)
JB502592,,11/03/2018 11:58:00 PM,30,NO CONTROLS,NO CONTROLS,RAIN,"DARKNESS, LIGHTED ROAD",OTHER OBJECT,DIVIDED - W/MEDIAN BARRIER,4,"CURVE, LEVEL",WET,NO DEFECTS,ON SCENE,NO INJURY / DRIVE AWAY,,,,"OVER $1,500",11/04/2018 01:10:00 AM,UNABLE TO DETERMINE,UNABLE TO DETERMINE,7772,N,SHERIDAN RD,2422,,Y,,,,,2,NO INDICATION OF INJURY,0,0,0,0,0,2,0,23,7,11,42.022779861,-87.66586111,POINT (-87.665861110142 42.022779861132)
JB502637,,11/03/2018 11:55:00 PM,30,TRAFFIC SIGNAL,FUNCTIONING PROPERLY,CLEAR,"DARKNESS, LIGHTED ROAD",TURNING,NOT DIVIDED,,STRAIGHT AND LEVEL,WET,NO DEFECTS,NOT ON SCENE (DESK REPORT),NO INJURY / DRIVE AWAY,,,Y,"OVER $1,500",11/04/2018 01:20:00 AM,DRIVING SKILLS/KNOWLEDGE/EXPERIENCE,NOT APPLICABLE,3800,W,HARRISON ST,1133,,,,,,,2,NO INDICATION OF INJURY,0,0,0,0,0,2,0,23,7,11,41.873624119,-87.720406557,POINT (-87.720406557306 41.873624118782)
JB502586,Y,11/03/2018 11:55:00 PM,25,NO CONTROLS,NO CONTROLS,RAIN,"DARKNESS, LIGHTED ROAD",PARKED MOTOR VEHICLE,NOT DIVIDED,,STRAIGHT AND LEVEL,WET,NO DEFECTS,ON SCENE,NO INJURY / DRIVE AWAY,,,Y,"OVER $1,500",11/03/2018 11:55:00 PM,IMPROPER BACKING,NOT APPLICABLE,6314,W,CATALPA AVE,1622,,,,,,,2,NO INDICATION OF INJURY,0,0,0,0,0,1,0,23,7,11,41.981198612,-87.786041134,POINT (-87.786041134326 41.981198611934)
JB502577,,11/03/2018 11:50:00 PM,30,NO CONTROLS,NO CONTROLS,RAIN,"DARKNESS, LIGHTED ROAD",REAR END,NOT DIVIDED,,STRAIGHT AND LEVEL,WET,NO DEFECTS,ON SCENE,INJURY AND / OR TOW DUE TO CRASH,,,Y,"OVER $1,500",11/03/2018 11:55:00 PM,FOLLOWING TOO CLOSELY,WEATHER,516,N,CICERO AVE,1532,,,,,,,2,INCAPACITATING INJURY,1,0,1,0,0,2,0,23,7,11,41.890158706,-87.745785774,POINT (-87.745785774111 41.890158705921)
JB502576,Y,11/03/2018 11:50:00 PM,0,NO CONTROLS,NO CONTROLS,RAIN,"DARKNESS, LIGHTED ROAD",PARKED MOTOR VEHICLE,PARKING LOT,,STRAIGHT AND LEVEL,WET,NO DEFECTS,NOT ON SCENE (DESK REPORT),NO INJURY / DRIVE AWAY,,,Y,"$501 - $1,500",11/04/2018 12:02:00 AM,UNABLE TO DETERMINE,UNABLE TO DETERMINE,3500,S,DR MARTIN LUTHER KING JR DR,212,,,,,,,2,NO INDICATION OF INJURY,0,0,0,0,0,1,0,23,7,11,41.831086574,-87.617460542,POINT (-87.617460541867 41.831086574167)
JB502612,,11/03/2018 11:45:00 PM,30,TRAFFIC SIGNAL,FUNCTIONING PROPERLY,RAIN,"DARKNESS, LIGHTED ROAD",ANGLE,NOT DIVIDED,4,STRAIGHT AND LEVEL,WET,NO DEFECTS,ON SCENE,INJURY AND / OR TOW DUE TO CRASH,Y,,,"OVER $1,500",11/04/2018 12:29:00 AM,DISREGARDING TRAFFIC SIGNALS,NOT APPLICABLE,3200,W,DIVERSEY AVE,1412,,,,,,,2,NO INDICATION OF INJURY,0,0,0,0,0,3,0,23,7,11,41.932139542,-87.707486912,POINT (-87.707486911862 41.932139541722)
JB502581,,11/03/2018 11:45:00 PM,30,TRAFFIC SIGNAL,FUNCTIONING PROPERLY,RAIN,"DARKNESS, LIGHTED ROAD",TURNING,DIVIDED - W/MEDIAN BARRIER,4,STRAIGHT AND LEVEL,WET,NO DEFECTS,NOT ON SCENE (DESK REPORT),NO INJURY / DRIVE AWAY,Y,,,"$501 - $1,500",11/03/2018 11:55:00 PM,IMPROPER TURNING/NO SIGNAL,IMPROPER OVERTAKING/PASSING,999,N,MICHIGAN AVE,1833,,,,,,,2,NO INDICATION OF INJURY,0,0,0,0,0,2,0,23,7,11,41.900758851,-87.623984255,POINT (-87.623984254519 41.900758851116)
JB502557,,11/03/2018 11:45:00 PM,30,TRAFFIC SIGNAL,FUNCTIONING PROPERLY,RAIN,"DARKNESS, LIGHTED ROAD",REAR END,NOT DIVIDED,,STRAIGHT AND LEVEL,WET,UNKNOWN,ON SCENE,INJURY AND / OR TOW DUE TO CRASH,Y,,,"OVER $1,500",11/03/2018 11:45:00 PM,FAILING TO REDUCE SPEED TO AVOID CRASH,FOLLOWING TOO CLOSELY,2600,E,87TH ST,423,,,,,,,2,NO INDICATION OF INJURY,0,0,0,0,0,4,0,23,7,11,41.737369232,-87.561095585,POINT (-87.561095585346 41.737369231562)
JB502590,,11/03/2018 11:42:00 PM,30,NO CONTROLS,NO CONTROLS,RAIN,DARKNESS,FIXED OBJECT,NOT DIVIDED,,STRAIGHT AND LEVEL,WET,NO DEFECTS,ON SCENE,NO INJURY / DRIVE AWAY,,,,"OVER $1,500",11/03/2018 11:50:00 PM,UNABLE TO DETERMINE,NOT APPLICABLE,2543,W,COLUMBUS AVE,835,,,,,,,2,NO INDICATION OF INJURY,0,0,0,0,0,2,0,23,7,11,41.757240445,-87.686927313,POINT (-87.686927313087 41.757240445137)
JB502625,,11/03/2018 11:40:00 PM,30,UNKNOWN,UNKNOWN,RAIN,"DARKNESS, LIGHTED ROAD",OTHER OBJECT,NOT DIVIDED,2,STRAIGHT AND LEVEL,WET,NO DEFECTS,ON SCENE,INJURY AND / OR TOW DUE TO CRASH,,,,"OVER $1,500",11/03/2018 11:50:00 PM,UNDER THE INFLUENCE OF ALCOHOL/DRUGS (USE WHEN ARREST IS EFFECTED),UNDER THE INFLUENCE OF ALCOHOL/DRUGS (USE WHEN ARREST IS EFFECTED),619,W,TAYLOR ST,124,,,,,,,1,NONINCAPACITATING INJURY,2,0,0,2,0,0,0,23,7,11,41.869597513,-87.643042405,POINT (-87.643042404654 41.869597512988)
JB502583,,11/03/2018 11:35:00 PM,30,TRAFFIC SIGNAL,FUNCTIONING PROPERLY,RAIN,"DARKNESS, LIGHTED ROAD",REAR END,DIVIDED - W/MEDIAN (NOT RAISED),4,STRAIGHT AND LEVEL,WET,NO DEFECTS,NOT ON SCENE (DESK REPORT),NO INJURY / DRIVE AWAY,,,Y,"OVER $1,500",11/03/2018 11:50:00 PM,UNABLE TO DETERMINE,UNABLE TO DETERMINE,299,S,HAMLIN BLVD,1122,,,,,,,2,NO INDICATION OF INJURY,0,0,0,0,0,4,0,23,7,11,41.877196784,-87.720483702,POINT (-87.720483702097 41.877196783509)
JB502573,,11/03/2018 11:30:00 PM,35,TRAFFIC SIGNAL,FUNCTIONING PROPERLY,RAIN,"DARKNESS, LIGHTED ROAD",REAR END,DIVIDED - W/MEDIAN BARRIER,4,STRAIGHT AND LEVEL,WET,NO DEFECTS,NOT ON SCENE (DESK REPORT),NO INJURY / DRIVE AWAY,Y,,,"OVER $1,500",11/03/2018 11:50:00 PM,FOLLOWING TOO CLOSELY,NOT APPLICABLE,297,E,ROOSEVELT RD,132,,,,,,,3,NO INDICATION OF INJURY,0,0,0,0,0,4,0,23,7,11,41.867402434,-87.620427605,POINT (-87.620427604931 41.867402433986)
JB502568,,11/03/2018 11:16:00 PM,30,STOP SIGN/FLASHER,FUNCTIONING PROPERLY,RAIN,"DARKNESS, LIGHTED ROAD",REAR END,NOT DIVIDED,,STRAIGHT AND LEVEL,WET,UNKNOWN,ON SCENE,INJURY AND / OR TOW DUE TO CRASH,,,,"$501 - $1,500",11/03/2018 11:23:00 PM,FOLLOWING TOO CLOSELY,NOT APPLICABLE,2200,N,KIMBALL AVE,1413,,,,,,,2,NONINCAPACITATING INJURY,5,0,0,5,0,1,0,23,7,11,41.921045052,-87.712141525,POINT (-87.712141524909 41.921045051664)
JB503186,,11/03/2018 11:00:00 PM,30,TRAFFIC SIGNAL,FUNCTIONING PROPERLY,CLEAR,DUSK,REAR END,NOT DIVIDED,3,STRAIGHT AND LEVEL,DRY,NO DEFECTS,NOT ON SCENE (DESK REPORT),NO INJURY / DRIVE AWAY,,,,"$501 - $1,500",11/04/2018 02:00:00 PM,IMPROPER LANE USAGE,NOT APPLICABLE,590,W,MADISON ST,121,,,,,,,2,NO INDICATION OF INJURY,0,0,0,0,0,2,0,23,7,11,41.881948081,-87.642589644,POINT (-87.642589644387 41.881948080648)
JB502546,,11/03/2018 10:53:00 PM,30,NO CONTROLS,NO CONTROLS,RAIN,"DARKNESS, LIGHTED ROAD",PEDESTRIAN,DIVIDED - W/MEDIAN (NOT RAISED),1,STRAIGHT AND LEVEL,WET,NO DEFECTS,,INJURY AND / OR TOW DUE TO CRASH,,,,"OVER $1,500",11/03/2018 10:55:00 PM,FAILING TO REDUCE SPEED TO AVOID CRASH,FAILING TO REDUCE SPEED TO AVOID CRASH,1721,W,71ST ST,735,,,,,,,2,INCAPACITATING INJURY,1,0,1,0,0,2,0,22,7,11,41.764761658,-87.667146087,POINT (-87.667146087482 41.764761657722)
JB503227,,11/03/2018 10:45:00 PM,30,NO CONTROLS,NO CONTROLS,RAIN,"DARKNESS, LIGHTED ROAD",PARKED MOTOR VEHICLE,ONE-WAY,,STRAIGHT AND LEVEL,WET,NO DEFECTS,NOT ON SCENE (DESK REPORT),NO INJURY / DRIVE AWAY,,,Y,$500 OR LESS,11/04/2018 02:45:00 PM,NOT APPLICABLE,NOT APPLICABLE,4504,S,ST LAWRENCE AVE,221,,,,,,,2,NO INDICATION OF INJURY,0,0,0,0,0,1,0,22,7,11,41.812889935,-87.611683711,POINT (-87.611683711442 41.81288993526)
JB502563,,11/03/2018 10:35:00 PM,30,TRAFFIC SIGNAL,FUNCTIONING PROPERLY,RAIN,"DARKNESS, LIGHTED ROAD",TURNING,NOT DIVIDED,2,STRAIGHT AND LEVEL,WET,UNKNOWN,ON SCENE,NO INJURY / DRIVE AWAY,,,,"OVER $1,500",11/03/2018 10:35:00 PM,UNABLE TO DETERMINE,HAD BEEN DRINKING (USE WHEN ARREST IS NOT MADE),427,N,STATE ST,1834,,Y,,,,,2,NO INDICATION OF INJURY,0,0,0,0,0,2,0,22,7,11,41.890027918,-87.627860346,POINT (-87.627860345765 41.890027917989)
JB502526,Y,11/03/2018 10:25:00 PM,30,NO CONTROLS,NO CONTROLS,RAIN,"DARKNESS, LIGHTED ROAD",PARKED MOTOR VEHICLE,NOT DIVIDED,2,STRAIGHT AND LEVEL,WET,UNKNOWN,ON SCENE,INJURY AND / OR TOW DUE TO CRASH,,,Y,"OVER $1,500",11/03/2018 11:31:00 PM,WEATHER,DISTRACTION - FROM OUTSIDE VEHICLE,2815,N,CENTRAL AVE,2514,,,,,,,2,NO INDICATION OF INJURY,0,0,0,0,0,1,0,22,7,11,41.931767228,-87.766117218,POINT (-87.766117217803 41.931767227795)
JB502513,,11/03/2018 10:20:00 PM,30,TRAFFIC SIGNAL,FUNCTIONING PROPERLY,RAIN,"DARKNESS, LIGHTED ROAD",REAR END,NOT DIVIDED,,STRAIGHT AND LEVEL,WET,NO DEFECTS,NOT ON SCENE (DESK REPORT),NO INJURY / DRIVE AWAY,,,,"$501 - $1,500",11/03/2018 10:35:00 PM,FOLLOWING TOO CLOSELY,UNABLE TO DETERMINE,6401,W,ARCHER AVE,811,,,,,,,2,NO INDICATION OF INJURY,0,0,0,0,0,4,0,22,7,11,41.792236263,-87.781856168,POINT (-87.781856167959 41.792236262806)
JB502537,,11/03/2018 10:14:00 PM,30,STOP SIGN/FLASHER,NO CONTROLS,RAIN,"DARKNESS, LIGHTED ROAD",REAR END,DIVIDED - W/MEDIAN (NOT RAISED),,STRAIGHT AND LEVEL,WET,NO DEFECTS,ON SCENE,NO INJURY / DRIVE AWAY,Y,,,$500 OR LESS,11/03/2018 10:25:00 PM,FOLLOWING TOO CLOSELY,FOLLOWING TOO CLOSELY,1311,W,LE MOYNE ST,1433,,,,,,,2,NO INDICATION OF INJURY,0,0,0,0,0,7,0,22,7,11,41.908942901,-87.661165874,POINT (-87.661165874265 41.908942901467)
JB502495,,11/03/2018 10:10:00 PM,30,UNKNOWN,UNKNOWN,RAIN,"DARKNESS, LIGHTED ROAD",SIDESWIPE SAME DIRECTION,CENTER TURN LANE,2,STRAIGHT AND LEVEL,WET,NO DEFECTS,ON SCENE,INJURY AND / OR TOW DUE TO CRASH,,,,"OVER $1,500",11/03/2018 10:12:00 PM,IMPROPER LANE USAGE,NOT APPLICABLE,4718,S,PULASKI RD,815,,,,,,,2,NO INDICATION OF INJURY,0,0,0,0,0,2,0,22,7,11,41.807273893,-87.723714765,POINT (-87.72371476486 41.807273893051)
JB502500,,11/03/2018 10:08:00 PM,30,NO CONTROLS,NO CONTROLS,RAIN,"DARKNESS, LIGHTED ROAD",SIDESWIPE SAME DIRECTION,ONE-WAY,2,STRAIGHT AND LEVEL,WET,NO DEFECTS,ON SCENE,NO INJURY / DRIVE AWAY,,,,"OVER $1,500",11/03/2018 10:15:00 PM,IMPROPER LANE USAGE,NOT APPLICABLE,769,W,JACKSON BLVD,1232,,,,,,,2,NO INDICATION OF INJURY,0,0,0,0,0,5,0,22,7,11,41.877843584,-87.646781834,POINT (-87.646781834111 41.877843584048)
JB505824,,11/03/2018 10:00:00 PM,30,TRAFFIC SIGNAL,UNKNOWN,UNKNOWN,UNKNOWN,REAR END,ONE-WAY,4,STRAIGHT AND LEVEL,UNKNOWN,UNKNOWN,NOT ON SCENE (DESK REPORT),NO INJURY / DRIVE AWAY,Y,,,$500 OR LESS,11/06/2018 01:10:00 PM,UNABLE TO DETERMINE,UNABLE TO DETERMINE,582,S,LAKE SHORE DR SB,114,,,,,,,2,NO INDICATION OF INJURY,0,0,0,0,0,2,0,22,7,11,41.874598738,-87.617489133,POINT (-87.617489133162 41.874598738117)
JB503086,,11/03/2018 10:00:00 PM,30,TRAFFIC SIGNAL,FUNCTIONING PROPERLY,RAIN,"DARKNESS, LIGHTED ROAD",REAR END,DIVIDED - W/MEDIAN BARRIER,4,STRAIGHT AND LEVEL,WET,NO DEFECTS,NOT ON SCENE (DESK REPORT),NO INJURY / DRIVE AWAY,,,Y,"OVER $1,500",11/04/2018 12:30:00 PM,FOLLOWING TOO CLOSELY,UNABLE TO DETERMINE,3955,N,CUMBERLAND AVE,1631,,,,,,,2,NO INDICATION OF INJURY,0,0,0,0,0,2,0,22,7,11,41.951848824,-87.836515973,POINT (-87.836515972516 41.951848823581)
JB502533,,11/03/2018 10:00:00 PM,30,TRAFFIC SIGNAL,FUNCTIONING PROPERLY,RAIN,"DARKNESS, LIGHTED ROAD",REAR END,DIVIDED - W/MEDIAN BARRIER,4,STRAIGHT AND LEVEL,WET,NO DEFECTS,NOT ON SCENE (DESK REPORT),NO INJURY / DRIVE AWAY,Y,,Y,$500 OR LESS,11/03/2018 11:00:00 PM,FOLLOWING TOO CLOSELY,FOLLOWING TOO CLOSELY,336,W,ONTARIO ST,1831,,,,,,,2,NO INDICATION OF INJURY,0,0,0,0,0,2,0,22,7,11,41.893256711,-87.637007797,POINT (-87.637007797127 41.893256711085)
JB502507,,11/03/2018 10:00:00 PM,30,TRAFFIC SIGNAL,FUNCTIONING PROPERLY,RAIN,"DARKNESS, LIGHTED ROAD",ANGLE,DIVIDED - W/MEDIAN (NOT RAISED),2,STRAIGHT AND LEVEL,WET,NO DEFECTS,ON SCENE,INJURY AND / OR TOW DUE TO CRASH,,,,"OVER $1,500",11/03/2018 10:04:00 PM,EXCEEDING SAFE SPEED FOR CONDITIONS,WEATHER,4159,W,16TH ST,1012,,,,,,,2,NONINCAPACITATING INJURY,2,0,0,2,0,1,0,22,7,11,41.85869086,-87.72977721,POINT (-87.729777209834 41.858690859607)
JB502545,,11/03/2018 09:53:00 PM,35,TRAFFIC SIGNAL,FUNCTIONING PROPERLY,RAIN,"DARKNESS, LIGHTED ROAD",REAR END,NOT DIVIDED,,STRAIGHT AND LEVEL,WET,NO DEFECTS,NOT ON SCENE (DESK REPORT),NO INJURY / DRIVE AWAY,,,Y,"$501 - $1,500",11/03/2018 11:20:00 PM,UNABLE TO DETERMINE,UNABLE TO DETERMINE,5700,S,KEDZIE AVE,822,,,,,,,2,NO INDICATION OF INJURY,0,0,0,0,0,4,0,21,7,11,41.789790822,-87.70359877,POINT (-87.703598769655 41.789790821511)
JB502505,,11/03/2018 09:50:00 PM,35,TRAFFIC SIGNAL,FUNCTIONING PROPERLY,RAIN,"DARKNESS, LIGHTED ROAD",REAR END,DIVIDED - W/MEDIAN (NOT RAISED),4,STRAIGHT AND LEVEL,WET,NO DEFECTS,NOT ON SCENE (DESK REPORT),NO INJURY / DRIVE AWAY,Y,,,"OVER $1,500",11/03/2018 10:25:00 PM,FOLLOWING TOO CLOSELY,NOT APPLICABLE,299,N,MICHIGAN AVE,114,,,,,,,2,NO INDICATION OF INJURY,0,0,0,0,0,2,0,21,7,11,41.886758145,-87.624388314,POINT (-87.624388314115 41.886758145105)
JB502489,,11/03/2018 09:50:00 PM,30,NO CONTROLS,NO CONTROLS,RAIN,"DARKNESS, LIGHTED ROAD",OVERTURNED,NOT DIVIDED,,STRAIGHT AND LEVEL,WET,"RUT, HOLES",NOT ON SCENE (DESK REPORT),NO INJURY / DRIVE AWAY,,,,"$501 - $1,500",11/03/2018 10:00:00 PM,UNABLE TO DETERMINE,UNABLE TO DETERMINE,7600,N,ROGERS AVE,2422,,,,,,,1,NO INDICATION OF INJURY,0,0,0,0,0,1,0,21,7,11,42.019504991,-87.668227517,POINT (-87.668227516834 42.019504991135)
JB502487,,11/03/2018 09:45:00 PM,30,TRAFFIC SIGNAL,FUNCTIONING IMPROPERLY,RAIN,"DARKNESS, LIGHTED ROAD",SIDESWIPE SAME DIRECTION,NOT DIVIDED,,STRAIGHT AND LEVEL,WET,NO DEFECTS,ON SCENE,NO INJURY / DRIVE AWAY,Y,,,"$501 - $1,500",11/03/2018 09:50:00 PM,UNABLE TO DETERMINE,UNABLE TO DETERMINE,1400,W,76TH ST,612,,,,,,,2,NO INDICATION OF INJURY,0,0,0,0,0,4,0,21,7,11,41.755992001,-87.658814075,POINT (-87.658814075348 41.755992000526)
JB502490,,11/03/2018 09:32:00 PM,30,NO CONTROLS,NO CONTROLS,RAIN,"DARKNESS, LIGHTED ROAD",PARKED MOTOR VEHICLE,NOT DIVIDED,,STRAIGHT AND LEVEL,WET,NO DEFECTS,ON SCENE,INJURY AND / OR TOW DUE TO CRASH,,,Y,"OVER $1,500",11/03/2018 09:32:00 PM,UNABLE TO DETERMINE,UNABLE TO DETERMINE,3413,N,LINDER AVE,1633,,,,,,,3,NO INDICATION OF INJURY,0,0,0,0,0,2,0,21,7,11,41.942657567,-87.764040361,POINT (-87.764040360639 41.94265756692)
JB504727,,11/03/2018 09:30:00 PM,30,NO CONTROLS,NO CONTROLS,CLEAR,DAYLIGHT,REAR END,NOT DIVIDED,,STRAIGHT AND LEVEL,DRY,NO DEFECTS,NOT ON SCENE (DESK REPORT),NO INJURY / DRIVE AWAY,,,,"$501 - $1,500",11/05/2018 04:36:00 PM,NOT APPLICABLE,NOT APPLICABLE,6000,S,KOSTNER AVE,813,,,,,,,2,NO INDICATION OF INJURY,0,0,0,0,0,3,0,21,7,11,41.783919945,-87.732836425,POINT (-87.732836425129 41.783919945338)
JB502465,,11/03/2018 09:30:00 PM,25,STOP SIGN/FLASHER,NO CONTROLS,RAIN,DARKNESS,ANGLE,NOT DIVIDED,2,STRAIGHT AND LEVEL,WET,NO DEFECTS,ON SCENE,INJURY AND / OR TOW DUE TO CRASH,Y,,,$500 OR LESS,11/03/2018 09:31:00 PM,FAILING TO YIELD RIGHT-OF-WAY,UNABLE TO DETERMINE,9200,S,PAXTON AVE,413,,,,,,,2,INCAPACITATING INJURY,1,0,1,0,0,2,0,21,7,11,41.727910984,-87.570775897,POINT (-87.570775896511 41.727910984148)
JB502472,,11/03/2018 09:23:00 PM,30,TRAFFIC SIGNAL,FUNCTIONING PROPERLY,RAIN,"DARKNESS, LIGHTED ROAD",SIDESWIPE SAME DIRECTION,DIVIDED - W/MEDIAN BARRIER,4,STRAIGHT AND LEVEL,WET,NO DEFECTS,NOT ON SCENE (DESK REPORT),NO INJURY / DRIVE AWAY,Y,,N,$500 OR LESS,11/03/2018 09:45:00 PM,FAILING TO YIELD RIGHT-OF-WAY,FAILING TO YIELD RIGHT-OF-WAY,500,N,MICHIGAN AVE,1834,,,,,,,2,NO INDICATION OF INJURY,0,0,0,0,0,2,0,21,7,11,41.89097123,-87.624276946,POINT (-87.624276945562 41.890971229645)
JB502453,,11/03/2018 09:21:00 PM,30,UNKNOWN,UNKNOWN,RAIN,DARKNESS,TURNING,UNKNOWN,2,STRAIGHT AND LEVEL,UNKNOWN,UNKNOWN,ON SCENE,NO INJURY / DRIVE AWAY,,,,$500 OR LESS,11/03/2018 09:22:00 PM,NOT APPLICABLE,NOT APPLICABLE,2019,S,CANALPORT AVE,1235,,,,,,,2,NO INDICATION OF INJURY,0,0,0,0,0,2,0,21,7,11,41.855266696,-87.645064158,POINT (-87.645064158491 41.85526669592)
JB502494,,11/03/2018 09:20:00 PM,30,NO CONTROLS,NO CONTROLS,RAIN,DARKNESS,REAR END,ONE-WAY,1,STRAIGHT AND LEVEL,WET,NO DEFECTS,NOT ON SCENE (DESK REPORT),NO INJURY / DRIVE AWAY,N,,Y,"OVER $1,500",11/03/2018 10:15:00 PM,IMPROPER BACKING,NOT APPLICABLE,1301,S,LAWNDALE AVE,1011,,,,,,,2,NO INDICATION OF INJURY,0,0,0,0,0,3,0,21,7,11,41.86435763,-87.71765446,POINT (-87.71765445956 41.864357629916)