RD_NO,CRASH_DATE_EST_I,CRASH_DATE,POSTED_SPEED_LIMIT,TRAFFIC_CONTROL_DEVICE,DEVICE_CONDITION,WEATHER_CONDITION,LIGHTING_CONDITION,FIRST_CRASH_TYPE,TRAFFICWAY_TYPE,LANE_CNT,ALIGNMENT,ROADWAY_SURFACE_COND,ROAD_DEFECT,REPORT_TYPE,CRASH_TYPE,INTERSECTION_RELATED_I,NOT_RIGHT_OF_WAY_I,HIT_AND_RUN_I,DAMAGE,DATE_POLICE_NOTIFIED,PRIM_CONTRIBUTORY_CAUSE,SEC_CONTRIBUTORY_CAUSE,STREET_NO,STREET_DIRECTION,STREET_NAME,BEAT_OF_OCCURRENCE,PHOTOS_TAKEN_I,STATEMENTS_TAKEN_I,DOORING_I,WORK_ZONE_I,WORK_ZONE_TYPE,WORKERS_PRESENT_I,NUM_UNITS,MOST_SEVERE_INJURY,INJURIES_TOTAL,INJURIES_FATAL,INJURIES_INCAPACITATING,INJURIES_NON_INCAPACITATING,INJURIES_REPORTED_NOT_EVIDENT,INJURIES_NO_INDICATION,INJURIES_UNKNOWN,CRASH_HOUR,CRASH_DAY_OF_WEEK,CRASH_MONTH,LATITUDE,LONGITUDE,LOCATION
JB502483,Y,11/03/2018 09:20:00 PM,35,NO CONTROLS,NO CONTROLS,RAIN,DARKNESS,SIDESWIPE SAME DIRECTION,ONE-WAY,4,STRAIGHT AND LEVEL,WET,NO DEFECTS,ON SCENE,NO INJURY / DRIVE AWAY,,,,"OVER $1,500",11/03/2018 09:25:00 PM,UNABLE TO DETERMINE,NOT APPLICABLE,160,E,HURON ST,1834,,,,,,,2,NO INDICATION OF INJURY,0,0,0,0,0,4,0,21,7,11,41.895067022,-87.623027214,POINT (-87.623027214411 41.89506702242)
RB502498,,11/03/2018 09:15:00 PM,15,NO CONTROLS,NO CONTROLS,RAIN,"DARKNESS, LIGHTED ROAD",FIXED OBJECT,ALLEY,,STRAIGHT AND LEVEL,WET,NO DEFECTS,NOT ON SCENE (DESK REPORT),NO INJURY / DRIVE AWAY,,,,"OVER $1,500",11/03/2018 10:25:00 PM,IMPROPER BACKING,IMPROPER BACKING,1754,E,73RD ST,324,,,,,,,1,NO INDICATION OF INJURY,0,0,0,0,0,1,0,21,7,11,41.762568102,-87.581461646,POINT (-87.581461646043 41.762568101713)
JB502444,,11/03/2018 09:09:00 PM,30,NO CONTROLS,NO CONTROLS,RAIN,"DARKNESS, LIGHTED ROAD",REAR END,DIVIDED - W/MEDIAN (NOT RAISED),,STRAIGHT AND LEVEL,WET,NO DEFECTS,ON SCENE,INJURY AND / OR TOW DUE TO CRASH,,,Y,"$501 - $1,500",11/03/2018 09:10:00 PM,FOLLOWING TOO CLOSELY,FOLLOWING TOO CLOSELY,5226,W,55TH ST,814,,,,,,,2,NONINCAPACITATING INJURY,1,0,0,1,0,1,0,21,7,11,41.792978966,-87.753693027,POINT (-87.753693026606 41.792978966455)
JB502485,,11/03/2018 09:06:00 PM,30,TRAFFIC SIGNAL,FUNCTIONING PROPERLY,CLEAR,"DARKNESS, LIGHTED ROAD",SIDESWIPE SAME DIRECTION,ONE-WAY,3,STRAIGHT AND LEVEL,DRY,NO DEFECTS,NOT ON SCENE (DESK REPORT),NO INJURY / DRIVE AWAY,Y,,,"$501 - $1,500",11/03/2018 09:45:00 PM,IMPROPER LANE USAGE,NOT APPLICABLE,201,W,WACKER DR,122,,,,,,,2,NO INDICATION OF INJURY,0,0,0,0,0,3,0,21,7,11,41.88670692,-87.634038292,POINT (-87.634038291971 41.886706920182)
JB504523,,11/03/2018 09:05:00 PM,30,STOP SIGN/FLASHER,FUNCTIONING PROPERLY,RAIN,"DARKNESS, LIGHTED ROAD",TURNING,NOT DIVIDED,2,STRAIGHT AND LEVEL,WET,NO DEFECTS,NOT ON SCENE (DESK REPORT),NO INJURY / DRIVE AWAY,Y,,,"OVER $1,500",11/05/2018 02:41:00 PM,UNABLE TO DETERMINE,UNABLE TO DETERMINE,2500,N,KIMBALL AVE,1413,,,,,,,2,NO INDICATION OF INJURY,0,0,0,0,0,2,0,21,7,11,41.926570638,-87.712305802,POINT (-87.71230580187 41.926570637563)
JB502438,,11/03/2018 09:05:00 PM,30,TRAFFIC SIGNAL,FUNCTIONING PROPERLY,RAIN,"DARKNESS, LIGHTED ROAD",PEDESTRIAN,NOT DIVIDED,2,STRAIGHT AND LEVEL,WET,NO DEFECTS,ON SCENE,NO INJURY / DRIVE AWAY,,,Y,$500 OR LESS,11/03/2018 09:05:00 PM,DISREGARDING OTHER TRAFFIC SIGNS,UNABLE TO DETERMINE,1700,W,MONROE ST,1224,,,,,,,2,NO INDICATION OF INJURY,0,0,0,0,0,2,0,21,7,11,41.880235774,-87.669311103,POINT (-87.669311102631 41.880235773701)
JB503466,,11/03/2018 09:03:00 PM,30,NO CONTROLS,NO CONTROLS,RAIN,"DARKNESS, LIGHTED ROAD",SIDESWIPE SAME DIRECTION,NOT DIVIDED,2,STRAIGHT AND LEVEL,WET,NO DEFECTS,ON SCENE,NO INJURY / DRIVE AWAY,,,Y,$500 OR LESS,11/03/2018 09:03:00 PM,IMPROPER OVERTAKING/PASSING,NOT APPLICABLE,430,N,LARAMIE AVE,1523,,,,,,,2,NO INDICATION OF INJURY,0,0,0,0,0,2,0,21,7,11,41.888592146,-87.755514022,POINT (-87.755514022293 41.88859214607)
JB502458,,11/03/2018 09:01:00 PM,30,NO CONTROLS,NO CONTROLS,RAIN,"DARKNESS, LIGHTED ROAD",PARKED MOTOR VEHICLE,NOT DIVIDED,2,STRAIGHT AND LEVEL,WET,NO DEFECTS,NOT ON SCENE (DESK REPORT),NO INJURY / DRIVE AWAY,,,Y,"OVER $1,500",11/03/2018 09:40:00 PM,UNABLE TO DETERMINE,NOT APPLICABLE,10437,S,KEDZIE AVE,2211,,,,,,,2,NO INDICATION OF INJURY,0,0,0,0,0,1,0,21,7,11,41.703243134,-87.701095989,POINT (-87.701095988993 41.703243134)
JB502645,,11/03/2018 08:55:00 PM,30,NO CONTROLS,NO CONTROLS,CLEAR,DARKNESS,OTHER OBJECT,PARKING LOT,,STRAIGHT AND LEVEL,DRY,"RUT, HOLES",NOT ON SCENE (DESK REPORT),NO INJURY / DRIVE AWAY,,Y,,$500 OR LESS,11/03/2018 09:00:00 PM,ROAD ENGINEERING/SURFACE/MARKING DEFECTS,NOT APPLICABLE,2255,E,103RD ST,434,,,,,,,2,NO INDICATION OF INJURY,0,0,0,0,0,1,0,20,7,11,41.707933291,-87.568349123,POINT (-87.568349122821 41.707933290572)
JB502437,,11/03/2018 08:54:00 PM,30,NO CONTROLS,NO CONTROLS,RAIN,DUSK,HEAD ON,NOT DIVIDED,4,STRAIGHT AND LEVEL,WET,NO DEFECTS,ON SCENE,INJURY AND / OR TOW DUE TO CRASH,,,,"OVER $1,500",11/03/2018 08:55:00 PM,WEATHER,DRIVING SKILLS/KNOWLEDGE/EXPERIENCE,3706,W,WASHINGTON BLVD,1122,,,,,,,2,NONINCAPACITATING INJURY,3,0,0,3,0,0,0,20,7,11,41.881783868,-87.718841576,POINT (-87.718841576145 41.88178386792)
JB506468,N,11/03/2018 08:45:00 PM,30,NO CONTROLS,NOT FUNCTIONING,CLEAR,DARKNESS,OTHER OBJECT,NOT DIVIDED,2,STRAIGHT AND LEVEL,DRY,"RUT, HOLES",NOT ON SCENE (DESK REPORT),NO INJURY / DRIVE AWAY,,,,$500 OR LESS,11/06/2018 08:28:00 PM,ROAD CONSTRUCTION/MAINTENANCE,ROAD CONSTRUCTION/MAINTENANCE,645,N,MC CLURG CT,1834,,,,Y,CONSTRUCTION,,1,NO INDICATION OF INJURY,0,0,0,0,0,1,0,20,7,11,41.894066511,-87.617607514,POINT (-87.617607513688 41.894066511365)
JB503977,,11/03/2018 08:45:00 PM,30,NO CONTROLS,NO CONTROLS,CLEAR,"DARKNESS, LIGHTED ROAD",SIDESWIPE SAME DIRECTION,ONE-WAY,1,STRAIGHT AND LEVEL,DRY,NO DEFECTS,NOT ON SCENE (DESK REPORT),NO INJURY / DRIVE AWAY,,,Y,"$501 - $1,500",11/05/2018 08:15:00 AM,DRIVING SKILLS/KNOWLEDGE/EXPERIENCE,UNABLE TO DETERMINE,1015,N,RUSH ST,1824,,,,,,,2,NO INDICATION OF INJURY,0,0,0,0,0,5,0,20,7,11,41.901198041,-87.627564062,POINT (-87.627564061853 41.901198041291)
JB502476,,11/03/2018 08:45:00 PM,30,TRAFFIC SIGNAL,FUNCTIONING PROPERLY,RAIN,DARKNESS,REAR END,ONE-WAY,,STRAIGHT AND LEVEL,WET,NO DEFECTS,NOT ON SCENE (DESK REPORT),NO INJURY / DRIVE AWAY,Y,,,"OVER $1,500",11/03/2018 10:00:00 PM,FOLLOWING TOO CLOSELY,NOT APPLICABLE,5899,N,CUMBERLAND AVE,1614,,,,,,,2,NO INDICATION OF INJURY,0,0,0,0,0,2,0,20,7,11,41.986382969,-87.836433754,POINT (-87.836433753977 41.98638296862)
JB502474,,11/03/2018 08:45:00 PM,25,STOP SIGN/FLASHER,FUNCTIONING PROPERLY,RAIN,DARKNESS,SIDESWIPE SAME DIRECTION,NOT DIVIDED,,STRAIGHT AND LEVEL,WET,NO DEFECTS,ON SCENE,INJURY AND / OR TOW DUE TO CRASH,Y,,,"OVER $1,500",11/03/2018 09:41:00 PM,UNABLE TO DETERMINE,NOT APPLICABLE,6201,N,MAPLEWOOD AVE,2413,,,,,,,2,NO INDICATION OF INJURY,0,0,0,0,0,2,0,20,7,11,41.994141447,-87.693285075,POINT (-87.693285075429 41.99414144672)
JB502482,,11/03/2018 08:40:00 PM,30,TRAFFIC SIGNAL,FUNCTIONING PROPERLY,RAIN,"DARKNESS, LIGHTED ROAD",REAR END,ONE-WAY,3,STRAIGHT AND LEVEL,WET,NO DEFECTS,NOT ON SCENE (DESK REPORT),NO INJURY / DRIVE AWAY,,,,$500 OR LESS,11/03/2018 08:42:00 PM,UNABLE TO DETERMINE,UNABLE TO DETERMINE,780,W,98TH PL,2223,,,,,,,2,NO INDICATION OF INJURY,0,0,0,0,0,2,0,20,7,11,41.715223933,-87.642983674,POINT (-87.642983674049 41.715223932645)
JB502426,,11/03/2018 08:39:00 PM,30,NO CONTROLS,NO CONTROLS,OTHER,"DARKNESS, LIGHTED ROAD",PARKED MOTOR VEHICLE,NOT DIVIDED,2,STRAIGHT AND LEVEL,UNKNOWN,NO DEFECTS,ON SCENE,INJURY AND / OR TOW DUE TO CRASH,,,Y,"OVER $1,500",11/03/2018 08:39:00 PM,"OPERATING VEHICLE IN ERRATIC, RECKLESS, CARELESS, NEGLIGENT OR AGGRESSIVE MANNER",DISREGARDING OTHER TRAFFIC SIGNS,7512,N,ROGERS AVE,2422,,,,,,,3,INCAPACITATING INJURY,1,0,1,0,0,3,0,20,7,11,42.018532049,-87.670270208,POINT (-87.670270208155 42.018532048641)
JB502420,,11/03/2018 08:35:00 PM,30,TRAFFIC SIGNAL,FUNCTIONING PROPERLY,RAIN,"DARKNESS, LIGHTED ROAD",TURNING,NOT DIVIDED,4,STRAIGHT AND LEVEL,WET,NO DEFECTS,ON SCENE,INJURY AND / OR TOW DUE TO CRASH,Y,,Y,"OVER $1,500",11/03/2018 08:37:00 PM,DISREGARDING TRAFFIC SIGNALS,UNABLE TO DETERMINE,550,N,CICERO AVE,1532,,,,,,,2,NONINCAPACITATING INJURY,1,0,0,1,0,1,0,20,7,11,41.89113087,-87.745817788,POINT (-87.745817788033 41.891130869633)
JB502864,,11/03/2018 08:32:00 PM,30,NO CONTROLS,NO CONTROLS,RAIN,"DARKNESS, LIGHTED ROAD",REAR END,DIVIDED - W/MEDIAN (NOT RAISED),,STRAIGHT AND LEVEL,WET,NO DEFECTS,NOT ON SCENE (DESK REPORT),NO INJURY / DRIVE AWAY,,,,"$501 - $1,500",11/04/2018 08:10:00 AM,UNABLE TO DETERMINE,UNABLE TO DETERMINE,4540,W,DIVERSEY AVE,2521,,,,,,,2,NO INDICATION OF INJURY,0,0,0,0,0,5,0,20,7,11,41.931718,-87.74087406,POINT (-87.740874060241 41.931717999766)
JB506355,,11/03/2018 08:30:00 PM,30,TRAFFIC SIGNAL,UNKNOWN,UNKNOWN,UNKNOWN,REAR END,DIVIDED - W/MEDIAN (NOT RAISED),4,STRAIGHT AND LEVEL,DRY,UNKNOWN,NOT ON SCENE (DESK REPORT),INJURY AND / OR TOW DUE TO CRASH,,,,"$501 - $1,500",11/06/2018 05:36:00 PM,FAILING TO REDUCE SPEED TO AVOID CRASH,NOT APPLICABLE,5850,S,HALSTED ST,712,,,,,,,2,NONINCAPACITATING INJURY,1,0,0,1,0,1,0,20,7,11,41.787295096,-87.645123102,POINT (-87.645123102176 41.787295096177)
JB504850,,11/03/2018 08:30:00 PM,30,NO CONTROLS,NO CONTROLS,RAIN,DARKNESS,SIDESWIPE SAME DIRECTION,NOT DIVIDED,,STRAIGHT AND LEVEL,WET,NO DEFECTS,NOT ON SCENE (DESK REPORT),NO INJURY / DRIVE AWAY,,,,"OVER $1,500",11/05/2018 06:05:00 PM,TEXTING,NOT APPLICABLE,5940,N,RIDGE AVE,2012,,,,,,,2,NO INDICATION OF INJURY,0,0,0,0,0,2,0,20,7,11,41.989676936,-87.670206816,POINT (-87.670206816488 41.98967693564)
JB502948,,11/03/2018 08:30:00 PM,30,TRAFFIC SIGNAL,FUNCTIONING PROPERLY,RAIN,"DARKNESS, LIGHTED ROAD",REAR END,NOT DIVIDED,4,STRAIGHT AND LEVEL,WET,NO DEFECTS,NOT ON SCENE (DESK REPORT),NO INJURY / DRIVE AWAY,,,Y,"OVER $1,500",11/04/2018 10:20:00 AM,IMPROPER BACKING,UNABLE TO DETERMINE,6359,N,MANNHEIM RD,1654,,,,,,,2,NO INDICATION OF INJURY,0,0,0,0,0,2,0,20,7,11,41.994291653,-87.884302135,POINT (-87.884302135445 41.994291653413)
JB502428,,11/03/2018 08:30:00 PM,30,UNKNOWN,UNKNOWN,CLEAR,"DARKNESS, LIGHTED ROAD",SIDESWIPE SAME DIRECTION,DIVIDED - W/MEDIAN (NOT RAISED),4,STRAIGHT AND LEVEL,DRY,NO DEFECTS,NOT ON SCENE (DESK REPORT),NO INJURY / DRIVE AWAY,,,,"OVER $1,500",11/03/2018 09:00:00 PM,UNABLE TO DETERMINE,NOT APPLICABLE,5400,W,DIVERSEY AVE,2514,,,,,,,2,NO INDICATION OF INJURY,0,0,0,0,0,2,0,20,7,11,41.931445658,-87.761398749,POINT (-87.761398748717 41.931445658056)
JB502421,,11/03/2018 08:22:00 PM,30,NO CONTROLS,NO CONTROLS,CLEAR,DAYLIGHT,PARKED MOTOR VEHICLE,NOT DIVIDED,1,STRAIGHT AND LEVEL,DRY,NO DEFECTS,NOT ON SCENE (DESK REPORT),NO INJURY / DRIVE AWAY,,,N,"OVER $1,500",11/03/2018 08:26:00 PM,UNDER THE INFLUENCE OF ALCOHOL/DRUGS (USE WHEN ARREST IS EFFECTED),UNDER THE INFLUENCE OF ALCOHOL/DRUGS (USE WHEN ARREST IS EFFECTED),3227,N,PITTSBURGH AVE,1631,,,,,,,4,NO INDICATION OF INJURY,0,0,0,0,0,1,0,20,7,11,41.938467886,-87.832323642,POINT (-87.832323641852 41.938467885527)
JB502417,,11/03/2018 08:00:00 PM,30,NO CONTROLS,NO CONTROLS,CLEAR,DAYLIGHT,PARKED MOTOR VEHICLE,PARKING LOT,,STRAIGHT AND LEVEL,DRY,NO DEFECTS,NOT ON SCENE (DESK REPORT),NO INJURY / DRIVE AWAY,,,Y,"$501 - $1,500",11/03/2018 08:56:00 PM,UNABLE TO DETERMINE,UNABLE TO DETERMINE,7500,S,MICHIGAN AVE,623,,,,,,,2,NO INDICATION OF INJURY,0,0,0,0,0,1,0,20,7,11,41.758199597,-87.621680279,POINT (-87.621680279215 41.7581995974)
JB502370,,11/03/2018 07:48:00 PM,30,TRAFFIC SIGNAL,UNKNOWN,UNKNOWN,DAYLIGHT,REAR END,NOT DIVIDED,,STRAIGHT AND LEVEL,DRY,UNKNOWN,NOT ON SCENE (DESK REPORT),NO INJURY / DRIVE AWAY,,,,"$501 - $1,500",11/03/2018 08:04:00 PM,UNABLE TO DETERMINE,UNABLE TO DETERMINE,11846,S,WESTERN AVE,2212,,,,,,,2,NO INDICATION OF INJURY,0,0,0,0,0,2,0,19,7,11,41.677648836,-87.680860721,POINT (-87.68086072089 41.677648836034)
JB502373,,11/03/2018 07:43:00 PM,30,NO CONTROLS,NO CONTROLS,CLEAR,"DARKNESS, LIGHTED ROAD",SIDESWIPE SAME DIRECTION,NOT DIVIDED,2,STRAIGHT AND LEVEL,DRY,NO DEFECTS,NOT ON SCENE (DESK REPORT),INJURY AND / OR TOW DUE TO CRASH,,,,"$501 - $1,500",11/03/2018 07:45:00 PM,FOLLOWING TOO CLOSELY,UNABLE TO DETERMINE,2600,W,115TH ST,2212,,,,,,,2,NONINCAPACITATING INJURY,1,0,0,1,0,1,0,19,7,11,41.684582324,-87.686057432,POINT (-87.686057431894 41.684582323601)
JB502393,,11/03/2018 07:35:00 PM,30,NO CONTROLS,NO CONTROLS,CLEAR,"DARKNESS, LIGHTED ROAD",PARKED MOTOR VEHICLE,NOT DIVIDED,2,STRAIGHT AND LEVEL,DRY,NO DEFECTS,NOT ON SCENE (DESK REPORT),NO INJURY / DRIVE AWAY,,,,"$501 - $1,500",11/03/2018 08:20:00 PM,UNABLE TO DETERMINE,UNABLE TO DETERMINE,821,S,CENTRAL PARK AVE,1133,,,,,,,2,NO INDICATION OF INJURY,0,0,0,0,0,1,0,19,7,11,41.870124335,-87.71539245,POINT (-87.715392449875 41.87012433549)
JB502950,,11/03/2018 07:30:00 PM,30,NO CONTROLS,NO CONTROLS,UNKNOWN,DARKNESS,REAR END,NOT DIVIDED,4,STRAIGHT AND LEVEL,UNKNOWN,UNKNOWN,NOT ON SCENE (DESK REPORT),NO INJURY / DRIVE AWAY,,,,"$501 - $1,500",11/04/2018 10:13:00 AM,FOLLOWING TOO CLOSELY,NOT APPLICABLE,5935,S,PULASKI RD,822,,,,,,,2,NO INDICATION OF INJURY,0,0,0,0,0,3,0,19,7,11,41.784922134,-87.722786391,POINT (-87.722786391491 41.784922133915)
JB502361,,11/03/2018 07:30:00 PM,30,TRAFFIC SIGNAL,FUNCTIONING PROPERLY,RAIN,"DARKNESS, LIGHTED ROAD",HEAD ON,NOT DIVIDED,,STRAIGHT AND LEVEL,WET,NO DEFECTS,ON SCENE,INJURY AND / OR TOW DUE TO CRASH,Y,,,"OVER $1,500",11/03/2018 07:30:00 PM,FAILING TO YIELD RIGHT-OF-WAY,FAILING TO YIELD RIGHT-OF-WAY,8700,S,HOLLAND RD,634,,,,,,,3,INCAPACITATING INJURY,2,0,1,1,0,1,0,19,7,11,41.735867265,-87.632794801,POINT (-87.632794801154 41.735867264645)
JB502993,,11/03/2018 07:20:00 PM,30,NO CONTROLS,NO CONTROLS,CLEAR,DARKNESS,SIDESWIPE SAME DIRECTION,NOT DIVIDED,,STRAIGHT AND LEVEL,DRY,NO DEFECTS,NOT ON SCENE (DESK REPORT),NO INJURY / DRIVE AWAY,,,,"OVER $1,500",11/04/2018 11:05:00 AM,FAILING TO YIELD RIGHT-OF-WAY,NOT APPLICABLE,500,S,WESTERN AVE,1135,,,,,,,2,NO INDICATION OF INJURY,0,0,0,0,0,2,0,19,7,11,41.874941491,-87.686406164,POINT (-87.686406163825 41.87494149131)
JB502374,,11/03/2018 07:15:00 PM,30,NO CONTROLS,UNKNOWN,CLEAR,"DARKNESS, LIGHTED ROAD",SIDESWIPE SAME DIRECTION,NOT DIVIDED,,STRAIGHT AND LEVEL,DRY,NO DEFECTS,ON SCENE,NO INJURY / DRIVE AWAY,,,Y,"OVER $1,500",11/03/2018 07:30:00 PM,IMPROPER OVERTAKING/PASSING,NOT APPLICABLE,351,W,DIVERSEY PKWY,1935,,,,,,,2,NO INDICATION OF INJURY,0,0,0,0,0,3,0,19,7,11,41.932808791,-87.638923353,POINT (-87.638923353003 41.932808790545)
JB502364,,11/03/2018 07:15:00 PM,30,TRAFFIC SIGNAL,FUNCTIONING PROPERLY,CLEAR,"DARKNESS, LIGHTED ROAD",REAR END,NOT DIVIDED,,STRAIGHT AND LEVEL,DRY,NO DEFECTS,NOT ON SCENE (DESK REPORT),NO INJURY / DRIVE AWAY,Y,,,"OVER $1,500",11/03/2018 07:40:00 PM,FOLLOWING TOO CLOSELY,NOT APPLICABLE,1949,N,CENTRAL AVE,2515,,,,,,,2,NO INDICATION OF INJURY,0,0,0,0,0,3,0,19,7,11,41.91645028,-87.765583142,POINT (-87.765583142477 41.916450279755)
JB502359,Y,11/03/2018 07:10:00 PM,30,LANE USE MARKING,FUNCTIONING PROPERLY,CLEAR,"DARKNESS, LIGHTED ROAD",FIXED OBJECT,NOT DIVIDED,4,STRAIGHT AND LEVEL,WET,NO DEFECTS,ON SCENE,INJURY AND / OR TOW DUE TO CRASH,,,,"OVER $1,500",11/03/2018 07:16:00 PM,PHYSICAL CONDITION OF DRIVER,EXCEEDING SAFE SPEED FOR CONDITIONS,1000,W,SHERIDAN RD,2432,,,,,,,1,"REPORTED, NOT EVIDENT",1,0,0,0,1,0,0,19,7,11,41.998340954,-87.656546607,POINT (-87.656546607312 41.998340953565)
JB502452,,11/03/2018 07:00:00 PM,30,NO CONTROLS,NO CONTROLS,RAIN,"DARKNESS, LIGHTED ROAD",PARKED MOTOR VEHICLE,ONE-WAY,,STRAIGHT AND LEVEL,WET,NO DEFECTS,NOT ON SCENE (DESK REPORT),NO INJURY / DRIVE AWAY,,,Y,"OVER $1,500",11/03/2018 09:00:00 PM,UNABLE TO DETERMINE,NOT APPLICABLE,932,W,80TH ST,621,,,,,,,2,NO INDICATION OF INJURY,0,0,0,0,0,1,0,19,7,11,41.748872855,-87.647691893,POINT (-87.647691893417 41.748872854824)
JB502377,,11/03/2018 07:00:00 PM,30,TRAFFIC SIGNAL,FUNCTIONING PROPERLY,CLEAR,DARKNESS,TURNING,NOT DIVIDED,,STRAIGHT AND LEVEL,DRY,NO DEFECTS,NOT ON SCENE (DESK REPORT),NO INJURY / DRIVE AWAY,Y,,,"OVER $1,500",11/03/2018 08:00:00 PM,UNABLE TO DETERMINE,NOT APPLICABLE,4200,N,PULASKI RD,1722,,,,,,,2,NO INDICATION OF INJURY,0,0,0,0,0,2,0,19,7,11,41.957389412,-87.72787272,POINT (-87.727872720086 41.957389412248)
JB502354,,11/03/2018 07:00:00 PM,30,NO CONTROLS,NO CONTROLS,CLEAR,"DARKNESS, LIGHTED ROAD",SIDESWIPE SAME DIRECTION,DIVIDED - W/MEDIAN (NOT RAISED),4,STRAIGHT AND LEVEL,DRY,NO DEFECTS,NOT ON SCENE (DESK REPORT),NO INJURY / DRIVE AWAY,,,Y,"$501 - $1,500",11/03/2018 07:40:00 PM,IMPROPER OVERTAKING/PASSING,NOT APPLICABLE,225,N,MICHIGAN AVE,114,,,,,,,2,NO INDICATION OF INJURY,0,0,0,0,0,2,0,19,7,11,41.886377406,-87.62438167,POINT (-87.62438167044 41.886377406208)
JB502351,,11/03/2018 06:51:00 PM,30,NO CONTROLS,NO CONTROLS,CLEAR,"DARKNESS, LIGHTED ROAD",REAR END,DIVIDED - W/MEDIAN (NOT RAISED),2,STRAIGHT AND LEVEL,DRY,NO DEFECTS,NOT ON SCENE (DESK REPORT),NO INJURY / DRIVE AWAY,,,Y,"$501 - $1,500",11/03/2018 07:25:00 PM,UNABLE TO DETERMINE,NOT APPLICABLE,3924,W,ARMITAGE AVE,2525,,,,,,,2,NO INDICATION OF INJURY,0,0,0,0,0,2,0,18,7,11,41.91729536,-87.725138476,POINT (-87.725138476036 41.917295359822)
JB504733,,11/03/2018 06:50:00 PM,30,TRAFFIC SIGNAL,FUNCTIONING PROPERLY,UNKNOWN,"DARKNESS, LIGHTED ROAD",REAR END,NOT DIVIDED,,STRAIGHT AND LEVEL,UNKNOWN,NO DEFECTS,NOT ON SCENE (DESK REPORT),NO INJURY / DRIVE AWAY,,,,$500 OR LESS,11/05/2018 05:10:00 PM,UNABLE TO DETERMINE,NOT APPLICABLE,1197,N,WESTERN AVE,1212,,,,,,,2,NO INDICATION OF INJURY,0,0,0,0,0,2,0,18,7,11,41.902971998,-87.686878545,POINT (-87.686878544526 41.902971997805)
JB502510,,11/03/2018 06:45:00 PM,30,TRAFFIC SIGNAL,FUNCTIONING PROPERLY,RAIN,"DARKNESS, LIGHTED ROAD",REAR END,OTHER,4,STRAIGHT AND LEVEL,WET,NO DEFECTS,NOT ON SCENE (DESK REPORT),NO INJURY / DRIVE AWAY,Y,,Y,$500 OR LESS,11/03/2018 10:30:00 PM,UNABLE TO DETERMINE,UNABLE TO DETERMINE,1210,N,LARRABEE ST,1822,,,,,,,2,NO INDICATION OF INJURY,0,0,0,0,0,3,0,18,7,11,41.904067526,-87.643379372,POINT (-87.643379371988 41.904067525744)
JB502408,,11/03/2018 06:45:00 PM,30,TRAFFIC SIGNAL,FUNCTIONING PROPERLY,CLEAR,DARKNESS,SIDESWIPE SAME DIRECTION,NOT DIVIDED,2,STRAIGHT AND LEVEL,DRY,NO DEFECTS,NOT ON SCENE (DESK REPORT),NO INJURY / DRIVE AWAY,,,Y,"OVER $1,500",11/03/2018 08:38:00 PM,EXCEEDING AUTHORIZED SPEED LIMIT,IMPROPER OVERTAKING/PASSING,3140,N,ELSTON AVE,1411,,,,,,,2,NO INDICATION OF INJURY,0,0,0,0,0,2,0,18,7,11,41.938081541,-87.696632895,POINT (-87.696632894673 41.938081540775)
JB502337,,11/03/2018 06:45:00 PM,30,NO CONTROLS,NO CONTROLS,CLEAR,"DARKNESS, LIGHTED ROAD",SIDESWIPE SAME DIRECTION,NOT DIVIDED,,STRAIGHT AND LEVEL,DRY,NO DEFECTS,NOT ON SCENE (DESK REPORT),NO INJURY / DRIVE AWAY,,,,$500 OR LESS,11/03/2018 08:10:00 PM,IMPROPER OVERTAKING/PASSING,FAILING TO REDUCE SPEED TO AVOID CRASH,3942,W,ARMITAGE AVE,2525,,,,,,,2,NO INDICATION OF INJURY,0,0,0,0,0,6,0,18,7,11,41.91728482,-87.725870839,POINT (-87.725870838532 41.917284819559)
JB502342,,11/03/2018 06:40:00 PM,40,NO CONTROLS,NO CONTROLS,CLEAR,DARKNESS,REAR END,DIVIDED - W/MEDIAN BARRIER,4,STRAIGHT AND LEVEL,DRY,NO DEFECTS,ON SCENE,INJURY AND / OR TOW DUE TO CRASH,,,,"$501 - $1,500",11/03/2018 06:46:00 PM,FAILING TO YIELD RIGHT-OF-WAY,UNABLE TO DETERMINE,1233,S,LAKE SHORE DR E,132,,,,,,,3,NO INDICATION OF INJURY,0,0,0,0,0,6,0,18,7,11,41.866575706,-87.619050941,POINT (-87.619050941474 41.866575706227)
JB502313,,11/03/2018 06:40:00 PM,40,NO CONTROLS,NO CONTROLS,CLEAR,"DARKNESS, LIGHTED ROAD",FIXED OBJECT,OTHER,8,STRAIGHT AND LEVEL,DRY,NO DEFECTS,ON SCENE,INJURY AND / OR TOW DUE TO CRASH,,,,"OVER $1,500",11/03/2018 06:44:00 PM,DRIVING SKILLS/KNOWLEDGE/EXPERIENCE,"EVASIVE ACTION DUE TO ANIMAL, OBJECT, NONMOTORIST",4900,S,LAKE SHORE DR SB,222,,,,,,,1,NO INDICATION OF INJURY,0,0,0,0,0,1,0,18,7,11,41.805915074,-87.584839017,POINT (-87.584839016583 41.805915073785)