RD_NO,CRASH_DATE_EST_I,CRASH_DATE,POSTED_SPEED_LIMIT,TRAFFIC_CONTROL_DEVICE,DEVICE_CONDITION,WEATHER_CONDITION,LIGHTING_CONDITION,FIRST_CRASH_TYPE,TRAFFICWAY_TYPE,LANE_CNT,ALIGNMENT,ROADWAY_SURFACE_COND,ROAD_DEFECT,REPORT_TYPE,CRASH_TYPE,INTERSECTION_RELATED_I,NOT_RIGHT_OF_WAY_I,HIT_AND_RUN_I,DAMAGE,DATE_POLICE_NOTIFIED,PRIM_CONTRIBUTORY_CAUSE,SEC_CONTRIBUTORY_CAUSE,STREET_NO,STREET_DIRECTION,STREET_NAME,BEAT_OF_OCCURRENCE,PHOTOS_TAKEN_I,STATEMENTS_TAKEN_I,DOORING_I,WORK_ZONE_I,WORK_ZONE_TYPE,WORKERS_PRESENT_I,NUM_UNITS,MOST_SEVERE_INJURY,INJURIES_TOTAL,INJURIES_FATAL,INJURIES_INCAPACITATING,INJURIES_NON_INCAPACITATING,INJURIES_REPORTED_NOT_EVIDENT,INJURIES_NO_INDICATION,INJURIES_UNKNOWN,CRASH_HOUR,CRASH_DAY_OF_WEEK,CRASH_MONTH,LATITUDE,LONGITUDE,LOCATION
JB502358,,11/03/2018 06:35:00 PM,30,TRAFFIC SIGNAL,FUNCTIONING PROPERLY,CLEAR,"DARKNESS, LIGHTED ROAD",SIDESWIPE SAME DIRECTION,NOT DIVIDED,,STRAIGHT AND LEVEL,DRY,NO DEFECTS,NOT ON SCENE (DESK REPORT),NO INJURY / DRIVE AWAY,,,,"OVER $1,500",11/03/2018 07:49:00 PM,IMPROPER BACKING,NOT APPLICABLE,5200,N,HARLEM AVE,1613,,,,,,,2,NO INDICATION OF INJURY,0,0,0,0,0,2,0,18,7,11,41.974584327,-87.807214741,POINT (-87.807214740588 41.97458432745)
JB511274,,11/03/2018 06:32:00 PM,30,NO CONTROLS,NO CONTROLS,CLEAR,"DARKNESS, LIGHTED ROAD",ANGLE,NOT DIVIDED,2,STRAIGHT AND LEVEL,DRY,NO DEFECTS,ON SCENE,INJURY AND / OR TOW DUE TO CRASH,,,,"OVER $1,500",11/10/2018 06:32:00 PM,UNABLE TO DETERMINE,NOT APPLICABLE,5515,S,KOSTNER AVE,813,,,,,,,2,NO INDICATION OF INJURY,0,0,0,0,0,2,0,18,7,11,41.792619646,-87.732802375,POINT (-87.732802374884 41.792619645908)
JB502456,,11/03/2018 06:30:00 PM,30,NO CONTROLS,NO CONTROLS,CLEAR,"DARKNESS, LIGHTED ROAD",SIDESWIPE SAME DIRECTION,NOT DIVIDED,2,STRAIGHT AND LEVEL,DRY,NO DEFECTS,NOT ON SCENE (DESK REPORT),NO INJURY / DRIVE AWAY,,,,"OVER $1,500",11/03/2018 09:30:00 PM,IMPROPER TURNING/NO SIGNAL,FAILING TO YIELD RIGHT-OF-WAY,4200,N,PULASKI RD,1722,,,,,,,2,NO INDICATION OF INJURY,0,0,0,0,0,2,0,18,7,11,41.957389412,-87.72787272,POINT (-87.727872720086 41.957389412248)
JB502396,,11/03/2018 06:30:00 PM,5,NO CONTROLS,NO CONTROLS,CLEAR,DARKNESS,SIDESWIPE OPPOSITE DIRECTION,PARKING LOT,1,STRAIGHT AND LEVEL,DRY,NO DEFECTS,NOT ON SCENE (DESK REPORT),NO INJURY / DRIVE AWAY,,,,"OVER $1,500",11/03/2018 08:10:00 PM,UNABLE TO DETERMINE,UNABLE TO DETERMINE,255,E,GRAND AVE,1834,,,,,,,2,NO INDICATION OF INJURY,0,0,0,0,0,2,0,18,7,11,41.89168984,-87.620444135,POINT (-87.620444134826 41.891689839807)
JB502306,,11/03/2018 06:30:00 PM,30,NO CONTROLS,NO CONTROLS,CLEAR,"DARKNESS, LIGHTED ROAD",OTHER OBJECT,ONE-WAY,1,STRAIGHT AND LEVEL,DRY,"RUT, HOLES",ON SCENE,INJURY AND / OR TOW DUE TO CRASH,,,,"$501 - $1,500",11/03/2018 06:42:00 PM,ROAD CONSTRUCTION/MAINTENANCE,"VISION OBSCURED (SIGNS, TREE LIMBS, BUILDINGS, ETC.)",4241,S,FRANCISCO AVE,921,,,,,,,1,NO INDICATION OF INJURY,0,0,0,0,0,1,0,18,7,11,41.81618589,-87.696750352,POINT (-87.696750352333 41.816185890074)
JB510909,,11/03/2018 06:15:00 PM,40,NO CONTROLS,NO CONTROLS,CLEAR,DUSK,OTHER NONCOLLISION,DIVIDED - W/MEDIAN BARRIER,6,STRAIGHT AND LEVEL,UNKNOWN,UNKNOWN,NOT ON SCENE (DESK REPORT),NO INJURY / DRIVE AWAY,,,,"OVER $1,500",11/10/2018 01:05:00 PM,ROAD ENGINEERING/SURFACE/MARKING DEFECTS,UNABLE TO DETERMINE,4800,N,LAKE SHORE DR SB,2024,,,,,,,1,NO INDICATION OF INJURY,0,0,0,0,0,1,0,18,7,11,41.969408618,-87.648317264,POINT (-87.648317263699 41.969408617919)
JB502292,,11/03/2018 06:10:00 PM,30,NO CONTROLS,NO CONTROLS,CLEAR,"DARKNESS, LIGHTED ROAD",SIDESWIPE SAME DIRECTION,NOT DIVIDED,,STRAIGHT AND LEVEL,DRY,NO DEFECTS,ON SCENE,INJURY AND / OR TOW DUE TO CRASH,,,,"OVER $1,500",11/03/2018 06:21:00 PM,UNABLE TO DETERMINE,UNABLE TO DETERMINE,5253,S,PULASKI RD,822,,,,,,,2,NO INDICATION OF INJURY,0,0,0,0,0,2,0,18,7,11,41.797109735,-87.723124351,POINT (-87.723124350529 41.797109735429)
JB502307,,11/03/2018 06:03:00 PM,25,NO CONTROLS,NO CONTROLS,CLEAR,"DARKNESS, LIGHTED ROAD",SIDESWIPE OPPOSITE DIRECTION,NOT DIVIDED,2,STRAIGHT AND LEVEL,DRY,UNKNOWN,ON SCENE,NO INJURY / DRIVE AWAY,,,,"$501 - $1,500",11/03/2018 06:22:00 PM,IMPROPER LANE USAGE,NOT APPLICABLE,3399,N,LONG AVE,1634,,,,,,,2,NO INDICATION OF INJURY,0,0,0,0,0,3,0,18,7,11,41.942244597,-87.761565576,POINT (-87.761565576167 41.942244596836)
JB502279,,11/03/2018 06:03:00 PM,30,NO CONTROLS,NO CONTROLS,CLEAR,"DARKNESS, LIGHTED ROAD",TURNING,DIVIDED - W/MEDIAN (NOT RAISED),2,STRAIGHT AND LEVEL,DRY,NO DEFECTS,ON SCENE,NO INJURY / DRIVE AWAY,,,,"OVER $1,500",11/03/2018 06:28:00 PM,IMPROPER TURNING/NO SIGNAL,UNABLE TO DETERMINE,225,S,LARAMIE AVE,1533,,,,,,,2,NO INDICATION OF INJURY,0,0,0,0,0,2,0,18,7,11,41.877614105,-87.75481793,POINT (-87.754817930454 41.877614105065)
JB504171,,11/03/2018 06:00:00 PM,30,NO CONTROLS,NO CONTROLS,CLEAR,DAYLIGHT,SIDESWIPE SAME DIRECTION,UNKNOWN,,STRAIGHT AND LEVEL,DRY,NO DEFECTS,NOT ON SCENE (DESK REPORT),NO INJURY / DRIVE AWAY,,,,"$501 - $1,500",11/05/2018 10:40:00 AM,UNABLE TO DETERMINE,UNABLE TO DETERMINE,2501,W,CONGRESS PKWY,1135,,,,,,,2,NO INDICATION OF INJURY,0,0,0,0,0,3,0,18,7,11,41.874863368,-87.688737207,POINT (-87.688737206532 41.874863368159)
JB502343,,11/03/2018 06:00:00 PM,35,TRAFFIC SIGNAL,FUNCTIONING PROPERLY,CLEAR,DUSK,TURNING,DIVIDED - W/MEDIAN (NOT RAISED),,STRAIGHT AND LEVEL,DRY,NO DEFECTS,NOT ON SCENE (DESK REPORT),NO INJURY / DRIVE AWAY,,,,$500 OR LESS,11/03/2018 07:29:00 PM,FAILING TO YIELD RIGHT-OF-WAY,UNABLE TO DETERMINE,5114,S,PULASKI RD,815,Y,,,,,,2,NO INDICATION OF INJURY,0,0,0,0,0,2,0,18,7,11,41.799931475,-87.723501282,POINT (-87.723501282465 41.799931475431)
JB502289,Y,11/03/2018 06:00:00 PM,25,NO CONTROLS,NO CONTROLS,CLEAR,"DARKNESS, LIGHTED ROAD",SIDESWIPE SAME DIRECTION,NOT DIVIDED,2,STRAIGHT AND LEVEL,DRY,NO DEFECTS,ON SCENE,INJURY AND / OR TOW DUE TO CRASH,,,,"OVER $1,500",11/03/2018 06:08:00 PM,FAILING TO YIELD RIGHT-OF-WAY,NOT APPLICABLE,1443,W,GRANVILLE AVE,2433,,,,,,,2,NO INDICATION OF INJURY,0,0,0,0,0,3,0,18,7,11,41.994367677,-87.666990873,POINT (-87.666990873262 41.994367677172)
JB502283,,11/03/2018 06:00:00 PM,30,NO CONTROLS,NO CONTROLS,CLEAR,DARKNESS,PARKED MOTOR VEHICLE,NOT DIVIDED,,STRAIGHT AND LEVEL,DRY,NO DEFECTS,NOT ON SCENE (DESK REPORT),NO INJURY / DRIVE AWAY,,,Y,"OVER $1,500",11/03/2018 06:35:00 PM,FAILING TO REDUCE SPEED TO AVOID CRASH,UNABLE TO DETERMINE,4309,W,WILSON AVE,1722,,,,,,,2,NO INDICATION OF INJURY,0,0,0,0,0,1,0,18,7,11,41.964393699,-87.736173851,POINT (-87.736173850674 41.96439369872)
JB502276,,11/03/2018 06:00:00 PM,30,TRAFFIC SIGNAL,FUNCTIONING PROPERLY,CLEAR,"DARKNESS, LIGHTED ROAD",PEDALCYCLIST,NOT DIVIDED,4,STRAIGHT AND LEVEL,DRY,NO DEFECTS,ON SCENE,NO INJURY / DRIVE AWAY,Y,,,$500 OR LESS,11/03/2018 06:18:00 PM,FAILING TO YIELD RIGHT-OF-WAY,NOT APPLICABLE,237,W,47TH ST,935,,,N,,,,2,NO INDICATION OF INJURY,0,0,0,0,0,2,0,18,7,11,41.808993586,-87.632544413,POINT (-87.632544413348 41.80899358567)
JB502256,,11/03/2018 05:55:00 PM,30,NO CONTROLS,NO CONTROLS,CLEAR,DARKNESS,ANGLE,PARKING LOT,,STRAIGHT AND LEVEL,DRY,NO DEFECTS,NOT ON SCENE (DESK REPORT),NO INJURY / DRIVE AWAY,,,,"$501 - $1,500",11/03/2018 06:12:00 PM,UNABLE TO DETERMINE,UNABLE TO DETERMINE,3644,S,ARCHER AVE,912,,,,,,,2,NO INDICATION OF INJURY,0,0,0,0,0,2,0,17,7,11,41.827583897,-87.682454442,POINT (-87.682454442461 41.827583896764)
JB502262,,11/03/2018 05:51:00 PM,30,NO CONTROLS,NO CONTROLS,CLEAR,"DARKNESS, LIGHTED ROAD",PEDALCYCLIST,NOT DIVIDED,,STRAIGHT AND LEVEL,DRY,NO DEFECTS,ON SCENE,NO INJURY / DRIVE AWAY,,,,$500 OR LESS,11/03/2018 05:53:00 PM,DRIVING ON WRONG SIDE/WRONG WAY,NOT APPLICABLE,1616,N,WELLS ST,1814,,,,,,,2,NO INDICATION OF INJURY,0,0,0,0,0,1,0,17,7,11,41.911673737,-87.634873623,POINT (-87.634873622743 41.911673736847)
JB502264,,11/03/2018 05:50:00 PM,30,NO CONTROLS,NO CONTROLS,CLEAR,"DARKNESS, LIGHTED ROAD",PARKED MOTOR VEHICLE,NOT DIVIDED,2,STRAIGHT AND LEVEL,DRY,NO DEFECTS,NOT ON SCENE (DESK REPORT),INJURY AND / OR TOW DUE TO CRASH,N,,,"OVER $1,500",11/03/2018 05:56:00 PM,EXCEEDING AUTHORIZED SPEED LIMIT,"OPERATING VEHICLE IN ERRATIC, RECKLESS, CARELESS, NEGLIGENT OR AGGRESSIVE MANNER",3249,N,LARAMIE AVE,1634,,,,,,,3,NO INDICATION OF INJURY,0,0,0,0,0,1,0,17,7,11,41.940189043,-87.756593222,POINT (-87.756593221788 41.940189043329)
JB502255,,11/03/2018 05:50:00 PM,30,NO CONTROLS,NO CONTROLS,CLEAR,"DARKNESS, LIGHTED ROAD",PARKED MOTOR VEHICLE,DIVIDED - W/MEDIAN BARRIER,4,STRAIGHT AND LEVEL,DRY,NO DEFECTS,NOT ON SCENE (DESK REPORT),NO INJURY / DRIVE AWAY,,,,"OVER $1,500",11/03/2018 06:05:00 PM,UNABLE TO DETERMINE,UNABLE TO DETERMINE,4731,S,ASHLAND AVE,933,,,,,,,2,NO INDICATION OF INJURY,0,0,0,0,0,1,0,17,7,11,41.807667646,-87.664801888,POINT (-87.664801888454 41.80766764631)
JB502291,N,11/03/2018 05:48:00 PM,30,NO CONTROLS,NO CONTROLS,CLEAR,DUSK,REAR END,PARKING LOT,,STRAIGHT AND LEVEL,DRY,NO DEFECTS,NOT ON SCENE (DESK REPORT),NO INJURY / DRIVE AWAY,,,Y,"$501 - $1,500",11/03/2018 06:30:00 PM,UNABLE TO DETERMINE,UNABLE TO DETERMINE,10509,S,WESTERN AVE,2212,,,,,,,2,NO INDICATION OF INJURY,0,0,0,0,0,2,0,17,7,11,41.702417171,-87.681345592,POINT (-87.681345592187 41.702417170761)
JB502266,,11/03/2018 05:45:00 PM,30,TRAFFIC SIGNAL,UNKNOWN,UNKNOWN,UNKNOWN,TURNING,CENTER TURN LANE,2,STRAIGHT AND LEVEL,UNKNOWN,UNKNOWN,,NO INJURY / DRIVE AWAY,Y,,,"OVER $1,500",11/03/2018 06:27:00 PM,UNABLE TO DETERMINE,UNABLE TO DETERMINE,1004,S,CANAL ST,124,,,,,,,2,NO INDICATION OF INJURY,0,0,0,0,0,2,0,17,7,11,41.86958598,-87.639418085,POINT (-87.639418085296 41.869585979679)
JB510702,,11/03/2018 05:43:00 PM,25,STOP SIGN/FLASHER,FUNCTIONING PROPERLY,CLEAR,DAYLIGHT,PARKED MOTOR VEHICLE,NOT DIVIDED,1,STRAIGHT AND LEVEL,DRY,NO DEFECTS,NOT ON SCENE (DESK REPORT),NO INJURY / DRIVE AWAY,,,Y,"OVER $1,500",11/10/2018 10:00:00 AM,"OPERATING VEHICLE IN ERRATIC, RECKLESS, CARELESS, NEGLIGENT OR AGGRESSIVE MANNER",EXCEEDING AUTHORIZED SPEED LIMIT,3601,W,WAVELAND AVE,1732,,,,,,,2,NO INDICATION OF INJURY,0,0,0,0,0,1,0,17,7,11,41.948215567,-87.717723559,POINT (-87.717723559257 41.948215567191)
JB502238,,11/03/2018 05:43:00 PM,20,NO CONTROLS,NO CONTROLS,CLEAR,DUSK,ANGLE,ONE-WAY,1,STRAIGHT AND LEVEL,DRY,NO DEFECTS,ON SCENE,NO INJURY / DRIVE AWAY,,,Y,"OVER $1,500",11/03/2018 05:45:00 PM,IMPROPER BACKING,NOT APPLICABLE,2997,E,97TH ST,431,,N,,,,,2,NO INDICATION OF INJURY,0,0,0,0,0,3,0,17,7,11,41.719004894,-87.551096892,POINT (-87.551096892209 41.719004893503)
JB502299,,11/03/2018 05:40:00 PM,30,NO CONTROLS,NO CONTROLS,CLEAR,DUSK,TURNING,DIVIDED - W/MEDIAN (NOT RAISED),4,STRAIGHT AND LEVEL,DRY,NO DEFECTS,ON SCENE,INJURY AND / OR TOW DUE TO CRASH,,,,"OVER $1,500",11/03/2018 06:30:00 PM,IMPROPER OVERTAKING/PASSING,NOT APPLICABLE,6112,W,NORTH AVE,2513,,,,,,,2,NO INDICATION OF INJURY,0,0,0,0,0,2,0,17,7,11,41.909330292,-87.778245229,POINT (-87.778245228684 41.909330292021)
JB503629,,11/03/2018 05:30:00 PM,25,NO CONTROLS,NO CONTROLS,UNKNOWN,UNKNOWN,PARKED MOTOR VEHICLE,NOT DIVIDED,,STRAIGHT AND LEVEL,UNKNOWN,NO DEFECTS,NOT ON SCENE (DESK REPORT),NO INJURY / DRIVE AWAY,,,Y,"OVER $1,500",11/04/2018 08:45:00 PM,UNABLE TO DETERMINE,NOT APPLICABLE,6224,N,RIDGEWAY AVE,1711,,,,,,,2,NO INDICATION OF INJURY,0,0,0,0,0,1,0,17,7,11,41.994467458,-87.722843006,POINT (-87.72284300558 41.994467457557)
JB502232,,11/03/2018 05:30:00 PM,25,NO CONTROLS,NO CONTROLS,CLEAR,"DARKNESS, LIGHTED ROAD",SIDESWIPE OPPOSITE DIRECTION,NOT DIVIDED,,STRAIGHT AND LEVEL,DRY,NO DEFECTS,NOT ON SCENE (DESK REPORT),NO INJURY / DRIVE AWAY,,,Y,$500 OR LESS,11/03/2018 06:01:00 PM,IMPROPER OVERTAKING/PASSING,UNABLE TO DETERMINE,6466,N,DAMEN AVE,2412,,,,,,,2,NO INDICATION OF INJURY,0,0,0,0,0,5,0,17,7,11,41.999613591,-87.68033883,POINT (-87.680338830268 41.999613591177)
JB502352,,11/03/2018 05:21:00 PM,30,NO CONTROLS,NO CONTROLS,UNKNOWN,UNKNOWN,SIDESWIPE SAME DIRECTION,ONE-WAY,4,STRAIGHT AND LEVEL,UNKNOWN,UNKNOWN,NOT ON SCENE (DESK REPORT),NO INJURY / DRIVE AWAY,,,Y,"OVER $1,500",11/03/2018 07:34:00 PM,UNABLE TO DETERMINE,UNABLE TO DETERMINE,535,E,GRAND AVE,1834,,,,,,,2,NO INDICATION OF INJURY,0,0,0,0,0,2,0,17,7,11,41.891833102,-87.612867251,POINT (-87.612867250967 41.891833101535)
JB502369,Y,11/03/2018 05:20:00 PM,30,TRAFFIC SIGNAL,FUNCTIONING PROPERLY,CLEAR,DUSK,PARKED MOTOR VEHICLE,NOT DIVIDED,2,STRAIGHT AND LEVEL,DRY,NO DEFECTS,ON SCENE,NO INJURY / DRIVE AWAY,,,,$500 OR LESS,11/03/2018 05:25:00 PM,FAILING TO REDUCE SPEED TO AVOID CRASH,NOT APPLICABLE,60,E,8TH ST,123,,,,,,,2,NO INDICATION OF INJURY,0,0,0,0,0,1,0,17,7,11,41.871965353,-87.625300122,POINT (-87.625300122234 41.871965353136)
JB502205,,11/03/2018 05:20:00 PM,0,TRAFFIC SIGNAL,FUNCTIONING PROPERLY,CLEAR,DAYLIGHT,SIDESWIPE SAME DIRECTION,DIVIDED - W/MEDIAN BARRIER,4,STRAIGHT AND LEVEL,DRY,NO DEFECTS,NOT ON SCENE (DESK REPORT),NO INJURY / DRIVE AWAY,,,,"OVER $1,500",11/03/2018 05:20:00 PM,EQUIPMENT - VEHICLE CONDITION,UNABLE TO DETERMINE,9500,S,LOOMIS ST,2213,,,,,,,2,NO INDICATION OF INJURY,0,0,0,0,0,3,0,17,7,11,41.721181774,-87.657845084,POINT (-87.657845084367 41.721181774255)
JB502224,,11/03/2018 05:15:00 PM,25,NO CONTROLS,NO CONTROLS,CLEAR,DAYLIGHT,PARKED MOTOR VEHICLE,ONE-WAY,,STRAIGHT AND LEVEL,DRY,NO DEFECTS,ON SCENE,NO INJURY / DRIVE AWAY,,,,"$501 - $1,500",11/03/2018 05:45:00 PM,IMPROPER BACKING,UNABLE TO DETERMINE,6110,S,KEELER AVE,813,,,,,,,2,NO INDICATION OF INJURY,0,0,0,0,0,1,0,17,7,11,41.781865269,-87.727883927,POINT (-87.727883926688 41.781865268961)
JB504574,,11/03/2018 05:00:00 PM,30,TRAFFIC SIGNAL,FUNCTIONING PROPERLY,CLEAR,DAYLIGHT,TURNING,NOT DIVIDED,,STRAIGHT ON HILLCREST,WET,NO DEFECTS,NOT ON SCENE (DESK REPORT),NO INJURY / DRIVE AWAY,,,,$500 OR LESS,11/05/2018 03:20:00 PM,ROAD ENGINEERING/SURFACE/MARKING DEFECTS,WEATHER,100,E,110TH ST,513,,,,,,,2,NO INDICATION OF INJURY,0,0,0,0,0,2,0,17,7,11,41.694533296,-87.620729138,POINT (-87.620729138196 41.694533295525)
JB502529,N,11/03/2018 05:00:00 PM,30,TRAFFIC SIGNAL,FUNCTIONING PROPERLY,RAIN,"DARKNESS, LIGHTED ROAD",FIXED OBJECT,DIVIDED - W/MEDIAN (NOT RAISED),4,STRAIGHT AND LEVEL,WET,OTHER,NOT ON SCENE (DESK REPORT),INJURY AND / OR TOW DUE TO CRASH,Y,,,"OVER $1,500",11/03/2018 11:00:00 PM,UNABLE TO DETERMINE,UNABLE TO DETERMINE,600,S,WOOD ST,1231,,,,Y,CONSTRUCTION,,1,NO INDICATION OF INJURY,0,0,0,0,0,1,0,17,7,11,41.874049326,-87.671705646,POINT (-87.671705646015 41.874049325635)
JB502360,,11/03/2018 05:00:00 PM,30,UNKNOWN,UNKNOWN,CLOUDY/OVERCAST,DAYLIGHT,PARKED MOTOR VEHICLE,NOT DIVIDED,2,STRAIGHT AND LEVEL,DRY,UNKNOWN,NOT ON SCENE (DESK REPORT),NO INJURY / DRIVE AWAY,,,,"OVER $1,500",11/03/2018 07:50:00 PM,DRIVING SKILLS/KNOWLEDGE/EXPERIENCE,UNABLE TO DETERMINE,4819,S,ASHLAND AVE,933,,,,,,,2,NO INDICATION OF INJURY,0,0,0,0,0,1,0,17,7,11,41.806186021,-87.66475882,POINT (-87.664758820017 41.806186020987)
JB502334,,11/03/2018 05:00:00 PM,15,NO CONTROLS,NO CONTROLS,CLEAR,DUSK,ANGLE,PARKING LOT,0,STRAIGHT AND LEVEL,DRY,NO DEFECTS,NOT ON SCENE (DESK REPORT),NO INJURY / DRIVE AWAY,,,,"OVER $1,500",11/03/2018 07:20:00 PM,IMPROPER BACKING,UNABLE TO DETERMINE,6615,W,IRVING PARK RD,1632,,,,,,,2,NO INDICATION OF INJURY,0,0,0,0,0,2,0,17,7,11,41.952707596,-87.792109474,POINT (-87.79210947401 41.952707595692)
JB502203,,11/03/2018 04:55:00 PM,30,TRAFFIC SIGNAL,FUNCTIONING PROPERLY,CLOUDY/OVERCAST,DAYLIGHT,TURNING,DIVIDED - W/MEDIAN (NOT RAISED),,STRAIGHT AND LEVEL,DRY,UNKNOWN,NOT ON SCENE (DESK REPORT),NO INJURY / DRIVE AWAY,,,,"OVER $1,500",11/03/2018 05:15:00 PM,IMPROPER TURNING/NO SIGNAL,NOT APPLICABLE,607,S,INDEPENDENCE BLVD,1133,,,,,,,2,NO INDICATION OF INJURY,0,0,0,0,0,2,0,16,7,11,41.873271673,-87.719596884,POINT (-87.719596884356 41.87327167275)
JB502168,,11/03/2018 04:55:00 PM,35,NO CONTROLS,NO CONTROLS,CLEAR,DAYLIGHT,ANIMAL,DIVIDED - W/MEDIAN BARRIER,2,STRAIGHT AND LEVEL,DRY,NO DEFECTS,NOT ON SCENE (DESK REPORT),NO INJURY / DRIVE AWAY,,,,"$501 - $1,500",11/03/2018 05:00:00 PM,ANIMAL,NOT APPLICABLE,1500,E,95TH ST,413,,,,,,,1,NO INDICATION OF INJURY,0,0,0,0,0,1,0,16,7,11,41.722415845,-87.587714591,POINT (-87.587714590743 41.722415845009)
JB502200,,11/03/2018 04:52:00 PM,30,NO CONTROLS,NO CONTROLS,CLEAR,DUSK,PARKED MOTOR VEHICLE,PARKING LOT,2,STRAIGHT AND LEVEL,DRY,NO DEFECTS,ON SCENE,NO INJURY / DRIVE AWAY,,,Y,"$501 - $1,500",11/03/2018 04:54:00 PM,"OPERATING VEHICLE IN ERRATIC, RECKLESS, CARELESS, NEGLIGENT OR AGGRESSIVE MANNER",UNABLE TO DETERMINE,1800,N,CLYBOURN AVE,1811,,,,,,,2,NO INDICATION OF INJURY,0,0,0,0,0,1,0,16,7,11,41.913683804,-87.653592042,POINT (-87.653592042342 41.913683804357)
JB502258,,11/03/2018 04:40:00 PM,30,TRAFFIC SIGNAL,FUNCTIONING PROPERLY,CLEAR,DAYLIGHT,REAR END,DIVIDED - W/MEDIAN (NOT RAISED),,STRAIGHT AND LEVEL,DRY,NO DEFECTS,NOT ON SCENE (DESK REPORT),NO INJURY / DRIVE AWAY,Y,,,"OVER $1,500",11/03/2018 06:05:00 PM,UNABLE TO DETERMINE,UNABLE TO DETERMINE,2799,W,TOUHY AVE,2411,,,,,,,2,NO INDICATION OF INJURY,0,0,0,0,0,2,0,16,7,11,42.011962141,-87.699593522,POINT (-87.699593521757 42.011962141065)
JB502257,,11/03/2018 04:40:00 PM,30,NO CONTROLS,NO CONTROLS,CLEAR,"DARKNESS, LIGHTED ROAD",REAR END,DIVIDED - W/MEDIAN (NOT RAISED),4,STRAIGHT AND LEVEL,DRY,NO DEFECTS,ON SCENE,INJURY AND / OR TOW DUE TO CRASH,Y,,,"OVER $1,500",11/03/2018 04:40:00 PM,FOLLOWING TOO CLOSELY,FOLLOWING TOO CLOSELY,3699,N,OAK PARK AVE,1632,,,,,,,2,NO INDICATION OF INJURY,0,0,0,0,0,2,0,16,7,11,41.94720538,-87.795910886,POINT (-87.795910885533 41.947205380114)
JB502160,,11/03/2018 04:36:00 PM,30,TRAFFIC SIGNAL,FUNCTIONING PROPERLY,CLEAR,DUSK,REAR END,NOT DIVIDED,4,STRAIGHT AND LEVEL,DRY,NO DEFECTS,ON SCENE,NO INJURY / DRIVE AWAY,N,,Y,$500 OR LESS,11/03/2018 04:41:00 PM,FOLLOWING TOO CLOSELY,UNABLE TO DETERMINE,5505,S,HALSTED ST,711,,,,,,,2,NO INDICATION OF INJURY,0,0,0,0,0,2,0,16,7,11,41.793753959,-87.644998077,POINT (-87.644998076594 41.793753959448)
JB502183,,11/03/2018 04:30:00 PM,30,NO CONTROLS,NO CONTROLS,CLEAR,DAYLIGHT,REAR END,NOT DIVIDED,2,STRAIGHT AND LEVEL,DRY,NO DEFECTS,NOT ON SCENE (DESK REPORT),INJURY AND / OR TOW DUE TO CRASH,,,,"$501 - $1,500",11/03/2018 05:00:00 PM,FAILING TO REDUCE SPEED TO AVOID CRASH,FAILING TO REDUCE SPEED TO AVOID CRASH,5771,N,RIDGE AVE,2013,,,,,,,2,"REPORTED, NOT EVIDENT",2,0,0,0,2,1,0,16,7,11,41.986942328,-87.665253526,POINT (-87.665253525538 41.986942327646)
JB502309,,11/03/2018 04:28:00 PM,30,NO CONTROLS,NO CONTROLS,CLEAR,DAYLIGHT,REAR END,NOT DIVIDED,,STRAIGHT AND LEVEL,DRY,NO DEFECTS,NOT ON SCENE (DESK REPORT),NO INJURY / DRIVE AWAY,,,,"OVER $1,500",11/03/2018 06:00:00 PM,FOLLOWING TOO CLOSELY,NOT APPLICABLE,6700,W,DIVERSEY AVE,2511,,,,,,,2,NO INDICATION OF INJURY,0,0,0,0,0,2,0,16,7,11,41.931022301,-87.793090571,POINT (-87.793090570898 41.931022300803)
JB504502,,11/03/2018 04:20:00 PM,30,UNKNOWN,UNKNOWN,CLEAR,DAYLIGHT,TURNING,NOT DIVIDED,,STRAIGHT AND LEVEL,DRY,NO DEFECTS,NOT ON SCENE (DESK REPORT),NO INJURY / DRIVE AWAY,,,Y,"$501 - $1,500",11/05/2018 02:29:00 PM,UNABLE TO DETERMINE,NOT APPLICABLE,5000,W,FULLERTON AVE,2521,,,,,,,2,NO INDICATION OF INJURY,0,0,0,0,0,2,0,16,7,11,41.924283504,-87.751351964,POINT (-87.751351963724 41.92428350376)
JB502192,,11/03/2018 04:20:00 PM,30,STOP SIGN/FLASHER,FUNCTIONING PROPERLY,CLEAR,DAYLIGHT,ANGLE,NOT DIVIDED,,STRAIGHT AND LEVEL,DRY,NO DEFECTS,ON SCENE,NO INJURY / DRIVE AWAY,Y,,,"OVER $1,500",11/03/2018 05:03:00 PM,DRIVING SKILLS/KNOWLEDGE/EXPERIENCE,UNABLE TO DETERMINE,927,W,MADISON ST,1232,,,,,,,2,NO INDICATION OF INJURY,0,0,0,0,0,2,0,16,7,11,41.881606776,-87.650810154,POINT (-87.650810154473 41.881606776176)
JB502133,,11/03/2018 04:20:00 PM,30,NO CONTROLS,NO CONTROLS,CLEAR,DAYLIGHT,REAR END,ONE-WAY,,STRAIGHT AND LEVEL,DRY,NO DEFECTS,NOT ON SCENE (DESK REPORT),NO INJURY / DRIVE AWAY,,,,"OVER $1,500",11/03/2018 04:35:00 PM,FOLLOWING TOO CLOSELY,NOT APPLICABLE,720,W,98TH ST,2223,,,,,,,2,NO INDICATION OF INJURY,0,0,0,0,0,2,0,16,7,11,41.716147405,-87.641612875,POINT (-87.641612874572 41.716147404951)